species,age,weight,temperature,heart_rate,respiratory_rate,skinRedness,itching,hairLoss,vomiting,diarrhea,appetiteLevel,waterIntakeLevel,activityLevel,symptomDurationDays,abnormalProbability,riskGrade,primaryRiskFactor
DOG,2,19.6,38.9,96,34,False,False,False,False,False,NORMAL,NORMAL,HIGH,3,0.12,NORMAL,이상 없음(정상)
CAT,13,4.5,38.7,85,26,False,False,False,False,False,NORMAL,DECREASED,NORMAL,0,0.0,NORMAL,이상 없음(정상)
CAT,8,5.8,37.7,126,17,False,False,False,False,False,NORMAL,NORMAL,NORMAL,0,0.0,NORMAL,이상 없음(정상)
DOG,8,20.4,39.1,98,18,True,False,False,True,False,DECREASED,NORMAL,NORMAL,5,0.47,WATCH,"구토, 피부 징후"
CAT,11,4.1,37.5,81,19,True,False,False,False,False,NORMAL,NORMAL,LOW,7,0.26,NORMAL,이상 없음(정상)
DOG,3,16.6,39.2,75,21,False,False,False,False,True,INCREASED,NORMAL,HIGH,4,0.26,NORMAL,이상 없음(정상)
DOG,10,19.0,39.2,130,16,False,True,False,False,True,DECREASED,DECREASED,NORMAL,2,0.42,WATCH,"설사, 피부 징후"
DOG,15,12.0,38.7,94,20,False,False,False,False,False,NORMAL,NORMAL,NORMAL,0,0.0,NORMAL,이상 없음(정상)
DOG,1,9.2,38.5,98,28,False,False,False,False,False,NORMAL,NORMAL,NORMAL,0,0.0,NORMAL,이상 없음(정상)
CAT,15,7.6,38.7,100,36,False,False,True,False,False,NORMAL,NORMAL,NORMAL,0,0.28,NORMAL,이상 없음(정상)
CAT,1,4.9,39.0,89,26,False,False,False,False,True,NORMAL,NORMAL,NORMAL,4,0.16,NORMAL,이상 없음(정상)
CAT,6,3.9,39.4,64,36,False,False,False,False,False,NORMAL,NORMAL,NORMAL,0,0.2,NORMAL,이상 없음(정상)
CAT,8,5.1,39.8,180,34,True,True,False,True,True,NONE,NORMAL,HIGH,4,1.0,DANGER,"미열, 빈맥"
CAT,8,2.5,38.6,103,20,False,False,False,False,False,INCREASED,NORMAL,NORMAL,7,0.0,NORMAL,이상 없음(정상)
CAT,1,3.6,38.3,90,27,False,False,False,False,False,NORMAL,NORMAL,HIGH,7,0.0,NORMAL,이상 없음(정상)
CAT,13,5.0,39.9,212,47,False,True,False,False,True,DECREASED,DECREASED,NORMAL,4,1.0,DANGER,"미열, 빈맥"
CAT,4,2.4,37.8,112,10,False,False,False,False,False,NORMAL,NORMAL,HIGH,0,0.0,NORMAL,이상 없음(정상)
CAT,11,2.2,39.1,144,57,True,True,False,True,False,DECREASED,NORMAL,NORMAL,0,0.62,CAUTION,"호흡 급증, 구토"
DOG,6,12.5,40.2,198,60,True,True,False,True,False,DECREASED,NORMAL,LOW,1,1.0,DANGER,"고열, 빈맥"
CAT,7,6.6,39.3,127,34,True,False,False,True,False,DECREASED,INCREASED,LOW,6,0.69,CAUTION,"미열, 구토"
CAT,2,2.4,39.7,137,49,True,True,True,False,False,DECREASED,NORMAL,NORMAL,3,0.74,CAUTION,"미열, 호흡 급증"
CAT,10,4.1,37.9,115,24,False,False,False,False,False,NORMAL,NORMAL,NORMAL,0,0.0,NORMAL,이상 없음(정상)
CAT,2,5.1,37.9,87,31,False,False,False,False,False,NORMAL,NORMAL,HIGH,7,0.0,NORMAL,이상 없음(정상)
CAT,9,5.0,39.1,165,39,False,False,False,True,False,NORMAL,NORMAL,LOW,2,0.59,CAUTION,"빈맥, 구토"
DOG,10,11.9,38.2,120,10,False,False,False,False,True,NORMAL,NORMAL,NORMAL,0,0.26,NORMAL,이상 없음(정상)
DOG,14,19.7,39.5,152,34,True,False,False,True,False,DECREASED,NORMAL,NORMAL,1,0.62,CAUTION,"미열, 구토"
CAT,8,3.5,39.0,124,17,False,False,False,True,True,DECREASED,INCREASED,NORMAL,6,0.33,WATCH,"소화기 이상(구토 및 설사), 식욕 감소"
DOG,7,14.5,39.6,122,34,False,False,True,False,False,NORMAL,NORMAL,LOW,7,0.48,WATCH,"미열, 피부 징후"
DOG,10,13.4,39.7,149,45,True,True,True,True,False,NONE,DECREASED,LOW,5,1.0,DANGER,"미열, 호흡 급증"
DOG,10,20.9,39.5,95,25,False,False,True,False,False,DECREASED,NORMAL,NORMAL,4,0.32,WATCH,"미열, 피부 징후"
DOG,6,7.0,40.7,166,34,True,True,False,True,True,DECREASED,NORMAL,LOW,2,1.0,DANGER,"고열, 빈맥"
DOG,14,20.9,39.4,133,22,False,False,False,True,False,NORMAL,NORMAL,NORMAL,3,0.34,WATCH,"미열, 구토"
CAT,15,7.8,38.7,119,39,True,False,False,True,False,DECREASED,NORMAL,LOW,0,0.5,CAUTION,"구토, 피부 징후"
CAT,1,4.0,41.1,176,48,True,True,True,True,False,NONE,DECREASED,LOW,7,1.0,DANGER,"고열, 빈맥"
DOG,14,17.6,39.4,136,44,False,False,True,False,False,INCREASED,DECREASED,LOW,6,0.68,CAUTION,"미열, 호흡 급증"
CAT,3,7.8,39.4,146,54,True,False,True,False,True,NORMAL,DECREASED,HIGH,2,0.74,CAUTION,"미열, 호흡 급증"
DOG,5,15.4,38.4,115,24,True,False,False,False,False,NORMAL,NORMAL,NORMAL,1,0.21,NORMAL,이상 없음(정상)
DOG,5,26.4,40.4,153,37,False,True,False,False,True,NONE,NORMAL,LOW,2,0.82,DANGER,"고열, 설사"
CAT,12,4.5,39.6,218,34,False,False,False,True,False,NONE,DECREASED,LOW,6,1.0,DANGER,"미열, 빈맥"
DOG,4,29.5,38.4,81,38,False,False,False,False,False,NORMAL,INCREASED,NORMAL,0,0.0,NORMAL,이상 없음(정상)
CAT,13,7.3,38.6,120,17,False,False,False,False,False,NORMAL,DECREASED,NORMAL,0,0.0,NORMAL,이상 없음(정상)
DOG,10,10.3,38.8,160,27,False,False,False,False,False,NORMAL,DECREASED,NORMAL,0,0.29,NORMAL,이상 없음(정상)
CAT,10,5.5,39.2,158,41,False,False,False,False,True,NORMAL,NORMAL,LOW,4,0.61,CAUTION,"호흡 급증, 설사"
DOG,13,27.3,38.8,119,23,False,False,False,False,False,NORMAL,NORMAL,NORMAL,0,0.0,NORMAL,이상 없음(정상)
CAT,8,7.2,39.0,96,19,False,False,False,True,False,DECREASED,DECREASED,NORMAL,4,0.4,WATCH,"구토, 식욕 감소"
DOG,10,14.5,39.5,173,42,False,False,False,True,True,NONE,DECREASED,LOW,7,1.0,DANGER,"미열, 빈맥"
CAT,11,6.0,39.8,118,25,False,False,False,True,True,NORMAL,DECREASED,NORMAL,6,0.44,WATCH,"미열, 소화기 이상(구토 및 설사)"
DOG,6,16.5,40.0,168,34,True,False,False,True,True,DECREASED,NORMAL,LOW,5,1.0,DANGER,"고열, 빈맥"
DOG,10,25.2,40.1,199,45,False,True,False,True,False,NONE,DECREASED,LOW,0,1.0,DANGER,"고열, 빈맥"
CAT,4,6.7,39.2,138,15,False,False,True,True,False,DECREASED,NORMAL,NORMAL,2,0.44,WATCH,"구토, 피부 징후"
CAT,11,6.3,38.8,107,17,False,True,False,False,False,NORMAL,DECREASED,LOW,5,0.34,WATCH,"피부 징후, 활동량 저하"
CAT,10,6.2,39.1,117,46,False,False,True,False,True,DECREASED,DECREASED,NORMAL,6,0.6,CAUTION,"호흡 급증, 설사"
CAT,3,4.7,40.0,192,34,False,True,False,True,True,NONE,DECREASED,LOW,5,1.0,DANGER,"고열, 빈맥"
DOG,10,18.8,38.4,79,32,False,False,False,True,False,NORMAL,NORMAL,NORMAL,3,0.24,NORMAL,이상 없음(정상)
CAT,13,7.6,38.2,83,10,False,False,False,False,False,INCREASED,NORMAL,NORMAL,7,0.0,NORMAL,이상 없음(정상)
CAT,8,3.4,39.2,112,48,True,True,False,False,False,NONE,DECREASED,LOW,0,0.69,CAUTION,"호흡 급증, 피부 징후"
DOG,9,19.8,39.0,150,23,False,True,False,False,True,NORMAL,DECREASED,NORMAL,1,0.32,WATCH,"설사, 피부 징후"
DOG,4,14.3,39.0,142,58,True,False,False,False,True,NORMAL,DECREASED,NORMAL,3,0.65,CAUTION,"호흡 급증, 설사"
DOG,5,23.0,39.3,84,26,False,False,False,False,False,DECREASED,INCREASED,HIGH,3,0.36,WATCH,"미열, 식욕 감소"
CAT,7,6.4,40.6,186,40,True,False,False,True,True,DECREASED,NORMAL,LOW,6,1.0,DANGER,"고열, 빈맥"
DOG,15,26.9,40.7,181,49,False,True,False,True,False,DECREASED,NORMAL,LOW,3,1.0,DANGER,"고열, 빈맥"
DOG,13,23.2,38.9,166,24,True,False,False,False,True,DECREASED,DECREASED,LOW,5,0.66,CAUTION,"빈맥, 설사"
CAT,11,3.3,38.2,80,15,False,False,False,False,False,NORMAL,NORMAL,NORMAL,0,0.0,NORMAL,이상 없음(정상)
CAT,12,4.5,40.1,137,72,True,True,False,True,False,NONE,NORMAL,LOW,0,1.0,DANGER,"고열, 호흡 급증"
DOG,10,16.0,38.6,72,35,False,False,False,False,False,NORMAL,NORMAL,NORMAL,0,0.03,NORMAL,이상 없음(정상)
DOG,6,19.5,38.9,168,25,False,False,False,False,False,DECREASED,DECREASED,NORMAL,1,0.32,WATCH,"빈맥, 식욕 감소"
DOG,8,8.7,40.4,163,45,False,True,False,True,True,NONE,DECREASED,LOW,6,1.0,DANGER,"고열, 빈맥"
DOG,15,25.8,39.5,132,39,False,True,False,False,False,DECREASED,DECREASED,LOW,0,0.66,CAUTION,"미열, 피부 징후"
DOG,5,7.8,39.8,130,15,True,False,True,False,False,DECREASED,NORMAL,NORMAL,6,0.31,WATCH,"미열, 피부 징후"
DOG,6,26.8,40.2,157,44,False,False,False,True,True,NORMAL,DECREASED,LOW,0,1.0,DANGER,"고열, 호흡 급증"
CAT,4,5.4,41.0,149,51,True,False,False,True,True,NONE,DECREASED,LOW,3,1.0,DANGER,"고열, 호흡 급증"
DOG,11,10.9,40.7,162,56,True,True,True,True,True,NONE,DECREASED,LOW,7,1.0,DANGER,"고열, 빈맥"
CAT,7,4.3,40.2,178,36,False,False,True,False,True,NONE,NORMAL,LOW,1,1.0,DANGER,"고열, 빈맥"
CAT,3,6.4,37.9,110,16,True,False,False,False,False,NORMAL,NORMAL,NORMAL,4,0.09,NORMAL,이상 없음(정상)
DOG,8,4.9,38.1,106,21,False,False,False,False,False,NORMAL,NORMAL,NORMAL,0,0.01,NORMAL,이상 없음(정상)
DOG,9,6.1,39.1,162,31,False,True,True,False,False,NORMAL,INCREASED,LOW,6,0.45,WATCH,"빈맥, 피부 징후"
CAT,2,3.3,39.0,92,24,False,False,False,False,False,NORMAL,DECREASED,LOW,5,0.18,NORMAL,이상 없음(정상)
DOG,1,18.7,38.7,111,34,False,False,False,False,False,INCREASED,INCREASED,NORMAL,0,0.0,NORMAL,이상 없음(정상)
DOG,4,18.1,39.0,160,18,False,False,True,False,False,NORMAL,NORMAL,LOW,2,0.43,WATCH,"빈맥, 피부 징후"
CAT,11,5.5,38.5,113,17,False,False,False,False,False,NORMAL,NORMAL,NORMAL,0,0.1,NORMAL,이상 없음(정상)
CAT,6,2.0,39.2,154,55,True,False,True,False,True,DECREASED,NORMAL,NORMAL,4,0.6,CAUTION,"호흡 급증, 설사"
DOG,8,3.6,38.4,123,21,False,False,False,True,False,NORMAL,NORMAL,NORMAL,1,0.07,NORMAL,이상 없음(정상)
CAT,7,5.1,39.6,190,41,False,False,True,True,True,NONE,DECREASED,LOW,4,1.0,DANGER,"미열, 빈맥"
CAT,9,5.7,39.2,198,27,False,True,False,False,True,DECREASED,INCREASED,NORMAL,6,0.66,CAUTION,"빈맥, 설사"
DOG,4,5.8,38.5,124,33,True,False,False,False,True,NORMAL,NORMAL,NORMAL,6,0.32,WATCH,"설사, 피부 징후"
CAT,5,2.2,39.4,121,28,True,False,False,False,True,DECREASED,NORMAL,LOW,7,0.63,CAUTION,"미열, 설사"
DOG,8,12.1,38.5,118,25,False,False,False,False,True,NORMAL,DECREASED,NORMAL,5,0.2,NORMAL,이상 없음(정상)
DOG,8,21.2,40.7,155,46,False,False,False,True,False,NONE,NORMAL,LOW,6,1.0,DANGER,"고열, 호흡 급증"
CAT,12,7.6,38.6,123,34,False,True,True,True,False,NORMAL,NORMAL,NORMAL,0,0.37,WATCH,"구토, 피부 징후"
DOG,1,15.0,38.9,70,15,False,False,True,False,False,NONE,NORMAL,LOW,5,0.39,WATCH,"피부 징후, 식욕 절폐"
CAT,15,3.4,39.6,151,29,False,False,False,False,True,DECREASED,NORMAL,LOW,1,0.73,CAUTION,"미열, 설사"
CAT,7,5.7,37.8,105,30,False,False,False,False,False,NORMAL,NORMAL,NORMAL,0,0.06,NORMAL,이상 없음(정상)
CAT,10,5.6,39.0,114,46,False,True,False,False,True,DECREASED,NORMAL,LOW,2,0.64,CAUTION,"호흡 급증, 설사"
CAT,11,3.6,39.7,132,12,True,True,False,False,False,NORMAL,INCREASED,LOW,4,0.49,WATCH,"미열, 피부 징후"
DOG,6,20.6,39.2,101,16,False,False,False,False,False,NORMAL,NORMAL,HIGH,6,0.0,NORMAL,이상 없음(정상)
DOG,6,17.5,39.5,153,51,True,True,True,False,True,NORMAL,DECREASED,LOW,0,0.77,DANGER,"미열, 호흡 급증"
DOG,10,13.2,39.6,128,22,True,True,False,False,False,DECREASED,INCREASED,LOW,3,0.51,CAUTION,"미열, 피부 징후"
DOG,10,29.0,39.4,128,39,False,False,False,True,False,NORMAL,NORMAL,HIGH,2,0.31,WATCH,"미열, 구토"
DOG,5,13.5,39.8,131,37,True,False,False,True,False,DECREASED,NORMAL,NORMAL,0,0.64,CAUTION,"미열, 구토"
DOG,4,8.7,40.0,160,61,False,True,True,True,False,NORMAL,DECREASED,LOW,2,1.0,DANGER,"고열, 빈맥"
DOG,14,29.7,40.6,138,57,True,True,False,False,True,DECREASED,DECREASED,LOW,7,1.0,DANGER,"고열, 호흡 급증"
CAT,13,4.0,38.4,90,26,False,False,False,False,False,INCREASED,DECREASED,NORMAL,0,0.05,NORMAL,이상 없음(정상)
CAT,4,3.0,38.0,119,19,False,False,False,False,False,NORMAL,NORMAL,NORMAL,0,0.0,NORMAL,이상 없음(정상)
CAT,1,2.4,38.6,100,38,False,False,True,False,True,DECREASED,DECREASED,LOW,5,0.48,WATCH,"설사, 피부 징후"
DOG,5,11.5,38.9,131,36,False,True,False,True,False,NORMAL,NORMAL,LOW,2,0.37,WATCH,"구토, 피부 징후"
CAT,5,6.6,40.7,132,49,True,False,True,True,False,NONE,DECREASED,LOW,3,1.0,DANGER,"고열, 호흡 급증"
DOG,6,10.5,39.6,140,36,False,False,False,True,False,DECREASED,DECREASED,NORMAL,1,0.51,CAUTION,"미열, 구토"
DOG,3,25.1,39.0,73,17,False,False,False,False,True,NORMAL,NORMAL,NORMAL,5,0.18,NORMAL,이상 없음(정상)
DOG,10,4.4,39.7,156,58,True,False,True,True,False,NONE,INCREASED,LOW,7,1.0,DANGER,"미열, 호흡 급증"
CAT,3,5.8,39.3,105,27,False,False,False,False,False,NORMAL,NORMAL,NORMAL,0,0.16,NORMAL,이상 없음(정상)
CAT,5,5.5,39.2,154,19,False,False,False,False,False,NONE,INCREASED,NORMAL,3,0.32,WATCH,식욕 절폐
CAT,12,5.5,39.9,119,43,True,False,False,False,False,NORMAL,DECREASED,NORMAL,3,0.49,WATCH,"미열, 호흡 급증"
CAT,5,2.5,38.6,118,23,False,False,False,False,False,NORMAL,NORMAL,NORMAL,0,0.06,NORMAL,이상 없음(정상)
DOG,4,15.7,37.3,112,17,False,False,False,False,False,NORMAL,NORMAL,NORMAL,0,0.01,NORMAL,이상 없음(정상)
CAT,2,7.0,39.7,132,31,False,False,False,False,False,NORMAL,DECREASED,LOW,2,0.31,WATCH,"미열, 활동량 저하"
CAT,9,7.3,39.5,168,44,True,False,True,True,False,DECREASED,DECREASED,LOW,0,1.0,DANGER,"미열, 빈맥"
CAT,3,4.9,39.5,133,44,False,True,False,False,False,NORMAL,NORMAL,LOW,1,0.58,CAUTION,"미열, 호흡 급증"
DOG,2,28.7,38.8,118,10,False,False,False,True,False,NORMAL,NORMAL,NORMAL,7,0.21,NORMAL,이상 없음(정상)
CAT,2,4.6,38.9,123,28,False,False,False,False,True,DECREASED,NORMAL,LOW,2,0.36,WATCH,"설사, 식욕 감소"
DOG,1,16.5,39.6,149,28,False,False,False,False,False,NORMAL,NORMAL,NORMAL,0,0.25,NORMAL,이상 없음(정상)
DOG,8,2.6,39.9,197,34,True,False,False,True,True,NONE,DECREASED,LOW,4,1.0,DANGER,"미열, 빈맥"
CAT,10,4.0,39.5,228,46,False,True,False,True,True,DECREASED,DECREASED,LOW,5,1.0,DANGER,"미열, 빈맥"
DOG,7,7.3,40.2,198,37,True,True,True,True,False,NONE,NORMAL,LOW,4,1.0,DANGER,"고열, 빈맥"
DOG,2,27.8,39.2,93,29,True,False,False,False,False,NORMAL,NORMAL,NORMAL,6,0.11,NORMAL,이상 없음(정상)
CAT,10,3.7,38.5,174,17,False,False,False,False,True,DECREASED,DECREASED,NORMAL,1,0.4,WATCH,"빈맥, 설사"
DOG,9,27.1,39.5,149,34,True,False,True,False,True,DECREASED,DECREASED,NORMAL,2,0.58,CAUTION,"미열, 설사"
DOG,10,14.7,39.1,147,23,True,False,False,True,False,DECREASED,INCREASED,LOW,7,0.4,WATCH,"구토, 피부 징후"
DOG,3,19.5,38.3,131,41,False,False,False,False,False,NORMAL,NORMAL,HIGH,7,0.22,NORMAL,이상 없음(정상)
DOG,11,26.3,38.7,145,34,False,True,True,True,False,NORMAL,NORMAL,LOW,6,0.38,WATCH,"구토, 피부 징후"
CAT,5,5.8,40.5,200,57,False,False,False,True,True,NONE,DECREASED,LOW,5,1.0,DANGER,"고열, 빈맥"
CAT,5,3.8,38.9,119,21,False,False,False,False,False,NORMAL,NORMAL,LOW,3,0.16,NORMAL,이상 없음(정상)
CAT,7,8.0,38.6,94,19,False,True,False,False,False,DECREASED,NORMAL,LOW,6,0.38,WATCH,"피부 징후, 식욕 감소"
DOG,14,25.8,39.8,205,37,True,False,False,True,True,NONE,DECREASED,LOW,3,1.0,DANGER,"미열, 빈맥"
CAT,5,2.4,39.6,120,36,False,False,False,True,True,NONE,DECREASED,NORMAL,7,0.7,CAUTION,"미열, 소화기 이상(구토 및 설사)"
DOG,11,20.7,38.7,110,32,False,False,False,True,True,NORMAL,DECREASED,NORMAL,6,0.4,WATCH,소화기 이상(구토 및 설사)
CAT,3,5.9,38.4,145,24,False,False,False,True,True,NORMAL,NORMAL,HIGH,3,0.43,WATCH,소화기 이상(구토 및 설사)
CAT,4,3.2,38.7,95,28,False,False,False,False,False,NORMAL,NORMAL,NORMAL,0,0.18,NORMAL,이상 없음(정상)
DOG,6,12.4,39.1,108,35,False,False,False,True,False,NONE,DECREASED,LOW,4,0.53,CAUTION,"구토, 식욕 절폐"
DOG,9,10.0,38.7,94,30,False,True,False,False,False,NORMAL,NORMAL,NORMAL,0,0.18,NORMAL,이상 없음(정상)
DOG,8,17.8,39.0,92,31,False,False,False,False,False,NORMAL,NORMAL,HIGH,1,0.06,NORMAL,이상 없음(정상)
CAT,13,3.5,38.6,108,21,True,False,False,False,False,NORMAL,NORMAL,LOW,4,0.25,NORMAL,이상 없음(정상)
DOG,4,23.8,40.9,174,40,True,True,False,False,False,NONE,DECREASED,LOW,3,1.0,DANGER,"고열, 빈맥"
CAT,2,5.1,40.4,185,50,False,False,True,False,True,NONE,DECREASED,LOW,5,1.0,DANGER,"고열, 빈맥"
CAT,10,5.7,38.1,71,20,False,True,False,False,False,NORMAL,NORMAL,HIGH,4,0.22,NORMAL,이상 없음(정상)
DOG,8,5.0,38.1,50,31,False,False,False,False,False,NORMAL,INCREASED,NORMAL,0,0.0,NORMAL,이상 없음(정상)
CAT,5,2.3,39.8,110,40,False,False,False,False,False,DECREASED,DECREASED,LOW,0,0.54,CAUTION,"미열, 호흡 급증"
DOG,6,18.5,37.9,111,20,False,False,False,False,False,NORMAL,NORMAL,NORMAL,0,0.0,NORMAL,이상 없음(정상)
DOG,4,9.5,38.9,112,29,False,False,False,False,False,NORMAL,NORMAL,NORMAL,0,0.0,NORMAL,이상 없음(정상)
DOG,13,24.7,39.9,162,63,True,True,True,True,True,DECREASED,DECREASED,LOW,0,1.0,DANGER,"미열, 빈맥"
CAT,2,5.4,40.0,177,56,True,True,False,False,False,NONE,DECREASED,LOW,5,1.0,DANGER,"고열, 빈맥"
CAT,3,7.9,40.3,163,39,True,True,False,True,True,DECREASED,NORMAL,LOW,6,1.0,DANGER,"고열, 빈맥"
DOG,10,3.1,39.0,140,30,False,False,True,False,True,DECREASED,INCREASED,HIGH,4,0.35,WATCH,"설사, 피부 징후"
DOG,7,24.5,39.2,121,30,False,True,False,False,True,NORMAL,DECREASED,HIGH,7,0.33,WATCH,"설사, 피부 징후"
CAT,4,3.4,39.1,178,30,True,False,True,False,True,NORMAL,NORMAL,NORMAL,7,0.32,WATCH,"빈맥, 설사"
CAT,10,6.2,40.2,110,28,False,False,False,False,False,NORMAL,NORMAL,NORMAL,0,0.37,WATCH,고열
DOG,6,16.7,40.3,171,44,False,True,True,False,False,DECREASED,DECREASED,LOW,7,1.0,DANGER,"고열, 빈맥"
CAT,4,7.4,37.7,101,28,False,False,False,False,False,NORMAL,NORMAL,NORMAL,0,0.04,NORMAL,이상 없음(정상)
CAT,7,7.6,40.2,208,46,True,False,False,True,False,NONE,NORMAL,LOW,0,1.0,DANGER,"고열, 빈맥"
DOG,12,26.8,39.5,116,29,False,False,False,True,False,NORMAL,DECREASED,NORMAL,4,0.41,WATCH,"미열, 구토"
DOG,5,22.9,40.9,151,37,False,False,False,True,True,DECREASED,DECREASED,LOW,5,1.0,DANGER,"고열, 소화기 이상(구토 및 설사)"
DOG,1,9.7,40.6,179,57,True,True,True,False,True,NORMAL,DECREASED,LOW,7,1.0,DANGER,"고열, 빈맥"
DOG,9,3.7,39.7,179,54,False,True,False,True,True,DECREASED,DECREASED,LOW,6,1.0,DANGER,"미열, 빈맥"
DOG,14,28.6,39.2,125,29,False,False,False,True,False,NORMAL,NORMAL,NORMAL,3,0.22,NORMAL,이상 없음(정상)
CAT,2,5.9,40.0,216,40,True,True,True,False,True,NONE,DECREASED,LOW,5,1.0,DANGER,"고열, 빈맥"
DOG,11,20.6,40.4,210,62,True,False,False,True,True,NONE,DECREASED,LOW,1,1.0,DANGER,"고열, 빈맥"
CAT,5,2.4,38.4,120,36,False,False,False,False,False,NORMAL,INCREASED,HIGH,6,0.09,NORMAL,이상 없음(정상)
DOG,1,10.7,40.5,156,22,False,False,False,False,False,NONE,NORMAL,NORMAL,2,0.68,CAUTION,"고열, 식욕 절폐"
CAT,12,4.8,39.1,129,29,False,False,False,True,False,DECREASED,NORMAL,LOW,5,0.34,WATCH,"구토, 식욕 감소"
CAT,2,2.8,38.9,77,18,False,False,True,False,False,NORMAL,NORMAL,HIGH,6,0.22,NORMAL,이상 없음(정상)
DOG,13,4.6,39.0,89,32,False,False,False,False,False,NORMAL,NORMAL,NORMAL,0,0.07,NORMAL,이상 없음(정상)
DOG,4,20.0,38.8,114,15,False,False,False,False,False,NORMAL,NORMAL,NORMAL,0,0.05,NORMAL,이상 없음(정상)
DOG,3,7.9,39.5,103,16,False,False,False,True,False,NORMAL,NORMAL,HIGH,4,0.38,WATCH,"미열, 구토"
CAT,15,3.2,39.0,144,44,False,False,True,False,False,DECREASED,NORMAL,LOW,7,0.56,CAUTION,"호흡 급증, 피부 징후"
CAT,14,5.1,37.8,108,22,False,False,False,False,False,NORMAL,NORMAL,NORMAL,0,0.0,NORMAL,이상 없음(정상)
CAT,5,5.4,39.5,173,69,False,False,False,True,True,NONE,NORMAL,LOW,5,1.0,DANGER,"미열, 빈맥"
CAT,8,4.5,39.0,114,19,False,False,False,False,False,INCREASED,INCREASED,NORMAL,3,0.14,NORMAL,이상 없음(정상)
CAT,12,3.2,38.2,121,26,False,False,False,False,False,NORMAL,NORMAL,NORMAL,0,0.06,NORMAL,이상 없음(정상)
CAT,13,6.9,38.9,118,22,False,False,False,False,False,NORMAL,NORMAL,NORMAL,0,0.0,NORMAL,이상 없음(정상)
CAT,5,7.0,39.1,145,13,False,False,True,True,False,NORMAL,DECREASED,NORMAL,0,0.32,WATCH,"구토, 피부 징후"
DOG,3,24.7,38.8,122,32,False,True,False,False,False,DECREASED,INCREASED,NORMAL,5,0.3,WATCH,"피부 징후, 식욕 감소"
DOG,1,12.4,39.2,149,32,True,False,False,True,False,NORMAL,NORMAL,NORMAL,4,0.34,WATCH,"구토, 피부 징후"
DOG,1,19.1,38.5,59,20,False,False,False,False,False,NORMAL,NORMAL,HIGH,6,0.0,NORMAL,이상 없음(정상)
DOG,10,17.5,39.2,143,31,False,True,False,False,True,NORMAL,DECREASED,LOW,5,0.32,WATCH,"설사, 피부 징후"
CAT,7,6.6,38.2,117,35,False,True,False,False,False,NORMAL,NORMAL,LOW,0,0.24,NORMAL,이상 없음(정상)
DOG,7,26.1,39.6,167,41,False,True,False,False,True,NONE,DECREASED,LOW,5,1.0,DANGER,"미열, 빈맥"
DOG,9,20.6,39.6,230,43,True,True,True,True,True,NORMAL,DECREASED,LOW,7,1.0,DANGER,"미열, 빈맥"
CAT,14,3.0,38.6,126,14,False,False,False,False,False,NORMAL,NORMAL,NORMAL,0,0.01,NORMAL,이상 없음(정상)
DOG,7,12.9,39.5,103,30,False,False,False,False,True,DECREASED,NORMAL,NORMAL,1,0.38,WATCH,"미열, 설사"
CAT,14,4.5,39.2,185,40,False,False,False,False,False,NORMAL,NORMAL,LOW,4,0.57,CAUTION,"빈맥, 호흡 급증"
CAT,6,6.8,39.1,116,29,False,False,False,True,False,NORMAL,NORMAL,NORMAL,0,0.24,NORMAL,이상 없음(정상)
CAT,2,5.8,38.8,167,31,False,False,False,True,False,DECREASED,NORMAL,LOW,7,0.59,CAUTION,"빈맥, 구토"
CAT,6,3.4,40.6,173,60,True,False,True,True,True,NONE,DECREASED,NORMAL,6,1.0,DANGER,"고열, 빈맥"
CAT,11,4.5,38.1,77,29,False,False,False,False,False,NORMAL,NORMAL,NORMAL,0,0.13,NORMAL,이상 없음(정상)
DOG,6,8.7,39.5,176,40,True,False,True,True,True,NORMAL,DECREASED,LOW,2,1.0,DANGER,"미열, 빈맥"
DOG,4,21.4,39.0,140,40,False,True,False,False,False,NONE,DECREASED,HIGH,6,0.65,CAUTION,"호흡 급증, 피부 징후"
DOG,8,13.7,38.9,163,12,False,False,False,True,False,NORMAL,NORMAL,NORMAL,2,0.45,WATCH,"빈맥, 구토"
DOG,10,21.1,40.8,183,50,False,False,False,True,True,DECREASED,DECREASED,LOW,6,1.0,DANGER,"고열, 빈맥"
CAT,10,2.9,37.8,93,30,False,False,False,True,False,NORMAL,NORMAL,NORMAL,5,0.17,NORMAL,이상 없음(정상)
CAT,2,3.5,39.8,130,52,True,False,False,True,True,NONE,DECREASED,LOW,4,1.0,DANGER,"미열, 호흡 급증"
CAT,2,5.2,40.4,220,53,True,False,True,True,True,DECREASED,NORMAL,LOW,7,1.0,DANGER,"고열, 빈맥"
DOG,5,13.9,38.8,135,34,False,False,False,True,True,DECREASED,DECREASED,NORMAL,0,0.36,WATCH,"소화기 이상(구토 및 설사), 식욕 감소"
DOG,8,21.0,39.9,146,22,False,False,False,False,False,DECREASED,NORMAL,NORMAL,4,0.31,WATCH,"미열, 식욕 감소"
DOG,10,26.8,38.9,163,22,True,False,False,False,True,NORMAL,NORMAL,NORMAL,3,0.44,WATCH,"빈맥, 설사"
DOG,10,8.4,39.7,113,32,False,False,False,True,False,DECREASED,NORMAL,NORMAL,6,0.62,CAUTION,"미열, 구토"
CAT,14,7.9,39.6,149,38,False,False,False,False,False,NONE,NORMAL,LOW,7,0.51,CAUTION,"미열, 식욕 절폐"
DOG,9,9.5,38.9,59,32,False,False,False,False,False,NORMAL,NORMAL,NORMAL,0,0.0,NORMAL,이상 없음(정상)
CAT,1,7.7,38.5,112,35,False,False,True,False,False,DECREASED,INCREASED,NORMAL,6,0.37,WATCH,"피부 징후, 식욕 감소"
DOG,6,7.6,39.7,122,31,False,False,False,False,False,DECREASED,NORMAL,LOW,2,0.5,CAUTION,"미열, 식욕 감소"
CAT,1,7.5,40.0,206,55,True,True,True,False,False,DECREASED,DECREASED,LOW,2,1.0,DANGER,"고열, 빈맥"
CAT,2,6.2,38.3,104,27,False,False,False,False,False,INCREASED,NORMAL,NORMAL,5,0.0,NORMAL,이상 없음(정상)
CAT,2,2.2,38.4,119,23,False,False,False,False,False,NORMAL,NORMAL,NORMAL,0,0.06,NORMAL,이상 없음(정상)
DOG,3,12.1,38.1,160,10,False,False,False,False,False,NORMAL,INCREASED,NORMAL,0,0.13,NORMAL,이상 없음(정상)
CAT,14,3.6,38.4,93,20,False,False,False,False,True,NORMAL,NORMAL,LOW,5,0.21,NORMAL,이상 없음(정상)
DOG,7,8.8,39.8,146,34,True,False,False,False,False,DECREASED,NORMAL,LOW,5,0.52,CAUTION,"미열, 피부 징후"
CAT,5,2.5,40.5,148,36,False,False,False,True,True,NONE,DECREASED,LOW,5,1.0,DANGER,"고열, 소화기 이상(구토 및 설사)"
DOG,11,26.9,37.8,110,31,False,True,False,False,False,NORMAL,NORMAL,NORMAL,0,0.06,NORMAL,이상 없음(정상)
CAT,4,6.8,38.2,107,39,False,False,False,False,False,NORMAL,NORMAL,LOW,3,0.02,NORMAL,이상 없음(정상)
CAT,13,3.0,39.0,83,11,False,False,False,False,False,NORMAL,DECREASED,HIGH,7,0.0,NORMAL,이상 없음(정상)
DOG,4,15.6,38.3,111,13,False,False,False,False,False,NORMAL,NORMAL,NORMAL,0,0.0,NORMAL,이상 없음(정상)
DOG,8,13.9,39.1,132,17,True,False,False,False,True,NORMAL,NORMAL,LOW,0,0.48,WATCH,"설사, 피부 징후"
CAT,4,6.5,39.5,122,34,False,False,False,False,False,DECREASED,DECREASED,HIGH,5,0.37,WATCH,"미열, 식욕 감소"
CAT,2,3.7,39.5,143,24,False,False,False,False,False,DECREASED,NORMAL,HIGH,2,0.36,WATCH,"미열, 식욕 감소"
CAT,8,2.3,37.8,102,20,False,False,False,False,False,NORMAL,NORMAL,NORMAL,0,0.08,NORMAL,이상 없음(정상)
CAT,10,5.1,38.3,93,31,False,True,False,False,False,NONE,NORMAL,LOW,3,0.41,WATCH,"피부 징후, 식욕 절폐"
DOG,2,27.8,39.9,150,28,False,False,False,False,False,DECREASED,NORMAL,NORMAL,1,0.34,WATCH,"미열, 식욕 감소"
CAT,9,3.6,39.0,135,41,False,False,False,True,False,DECREASED,DECREASED,LOW,1,0.68,CAUTION,"호흡 급증, 구토"
CAT,12,7.3,39.0,148,47,False,True,False,False,False,DECREASED,NORMAL,LOW,3,0.5,CAUTION,"호흡 급증, 피부 징후"
DOG,6,19.0,38.6,115,21,False,True,False,False,False,NORMAL,NORMAL,NORMAL,0,0.08,NORMAL,이상 없음(정상)
CAT,12,2.8,38.0,96,14,False,True,False,False,False,DECREASED,NORMAL,NORMAL,5,0.28,NORMAL,이상 없음(정상)
CAT,1,3.5,39.4,123,51,False,False,False,True,False,DECREASED,DECREASED,NORMAL,5,0.7,CAUTION,"미열, 호흡 급증"
DOG,5,16.2,39.4,77,35,False,False,False,False,False,NORMAL,NORMAL,LOW,1,0.37,WATCH,"미열, 활동량 저하"
DOG,2,20.0,40.1,132,27,False,True,True,False,False,DECREASED,DECREASED,HIGH,7,0.63,CAUTION,"고열, 피부 징후"
DOG,4,13.2,37.8,121,23,False,False,False,False,False,NORMAL,NORMAL,NORMAL,0,0.1,NORMAL,이상 없음(정상)
CAT,10,3.2,38.1,68,10,False,False,False,False,False,DECREASED,NORMAL,NORMAL,7,0.06,NORMAL,이상 없음(정상)
DOG,15,2.7,38.8,115,30,False,False,True,False,True,NORMAL,NORMAL,NORMAL,3,0.21,NORMAL,이상 없음(정상)
CAT,15,3.7,39.6,150,34,False,False,False,True,False,NONE,DECREASED,LOW,6,0.73,CAUTION,"미열, 구토"
CAT,2,5.9,39.7,141,21,True,False,False,False,False,NORMAL,DECREASED,NORMAL,2,0.36,WATCH,"미열, 피부 징후"
DOG,15,7.2,38.7,172,21,False,False,False,False,True,DECREASED,NORMAL,NORMAL,2,0.49,WATCH,"빈맥, 설사"
CAT,8,2.4,40.1,178,34,False,False,False,False,True,NONE,DECREASED,LOW,4,1.0,DANGER,"고열, 빈맥"
DOG,14,27.0,38.7,122,24,True,False,False,True,False,INCREASED,INCREASED,NORMAL,4,0.4,WATCH,"구토, 피부 징후"
CAT,14,5.9,37.9,131,29,False,False,False,False,False,NORMAL,NORMAL,NORMAL,0,0.03,NORMAL,이상 없음(정상)
DOG,3,26.3,38.0,112,26,True,False,False,True,False,NORMAL,NORMAL,NORMAL,3,0.36,WATCH,"구토, 피부 징후"
DOG,8,7.2,38.0,100,17,False,False,False,False,False,NORMAL,NORMAL,NORMAL,0,0.0,NORMAL,이상 없음(정상)
CAT,4,5.6,40.8,130,41,False,False,True,False,False,NONE,DECREASED,LOW,7,1.0,DANGER,"고열, 호흡 급증"
DOG,14,8.3,39.0,144,30,True,True,True,False,True,NORMAL,NORMAL,NORMAL,6,0.31,WATCH,"설사, 피부 징후"
DOG,7,28.3,37.9,97,27,False,False,False,False,False,INCREASED,NORMAL,NORMAL,5,0.0,NORMAL,이상 없음(정상)
DOG,13,10.6,37.6,123,21,False,True,False,False,False,NORMAL,NORMAL,NORMAL,0,0.16,NORMAL,이상 없음(정상)
CAT,15,5.6,38.8,134,19,False,False,True,True,False,NORMAL,NORMAL,HIGH,7,0.29,NORMAL,이상 없음(정상)
CAT,8,3.9,39.9,214,57,True,True,False,True,True,NONE,DECREASED,LOW,7,1.0,DANGER,"미열, 빈맥"
DOG,2,25.2,40.4,178,39,True,True,False,True,False,NONE,DECREASED,LOW,3,1.0,DANGER,"고열, 빈맥"
CAT,1,2.4,39.5,167,39,True,True,False,False,False,DECREASED,DECREASED,LOW,6,0.75,DANGER,"미열, 빈맥"
DOG,7,21.5,39.1,96,10,False,False,False,False,False,DECREASED,NORMAL,NORMAL,5,0.02,NORMAL,이상 없음(정상)
CAT,15,5.4,39.7,98,29,True,True,False,False,False,NORMAL,DECREASED,NORMAL,0,0.35,WATCH,"미열, 피부 징후"
DOG,9,16.4,40.8,109,47,False,False,False,False,False,NORMAL,INCREASED,LOW,2,0.71,CAUTION,"고열, 호흡 급증"
CAT,13,4.0,39.0,89,14,False,False,False,False,False,NORMAL,DECREASED,NORMAL,0,0.0,NORMAL,이상 없음(정상)
DOG,8,19.6,39.3,149,37,False,False,False,False,True,NORMAL,DECREASED,NORMAL,3,0.33,WATCH,"미열, 설사"
CAT,10,7.7,39.5,130,62,True,False,False,False,False,DECREASED,NORMAL,LOW,6,0.79,DANGER,"미열, 호흡 급증"
DOG,9,9.1,39.6,134,34,False,False,False,True,False,NORMAL,NORMAL,LOW,3,0.58,CAUTION,"미열, 구토"
CAT,6,2.3,38.8,104,32,False,False,False,False,False,NORMAL,NORMAL,NORMAL,0,0.0,NORMAL,이상 없음(정상)
DOG,12,23.4,39.5,135,44,False,True,True,False,False,DECREASED,NORMAL,LOW,2,0.7,CAUTION,"미열, 호흡 급증"
CAT,8,4.5,39.0,66,14,False,False,False,False,False,NORMAL,NORMAL,NORMAL,0,0.09,NORMAL,이상 없음(정상)
DOG,11,4.9,38.7,116,33,False,True,True,False,False,NONE,INCREASED,NORMAL,4,0.35,WATCH,"피부 징후, 식욕 절폐"
CAT,2,6.2,38.4,117,31,False,True,False,False,True,NORMAL,NORMAL,NORMAL,6,0.34,WATCH,"설사, 피부 징후"
CAT,7,6.5,38.3,61,21,True,True,False,False,False,NORMAL,NORMAL,LOW,0,0.17,NORMAL,이상 없음(정상)
CAT,8,7.5,39.0,100,34,False,False,False,False,False,NORMAL,INCREASED,HIGH,3,0.0,NORMAL,이상 없음(정상)
CAT,6,6.3,38.7,91,27,False,True,False,False,False,INCREASED,NORMAL,NORMAL,1,0.27,NORMAL,이상 없음(정상)
DOG,14,9.2,39.1,166,35,False,False,False,True,False,NORMAL,NORMAL,NORMAL,4,0.34,WATCH,"빈맥, 구토"
DOG,4,27.6,40.1,130,52,True,False,False,False,True,NONE,DECREASED,LOW,5,1.0,DANGER,"고열, 호흡 급증"
CAT,2,2.5,40.0,184,40,False,True,True,False,True,NONE,DECREASED,LOW,2,1.0,DANGER,"고열, 빈맥"
CAT,1,4.7,39.1,88,31,False,False,False,False,False,NORMAL,INCREASED,NORMAL,0,0.0,NORMAL,이상 없음(정상)
DOG,10,23.4,38.6,104,28,True,True,False,True,False,DECREASED,NORMAL,NORMAL,6,0.42,WATCH,"구토, 피부 징후"
DOG,12,26.8,40.3,158,37,False,False,False,True,False,DECREASED,INCREASED,LOW,1,0.74,CAUTION,"고열, 구토"
DOG,12,5.3,38.9,143,24,True,False,False,False,False,DECREASED,NORMAL,NORMAL,7,0.34,WATCH,"피부 징후, 식욕 감소"
CAT,5,4.6,39.6,102,49,False,False,False,False,False,DECREASED,NORMAL,NORMAL,2,0.53,CAUTION,"미열, 호흡 급증"
CAT,7,3.0,37.4,149,25,False,False,False,False,False,DECREASED,NORMAL,NORMAL,6,0.13,NORMAL,이상 없음(정상)
DOG,5,29.6,38.1,134,22,False,False,False,False,False,NORMAL,INCREASED,NORMAL,0,0.0,NORMAL,이상 없음(정상)
CAT,14,7.8,39.3,148,34,True,False,False,False,False,NORMAL,DECREASED,NORMAL,2,0.37,WATCH,"미열, 피부 징후"
DOG,8,14.9,38.9,50,32,False,False,False,False,False,NORMAL,NORMAL,NORMAL,0,0.04,NORMAL,이상 없음(정상)
DOG,13,21.6,38.3,131,42,False,False,False,False,False,DECREASED,NORMAL,LOW,2,0.49,WATCH,"호흡 급증, 식욕 감소"
DOG,1,20.7,39.1,92,18,False,False,False,False,False,DECREASED,NORMAL,NORMAL,5,0.1,NORMAL,이상 없음(정상)
CAT,13,2.9,38.6,110,28,False,False,False,False,False,NORMAL,NORMAL,NORMAL,0,0.06,NORMAL,이상 없음(정상)
DOG,5,28.5,38.5,78,19,False,False,False,False,False,INCREASED,NORMAL,NORMAL,2,0.0,NORMAL,이상 없음(정상)
CAT,15,5.8,39.0,170,36,False,True,False,True,False,DECREASED,NORMAL,LOW,1,0.69,CAUTION,"빈맥, 구토"
CAT,5,6.5,39.0,156,46,True,False,False,False,True,DECREASED,DECREASED,LOW,6,0.7,CAUTION,"호흡 급증, 설사"
DOG,10,3.2,39.3,120,37,False,False,False,True,False,NORMAL,DECREASED,LOW,6,0.47,WATCH,"미열, 구토"
CAT,11,4.5,38.6,119,20,False,False,False,False,False,NORMAL,NORMAL,NORMAL,0,0.0,NORMAL,이상 없음(정상)
CAT,10,2.9,38.3,119,30,False,False,False,False,False,NORMAL,NORMAL,NORMAL,0,0.08,NORMAL,이상 없음(정상)
DOG,2,24.6,39.6,201,42,False,True,False,True,False,NONE,NORMAL,LOW,3,1.0,DANGER,"미열, 빈맥"
CAT,10,4.2,40.4,162,55,True,True,False,False,False,NONE,DECREASED,LOW,1,1.0,DANGER,"고열, 빈맥"
CAT,11,7.1,38.8,83,23,True,False,False,False,True,NORMAL,DECREASED,NORMAL,5,0.39,WATCH,"설사, 피부 징후"
CAT,6,3.8,39.0,126,24,False,True,True,False,False,NONE,DECREASED,NORMAL,5,0.42,WATCH,"피부 징후, 식욕 절폐"
CAT,1,2.8,39.4,124,39,True,False,False,False,False,NONE,DECREASED,LOW,4,0.69,CAUTION,"미열, 피부 징후"
DOG,8,27.6,38.3,100,17,False,False,False,False,False,DECREASED,INCREASED,HIGH,0,0.23,NORMAL,이상 없음(정상)
DOG,11,17.9,41.2,147,45,True,True,False,True,True,DECREASED,DECREASED,LOW,7,1.0,DANGER,"고열, 호흡 급증"
DOG,15,14.2,37.9,130,29,False,False,False,True,False,NORMAL,NORMAL,NORMAL,7,0.11,NORMAL,이상 없음(정상)
DOG,15,28.5,38.7,156,46,True,True,False,False,True,DECREASED,NORMAL,NORMAL,1,0.61,CAUTION,"호흡 급증, 설사"
CAT,9,2.2,39.1,129,33,False,False,False,True,False,NORMAL,NORMAL,LOW,7,0.33,WATCH,"구토, 활동량 저하"
DOG,9,11.8,40.1,172,56,False,True,False,True,True,DECREASED,DECREASED,LOW,7,1.0,DANGER,"고열, 빈맥"
DOG,5,23.8,37.9,90,25,False,False,False,False,False,NORMAL,NORMAL,NORMAL,0,0.19,NORMAL,이상 없음(정상)
DOG,8,10.2,38.4,100,19,False,False,False,False,False,NORMAL,NORMAL,NORMAL,0,0.07,NORMAL,이상 없음(정상)
DOG,6,14.8,39.7,126,26,False,True,True,False,True,DECREASED,NORMAL,LOW,0,0.61,CAUTION,"미열, 설사"
CAT,9,6.2,38.4,102,13,False,True,False,False,False,NORMAL,NORMAL,NORMAL,0,0.24,NORMAL,이상 없음(정상)
DOG,9,15.5,39.8,182,33,False,False,True,False,False,DECREASED,DECREASED,NORMAL,7,0.68,CAUTION,"미열, 빈맥"
CAT,9,7.1,40.6,141,37,False,False,True,True,True,DECREASED,DECREASED,LOW,4,1.0,DANGER,"고열, 소화기 이상(구토 및 설사)"
DOG,14,4.5,38.2,92,23,False,False,False,False,False,NORMAL,NORMAL,HIGH,3,0.0,NORMAL,이상 없음(정상)
DOG,13,11.7,40.7,130,40,True,False,True,True,False,NONE,NORMAL,HIGH,0,1.0,DANGER,"고열, 호흡 급증"
CAT,14,2.5,39.0,147,25,True,False,False,True,True,NORMAL,INCREASED,NORMAL,6,0.48,WATCH,"소화기 이상(구토 및 설사), 피부 징후"
DOG,11,25.3,39.4,151,36,False,False,True,False,True,DECREASED,DECREASED,NORMAL,3,0.64,CAUTION,"미열, 설사"
CAT,10,5.0,38.1,85,10,False,False,True,False,False,NORMAL,NORMAL,NORMAL,0,0.26,NORMAL,이상 없음(정상)
CAT,1,7.5,39.5,124,27,False,True,False,False,False,NORMAL,INCREASED,NORMAL,0,0.46,WATCH,"미열, 피부 징후"
CAT,6,2.8,38.9,154,39,False,False,True,False,True,DECREASED,NORMAL,LOW,3,0.61,CAUTION,"설사, 피부 징후"
CAT,2,6.0,40.1,125,36,False,False,False,False,True,DECREASED,DECREASED,LOW,3,0.73,CAUTION,"고열, 설사"
CAT,13,5.6,39.2,178,24,False,True,False,False,False,INCREASED,INCREASED,NORMAL,3,0.38,WATCH,"빈맥, 피부 징후"
DOG,11,5.2,40.3,171,52,True,True,False,False,True,NONE,DECREASED,LOW,5,1.0,DANGER,"고열, 빈맥"
DOG,13,19.8,39.5,131,14,False,False,False,True,False,NORMAL,DECREASED,HIGH,5,0.38,WATCH,"미열, 구토"
DOG,15,13.0,38.8,82,34,False,False,False,False,False,NORMAL,NORMAL,NORMAL,0,0.01,NORMAL,이상 없음(정상)
DOG,9,17.9,39.4,141,37,False,True,True,True,False,DECREASED,DECREASED,LOW,7,0.74,CAUTION,"미열, 구토"
DOG,7,2.5,39.3,127,37,False,True,True,False,False,NORMAL,NORMAL,NORMAL,0,0.48,WATCH,"미열, 피부 징후"
DOG,5,24.2,39.8,110,31,False,False,True,True,False,DECREASED,INCREASED,LOW,4,0.67,CAUTION,"미열, 구토"
CAT,9,4.6,39.7,139,29,False,True,False,True,False,DECREASED,NORMAL,NORMAL,4,0.62,CAUTION,"미열, 구토"
CAT,12,5.7,40.1,132,47,True,False,False,False,False,NORMAL,NORMAL,NORMAL,1,0.72,CAUTION,"고열, 호흡 급증"
DOG,8,9.7,40.1,161,34,False,True,False,True,True,DECREASED,DECREASED,NORMAL,1,1.0,DANGER,"고열, 빈맥"
DOG,4,20.9,38.6,74,14,False,True,False,False,False,NORMAL,NORMAL,NORMAL,0,0.24,NORMAL,이상 없음(정상)
CAT,3,3.9,38.6,146,31,False,False,False,False,False,NORMAL,INCREASED,NORMAL,0,0.0,NORMAL,이상 없음(정상)
DOG,14,29.7,39.2,120,35,False,False,True,True,False,DECREASED,INCREASED,NORMAL,0,0.49,WATCH,"구토, 피부 징후"
CAT,15,6.0,39.7,125,40,True,True,False,False,False,DECREASED,NORMAL,NORMAL,1,0.53,CAUTION,"미열, 호흡 급증"
CAT,12,6.5,39.7,130,54,True,True,True,True,False,NONE,DECREASED,LOW,6,1.0,DANGER,"미열, 호흡 급증"
CAT,6,6.0,39.7,159,56,False,True,False,False,False,NONE,DECREASED,LOW,5,1.0,DANGER,"미열, 호흡 급증"
DOG,6,6.7,38.8,131,29,False,False,False,True,True,DECREASED,NORMAL,NORMAL,6,0.45,WATCH,"소화기 이상(구토 및 설사), 식욕 감소"
CAT,10,7.8,40.7,174,54,True,True,False,True,True,NONE,DECREASED,LOW,3,1.0,DANGER,"고열, 빈맥"
DOG,9,16.7,40.7,135,34,True,False,False,True,True,DECREASED,DECREASED,LOW,7,1.0,DANGER,"고열, 소화기 이상(구토 및 설사)"
DOG,15,10.0,38.7,176,25,False,False,True,False,False,NORMAL,DECREASED,NORMAL,0,0.43,WATCH,"빈맥, 피부 징후"
DOG,10,27.8,38.9,100,24,False,False,False,False,False,NORMAL,NORMAL,HIGH,6,0.0,NORMAL,이상 없음(정상)
DOG,3,19.1,40.2,153,64,False,True,False,False,True,NONE,DECREASED,NORMAL,2,1.0,DANGER,"고열, 호흡 급증"
DOG,2,21.5,38.1,63,15,False,False,False,False,False,NORMAL,NORMAL,NORMAL,0,0.0,NORMAL,이상 없음(정상)
DOG,11,25.6,37.9,100,34,False,False,False,False,False,NORMAL,NORMAL,NORMAL,0,0.0,NORMAL,이상 없음(정상)
DOG,11,19.5,40.7,145,54,True,False,False,True,True,NONE,DECREASED,LOW,4,1.0,DANGER,"고열, 호흡 급증"
DOG,5,4.9,40.3,201,56,False,True,True,True,False,NONE,DECREASED,LOW,7,1.0,DANGER,"고열, 빈맥"
DOG,9,6.0,38.9,102,28,False,False,False,False,False,NORMAL,NORMAL,NORMAL,0,0.0,NORMAL,이상 없음(정상)
CAT,9,7.7,38.9,81,12,True,False,False,True,False,NORMAL,DECREASED,HIGH,3,0.39,WATCH,"구토, 피부 징후"
DOG,3,7.4,39.2,145,12,False,True,False,True,False,DECREASED,DECREASED,HIGH,0,0.47,WATCH,"구토, 피부 징후"
CAT,3,5.9,39.1,170,52,True,False,True,False,False,DECREASED,DECREASED,LOW,2,0.65,CAUTION,"빈맥, 호흡 급증"
DOG,5,14.4,40.0,210,70,False,True,True,False,True,NONE,INCREASED,LOW,5,1.0,DANGER,"고열, 빈맥"
DOG,6,21.9,40.1,130,45,True,False,False,True,True,DECREASED,INCREASED,HIGH,6,1.0,DANGER,"고열, 호흡 급증"
CAT,4,4.8,39.6,87,28,False,False,True,False,False,NORMAL,INCREASED,HIGH,3,0.44,WATCH,"미열, 피부 징후"
DOG,3,20.7,39.2,145,39,False,True,False,True,True,DECREASED,DECREASED,LOW,0,0.68,CAUTION,"소화기 이상(구토 및 설사), 피부 징후"
CAT,5,4.8,39.5,170,49,True,False,True,False,True,NONE,DECREASED,NORMAL,5,1.0,DANGER,"미열, 빈맥"
DOG,2,21.6,39.3,108,26,False,False,False,False,False,DECREASED,NORMAL,NORMAL,7,0.36,WATCH,"미열, 식욕 감소"
CAT,5,2.4,39.4,135,32,False,True,True,False,False,NORMAL,NORMAL,NORMAL,0,0.37,WATCH,"미열, 피부 징후"
DOG,8,24.0,38.3,114,14,False,False,False,False,False,NORMAL,NORMAL,NORMAL,0,0.01,NORMAL,이상 없음(정상)
DOG,14,20.5,39.5,120,39,False,True,False,False,True,DECREASED,DECREASED,NORMAL,0,0.47,WATCH,"미열, 설사"
CAT,1,2.5,40.0,198,56,False,True,False,False,True,NONE,DECREASED,LOW,6,1.0,DANGER,"고열, 빈맥"
CAT,14,4.3,39.6,128,36,True,False,True,False,False,NONE,DECREASED,NORMAL,1,0.53,CAUTION,"미열, 피부 징후"
DOG,11,5.0,38.8,114,19,False,False,False,False,False,NORMAL,NORMAL,LOW,1,0.0,NORMAL,이상 없음(정상)
DOG,10,13.1,39.3,132,47,False,False,False,False,True,NORMAL,NORMAL,LOW,4,0.67,CAUTION,"미열, 호흡 급증"
DOG,12,23.2,39.3,180,26,True,True,False,True,False,NORMAL,NORMAL,LOW,6,0.72,CAUTION,"미열, 빈맥"
DOG,4,19.9,39.2,123,25,False,False,False,False,False,NORMAL,NORMAL,NORMAL,0,0.0,NORMAL,이상 없음(정상)
DOG,6,29.2,41.2,130,56,False,False,True,True,True,NONE,NORMAL,LOW,3,1.0,DANGER,"고열, 호흡 급증"
DOG,4,18.7,38.8,82,18,False,False,False,True,True,NORMAL,DECREASED,LOW,1,0.47,WATCH,"소화기 이상(구토 및 설사), 활동량 저하"
DOG,2,19.1,38.8,97,25,False,False,False,True,False,NORMAL,NORMAL,NORMAL,3,0.15,NORMAL,이상 없음(정상)
DOG,8,19.4,38.8,119,26,False,False,False,True,False,NORMAL,DECREASED,LOW,0,0.32,WATCH,"구토, 활동량 저하"
CAT,6,4.3,38.3,112,12,True,True,False,False,False,NORMAL,NORMAL,NORMAL,6,0.26,NORMAL,이상 없음(정상)
DOG,11,21.1,39.2,128,28,False,False,False,False,False,NORMAL,DECREASED,NORMAL,0,0.01,NORMAL,이상 없음(정상)
CAT,8,7.8,38.4,84,26,True,True,True,False,False,DECREASED,NORMAL,LOW,0,0.31,WATCH,"피부 징후, 식욕 감소"
CAT,9,4.1,39.4,112,30,True,False,False,False,False,NORMAL,NORMAL,NORMAL,0,0.34,WATCH,"미열, 피부 징후"
DOG,4,17.8,39.9,104,13,False,False,False,False,True,DECREASED,DECREASED,LOW,7,0.44,WATCH,"미열, 설사"
DOG,7,29.4,38.5,106,18,False,True,False,False,False,NORMAL,NORMAL,NORMAL,0,0.21,NORMAL,이상 없음(정상)
DOG,11,16.0,40.2,132,33,False,False,True,False,False,NORMAL,INCREASED,NORMAL,0,0.64,CAUTION,"고열, 피부 징후"
DOG,4,9.4,37.9,90,17,True,False,False,False,False,INCREASED,NORMAL,HIGH,7,0.08,NORMAL,이상 없음(정상)
CAT,4,7.1,39.6,165,39,False,True,False,True,True,DECREASED,DECREASED,LOW,0,1.0,DANGER,"미열, 빈맥"
CAT,8,6.7,39.7,159,36,False,True,False,True,False,NORMAL,NORMAL,NORMAL,4,0.57,CAUTION,"미열, 구토"
DOG,11,6.1,38.1,113,27,False,False,False,False,False,NORMAL,NORMAL,NORMAL,0,0.0,NORMAL,이상 없음(정상)
CAT,8,3.4,38.3,85,19,False,False,False,False,False,NORMAL,NORMAL,NORMAL,0,0.0,NORMAL,이상 없음(정상)
DOG,3,5.6,39.5,146,39,False,False,True,False,False,DECREASED,NORMAL,LOW,6,0.53,CAUTION,"미열, 피부 징후"
DOG,6,9.0,39.5,210,39,False,True,False,True,True,NONE,DECREASED,LOW,0,1.0,DANGER,"미열, 빈맥"
CAT,14,4.9,39.7,132,33,False,False,False,True,True,NORMAL,DECREASED,HIGH,3,0.51,CAUTION,"미열, 소화기 이상(구토 및 설사)"
DOG,10,25.6,38.9,154,46,False,False,False,True,True,NORMAL,DECREASED,NORMAL,5,0.69,CAUTION,"호흡 급증, 소화기 이상(구토 및 설사)"
DOG,7,6.6,38.2,63,29,False,False,False,False,False,DECREASED,NORMAL,NORMAL,5,0.08,NORMAL,이상 없음(정상)
CAT,9,4.7,40.2,147,47,True,True,False,True,True,DECREASED,NORMAL,LOW,5,1.0,DANGER,"고열, 호흡 급증"
DOG,4,20.8,39.9,154,30,False,False,False,True,False,NONE,NORMAL,LOW,3,0.64,CAUTION,"미열, 구토"
DOG,1,28.3,38.6,119,30,False,False,False,False,False,NORMAL,NORMAL,HIGH,5,0.09,NORMAL,이상 없음(정상)
DOG,1,29.3,38.2,113,19,True,False,False,False,False,NORMAL,NORMAL,NORMAL,4,0.08,NORMAL,이상 없음(정상)
CAT,14,6.4,39.0,146,36,False,True,False,False,False,NORMAL,NORMAL,NORMAL,0,0.03,NORMAL,이상 없음(정상)
CAT,8,4.7,40.3,130,52,True,True,True,True,False,NONE,DECREASED,LOW,0,1.0,DANGER,"고열, 호흡 급증"
DOG,6,17.8,38.4,74,33,False,False,False,False,False,NORMAL,NORMAL,HIGH,1,0.17,NORMAL,이상 없음(정상)
CAT,7,6.4,39.8,200,38,False,False,False,False,True,NORMAL,INCREASED,NORMAL,4,0.62,CAUTION,"미열, 빈맥"
CAT,14,2.7,39.3,124,35,False,False,False,False,False,DECREASED,NORMAL,NORMAL,2,0.31,WATCH,"미열, 식욕 감소"
CAT,4,6.2,38.4,94,21,False,False,False,False,False,NORMAL,NORMAL,NORMAL,0,0.0,NORMAL,이상 없음(정상)
CAT,12,4.0,39.5,196,52,False,False,True,False,False,DECREASED,DECREASED,LOW,4,0.99,DANGER,"미열, 빈맥"
DOG,9,28.0,38.1,117,23,False,False,False,False,False,INCREASED,NORMAL,NORMAL,6,0.0,NORMAL,이상 없음(정상)
CAT,14,2.7,38.7,99,10,False,False,False,False,False,NORMAL,NORMAL,NORMAL,0,0.15,NORMAL,이상 없음(정상)
DOG,1,7.2,39.5,165,37,False,True,False,False,False,NORMAL,NORMAL,LOW,1,0.69,CAUTION,"미열, 빈맥"
DOG,14,29.3,40.0,130,65,False,False,False,True,True,DECREASED,NORMAL,LOW,6,1.0,DANGER,"고열, 호흡 급증"
CAT,11,3.0,39.2,101,20,False,False,False,False,False,NORMAL,NORMAL,NORMAL,0,0.01,NORMAL,이상 없음(정상)
CAT,5,5.9,38.7,99,34,False,False,False,False,False,INCREASED,NORMAL,NORMAL,3,0.0,NORMAL,이상 없음(정상)
DOG,9,26.5,38.6,125,16,False,False,False,False,False,NORMAL,NORMAL,NORMAL,0,0.06,NORMAL,이상 없음(정상)
CAT,9,3.1,38.5,89,25,False,True,False,False,True,DECREASED,NORMAL,NORMAL,3,0.37,WATCH,"설사, 피부 징후"
DOG,9,12.9,39.0,96,20,False,False,False,False,False,NORMAL,NORMAL,NORMAL,0,0.0,NORMAL,이상 없음(정상)
CAT,13,3.5,38.1,92,27,True,False,False,False,False,NORMAL,NORMAL,HIGH,2,0.14,NORMAL,이상 없음(정상)
DOG,6,10.3,39.8,153,58,True,True,True,False,False,DECREASED,NORMAL,LOW,1,0.83,DANGER,"미열, 호흡 급증"
DOG,12,24.6,38.2,131,24,False,True,False,False,False,NORMAL,NORMAL,NORMAL,0,0.21,NORMAL,이상 없음(정상)
DOG,14,20.1,39.5,112,47,True,False,False,False,False,DECREASED,DECREASED,NORMAL,1,0.65,CAUTION,"미열, 호흡 급증"
CAT,15,6.5,39.3,135,38,False,False,False,True,True,NORMAL,DECREASED,LOW,4,0.64,CAUTION,"미열, 소화기 이상(구토 및 설사)"
CAT,13,3.7,39.5,133,12,False,False,False,False,False,DECREASED,NORMAL,LOW,4,0.44,WATCH,"미열, 식욕 감소"
DOG,4,27.3,38.9,100,17,False,False,False,True,False,NORMAL,NORMAL,NORMAL,5,0.21,NORMAL,이상 없음(정상)
DOG,2,14.7,39.6,155,35,True,True,True,True,True,NONE,DECREASED,NORMAL,7,0.88,DANGER,"미열, 소화기 이상(구토 및 설사)"
DOG,5,3.6,38.8,91,23,False,False,False,False,False,NORMAL,NORMAL,LOW,4,0.25,NORMAL,이상 없음(정상)
CAT,10,3.5,38.7,173,31,True,False,True,False,False,DECREASED,DECREASED,HIGH,0,0.41,WATCH,"빈맥, 피부 징후"
CAT,15,3.7,38.2,120,19,False,False,False,False,False,NORMAL,NORMAL,NORMAL,0,0.0,NORMAL,이상 없음(정상)
CAT,8,4.8,38.4,60,28,True,False,False,False,False,NORMAL,NORMAL,NORMAL,7,0.05,NORMAL,이상 없음(정상)
CAT,15,3.2,38.8,147,26,False,False,False,False,False,NORMAL,NORMAL,HIGH,3,0.0,NORMAL,이상 없음(정상)
DOG,1,13.4,38.7,120,10,True,False,False,False,False,NORMAL,NORMAL,LOW,0,0.26,NORMAL,이상 없음(정상)
CAT,9,7.5,38.6,84,16,False,False,False,False,False,NORMAL,NORMAL,NORMAL,0,0.0,NORMAL,이상 없음(정상)
DOG,14,29.6,40.3,159,35,True,True,True,True,False,NONE,DECREASED,LOW,1,1.0,DANGER,"고열, 구토"
DOG,15,11.7,39.8,140,25,False,False,False,False,False,DECREASED,DECREASED,LOW,3,0.39,WATCH,"미열, 식욕 감소"
CAT,5,6.2,39.6,192,47,False,False,False,False,False,NONE,NORMAL,LOW,0,1.0,DANGER,"미열, 빈맥"
DOG,2,18.2,39.7,128,35,False,False,True,False,False,NORMAL,NORMAL,LOW,5,0.54,CAUTION,"미열, 피부 징후"
DOG,13,17.0,37.6,106,23,False,False,False,False,False,NORMAL,NORMAL,LOW,0,0.13,NORMAL,이상 없음(정상)
DOG,5,10.2,39.0,177,29,False,False,False,True,False,NORMAL,NORMAL,LOW,4,0.46,WATCH,"빈맥, 구토"
CAT,5,7.1,39.7,181,26,False,False,False,False,False,DECREASED,NORMAL,LOW,1,0.58,CAUTION,"미열, 빈맥"
CAT,12,2.1,38.3,145,10,False,False,False,False,False,NORMAL,NORMAL,NORMAL,0,0.05,NORMAL,이상 없음(정상)
CAT,6,6.5,38.4,98,27,False,True,False,False,False,NORMAL,DECREASED,HIGH,0,0.15,NORMAL,이상 없음(정상)
DOG,15,5.0,37.6,108,22,False,False,False,False,False,INCREASED,NORMAL,HIGH,7,0.0,NORMAL,이상 없음(정상)
CAT,6,6.4,38.9,152,44,False,True,False,False,True,DECREASED,DECREASED,LOW,7,0.66,CAUTION,"호흡 급증, 설사"
CAT,10,3.7,40.0,153,28,False,False,False,False,False,DECREASED,NORMAL,LOW,7,0.66,CAUTION,"고열, 식욕 감소"
DOG,14,3.4,39.6,91,37,True,False,False,False,False,DECREASED,INCREASED,LOW,3,0.57,CAUTION,"미열, 피부 징후"
CAT,10,2.9,38.8,91,28,False,False,False,False,False,NORMAL,NORMAL,NORMAL,0,0.0,NORMAL,이상 없음(정상)
DOG,4,27.8,38.2,166,28,False,True,False,False,False,NORMAL,INCREASED,NORMAL,0,0.39,WATCH,"빈맥, 피부 징후"
DOG,2,16.0,39.8,133,52,False,False,False,False,False,DECREASED,NORMAL,LOW,7,0.71,CAUTION,"미열, 호흡 급증"
DOG,13,16.7,39.3,157,32,True,True,False,False,False,DECREASED,NORMAL,LOW,0,0.52,CAUTION,"미열, 피부 징후"
CAT,2,8.0,39.8,161,66,True,False,False,False,False,DECREASED,DECREASED,LOW,6,1.0,DANGER,"미열, 빈맥"
DOG,1,4.5,38.3,125,13,False,False,False,False,False,NORMAL,NORMAL,NORMAL,0,0.0,NORMAL,이상 없음(정상)
DOG,2,9.8,38.6,117,37,False,False,False,False,False,NORMAL,NORMAL,NORMAL,0,0.0,NORMAL,이상 없음(정상)
CAT,3,7.3,39.6,196,54,False,False,False,True,True,DECREASED,INCREASED,NORMAL,4,1.0,DANGER,"미열, 빈맥"
DOG,8,21.2,39.2,121,33,False,False,True,False,True,DECREASED,INCREASED,NORMAL,3,0.36,WATCH,"설사, 피부 징후"
DOG,4,18.9,37.8,125,16,False,False,False,False,False,INCREASED,NORMAL,NORMAL,5,0.08,NORMAL,이상 없음(정상)
CAT,14,6.9,39.7,94,38,True,True,False,True,True,NORMAL,NORMAL,NORMAL,4,0.63,CAUTION,"미열, 소화기 이상(구토 및 설사)"
CAT,15,7.3,38.4,51,32,False,False,False,False,False,NORMAL,NORMAL,NORMAL,0,0.0,NORMAL,이상 없음(정상)
DOG,7,27.9,40.6,201,48,True,False,False,False,False,NONE,DECREASED,LOW,7,1.0,DANGER,"고열, 빈맥"
DOG,9,16.7,38.8,93,35,False,False,False,False,False,NORMAL,NORMAL,NORMAL,0,0.14,NORMAL,이상 없음(정상)
DOG,3,18.7,38.8,131,30,False,False,False,False,False,INCREASED,NORMAL,HIGH,4,0.0,NORMAL,이상 없음(정상)
CAT,15,2.8,39.1,127,33,True,True,False,False,False,DECREASED,NORMAL,NORMAL,5,0.36,WATCH,"피부 징후, 식욕 감소"
DOG,14,5.3,39.3,157,35,False,False,False,False,True,DECREASED,NORMAL,HIGH,6,0.51,CAUTION,"미열, 설사"
CAT,3,4.8,40.0,131,33,False,False,False,False,False,NORMAL,NORMAL,LOW,3,0.5,CAUTION,"고열, 활동량 저하"
DOG,12,22.2,40.2,150,53,True,True,True,True,True,NORMAL,DECREASED,LOW,5,1.0,DANGER,"고열, 호흡 급증"
DOG,1,17.0,38.9,139,33,True,True,False,False,True,NONE,DECREASED,NORMAL,6,0.66,CAUTION,"설사, 피부 징후"
CAT,10,6.5,39.3,71,32,False,True,False,True,False,NORMAL,DECREASED,NORMAL,1,0.47,WATCH,"미열, 구토"
DOG,14,23.6,39.5,111,22,False,True,True,True,False,DECREASED,DECREASED,LOW,1,0.63,CAUTION,"미열, 구토"
CAT,12,3.8,38.8,86,24,True,False,False,False,False,INCREASED,NORMAL,HIGH,5,0.0,NORMAL,이상 없음(정상)
DOG,8,21.1,40.1,178,59,True,False,False,True,True,DECREASED,NORMAL,LOW,1,1.0,DANGER,"고열, 빈맥"
DOG,13,7.2,39.8,90,30,True,False,False,False,False,DECREASED,NORMAL,NORMAL,3,0.58,CAUTION,"미열, 피부 징후"
DOG,14,13.2,39.0,110,26,False,False,True,False,False,DECREASED,INCREASED,LOW,0,0.38,WATCH,"피부 징후, 식욕 감소"
CAT,8,6.7,38.0,152,20,True,False,False,False,False,NORMAL,NORMAL,NORMAL,2,0.13,NORMAL,이상 없음(정상)
DOG,9,26.3,38.9,143,41,False,False,False,False,False,DECREASED,NORMAL,LOW,0,0.48,WATCH,"호흡 급증, 식욕 감소"
CAT,10,4.7,38.4,114,24,True,False,False,True,False,DECREASED,NORMAL,LOW,1,0.41,WATCH,"구토, 피부 징후"
CAT,2,6.1,39.8,181,67,False,True,False,True,True,NONE,DECREASED,LOW,7,1.0,DANGER,"미열, 빈맥"
CAT,7,6.6,39.6,154,30,False,True,True,True,False,DECREASED,NORMAL,LOW,3,0.69,CAUTION,"미열, 구토"
DOG,10,16.3,40.8,140,45,True,False,True,True,True,NONE,DECREASED,NORMAL,4,1.0,DANGER,"고열, 호흡 급증"
CAT,3,4.3,38.6,82,32,False,False,False,False,False,NORMAL,NORMAL,LOW,2,0.03,NORMAL,이상 없음(정상)
DOG,13,8.0,38.2,92,22,True,False,False,False,False,NORMAL,NORMAL,NORMAL,5,0.0,NORMAL,이상 없음(정상)
DOG,2,13.3,40.0,128,25,True,True,False,True,False,NORMAL,NORMAL,NORMAL,6,0.73,CAUTION,"고열, 구토"
DOG,7,5.2,39.4,135,33,False,True,False,False,True,NORMAL,NORMAL,LOW,0,0.71,CAUTION,"미열, 설사"
DOG,11,14.7,40.4,159,40,True,True,False,True,False,NONE,NORMAL,LOW,2,1.0,DANGER,"고열, 호흡 급증"
DOG,4,27.4,39.5,151,38,False,False,False,True,True,NONE,DECREASED,LOW,0,0.92,DANGER,"미열, 소화기 이상(구토 및 설사)"
CAT,14,4.6,38.7,140,41,False,True,False,False,False,DECREASED,NORMAL,NORMAL,7,0.59,CAUTION,"호흡 급증, 피부 징후"
DOG,12,26.3,38.9,163,12,True,False,False,False,False,NORMAL,NORMAL,LOW,4,0.39,WATCH,"빈맥, 피부 징후"
DOG,1,20.9,37.9,75,17,True,False,False,False,True,DECREASED,DECREASED,NORMAL,0,0.35,WATCH,"설사, 피부 징후"
DOG,3,5.5,39.7,132,15,False,False,True,False,False,NORMAL,NORMAL,NORMAL,0,0.39,WATCH,"미열, 피부 징후"
DOG,8,14.8,38.4,170,12,False,False,False,False,False,DECREASED,NORMAL,NORMAL,6,0.34,WATCH,"빈맥, 식욕 감소"
DOG,11,3.1,37.7,50,20,False,False,False,False,False,NORMAL,NORMAL,NORMAL,0,0.04,NORMAL,이상 없음(정상)
CAT,5,3.7,39.1,103,25,False,False,False,True,False,NORMAL,NORMAL,LOW,0,0.3,WATCH,"구토, 활동량 저하"
CAT,8,6.2,40.5,137,34,False,False,True,True,True,NONE,DECREASED,LOW,1,1.0,DANGER,"고열, 소화기 이상(구토 및 설사)"
CAT,14,3.8,38.5,105,15,False,False,False,True,False,NORMAL,NORMAL,HIGH,3,0.27,NORMAL,이상 없음(정상)
CAT,15,5.8,39.5,118,21,True,True,False,False,False,NORMAL,INCREASED,NORMAL,5,0.42,WATCH,"미열, 피부 징후"
DOG,12,27.8,39.8,148,38,True,False,False,False,False,DECREASED,DECREASED,LOW,3,0.57,CAUTION,"미열, 피부 징후"
DOG,13,29.5,40.1,166,56,False,True,False,True,False,DECREASED,NORMAL,LOW,6,1.0,DANGER,"고열, 빈맥"
CAT,4,3.8,38.4,120,22,False,True,False,False,False,NORMAL,NORMAL,NORMAL,0,0.14,NORMAL,이상 없음(정상)
DOG,12,7.9,38.9,148,44,False,True,False,False,False,NORMAL,INCREASED,LOW,2,0.56,CAUTION,"호흡 급증, 피부 징후"
CAT,8,2.3,38.0,88,32,False,False,False,False,False,NORMAL,NORMAL,NORMAL,0,0.14,NORMAL,이상 없음(정상)
DOG,12,2.7,38.9,117,21,False,False,False,False,False,NORMAL,NORMAL,NORMAL,0,0.11,NORMAL,이상 없음(정상)
DOG,11,22.6,39.0,74,25,False,False,False,False,False,NORMAL,NORMAL,NORMAL,0,0.1,NORMAL,이상 없음(정상)
CAT,7,7.3,38.2,107,15,False,False,False,False,False,NORMAL,NORMAL,NORMAL,0,0.03,NORMAL,이상 없음(정상)
DOG,15,18.3,38.1,118,22,False,False,False,False,False,INCREASED,NORMAL,NORMAL,1,0.14,NORMAL,이상 없음(정상)
CAT,11,5.6,39.4,123,23,True,True,False,False,False,NORMAL,NORMAL,NORMAL,2,0.41,WATCH,"미열, 피부 징후"
DOG,3,14.4,38.1,124,19,False,False,False,False,False,NORMAL,NORMAL,NORMAL,0,0.05,NORMAL,이상 없음(정상)
DOG,7,27.7,40.2,165,44,True,True,False,False,True,NONE,DECREASED,NORMAL,6,1.0,DANGER,"고열, 빈맥"
DOG,5,20.3,39.7,84,37,False,False,False,True,False,DECREASED,DECREASED,NORMAL,2,0.38,WATCH,"미열, 구토"
DOG,7,25.5,40.3,172,34,True,False,False,True,False,DECREASED,DECREASED,LOW,1,1.0,DANGER,"고열, 빈맥"
CAT,2,2.9,38.2,104,20,False,False,False,False,False,NORMAL,DECREASED,NORMAL,0,0.0,NORMAL,이상 없음(정상)
CAT,3,4.9,37.9,113,20,False,False,False,False,False,NORMAL,NORMAL,NORMAL,0,0.0,NORMAL,이상 없음(정상)
CAT,10,6.8,40.0,140,47,False,False,False,False,True,NORMAL,NORMAL,LOW,3,0.94,DANGER,"고열, 호흡 급증"
CAT,14,7.4,38.8,124,46,True,False,True,False,False,NORMAL,INCREASED,NORMAL,5,0.4,WATCH,"호흡 급증, 피부 징후"
DOG,8,23.0,39.0,162,17,False,False,False,True,False,INCREASED,DECREASED,NORMAL,4,0.34,WATCH,"빈맥, 구토"
DOG,10,22.7,38.5,140,22,True,False,False,True,False,DECREASED,NORMAL,NORMAL,7,0.36,WATCH,"구토, 피부 징후"
DOG,4,21.9,39.5,136,28,False,False,False,False,False,DECREASED,NORMAL,LOW,4,0.4,WATCH,"미열, 식욕 감소"
CAT,10,5.1,38.8,91,28,False,False,False,False,False,NORMAL,NORMAL,NORMAL,0,0.0,NORMAL,이상 없음(정상)
DOG,11,4.4,37.9,101,21,True,False,False,False,False,NORMAL,DECREASED,NORMAL,0,0.17,NORMAL,이상 없음(정상)
DOG,10,16.7,39.6,118,32,False,True,True,False,True,DECREASED,INCREASED,LOW,5,0.66,CAUTION,"미열, 설사"
DOG,6,4.2,40.6,193,58,False,False,True,False,False,NONE,DECREASED,LOW,2,1.0,DANGER,"고열, 빈맥"
DOG,11,13.8,40.2,172,34,True,False,True,True,False,NONE,DECREASED,LOW,6,1.0,DANGER,"고열, 빈맥"
CAT,8,4.4,38.3,98,22,False,False,False,True,False,NORMAL,NORMAL,LOW,0,0.34,WATCH,"구토, 활동량 저하"
DOG,8,27.6,38.6,94,27,False,False,False,False,False,NORMAL,NORMAL,NORMAL,0,0.01,NORMAL,이상 없음(정상)
DOG,5,15.1,39.0,92,40,False,False,False,False,False,NORMAL,INCREASED,NORMAL,0,0.28,NORMAL,이상 없음(정상)
DOG,2,24.7,40.0,230,58,False,False,True,False,True,NONE,NORMAL,NORMAL,2,1.0,DANGER,"고열, 빈맥"
CAT,12,2.3,37.7,84,10,False,False,True,False,False,NORMAL,NORMAL,NORMAL,0,0.09,NORMAL,이상 없음(정상)
DOG,9,5.7,40.1,191,48,False,False,False,True,False,DECREASED,DECREASED,LOW,4,1.0,DANGER,"고열, 빈맥"
DOG,13,20.5,38.6,147,20,True,False,False,False,False,NORMAL,INCREASED,NORMAL,3,0.12,NORMAL,이상 없음(정상)
DOG,11,4.7,39.6,105,39,True,False,True,False,True,DECREASED,DECREASED,LOW,4,0.73,CAUTION,"미열, 설사"
DOG,10,19.9,39.7,130,37,False,False,True,False,False,DECREASED,NORMAL,NORMAL,5,0.33,WATCH,"미열, 피부 징후"
DOG,9,22.7,40.4,183,41,False,False,True,True,False,NONE,DECREASED,LOW,6,1.0,DANGER,"고열, 빈맥"
DOG,2,22.5,38.1,95,29,False,True,True,False,False,NORMAL,INCREASED,NORMAL,0,0.06,NORMAL,이상 없음(정상)
CAT,14,6.2,39.8,156,68,False,True,True,True,True,NONE,NORMAL,HIGH,1,1.0,DANGER,"미열, 호흡 급증"
CAT,7,6.6,38.5,91,12,False,True,False,False,False,DECREASED,NORMAL,NORMAL,6,0.29,NORMAL,이상 없음(정상)
DOG,11,13.1,38.4,50,17,False,False,False,False,False,NORMAL,NORMAL,NORMAL,0,0.0,NORMAL,이상 없음(정상)
CAT,5,7.5,38.4,120,31,False,False,False,False,False,NORMAL,NORMAL,LOW,4,0.0,NORMAL,이상 없음(정상)
DOG,8,29.2,39.4,130,38,False,False,False,False,True,DECREASED,NORMAL,LOW,2,0.55,CAUTION,"미열, 설사"
DOG,6,4.0,39.3,138,41,False,True,False,False,False,NORMAL,NORMAL,LOW,5,0.67,CAUTION,"미열, 호흡 급증"
CAT,8,5.4,39.4,110,36,False,True,True,False,False,NORMAL,NORMAL,LOW,7,0.54,CAUTION,"미열, 피부 징후"
CAT,5,5.1,39.6,114,27,True,False,False,True,False,DECREASED,NORMAL,LOW,2,0.69,CAUTION,"미열, 구토"
CAT,7,3.3,37.8,115,24,False,True,False,False,False,NORMAL,NORMAL,NORMAL,0,0.34,WATCH,피부 징후
DOG,3,6.0,38.5,109,25,False,False,False,False,False,NORMAL,NORMAL,NORMAL,0,0.0,NORMAL,이상 없음(정상)
DOG,15,4.1,38.2,98,18,False,False,False,False,False,INCREASED,NORMAL,NORMAL,1,0.07,NORMAL,이상 없음(정상)
DOG,11,25.7,41.0,167,37,False,True,True,True,True,DECREASED,DECREASED,LOW,3,1.0,DANGER,"고열, 빈맥"
DOG,6,4.7,38.7,117,28,False,True,False,False,False,NORMAL,NORMAL,LOW,5,0.2,NORMAL,이상 없음(정상)
DOG,9,21.8,38.8,129,43,False,False,False,True,False,DECREASED,DECREASED,NORMAL,0,0.57,CAUTION,"호흡 급증, 구토"
CAT,4,3.7,38.8,66,14,False,False,False,False,False,INCREASED,NORMAL,LOW,0,0.25,NORMAL,이상 없음(정상)
DOG,7,22.2,38.4,134,26,False,False,False,False,False,INCREASED,NORMAL,NORMAL,2,0.0,NORMAL,이상 없음(정상)
DOG,15,14.8,39.1,166,39,True,True,False,False,False,NORMAL,NORMAL,LOW,4,0.49,WATCH,"빈맥, 피부 징후"
DOG,14,4.4,40.7,187,52,False,True,False,True,False,NONE,DECREASED,LOW,1,1.0,DANGER,"고열, 빈맥"
CAT,9,3.4,40.6,143,38,True,False,True,True,False,DECREASED,NORMAL,LOW,6,0.93,DANGER,"고열, 구토"
CAT,5,3.7,39.3,126,25,False,True,False,True,True,NORMAL,DECREASED,LOW,1,0.73,CAUTION,"미열, 소화기 이상(구토 및 설사)"
DOG,6,15.0,37.0,128,14,False,False,False,True,False,NORMAL,NORMAL,NORMAL,6,0.28,NORMAL,이상 없음(정상)
CAT,15,3.5,39.1,100,13,False,False,False,False,False,NORMAL,INCREASED,NORMAL,0,0.07,NORMAL,이상 없음(정상)
DOG,2,6.7,38.1,161,41,False,False,False,False,False,NORMAL,DECREASED,NORMAL,0,0.4,WATCH,"빈맥, 호흡 급증"
DOG,13,11.5,40.2,138,47,False,True,True,False,True,NONE,NORMAL,LOW,5,1.0,DANGER,"고열, 호흡 급증"
DOG,10,25.6,38.7,125,40,False,False,False,False,False,NORMAL,INCREASED,LOW,3,0.31,WATCH,"호흡 급증, 활동량 저하"
DOG,1,11.6,38.9,134,24,False,True,False,False,False,NORMAL,NORMAL,NORMAL,0,0.22,NORMAL,이상 없음(정상)
DOG,6,16.2,38.2,112,30,False,False,True,False,False,NORMAL,NORMAL,NORMAL,0,0.13,NORMAL,이상 없음(정상)
DOG,1,20.3,39.6,161,32,False,False,False,True,False,DECREASED,NORMAL,NORMAL,4,0.71,CAUTION,"미열, 빈맥"
CAT,11,6.9,39.2,177,25,True,False,False,False,False,DECREASED,INCREASED,LOW,7,0.7,CAUTION,"빈맥, 피부 징후"
DOG,6,5.3,38.9,90,50,True,False,False,False,False,DECREASED,DECREASED,LOW,4,0.67,CAUTION,"호흡 급증, 피부 징후"
CAT,2,7.6,38.6,129,19,False,False,False,False,False,NORMAL,NORMAL,NORMAL,0,0.0,NORMAL,이상 없음(정상)
DOG,1,18.2,38.5,152,50,False,False,True,False,False,NONE,DECREASED,NORMAL,0,0.56,CAUTION,"호흡 급증, 피부 징후"
CAT,12,7.3,37.7,81,32,False,False,False,False,False,NORMAL,NORMAL,NORMAL,0,0.0,NORMAL,이상 없음(정상)
CAT,9,4.7,38.4,89,19,False,True,False,False,False,NORMAL,NORMAL,NORMAL,0,0.25,NORMAL,이상 없음(정상)
DOG,6,28.2,39.3,68,25,True,False,False,False,False,NORMAL,NORMAL,LOW,3,0.42,WATCH,"미열, 피부 징후"
CAT,13,7.8,38.6,89,15,False,True,False,False,False,NORMAL,NORMAL,HIGH,3,0.08,NORMAL,이상 없음(정상)
DOG,9,22.6,38.4,148,21,False,False,True,False,False,DECREASED,DECREASED,LOW,0,0.33,WATCH,"피부 징후, 식욕 감소"
DOG,12,24.3,39.5,154,46,False,False,False,False,False,DECREASED,NORMAL,LOW,6,0.62,CAUTION,"미열, 호흡 급증"
CAT,12,2.3,39.7,163,44,False,True,False,False,True,DECREASED,DECREASED,LOW,5,1.0,DANGER,"미열, 빈맥"
CAT,3,3.2,38.6,99,22,True,False,False,False,False,NORMAL,NORMAL,HIGH,6,0.12,NORMAL,이상 없음(정상)
CAT,8,7.3,38.7,135,29,False,True,False,False,False,DECREASED,NORMAL,NORMAL,0,0.3,WATCH,"피부 징후, 식욕 감소"
DOG,3,11.7,37.8,129,27,False,False,False,False,False,NORMAL,NORMAL,NORMAL,0,0.06,NORMAL,이상 없음(정상)
CAT,5,5.4,39.6,110,43,False,False,False,False,True,DECREASED,NORMAL,LOW,6,0.73,CAUTION,"미열, 호흡 급증"
CAT,10,4.6,39.4,161,26,False,False,False,False,False,NORMAL,DECREASED,NORMAL,0,0.43,WATCH,"미열, 빈맥"
DOG,14,6.7,38.5,168,32,False,True,False,False,True,DECREASED,DECREASED,NORMAL,6,0.67,CAUTION,"빈맥, 설사"
DOG,9,19.6,38.7,68,26,False,False,False,False,False,NORMAL,NORMAL,NORMAL,0,0.0,NORMAL,이상 없음(정상)
DOG,13,18.8,40.4,138,23,False,False,False,False,True,NORMAL,DECREASED,LOW,3,0.68,CAUTION,"고열, 설사"
CAT,13,4.1,39.9,163,35,False,False,False,True,False,DECREASED,DECREASED,NORMAL,2,0.53,CAUTION,"미열, 빈맥"
DOG,2,10.2,38.1,177,33,False,False,False,False,False,DECREASED,DECREASED,NORMAL,1,0.32,WATCH,"빈맥, 식욕 감소"
CAT,13,4.3,40.0,143,37,False,True,True,False,False,DECREASED,NORMAL,LOW,2,0.73,CAUTION,"고열, 피부 징후"
DOG,5,21.1,39.9,189,43,True,False,False,False,True,DECREASED,DECREASED,LOW,3,1.0,DANGER,"미열, 빈맥"
DOG,10,9.4,38.1,118,38,False,False,False,False,False,DECREASED,DECREASED,HIGH,3,0.42,WATCH,식욕 감소
CAT,5,6.1,39.6,130,36,True,False,False,False,False,DECREASED,NORMAL,HIGH,5,0.41,WATCH,"미열, 피부 징후"
DOG,11,14.6,39.5,90,36,True,False,False,True,False,DECREASED,NORMAL,HIGH,0,0.66,CAUTION,"미열, 구토"
CAT,7,5.1,38.2,113,35,False,False,False,False,False,NORMAL,NORMAL,NORMAL,0,0.07,NORMAL,이상 없음(정상)
DOG,6,7.0,40.8,153,39,False,True,False,False,False,DECREASED,NORMAL,LOW,4,0.63,CAUTION,"고열, 피부 징후"
DOG,2,8.0,38.8,104,30,False,False,False,True,False,NORMAL,NORMAL,NORMAL,6,0.24,NORMAL,이상 없음(정상)
CAT,10,4.0,38.3,121,34,False,False,False,False,False,NORMAL,NORMAL,LOW,5,0.0,NORMAL,이상 없음(정상)
DOG,6,24.7,39.0,129,38,True,True,False,False,True,DECREASED,DECREASED,LOW,2,0.64,CAUTION,"설사, 피부 징후"
DOG,5,22.0,38.7,107,20,False,False,False,False,False,DECREASED,NORMAL,NORMAL,6,0.14,NORMAL,이상 없음(정상)
DOG,9,10.1,38.5,112,46,False,False,False,False,True,NORMAL,NORMAL,HIGH,5,0.43,WATCH,"호흡 급증, 설사"
DOG,3,9.2,39.6,140,44,True,False,False,False,False,NORMAL,DECREASED,NORMAL,3,0.45,WATCH,"미열, 호흡 급증"
CAT,4,4.3,38.5,78,12,False,False,False,False,False,NORMAL,INCREASED,NORMAL,0,0.0,NORMAL,이상 없음(정상)
CAT,2,2.8,38.3,166,30,False,False,False,False,True,NORMAL,NORMAL,HIGH,2,0.32,WATCH,"빈맥, 설사"
CAT,9,6.1,40.2,128,37,True,True,True,False,False,DECREASED,DECREASED,NORMAL,0,0.61,CAUTION,"고열, 피부 징후"
DOG,8,7.3,38.9,166,20,False,False,False,False,True,NORMAL,NORMAL,LOW,1,0.42,WATCH,"빈맥, 설사"
CAT,6,8.0,38.4,121,31,False,True,False,True,False,NORMAL,INCREASED,NORMAL,2,0.43,WATCH,"구토, 피부 징후"
DOG,14,20.3,38.5,121,18,False,False,False,False,False,DECREASED,NORMAL,NORMAL,2,0.0,NORMAL,이상 없음(정상)
DOG,10,12.1,39.8,129,38,True,False,False,False,False,NORMAL,DECREASED,LOW,1,0.62,CAUTION,"미열, 피부 징후"
CAT,6,3.4,39.5,150,37,True,True,True,False,True,DECREASED,NORMAL,NORMAL,5,0.6,CAUTION,"미열, 설사"
CAT,1,4.7,37.7,113,23,True,False,False,False,False,NORMAL,NORMAL,NORMAL,2,0.14,NORMAL,이상 없음(정상)
DOG,11,27.1,38.6,137,53,False,False,False,False,True,NONE,NORMAL,HIGH,2,0.61,CAUTION,"호흡 급증, 설사"
CAT,9,2.9,39.0,91,26,False,False,False,False,True,NORMAL,INCREASED,NORMAL,6,0.16,NORMAL,이상 없음(정상)
DOG,10,22.1,40.0,214,49,True,True,False,False,True,NORMAL,NORMAL,LOW,3,1.0,DANGER,"고열, 빈맥"
CAT,5,7.5,40.3,132,39,False,True,False,False,True,NORMAL,INCREASED,HIGH,5,0.67,CAUTION,"고열, 설사"
CAT,5,3.2,39.7,180,32,False,False,False,False,False,DECREASED,DECREASED,LOW,5,0.68,CAUTION,"미열, 빈맥"
DOG,6,13.5,38.6,120,30,True,False,False,False,False,NORMAL,NORMAL,NORMAL,1,0.2,NORMAL,이상 없음(정상)
CAT,12,6.1,40.7,211,41,True,True,False,True,True,DECREASED,DECREASED,LOW,2,1.0,DANGER,"고열, 빈맥"
DOG,12,27.5,40.4,174,42,False,True,True,True,True,NONE,DECREASED,LOW,4,1.0,DANGER,"고열, 빈맥"
CAT,14,6.4,40.1,168,52,True,False,False,True,True,NONE,DECREASED,LOW,6,1.0,DANGER,"고열, 빈맥"
CAT,10,6.3,40.0,161,40,True,False,False,False,True,DECREASED,DECREASED,LOW,2,1.0,DANGER,"고열, 빈맥"
DOG,8,19.6,39.8,130,32,True,False,True,True,False,DECREASED,DECREASED,LOW,4,0.7,CAUTION,"미열, 구토"
DOG,15,7.4,39.3,103,41,True,True,False,False,True,DECREASED,DECREASED,LOW,0,0.71,CAUTION,"미열, 호흡 급증"
CAT,7,7.7,38.6,120,15,False,False,False,False,False,NORMAL,NORMAL,HIGH,6,0.09,NORMAL,이상 없음(정상)
CAT,14,3.0,39.1,134,31,True,False,False,True,False,NORMAL,DECREASED,LOW,3,0.55,CAUTION,"구토, 피부 징후"
DOG,8,6.6,39.8,95,22,True,False,False,False,False,DECREASED,NORMAL,LOW,7,0.49,WATCH,"미열, 피부 징후"
DOG,6,25.8,38.3,116,20,False,False,False,False,False,NORMAL,NORMAL,NORMAL,0,0.0,NORMAL,이상 없음(정상)
CAT,2,6.2,38.9,104,24,False,False,False,True,False,DECREASED,NORMAL,NORMAL,6,0.46,WATCH,"구토, 식욕 감소"
CAT,10,6.5,39.9,222,43,False,False,True,True,False,DECREASED,DECREASED,NORMAL,3,1.0,DANGER,"미열, 빈맥"
CAT,14,3.2,38.9,97,12,True,False,False,True,True,NORMAL,DECREASED,HIGH,3,0.48,WATCH,"소화기 이상(구토 및 설사), 피부 징후"
DOG,11,22.9,38.6,107,28,False,False,False,False,False,NORMAL,DECREASED,NORMAL,0,0.07,NORMAL,이상 없음(정상)
CAT,3,7.9,39.5,145,33,False,False,False,False,True,NONE,DECREASED,LOW,3,0.68,CAUTION,"미열, 설사"
CAT,9,3.7,38.6,142,19,False,False,False,False,False,NORMAL,DECREASED,NORMAL,0,0.0,NORMAL,이상 없음(정상)
DOG,7,9.6,38.6,153,28,True,False,False,False,True,NORMAL,NORMAL,NORMAL,3,0.33,WATCH,"설사, 피부 징후"
DOG,1,8.7,37.9,109,32,False,False,False,False,False,NORMAL,NORMAL,HIGH,7,0.0,NORMAL,이상 없음(정상)
CAT,5,6.4,39.7,151,46,False,False,False,False,False,DECREASED,DECREASED,NORMAL,0,0.59,CAUTION,"미열, 호흡 급증"
DOG,5,4.7,38.3,103,32,False,False,False,False,True,NORMAL,NORMAL,LOW,5,0.26,NORMAL,이상 없음(정상)
CAT,10,4.7,39.0,178,28,False,False,False,False,False,DECREASED,NORMAL,HIGH,1,0.34,WATCH,"빈맥, 식욕 감소"
DOG,6,9.7,40.1,230,34,True,False,True,True,False,DECREASED,DECREASED,LOW,4,1.0,DANGER,"고열, 빈맥"
CAT,4,5.6,38.7,67,15,False,True,False,False,True,INCREASED,NORMAL,HIGH,2,0.21,NORMAL,이상 없음(정상)
CAT,3,7.1,40.3,194,59,True,True,False,True,False,DECREASED,DECREASED,LOW,4,1.0,DANGER,"고열, 빈맥"
CAT,9,3.3,38.5,119,24,False,False,False,False,False,DECREASED,NORMAL,HIGH,1,0.1,NORMAL,이상 없음(정상)
CAT,11,2.8,38.6,78,10,False,False,False,False,False,NORMAL,DECREASED,NORMAL,0,0.15,NORMAL,이상 없음(정상)
CAT,14,2.3,39.2,68,20,True,False,False,True,False,DECREASED,INCREASED,NORMAL,6,0.45,WATCH,"구토, 피부 징후"
CAT,4,5.8,38.4,121,21,False,False,False,True,False,NORMAL,NORMAL,NORMAL,2,0.08,NORMAL,이상 없음(정상)
CAT,9,2.7,40.7,153,57,False,True,False,False,True,DECREASED,DECREASED,LOW,5,1.0,DANGER,"고열, 호흡 급증"
DOG,9,11.1,39.7,143,39,False,True,False,False,False,NORMAL,NORMAL,NORMAL,0,0.42,WATCH,"미열, 피부 징후"
CAT,10,5.3,38.0,114,29,True,False,False,False,False,NORMAL,NORMAL,NORMAL,4,0.08,NORMAL,이상 없음(정상)
DOG,7,29.3,39.7,203,61,False,False,True,False,True,DECREASED,DECREASED,NORMAL,7,1.0,DANGER,"미열, 빈맥"
DOG,1,28.4,40.1,149,38,True,True,False,True,True,NONE,NORMAL,LOW,3,1.0,DANGER,"고열, 소화기 이상(구토 및 설사)"
DOG,2,29.8,39.9,133,37,False,False,False,True,False,NORMAL,DECREASED,LOW,7,0.51,CAUTION,"미열, 구토"
DOG,14,24.0,38.1,75,29,False,False,False,False,False,NORMAL,NORMAL,LOW,6,0.0,NORMAL,이상 없음(정상)
DOG,8,5.6,38.8,92,14,True,False,False,False,False,NONE,DECREASED,NORMAL,2,0.34,WATCH,"피부 징후, 식욕 절폐"
DOG,4,9.5,38.9,133,23,False,False,False,True,False,NORMAL,DECREASED,NORMAL,4,0.31,WATCH,구토
CAT,12,6.1,39.4,99,16,False,False,False,False,False,DECREASED,DECREASED,LOW,1,0.34,WATCH,"미열, 식욕 감소"
CAT,3,7.5,40.7,177,46,False,False,False,True,True,NONE,DECREASED,LOW,6,1.0,DANGER,"고열, 빈맥"
DOG,15,16.0,39.5,129,17,False,False,True,False,False,NORMAL,NORMAL,LOW,0,0.4,WATCH,"미열, 피부 징후"
CAT,5,3.1,39.0,96,23,False,False,False,False,False,NORMAL,NORMAL,NORMAL,0,0.0,NORMAL,이상 없음(정상)
CAT,11,7.4,36.8,73,11,False,False,False,False,False,NORMAL,NORMAL,HIGH,7,0.0,NORMAL,이상 없음(정상)
DOG,13,5.5,40.1,142,40,False,False,False,True,True,DECREASED,INCREASED,LOW,6,1.0,DANGER,"고열, 호흡 급증"
CAT,10,6.4,40.1,183,47,False,True,False,True,False,NONE,DECREASED,LOW,5,1.0,DANGER,"고열, 빈맥"
CAT,9,2.8,39.5,114,37,False,False,False,True,True,NORMAL,NORMAL,NORMAL,2,0.45,WATCH,"미열, 소화기 이상(구토 및 설사)"
DOG,11,29.6,40.1,196,51,False,False,True,True,True,NORMAL,DECREASED,LOW,4,1.0,DANGER,"고열, 빈맥"
CAT,1,5.1,38.8,108,28,True,False,False,False,True,NORMAL,DECREASED,LOW,6,0.42,WATCH,"설사, 피부 징후"
CAT,5,6.0,38.1,79,23,False,True,False,True,False,DECREASED,NORMAL,NORMAL,4,0.39,WATCH,"구토, 피부 징후"
CAT,6,7.5,38.6,106,26,False,False,True,False,False,NORMAL,INCREASED,NORMAL,0,0.19,NORMAL,이상 없음(정상)
CAT,3,6.8,38.6,149,23,False,False,True,False,True,NORMAL,NORMAL,NORMAL,0,0.39,WATCH,"설사, 피부 징후"
DOG,8,25.0,40.0,148,47,False,True,True,True,True,DECREASED,DECREASED,LOW,2,1.0,DANGER,"고열, 호흡 급증"
CAT,3,3.5,39.4,118,36,False,True,False,False,False,DECREASED,NORMAL,LOW,1,0.64,CAUTION,"미열, 피부 징후"
CAT,15,6.0,38.2,127,21,False,False,False,False,False,NORMAL,NORMAL,NORMAL,0,0.0,NORMAL,이상 없음(정상)
CAT,10,6.5,40.3,180,34,True,True,False,True,True,DECREASED,NORMAL,LOW,5,1.0,DANGER,"고열, 빈맥"
CAT,6,6.7,39.4,118,18,False,False,False,False,False,NORMAL,NORMAL,NORMAL,0,0.04,NORMAL,이상 없음(정상)
DOG,5,20.7,39.7,134,29,False,True,False,False,True,DECREASED,DECREASED,LOW,4,0.68,CAUTION,"미열, 설사"
DOG,13,3.3,38.4,69,18,False,False,False,False,False,INCREASED,NORMAL,NORMAL,7,0.05,NORMAL,이상 없음(정상)
CAT,1,4.0,39.2,166,22,False,True,False,False,True,NONE,NORMAL,HIGH,5,0.61,CAUTION,"빈맥, 설사"
CAT,1,7.1,38.0,133,26,False,False,False,False,False,NORMAL,DECREASED,NORMAL,0,0.0,NORMAL,이상 없음(정상)
CAT,5,3.8,39.6,134,16,True,False,False,False,False,DECREASED,INCREASED,HIGH,6,0.41,WATCH,"미열, 피부 징후"
DOG,15,18.3,38.3,79,30,False,False,False,False,False,NORMAL,NORMAL,NORMAL,0,0.05,NORMAL,이상 없음(정상)
CAT,10,3.3,38.6,133,23,False,False,False,False,False,INCREASED,NORMAL,NORMAL,5,0.03,NORMAL,이상 없음(정상)
DOG,9,25.9,37.5,121,16,False,False,False,False,False,NORMAL,NORMAL,LOW,5,0.12,NORMAL,이상 없음(정상)
CAT,10,3.9,39.8,132,23,False,False,False,True,False,DECREASED,DECREASED,LOW,3,0.59,CAUTION,"미열, 구토"
DOG,2,22.9,38.4,139,28,False,False,False,False,False,NORMAL,NORMAL,NORMAL,0,0.06,NORMAL,이상 없음(정상)
CAT,2,2.6,38.9,105,17,False,False,False,False,False,NORMAL,INCREASED,NORMAL,0,0.0,NORMAL,이상 없음(정상)
CAT,6,2.9,38.7,148,30,False,True,False,True,False,DECREASED,NORMAL,NORMAL,5,0.45,WATCH,"구토, 피부 징후"
DOG,1,18.5,38.9,93,22,True,False,True,True,False,DECREASED,DECREASED,LOW,2,0.58,CAUTION,"구토, 피부 징후"
DOG,11,16.0,40.6,130,43,True,True,True,True,False,NONE,DECREASED,NORMAL,1,1.0,DANGER,"고열, 호흡 급증"
CAT,8,7.8,39.6,89,13,False,False,False,False,False,NORMAL,INCREASED,LOW,3,0.32,WATCH,"미열, 활동량 저하"
DOG,7,24.2,39.2,133,34,False,False,False,False,False,NORMAL,NORMAL,LOW,0,0.32,WATCH,활동량 저하
CAT,7,5.2,39.2,124,22,False,True,False,True,False,DECREASED,DECREASED,LOW,6,0.68,CAUTION,"구토, 피부 징후"
CAT,9,4.3,40.0,152,27,True,False,True,True,False,NORMAL,DECREASED,NORMAL,0,0.65,CAUTION,"고열, 구토"
CAT,9,2.2,39.3,60,32,False,False,False,False,False,DECREASED,DECREASED,LOW,0,0.38,WATCH,"미열, 식욕 감소"
CAT,1,6.4,38.9,154,22,True,True,False,False,False,NORMAL,INCREASED,LOW,2,0.31,WATCH,"피부 징후, 활동량 저하"
DOG,8,13.7,38.5,178,23,False,False,False,True,True,NORMAL,NORMAL,NORMAL,1,0.37,WATCH,"빈맥, 소화기 이상(구토 및 설사)"
DOG,8,29.1,40.3,130,57,False,False,False,False,False,INCREASED,DECREASED,LOW,4,0.78,DANGER,"고열, 호흡 급증"
CAT,9,5.7,40.6,167,34,False,False,False,True,False,NONE,DECREASED,LOW,2,1.0,DANGER,"고열, 빈맥"
CAT,10,7.3,38.8,113,37,False,False,False,True,False,NONE,NORMAL,LOW,3,0.59,CAUTION,"구토, 식욕 절폐"
CAT,1,5.1,40.4,180,34,False,False,False,True,True,NONE,DECREASED,LOW,3,1.0,DANGER,"고열, 빈맥"
CAT,7,3.4,38.6,87,13,False,False,False,False,False,NORMAL,NORMAL,NORMAL,0,0.14,NORMAL,이상 없음(정상)
DOG,1,5.5,38.3,98,29,False,False,False,False,True,DECREASED,NORMAL,NORMAL,6,0.22,NORMAL,이상 없음(정상)
CAT,11,2.3,37.7,102,18,False,True,False,False,False,NORMAL,NORMAL,NORMAL,0,0.18,NORMAL,이상 없음(정상)
CAT,14,3.8,39.4,94,26,True,False,True,False,False,INCREASED,NORMAL,HIGH,7,0.44,WATCH,"미열, 피부 징후"
DOG,11,8.2,39.0,170,31,True,False,False,True,False,DECREASED,DECREASED,LOW,6,0.65,CAUTION,"빈맥, 구토"
DOG,11,20.1,37.6,115,27,False,False,False,False,False,NORMAL,NORMAL,NORMAL,0,0.0,NORMAL,이상 없음(정상)
DOG,13,24.5,39.1,178,27,False,True,True,False,False,NORMAL,NORMAL,NORMAL,0,0.41,WATCH,"빈맥, 피부 징후"
DOG,13,28.1,39.5,115,40,False,False,False,False,False,NORMAL,DECREASED,LOW,0,0.53,CAUTION,"미열, 호흡 급증"
CAT,14,5.9,40.2,173,48,False,False,True,False,False,NONE,DECREASED,LOW,4,1.0,DANGER,"고열, 빈맥"
CAT,13,6.0,39.5,65,25,True,False,False,False,True,DECREASED,NORMAL,NORMAL,7,0.35,WATCH,"미열, 설사"
CAT,3,7.7,39.3,118,25,True,False,True,False,False,DECREASED,NORMAL,NORMAL,1,0.45,WATCH,"미열, 피부 징후"
CAT,12,6.4,39.1,175,37,True,False,False,True,False,DECREASED,NORMAL,NORMAL,0,0.68,CAUTION,"빈맥, 구토"
CAT,11,2.1,40.6,172,40,True,True,True,True,True,NONE,DECREASED,LOW,6,1.0,DANGER,"고열, 빈맥"
DOG,14,11.6,38.2,118,31,False,False,False,False,False,NORMAL,NORMAL,NORMAL,0,0.07,NORMAL,이상 없음(정상)
CAT,6,3.4,40.4,102,31,False,True,True,False,False,DECREASED,DECREASED,NORMAL,4,0.62,CAUTION,"고열, 피부 징후"
DOG,6,20.1,38.0,93,28,False,False,False,False,False,INCREASED,NORMAL,NORMAL,4,0.01,NORMAL,이상 없음(정상)
DOG,13,26.8,39.2,146,14,False,False,True,False,True,NORMAL,NORMAL,HIGH,4,0.3,WATCH,"설사, 피부 징후"
DOG,10,24.1,39.9,163,33,False,False,False,False,False,DECREASED,DECREASED,HIGH,7,0.49,WATCH,"미열, 빈맥"
DOG,7,11.1,39.4,174,36,True,False,True,False,False,NORMAL,NORMAL,NORMAL,5,0.55,CAUTION,"미열, 빈맥"
CAT,2,4.0,38.1,114,32,False,False,False,False,False,NORMAL,NORMAL,NORMAL,0,0.0,NORMAL,이상 없음(정상)
DOG,9,6.3,39.0,118,38,False,True,False,False,False,DECREASED,DECREASED,LOW,7,0.34,WATCH,"피부 징후, 식욕 감소"
CAT,11,2.6,40.8,130,36,False,False,True,True,True,NONE,DECREASED,LOW,7,1.0,DANGER,"고열, 소화기 이상(구토 및 설사)"
CAT,11,2.2,39.5,88,35,True,False,False,False,False,NORMAL,NORMAL,NORMAL,4,0.47,WATCH,"미열, 피부 징후"
CAT,8,3.2,39.8,192,41,False,False,True,True,True,DECREASED,NORMAL,LOW,5,1.0,DANGER,"미열, 빈맥"
CAT,9,4.6,38.8,88,24,False,True,False,False,False,NORMAL,NORMAL,NORMAL,0,0.04,NORMAL,이상 없음(정상)
DOG,6,22.1,39.7,143,45,False,False,False,False,False,NORMAL,INCREASED,HIGH,0,0.39,WATCH,"미열, 호흡 급증"
DOG,1,14.5,39.6,126,20,False,False,False,False,False,NORMAL,NORMAL,NORMAL,0,0.3,WATCH,미열
DOG,12,9.3,39.5,167,42,False,True,True,False,True,DECREASED,DECREASED,LOW,2,1.0,DANGER,"미열, 빈맥"
CAT,14,3.7,39.5,201,58,False,True,False,False,True,DECREASED,NORMAL,LOW,2,1.0,DANGER,"미열, 빈맥"
DOG,2,14.2,38.8,103,20,False,False,False,False,False,INCREASED,NORMAL,NORMAL,2,0.0,NORMAL,이상 없음(정상)
CAT,5,5.0,39.4,144,20,False,False,False,True,False,INCREASED,NORMAL,NORMAL,0,0.43,WATCH,"미열, 구토"
CAT,15,5.3,40.4,187,60,True,False,False,True,True,NONE,INCREASED,LOW,4,1.0,DANGER,"고열, 빈맥"
CAT,5,4.7,38.6,50,27,False,False,False,False,True,NORMAL,NORMAL,HIGH,7,0.26,NORMAL,이상 없음(정상)
DOG,3,19.6,38.9,169,30,False,False,False,True,True,NORMAL,NORMAL,NORMAL,3,0.45,WATCH,"빈맥, 소화기 이상(구토 및 설사)"
CAT,15,7.5,39.3,114,28,False,False,True,True,False,DECREASED,NORMAL,NORMAL,3,0.73,CAUTION,"미열, 구토"
DOG,6,12.3,38.9,141,19,False,False,False,False,False,NORMAL,NORMAL,NORMAL,0,0.0,NORMAL,이상 없음(정상)
CAT,9,3.6,39.9,208,34,False,False,False,True,True,NORMAL,DECREASED,LOW,0,0.92,DANGER,"미열, 빈맥"
CAT,15,5.8,39.4,138,23,True,False,False,False,False,DECREASED,NORMAL,HIGH,5,0.48,WATCH,"미열, 피부 징후"
DOG,4,14.7,40.2,131,34,True,True,False,True,True,NONE,DECREASED,LOW,7,1.0,DANGER,"고열, 소화기 이상(구토 및 설사)"
DOG,6,26.9,38.3,67,17,False,False,False,False,False,NORMAL,DECREASED,HIGH,0,0.13,NORMAL,이상 없음(정상)
CAT,5,4.3,37.7,80,30,False,False,False,False,False,DECREASED,NORMAL,NORMAL,0,0.17,NORMAL,이상 없음(정상)
CAT,6,4.0,39.5,86,25,True,True,False,False,False,DECREASED,INCREASED,NORMAL,3,0.48,WATCH,"미열, 피부 징후"
DOG,7,11.6,39.0,84,36,True,True,False,False,True,INCREASED,NORMAL,NORMAL,4,0.34,WATCH,"설사, 피부 징후"
DOG,7,6.0,38.6,95,24,False,True,False,False,False,NORMAL,NORMAL,NORMAL,0,0.27,NORMAL,이상 없음(정상)
CAT,14,5.3,38.8,122,24,False,False,True,False,False,INCREASED,NORMAL,NORMAL,1,0.24,NORMAL,이상 없음(정상)
DOG,9,4.6,39.7,63,28,True,False,False,False,False,NORMAL,NORMAL,NORMAL,3,0.22,NORMAL,이상 없음(정상)
DOG,3,22.1,37.2,121,21,False,False,False,False,False,INCREASED,INCREASED,NORMAL,4,0.14,NORMAL,이상 없음(정상)
DOG,6,27.9,38.9,59,23,False,False,False,False,False,NORMAL,NORMAL,NORMAL,0,0.0,NORMAL,이상 없음(정상)
CAT,11,6.4,40.4,136,51,True,False,False,False,False,NONE,DECREASED,LOW,1,1.0,DANGER,"고열, 호흡 급증"
CAT,10,4.2,39.5,104,33,False,False,False,False,False,NORMAL,INCREASED,NORMAL,0,0.12,NORMAL,이상 없음(정상)
DOG,11,23.3,39.8,120,21,False,False,False,False,False,DECREASED,DECREASED,LOW,3,0.35,WATCH,"미열, 식욕 감소"
CAT,3,3.6,39.3,151,26,True,True,False,True,False,NORMAL,NORMAL,LOW,1,0.61,CAUTION,"미열, 구토"
DOG,7,22.7,39.1,93,11,False,False,False,False,True,NORMAL,NORMAL,HIGH,0,0.15,NORMAL,이상 없음(정상)
CAT,5,5.4,38.6,104,11,False,False,False,False,False,DECREASED,NORMAL,NORMAL,6,0.0,NORMAL,이상 없음(정상)
DOG,1,24.7,38.6,101,22,False,False,False,False,False,NORMAL,NORMAL,HIGH,4,0.09,NORMAL,이상 없음(정상)
DOG,13,7.4,40.8,156,59,True,False,False,True,True,NORMAL,NORMAL,LOW,7,1.0,DANGER,"고열, 호흡 급증"
CAT,11,4.6,39.5,188,37,True,True,True,False,False,DECREASED,DECREASED,LOW,1,0.5,CAUTION,"미열, 빈맥"
CAT,11,6.4,38.3,120,18,False,False,False,False,False,NORMAL,NORMAL,HIGH,2,0.03,NORMAL,이상 없음(정상)
CAT,3,7.6,39.2,126,34,False,False,True,True,False,NONE,NORMAL,NORMAL,7,0.56,CAUTION,"구토, 피부 징후"
DOG,13,25.8,39.7,137,35,True,True,False,True,False,DECREASED,DECREASED,NORMAL,1,0.63,CAUTION,"미열, 구토"
CAT,4,3.7,39.3,134,16,False,True,False,False,False,DECREASED,DECREASED,LOW,7,0.48,WATCH,"미열, 피부 징후"
DOG,8,27.9,38.4,96,32,False,False,False,False,False,DECREASED,NORMAL,LOW,5,0.19,NORMAL,이상 없음(정상)
DOG,12,20.8,39.8,124,32,True,True,False,True,False,NORMAL,DECREASED,NORMAL,2,0.64,CAUTION,"미열, 구토"
DOG,14,4.9,39.0,120,45,True,True,True,False,True,NORMAL,DECREASED,LOW,2,0.72,CAUTION,"호흡 급증, 설사"
DOG,9,5.8,39.9,133,53,True,True,False,True,False,DECREASED,NORMAL,LOW,0,0.88,DANGER,"미열, 호흡 급증"
CAT,14,2.5,38.7,182,38,False,False,True,True,False,DECREASED,DECREASED,NORMAL,3,0.57,CAUTION,"빈맥, 구토"
DOG,4,28.7,39.2,177,19,True,False,False,False,False,DECREASED,NORMAL,HIGH,5,0.43,WATCH,"빈맥, 피부 징후"
DOG,11,22.6,38.6,87,31,False,False,False,False,False,NORMAL,NORMAL,NORMAL,0,0.0,NORMAL,이상 없음(정상)
CAT,13,4.9,39.7,106,58,False,True,True,False,False,DECREASED,NORMAL,LOW,5,0.69,CAUTION,"미열, 호흡 급증"
CAT,6,7.8,40.1,186,34,False,True,True,False,True,DECREASED,DECREASED,HIGH,4,1.0,DANGER,"고열, 빈맥"
CAT,15,6.2,40.1,130,36,False,False,False,True,True,NONE,DECREASED,LOW,5,1.0,DANGER,"고열, 소화기 이상(구토 및 설사)"
CAT,6,4.1,38.7,113,29,True,False,False,False,False,DECREASED,NORMAL,NORMAL,3,0.4,WATCH,"피부 징후, 식욕 감소"
DOG,13,9.0,40.2,195,63,True,True,False,True,True,NONE,DECREASED,LOW,3,1.0,DANGER,"고열, 빈맥"
DOG,13,27.4,39.2,127,31,False,False,False,True,False,DECREASED,DECREASED,NORMAL,2,0.32,WATCH,"구토, 식욕 감소"
DOG,15,19.2,38.2,123,26,False,False,False,False,False,NORMAL,NORMAL,NORMAL,0,0.0,NORMAL,이상 없음(정상)
CAT,3,7.7,39.2,140,28,False,False,False,True,True,NORMAL,NORMAL,HIGH,3,0.34,WATCH,소화기 이상(구토 및 설사)
DOG,8,24.7,39.1,137,43,False,True,False,True,False,DECREASED,DECREASED,NORMAL,6,0.67,CAUTION,"호흡 급증, 구토"
DOG,8,6.1,40.9,130,49,True,True,False,True,False,DECREASED,DECREASED,LOW,6,1.0,DANGER,"고열, 호흡 급증"
DOG,11,9.7,38.4,127,10,False,False,False,False,False,NORMAL,NORMAL,NORMAL,0,0.0,NORMAL,이상 없음(정상)
DOG,15,4.2,39.8,148,43,True,False,True,True,True,NONE,DECREASED,LOW,0,1.0,DANGER,"미열, 호흡 급증"
DOG,9,4.9,39.9,160,34,False,True,True,True,False,NORMAL,DECREASED,LOW,5,0.88,DANGER,"미열, 빈맥"
DOG,1,7.6,40.5,183,63,False,False,True,True,True,DECREASED,DECREASED,LOW,6,1.0,DANGER,"고열, 빈맥"
DOG,3,19.4,39.9,149,57,True,True,False,False,False,DECREASED,INCREASED,NORMAL,1,0.65,CAUTION,"미열, 호흡 급증"
DOG,14,13.9,39.2,85,23,False,False,False,True,False,NORMAL,DECREASED,HIGH,4,0.16,NORMAL,이상 없음(정상)
DOG,1,7.2,40.5,179,44,False,False,False,False,True,DECREASED,NORMAL,LOW,3,1.0,DANGER,"고열, 빈맥"
DOG,3,20.6,39.7,90,22,True,False,False,False,True,DECREASED,DECREASED,NORMAL,2,0.6,CAUTION,"미열, 설사"
CAT,3,2.4,39.0,134,25,False,False,False,False,False,DECREASED,NORMAL,NORMAL,7,0.03,NORMAL,이상 없음(정상)
DOG,1,4.5,38.6,97,17,False,False,False,True,False,NORMAL,DECREASED,HIGH,0,0.17,NORMAL,이상 없음(정상)
CAT,7,3.8,38.9,81,19,False,True,False,False,False,NORMAL,DECREASED,NORMAL,0,0.21,NORMAL,이상 없음(정상)
CAT,12,5.2,40.8,141,56,True,False,False,False,False,DECREASED,DECREASED,LOW,7,0.91,DANGER,"고열, 호흡 급증"
DOG,8,10.6,39.6,117,23,True,True,True,False,False,NORMAL,NORMAL,HIGH,5,0.39,WATCH,"미열, 피부 징후"
CAT,11,6.3,39.3,133,33,False,False,False,False,False,DECREASED,NORMAL,HIGH,6,0.3,WATCH,"미열, 식욕 감소"
DOG,9,14.0,40.0,176,54,True,False,False,False,True,DECREASED,DECREASED,LOW,0,1.0,DANGER,"고열, 빈맥"
DOG,5,18.0,38.7,99,17,False,False,False,False,True,NORMAL,NORMAL,NORMAL,5,0.21,NORMAL,이상 없음(정상)
DOG,5,14.4,38.0,126,14,False,False,False,False,False,NORMAL,NORMAL,NORMAL,0,0.16,NORMAL,이상 없음(정상)
CAT,14,6.9,38.4,113,44,False,False,False,False,True,NORMAL,NORMAL,LOW,6,0.46,WATCH,"호흡 급증, 설사"
CAT,15,4.3,38.5,97,21,False,False,False,True,False,NORMAL,DECREASED,LOW,0,0.18,NORMAL,이상 없음(정상)
DOG,10,28.8,39.5,120,23,False,False,False,True,False,DECREASED,NORMAL,NORMAL,5,0.39,WATCH,"미열, 구토"
DOG,12,4.6,40.1,151,63,False,True,False,True,True,DECREASED,NORMAL,LOW,7,1.0,DANGER,"고열, 호흡 급증"
CAT,13,2.9,39.9,79,23,False,False,True,False,False,NORMAL,NORMAL,NORMAL,0,0.31,WATCH,"미열, 피부 징후"
CAT,12,7.6,38.8,69,22,False,False,True,False,True,NORMAL,NORMAL,NORMAL,0,0.21,NORMAL,이상 없음(정상)
DOG,9,7.9,40.1,195,52,True,True,False,True,True,NONE,DECREASED,LOW,6,1.0,DANGER,"고열, 빈맥"
DOG,2,16.2,39.3,95,16,True,False,False,False,False,DECREASED,NORMAL,NORMAL,3,0.38,WATCH,"미열, 피부 징후"
DOG,15,17.5,40.8,146,59,True,False,True,True,False,DECREASED,NORMAL,LOW,6,1.0,DANGER,"고열, 호흡 급증"
DOG,14,11.5,39.0,117,39,True,False,False,False,False,NORMAL,NORMAL,LOW,3,0.31,WATCH,"피부 징후, 활동량 저하"
DOG,12,26.6,39.3,73,15,False,True,False,False,False,NORMAL,NORMAL,NORMAL,0,0.22,NORMAL,이상 없음(정상)
CAT,9,5.3,39.9,152,27,True,True,False,False,False,DECREASED,DECREASED,LOW,3,0.59,CAUTION,"미열, 피부 징후"
DOG,3,7.4,39.3,124,23,False,False,False,False,False,NONE,NORMAL,LOW,0,0.46,WATCH,"미열, 식욕 절폐"
CAT,11,6.8,37.4,126,13,False,False,False,False,False,NORMAL,NORMAL,NORMAL,0,0.01,NORMAL,이상 없음(정상)
CAT,15,7.6,37.9,85,33,False,False,False,False,False,NORMAL,NORMAL,NORMAL,0,0.02,NORMAL,이상 없음(정상)
DOG,7,11.8,39.7,163,33,True,True,False,False,False,NONE,INCREASED,LOW,2,0.73,CAUTION,"미열, 빈맥"
DOG,1,23.8,38.9,137,33,True,False,False,True,True,INCREASED,INCREASED,LOW,5,0.6,CAUTION,"소화기 이상(구토 및 설사), 피부 징후"
DOG,8,8.2,40.3,131,61,False,False,False,True,True,NONE,NORMAL,LOW,2,1.0,DANGER,"고열, 호흡 급증"
DOG,9,4.0,38.4,111,38,False,False,False,False,False,NORMAL,NORMAL,NORMAL,0,0.0,NORMAL,이상 없음(정상)
DOG,2,11.4,39.6,133,28,True,False,True,False,True,DECREASED,NORMAL,LOW,4,0.7,CAUTION,"미열, 설사"
CAT,7,3.2,40.6,173,54,False,True,False,True,False,DECREASED,DECREASED,LOW,6,1.0,DANGER,"고열, 빈맥"
CAT,6,6.5,39.4,124,26,False,False,False,False,True,DECREASED,NORMAL,NORMAL,6,0.44,WATCH,"미열, 설사"
DOG,12,20.6,40.0,196,47,False,False,False,True,True,NONE,DECREASED,LOW,4,1.0,DANGER,"고열, 빈맥"
DOG,2,14.1,40.3,144,38,True,True,False,False,False,NORMAL,NORMAL,LOW,2,0.74,CAUTION,"고열, 피부 징후"
DOG,8,18.0,39.7,106,37,True,True,True,True,False,DECREASED,DECREASED,LOW,0,0.57,CAUTION,"미열, 구토"
CAT,15,4.3,39.3,75,12,True,True,False,False,False,NORMAL,NORMAL,LOW,2,0.47,WATCH,"미열, 피부 징후"
DOG,6,22.2,39.0,109,27,False,False,False,False,False,NORMAL,NORMAL,NORMAL,0,0.03,NORMAL,이상 없음(정상)
DOG,12,12.4,37.7,123,25,False,False,False,False,False,NORMAL,NORMAL,NORMAL,0,0.0,NORMAL,이상 없음(정상)
DOG,9,28.1,38.8,119,19,True,False,False,False,False,NORMAL,NORMAL,NORMAL,7,0.18,NORMAL,이상 없음(정상)
DOG,6,29.5,39.6,150,34,False,True,False,False,True,NORMAL,INCREASED,LOW,4,0.67,CAUTION,"미열, 설사"
CAT,8,6.4,37.8,93,36,False,False,False,False,False,DECREASED,NORMAL,HIGH,0,0.02,NORMAL,이상 없음(정상)
DOG,8,16.3,40.0,147,52,True,False,True,False,True,NONE,INCREASED,LOW,0,1.0,DANGER,"고열, 호흡 급증"
CAT,4,2.9,39.3,146,50,False,False,True,False,False,INCREASED,DECREASED,LOW,6,0.58,CAUTION,"미열, 호흡 급증"
CAT,8,3.1,40.6,128,35,False,False,True,False,False,DECREASED,DECREASED,NORMAL,1,0.57,CAUTION,"고열, 피부 징후"
DOG,9,26.1,39.7,161,51,False,True,False,False,True,NONE,NORMAL,LOW,1,1.0,DANGER,"미열, 빈맥"
CAT,12,4.3,38.7,107,19,True,True,False,False,False,DECREASED,INCREASED,LOW,4,0.48,WATCH,"피부 징후, 식욕 감소"
CAT,2,6.1,39.8,135,38,True,False,False,False,True,DECREASED,INCREASED,LOW,1,0.56,CAUTION,"미열, 설사"
CAT,14,4.9,39.6,154,22,True,True,False,False,False,NONE,NORMAL,LOW,2,0.68,CAUTION,"미열, 피부 징후"
DOG,12,27.0,39.9,101,36,True,False,False,False,True,DECREASED,NORMAL,LOW,2,0.72,CAUTION,"미열, 설사"
CAT,11,6.8,38.3,97,15,False,False,False,False,False,NORMAL,INCREASED,NORMAL,0,0.0,NORMAL,이상 없음(정상)
DOG,5,7.4,40.3,181,43,False,True,True,True,False,NONE,DECREASED,NORMAL,5,1.0,DANGER,"고열, 빈맥"
CAT,6,5.0,40.4,130,55,True,False,True,True,False,NONE,DECREASED,LOW,1,1.0,DANGER,"고열, 호흡 급증"
DOG,4,29.9,38.5,163,23,False,False,False,True,False,DECREASED,NORMAL,NORMAL,4,0.41,WATCH,"빈맥, 구토"
CAT,15,4.4,39.9,105,33,False,False,False,True,False,NONE,DECREASED,NORMAL,5,0.62,CAUTION,"미열, 구토"
CAT,4,2.8,40.3,145,34,False,False,False,True,True,NORMAL,DECREASED,LOW,7,0.89,DANGER,"고열, 소화기 이상(구토 및 설사)"
DOG,7,21.6,38.8,118,23,False,False,False,False,False,NORMAL,NORMAL,NORMAL,0,0.0,NORMAL,이상 없음(정상)
CAT,11,3.3,39.0,110,14,False,False,False,True,True,NORMAL,NORMAL,NORMAL,3,0.36,WATCH,소화기 이상(구토 및 설사)
DOG,1,26.1,39.7,172,34,True,True,False,True,False,DECREASED,DECREASED,LOW,0,0.99,DANGER,"미열, 빈맥"
DOG,5,7.8,39.3,103,22,False,False,False,False,False,NORMAL,INCREASED,HIGH,3,0.12,NORMAL,이상 없음(정상)
CAT,14,7.0,38.9,116,26,False,False,False,False,False,DECREASED,DECREASED,NORMAL,6,0.17,NORMAL,이상 없음(정상)
DOG,12,10.3,39.2,161,19,True,False,False,False,False,NORMAL,INCREASED,NORMAL,0,0.37,WATCH,"빈맥, 피부 징후"
CAT,8,6.6,39.4,105,36,False,False,False,True,False,NORMAL,DECREASED,LOW,6,0.51,CAUTION,"미열, 구토"
DOG,4,29.5,40.5,130,61,False,True,False,False,True,NONE,INCREASED,LOW,1,1.0,DANGER,"고열, 호흡 급증"
DOG,3,4.7,39.6,171,34,False,True,False,True,True,NONE,DECREASED,LOW,3,1.0,DANGER,"미열, 빈맥"
DOG,9,13.9,40.1,155,54,True,False,False,True,True,NORMAL,DECREASED,LOW,7,1.0,DANGER,"고열, 호흡 급증"
CAT,2,3.3,39.3,118,49,False,False,False,True,False,NORMAL,NORMAL,NORMAL,0,0.66,CAUTION,"미열, 호흡 급증"
CAT,1,7.8,40.1,143,55,False,False,False,False,True,NONE,DECREASED,LOW,0,1.0,DANGER,"고열, 호흡 급증"
CAT,6,4.2,39.5,165,33,False,False,False,True,False,DECREASED,NORMAL,NORMAL,4,0.7,CAUTION,"미열, 빈맥"
DOG,6,6.8,37.2,102,19,False,False,False,False,False,DECREASED,NORMAL,LOW,7,0.14,NORMAL,이상 없음(정상)
CAT,3,5.3,39.2,137,33,False,True,False,False,True,DECREASED,DECREASED,NORMAL,4,0.4,WATCH,"설사, 피부 징후"
CAT,10,3.5,40.1,147,64,True,True,False,False,True,NONE,DECREASED,LOW,0,1.0,DANGER,"고열, 호흡 급증"
DOG,1,10.8,40.0,181,46,False,True,True,True,True,DECREASED,DECREASED,LOW,5,1.0,DANGER,"고열, 빈맥"
CAT,7,5.3,39.3,165,35,False,False,False,False,True,DECREASED,NORMAL,NORMAL,2,0.62,CAUTION,"미열, 빈맥"
DOG,4,19.8,39.4,108,30,True,False,False,False,False,NORMAL,NORMAL,NORMAL,3,0.29,NORMAL,이상 없음(정상)
CAT,4,6.0,40.2,204,47,True,True,False,True,True,DECREASED,NORMAL,LOW,4,1.0,DANGER,"고열, 빈맥"
DOG,8,20.8,40.7,152,51,False,True,False,False,True,NONE,DECREASED,LOW,1,1.0,DANGER,"고열, 호흡 급증"
DOG,1,20.2,39.8,153,35,False,False,False,False,True,DECREASED,DECREASED,LOW,0,0.55,CAUTION,"미열, 설사"
DOG,3,28.3,40.0,168,42,True,True,False,True,True,DECREASED,DECREASED,LOW,3,1.0,DANGER,"고열, 빈맥"
DOG,2,10.4,39.9,168,38,True,True,True,True,False,NONE,DECREASED,NORMAL,2,0.96,DANGER,"미열, 빈맥"
CAT,5,4.3,39.7,60,25,False,False,False,False,False,DECREASED,NORMAL,NORMAL,7,0.4,WATCH,"미열, 식욕 감소"
CAT,12,7.8,38.8,173,29,False,False,False,False,False,DECREASED,NORMAL,NORMAL,2,0.34,WATCH,"빈맥, 식욕 감소"
DOG,1,11.6,40.0,146,28,False,False,False,True,False,DECREASED,DECREASED,LOW,3,0.68,CAUTION,"고열, 구토"
DOG,6,9.7,39.0,78,21,False,False,False,False,False,INCREASED,NORMAL,NORMAL,5,0.0,NORMAL,이상 없음(정상)
DOG,14,9.4,37.9,101,23,False,False,False,False,False,NORMAL,NORMAL,NORMAL,0,0.0,NORMAL,이상 없음(정상)
CAT,7,7.3,39.4,149,23,True,False,False,False,False,DECREASED,NORMAL,NORMAL,2,0.52,CAUTION,"미열, 피부 징후"
DOG,12,14.5,39.1,155,53,False,False,False,True,False,NONE,NORMAL,NORMAL,1,0.72,CAUTION,"호흡 급증, 구토"
CAT,2,3.9,40.2,163,54,False,True,False,False,True,DECREASED,DECREASED,LOW,7,1.0,DANGER,"고열, 빈맥"
DOG,13,12.5,38.9,138,30,False,False,False,True,False,NORMAL,DECREASED,LOW,2,0.36,WATCH,"구토, 활동량 저하"
DOG,11,17.3,39.3,108,38,False,False,False,False,True,NORMAL,NORMAL,NORMAL,4,0.41,WATCH,"미열, 설사"
CAT,2,6.2,39.6,115,30,False,False,False,False,False,NORMAL,NORMAL,NORMAL,0,0.29,NORMAL,이상 없음(정상)
DOG,13,18.3,38.4,111,20,False,False,False,False,True,NORMAL,NORMAL,NORMAL,2,0.13,NORMAL,이상 없음(정상)
DOG,13,4.3,38.6,104,29,False,False,False,True,False,DECREASED,NORMAL,HIGH,0,0.41,WATCH,"구토, 식욕 감소"
DOG,1,6.6,38.4,98,22,False,False,False,False,False,NORMAL,NORMAL,NORMAL,0,0.08,NORMAL,이상 없음(정상)
CAT,3,2.0,37.9,128,22,False,False,False,False,False,INCREASED,DECREASED,NORMAL,6,0.13,NORMAL,이상 없음(정상)
CAT,11,5.9,39.2,141,48,False,False,False,True,False,NONE,INCREASED,NORMAL,4,0.71,CAUTION,"호흡 급증, 구토"
CAT,1,8.0,39.2,136,20,False,False,True,False,False,DECREASED,DECREASED,NORMAL,1,0.35,WATCH,"피부 징후, 식욕 감소"
DOG,12,20.5,38.2,93,25,False,False,False,True,False,NORMAL,NORMAL,NORMAL,6,0.15,NORMAL,이상 없음(정상)
DOG,1,23.5,39.4,131,23,True,True,False,False,False,NORMAL,DECREASED,LOW,7,0.52,CAUTION,"미열, 피부 징후"
DOG,7,29.6,37.8,114,17,False,True,False,False,False,NORMAL,NORMAL,LOW,3,0.33,WATCH,"피부 징후, 활동량 저하"
CAT,2,2.9,39.7,188,39,True,True,True,False,False,DECREASED,DECREASED,NORMAL,4,0.67,CAUTION,"미열, 빈맥"
CAT,8,5.1,38.6,156,30,True,False,False,True,False,DECREASED,NORMAL,NORMAL,2,0.4,WATCH,"구토, 피부 징후"
DOG,2,8.4,39.5,90,53,True,False,True,False,False,DECREASED,NORMAL,NORMAL,7,0.67,CAUTION,"미열, 호흡 급증"
DOG,8,24.1,40.2,202,58,False,False,False,False,False,NONE,NORMAL,LOW,7,1.0,DANGER,"고열, 빈맥"
DOG,1,20.5,38.5,50,22,False,False,False,False,True,INCREASED,INCREASED,NORMAL,3,0.23,NORMAL,이상 없음(정상)
DOG,13,28.6,38.1,160,20,False,False,False,False,False,NORMAL,NORMAL,NORMAL,0,0.26,NORMAL,이상 없음(정상)
CAT,11,5.4,40.2,198,65,True,True,True,True,False,NORMAL,DECREASED,LOW,6,1.0,DANGER,"고열, 빈맥"
CAT,12,6.2,39.8,156,34,True,False,False,True,False,DECREASED,NORMAL,LOW,4,0.69,CAUTION,"미열, 구토"
CAT,12,6.0,39.2,160,41,False,False,False,False,True,DECREASED,INCREASED,NORMAL,6,0.62,CAUTION,"빈맥, 호흡 급증"
DOG,4,27.8,41.3,207,51,True,True,False,True,False,NONE,DECREASED,LOW,2,1.0,DANGER,"고열, 빈맥"
DOG,2,11.7,38.7,91,37,False,False,True,True,False,DECREASED,DECREASED,LOW,5,0.59,CAUTION,"구토, 피부 징후"
CAT,11,6.7,39.0,119,30,False,False,False,False,False,NORMAL,NORMAL,NORMAL,0,0.0,NORMAL,이상 없음(정상)
DOG,13,5.3,38.6,88,10,False,False,False,False,False,NORMAL,INCREASED,NORMAL,0,0.0,NORMAL,이상 없음(정상)
DOG,4,13.1,40.0,156,63,False,True,False,False,True,DECREASED,NORMAL,LOW,1,1.0,DANGER,"고열, 호흡 급증"
DOG,11,14.9,39.2,114,25,False,False,False,True,True,NORMAL,NORMAL,LOW,6,0.46,WATCH,"소화기 이상(구토 및 설사), 활동량 저하"
CAT,4,5.6,39.9,184,61,False,True,False,True,True,DECREASED,DECREASED,LOW,0,1.0,DANGER,"미열, 빈맥"
CAT,2,2.2,39.8,151,32,False,False,True,False,True,DECREASED,NORMAL,LOW,3,0.69,CAUTION,"미열, 설사"
DOG,6,18.8,40.9,156,43,True,False,True,True,True,DECREASED,DECREASED,NORMAL,0,1.0,DANGER,"고열, 호흡 급증"
CAT,5,2.5,39.6,141,18,False,False,True,False,True,NORMAL,NORMAL,HIGH,2,0.38,WATCH,"미열, 설사"
DOG,8,7.5,38.4,101,24,False,True,False,False,False,NORMAL,NORMAL,NORMAL,0,0.24,NORMAL,이상 없음(정상)
CAT,2,4.3,39.1,89,28,True,False,False,False,True,NORMAL,INCREASED,LOW,3,0.43,WATCH,"설사, 피부 징후"
DOG,10,18.2,39.1,105,31,False,True,True,True,False,NORMAL,DECREASED,HIGH,2,0.34,WATCH,"구토, 피부 징후"
CAT,7,7.1,39.4,105,19,True,False,False,False,False,DECREASED,NORMAL,NORMAL,4,0.41,WATCH,"미열, 피부 징후"
DOG,1,13.5,40.0,169,54,True,False,True,False,False,NONE,DECREASED,LOW,4,1.0,DANGER,"고열, 빈맥"
DOG,12,6.2,38.6,94,17,False,False,False,True,True,DECREASED,NORMAL,NORMAL,7,0.48,WATCH,"소화기 이상(구토 및 설사), 식욕 감소"
CAT,13,3.1,38.4,99,16,False,True,False,False,False,NORMAL,NORMAL,NORMAL,0,0.21,NORMAL,이상 없음(정상)
DOG,11,20.0,39.2,121,28,False,False,False,False,True,DECREASED,NORMAL,NORMAL,5,0.35,WATCH,"설사, 식욕 감소"
DOG,13,23.5,39.0,94,31,False,False,False,False,False,NORMAL,NORMAL,NORMAL,0,0.09,NORMAL,이상 없음(정상)
DOG,14,17.2,39.1,101,46,False,False,False,False,False,DECREASED,NORMAL,LOW,4,0.44,WATCH,"호흡 급증, 식욕 감소"
CAT,15,3.3,38.7,128,37,False,False,False,False,False,NORMAL,NORMAL,NORMAL,0,0.07,NORMAL,이상 없음(정상)
CAT,7,6.0,38.9,60,24,False,False,True,False,False,DECREASED,NORMAL,LOW,5,0.34,WATCH,"피부 징후, 식욕 감소"
CAT,1,7.4,37.8,103,13,False,False,False,False,False,NORMAL,INCREASED,NORMAL,0,0.06,NORMAL,이상 없음(정상)
CAT,12,4.9,39.9,137,51,False,True,False,True,True,NONE,NORMAL,LOW,4,1.0,DANGER,"미열, 호흡 급증"
DOG,14,19.9,39.4,93,23,False,True,False,False,False,DECREASED,NORMAL,NORMAL,2,0.38,WATCH,"미열, 피부 징후"
DOG,4,4.1,39.7,84,21,False,False,False,False,True,INCREASED,NORMAL,NORMAL,0,0.37,WATCH,"미열, 설사"
DOG,3,3.7,40.5,179,57,True,False,True,False,True,DECREASED,DECREASED,LOW,1,1.0,DANGER,"고열, 빈맥"
DOG,5,25.6,38.5,136,23,False,False,False,False,False,NORMAL,NORMAL,NORMAL,0,0.04,NORMAL,이상 없음(정상)
DOG,10,27.5,38.9,117,24,False,False,False,False,False,NORMAL,NORMAL,NORMAL,0,0.09,NORMAL,이상 없음(정상)
CAT,10,4.9,38.5,113,30,False,False,False,False,False,NORMAL,INCREASED,HIGH,6,0.0,NORMAL,이상 없음(정상)
CAT,15,7.3,38.7,106,13,False,True,False,False,False,NONE,NORMAL,NORMAL,1,0.33,WATCH,"피부 징후, 식욕 절폐"
DOG,6,12.1,39.0,113,33,False,True,False,False,False,DECREASED,NORMAL,NORMAL,4,0.32,WATCH,"피부 징후, 식욕 감소"
DOG,5,3.2,39.2,132,37,False,True,False,True,False,NONE,NORMAL,NORMAL,4,0.56,CAUTION,"구토, 피부 징후"
DOG,3,13.9,38.9,74,15,False,False,False,False,False,INCREASED,INCREASED,NORMAL,4,0.0,NORMAL,이상 없음(정상)
DOG,1,27.3,38.5,178,16,False,False,False,False,False,DECREASED,DECREASED,LOW,4,0.45,WATCH,"빈맥, 식욕 감소"
DOG,8,24.0,39.4,118,31,True,False,False,True,False,NORMAL,NORMAL,HIGH,3,0.61,CAUTION,"미열, 구토"
CAT,13,5.8,40.3,194,34,False,True,True,True,True,DECREASED,NORMAL,LOW,7,1.0,DANGER,"고열, 빈맥"
CAT,9,7.6,38.5,143,35,True,False,False,False,False,NORMAL,NORMAL,NORMAL,4,0.11,NORMAL,이상 없음(정상)
CAT,1,3.0,39.0,112,25,False,False,False,False,True,NORMAL,NORMAL,HIGH,2,0.01,NORMAL,이상 없음(정상)
DOG,10,7.9,39.0,115,34,False,True,False,True,False,DECREASED,INCREASED,LOW,0,0.46,WATCH,"구토, 피부 징후"
DOG,9,29.1,37.9,107,25,False,False,True,False,False,NORMAL,NORMAL,HIGH,3,0.06,NORMAL,이상 없음(정상)
CAT,15,5.7,38.9,122,33,False,False,False,False,False,NORMAL,DECREASED,LOW,7,0.1,NORMAL,이상 없음(정상)
DOG,7,21.8,40.4,188,41,False,True,False,False,True,NORMAL,NORMAL,NORMAL,7,1.0,DANGER,"고열, 빈맥"
CAT,5,6.5,39.8,92,12,True,False,False,False,True,NORMAL,NORMAL,NORMAL,4,0.46,WATCH,"미열, 설사"
DOG,7,6.2,40.8,196,45,False,True,True,False,True,DECREASED,DECREASED,LOW,7,1.0,DANGER,"고열, 빈맥"
DOG,11,17.7,38.5,91,23,False,True,True,False,True,NORMAL,NORMAL,NORMAL,3,0.22,NORMAL,이상 없음(정상)
DOG,9,26.7,40.5,179,46,False,True,False,True,True,DECREASED,DECREASED,LOW,1,1.0,DANGER,"고열, 빈맥"
CAT,7,2.4,38.8,118,15,True,False,False,False,False,NORMAL,NORMAL,HIGH,0,0.03,NORMAL,이상 없음(정상)
DOG,12,7.7,40.2,228,49,False,True,False,True,True,NONE,DECREASED,LOW,4,1.0,DANGER,"고열, 빈맥"
CAT,2,2.6,39.6,149,22,False,False,False,True,False,NONE,NORMAL,NORMAL,5,0.62,CAUTION,"미열, 구토"
DOG,13,27.9,40.7,164,56,True,True,False,False,True,NORMAL,NORMAL,LOW,0,1.0,DANGER,"고열, 빈맥"
CAT,12,4.1,37.9,90,22,False,False,False,False,False,NORMAL,NORMAL,LOW,6,0.11,NORMAL,이상 없음(정상)
DOG,14,22.8,39.1,99,24,False,True,False,True,False,DECREASED,DECREASED,NORMAL,7,0.44,WATCH,"구토, 피부 징후"
DOG,7,25.6,38.3,109,28,False,False,False,False,False,NORMAL,NORMAL,NORMAL,0,0.0,NORMAL,이상 없음(정상)
DOG,8,22.2,38.2,82,22,False,True,False,False,False,NORMAL,NORMAL,NORMAL,0,0.0,NORMAL,이상 없음(정상)
DOG,12,20.5,40.1,155,55,False,True,False,True,True,NONE,DECREASED,LOW,3,1.0,DANGER,"고열, 호흡 급증"
DOG,14,15.1,38.9,105,25,False,False,False,False,False,NORMAL,NORMAL,NORMAL,0,0.02,NORMAL,이상 없음(정상)
CAT,6,3.8,38.3,75,19,False,True,False,False,False,NORMAL,DECREASED,HIGH,4,0.15,NORMAL,이상 없음(정상)
DOG,3,29.7,38.1,94,22,False,False,False,False,False,INCREASED,NORMAL,NORMAL,0,0.04,NORMAL,이상 없음(정상)
CAT,13,5.6,38.2,121,13,False,False,False,False,False,NORMAL,NORMAL,NORMAL,0,0.0,NORMAL,이상 없음(정상)
CAT,4,5.0,40.1,130,53,True,False,False,False,True,DECREASED,DECREASED,NORMAL,1,0.93,DANGER,"고열, 호흡 급증"
DOG,1,19.5,39.7,180,60,True,False,False,True,True,DECREASED,NORMAL,LOW,7,1.0,DANGER,"미열, 빈맥"
CAT,15,4.8,38.4,146,34,False,True,False,False,True,DECREASED,NORMAL,NORMAL,6,0.33,WATCH,"설사, 피부 징후"
CAT,3,4.2,39.4,158,47,False,False,False,False,True,NORMAL,NORMAL,NORMAL,6,0.7,CAUTION,"미열, 호흡 급증"
CAT,3,6.4,40.4,158,49,False,False,False,True,False,NONE,NORMAL,LOW,5,1.0,DANGER,"고열, 호흡 급증"
DOG,1,6.5,39.8,161,34,True,False,False,True,True,NONE,DECREASED,LOW,6,1.0,DANGER,"미열, 빈맥"
DOG,7,27.5,38.3,130,33,False,True,False,False,False,NORMAL,INCREASED,LOW,1,0.14,NORMAL,이상 없음(정상)
DOG,2,22.5,39.8,143,35,True,False,False,False,True,DECREASED,DECREASED,LOW,4,0.58,CAUTION,"미열, 설사"
DOG,14,4.0,38.5,77,17,False,False,False,True,False,NORMAL,NORMAL,NORMAL,7,0.27,NORMAL,이상 없음(정상)
CAT,15,7.7,39.7,129,30,True,True,True,False,False,DECREASED,NORMAL,LOW,7,0.54,CAUTION,"미열, 피부 징후"
CAT,10,3.3,40.6,168,52,False,True,True,True,False,DECREASED,DECREASED,LOW,4,1.0,DANGER,"고열, 빈맥"
DOG,10,5.9,39.3,137,53,False,True,False,False,False,NORMAL,DECREASED,NORMAL,0,0.65,CAUTION,"미열, 호흡 급증"
DOG,1,18.6,38.8,65,21,False,False,False,False,False,DECREASED,NORMAL,NORMAL,7,0.12,NORMAL,이상 없음(정상)
DOG,8,24.5,39.7,127,31,True,False,False,True,False,DECREASED,DECREASED,NORMAL,0,0.7,CAUTION,"미열, 구토"
CAT,14,4.3,39.2,167,38,False,True,False,True,False,NORMAL,DECREASED,HIGH,6,0.53,CAUTION,"빈맥, 구토"
CAT,4,2.8,38.9,112,16,False,False,True,False,False,NORMAL,NORMAL,NORMAL,0,0.24,NORMAL,이상 없음(정상)
CAT,11,3.6,39.1,145,11,False,False,True,False,False,NORMAL,NORMAL,NORMAL,0,0.05,NORMAL,이상 없음(정상)
CAT,6,4.6,38.5,142,11,False,False,False,False,False,INCREASED,NORMAL,NORMAL,6,0.0,NORMAL,이상 없음(정상)
CAT,8,7.1,39.7,174,36,False,True,True,False,False,DECREASED,NORMAL,NORMAL,1,0.55,CAUTION,"미열, 빈맥"
CAT,5,6.3,38.2,77,21,False,False,False,False,False,NORMAL,NORMAL,NORMAL,0,0.0,NORMAL,이상 없음(정상)
DOG,12,21.2,40.1,84,39,False,False,False,False,False,NORMAL,INCREASED,HIGH,7,0.45,WATCH,고열
CAT,4,5.0,39.5,132,18,False,False,False,False,False,NORMAL,INCREASED,NORMAL,0,0.21,NORMAL,이상 없음(정상)
CAT,9,7.6,38.1,109,20,False,False,False,False,False,NORMAL,NORMAL,NORMAL,0,0.01,NORMAL,이상 없음(정상)
DOG,9,12.7,38.6,117,22,False,False,False,False,False,NORMAL,INCREASED,NORMAL,0,0.0,NORMAL,이상 없음(정상)
DOG,13,11.3,39.5,181,70,False,True,False,True,True,DECREASED,DECREASED,LOW,7,1.0,DANGER,"미열, 빈맥"
DOG,12,29.0,37.7,111,23,False,False,False,True,False,NORMAL,DECREASED,NORMAL,1,0.31,WATCH,구토
DOG,6,17.9,38.5,124,39,False,False,False,True,False,NORMAL,NORMAL,LOW,7,0.31,WATCH,"구토, 활동량 저하"
DOG,6,16.8,38.9,148,40,False,False,False,False,False,NONE,NORMAL,LOW,0,0.63,CAUTION,"호흡 급증, 식욕 절폐"
CAT,6,3.0,38.6,94,16,True,False,False,False,False,NORMAL,NORMAL,HIGH,3,0.15,NORMAL,이상 없음(정상)
DOG,13,28.2,39.3,133,38,False,True,False,False,False,DECREASED,DECREASED,LOW,7,0.55,CAUTION,"미열, 피부 징후"
CAT,2,2.0,38.3,102,42,False,False,False,False,False,INCREASED,NORMAL,NORMAL,4,0.13,NORMAL,이상 없음(정상)
DOG,1,12.7,38.8,95,18,False,True,False,False,False,NORMAL,NORMAL,NORMAL,0,0.1,NORMAL,이상 없음(정상)
DOG,10,29.0,39.0,83,46,False,False,False,False,False,DECREASED,INCREASED,NORMAL,2,0.4,WATCH,"호흡 급증, 식욕 감소"
CAT,11,3.8,40.4,164,51,True,True,True,False,False,NONE,DECREASED,NORMAL,3,1.0,DANGER,"고열, 빈맥"
CAT,7,2.4,38.8,147,35,False,True,False,False,False,NONE,NORMAL,NORMAL,6,0.43,WATCH,"피부 징후, 식욕 절폐"
DOG,3,3.7,39.3,185,37,False,False,False,True,True,INCREASED,DECREASED,NORMAL,1,0.72,CAUTION,"미열, 빈맥"
CAT,5,7.4,39.3,145,29,False,True,False,True,False,NORMAL,NORMAL,NORMAL,4,0.63,CAUTION,"미열, 구토"
CAT,1,4.4,39.2,146,32,True,False,False,False,False,DECREASED,NORMAL,NORMAL,4,0.38,WATCH,"피부 징후, 식욕 감소"
CAT,2,7.7,39.0,150,12,True,False,False,False,False,NORMAL,NORMAL,NORMAL,1,0.0,NORMAL,이상 없음(정상)
CAT,11,5.8,38.7,96,22,False,False,False,False,False,NORMAL,NORMAL,HIGH,7,0.0,NORMAL,이상 없음(정상)
CAT,15,6.9,38.4,126,39,True,False,True,False,False,DECREASED,INCREASED,NORMAL,1,0.39,WATCH,"피부 징후, 식욕 감소"
CAT,15,7.9,39.2,109,29,False,False,False,True,False,NORMAL,NORMAL,LOW,5,0.35,WATCH,"구토, 활동량 저하"
CAT,10,3.4,38.7,108,14,False,False,False,False,False,DECREASED,INCREASED,NORMAL,4,0.15,NORMAL,이상 없음(정상)
DOG,10,4.0,39.3,150,30,False,False,False,True,True,NORMAL,NORMAL,LOW,6,0.56,CAUTION,"미열, 소화기 이상(구토 및 설사)"
CAT,6,5.2,39.7,185,58,False,False,False,True,True,DECREASED,DECREASED,LOW,6,1.0,DANGER,"미열, 빈맥"
CAT,5,3.1,39.1,153,41,False,False,False,False,False,DECREASED,INCREASED,NORMAL,0,0.34,WATCH,"호흡 급증, 식욕 감소"
CAT,13,6.4,38.6,126,24,False,False,False,False,True,NONE,NORMAL,NORMAL,1,0.48,WATCH,"설사, 식욕 절폐"
DOG,10,29.9,39.2,129,25,False,False,False,True,False,NONE,NORMAL,LOW,4,0.61,CAUTION,"구토, 식욕 절폐"
DOG,13,4.4,39.0,116,33,False,False,False,False,False,NORMAL,INCREASED,HIGH,7,0.0,NORMAL,이상 없음(정상)
DOG,5,30.0,39.0,108,20,False,True,False,False,False,NORMAL,NORMAL,NORMAL,0,0.1,NORMAL,이상 없음(정상)
DOG,3,3.4,39.2,167,28,False,True,False,True,False,DECREASED,NORMAL,HIGH,0,0.74,CAUTION,"빈맥, 구토"
CAT,11,5.5,38.8,104,29,False,True,False,False,False,NORMAL,INCREASED,HIGH,2,0.22,NORMAL,이상 없음(정상)
DOG,7,18.1,39.3,103,17,False,True,False,False,False,NORMAL,DECREASED,HIGH,7,0.31,WATCH,"미열, 피부 징후"
CAT,13,6.6,39.8,185,34,False,False,False,False,True,DECREASED,DECREASED,NORMAL,3,0.65,CAUTION,"미열, 빈맥"
DOG,15,23.3,40.0,142,65,True,True,False,False,True,NONE,NORMAL,LOW,7,1.0,DANGER,"고열, 호흡 급증"
DOG,4,13.5,38.8,154,24,False,False,False,True,False,DECREASED,DECREASED,NORMAL,2,0.43,WATCH,"구토, 식욕 감소"
DOG,10,15.5,38.4,90,18,False,False,False,False,False,NORMAL,NORMAL,NORMAL,0,0.14,NORMAL,이상 없음(정상)
CAT,12,2.3,39.1,118,40,False,True,False,False,True,NORMAL,INCREASED,LOW,2,0.58,CAUTION,"호흡 급증, 설사"
DOG,4,4.6,38.1,120,14,False,False,False,False,False,NORMAL,NORMAL,NORMAL,0,0.05,NORMAL,이상 없음(정상)
DOG,1,26.0,39.0,143,15,False,True,False,True,False,NORMAL,NORMAL,NORMAL,7,0.35,WATCH,"구토, 피부 징후"
CAT,9,7.1,37.9,90,28,True,False,False,False,False,NORMAL,NORMAL,NORMAL,3,0.21,NORMAL,이상 없음(정상)
DOG,11,12.3,39.5,91,36,True,False,False,False,True,NORMAL,NORMAL,NORMAL,1,0.39,WATCH,"미열, 설사"
DOG,1,5.2,39.5,120,30,False,False,False,True,True,NORMAL,NORMAL,LOW,2,0.73,CAUTION,"미열, 소화기 이상(구토 및 설사)"
DOG,12,18.3,38.0,152,17,True,False,False,False,False,DECREASED,NORMAL,LOW,3,0.37,WATCH,"피부 징후, 식욕 감소"
CAT,9,4.2,40.5,130,45,False,True,False,False,False,NONE,DECREASED,LOW,6,1.0,DANGER,"고열, 호흡 급증"
CAT,11,2.9,39.1,135,53,False,True,False,False,False,DECREASED,DECREASED,NORMAL,2,0.51,CAUTION,"호흡 급증, 피부 징후"
CAT,10,5.0,40.0,171,51,True,True,False,True,True,INCREASED,NORMAL,LOW,3,1.0,DANGER,"고열, 빈맥"
DOG,9,22.9,38.7,96,14,False,False,False,False,False,NORMAL,NORMAL,NORMAL,0,0.0,NORMAL,이상 없음(정상)
DOG,13,13.2,39.7,120,22,False,True,True,True,False,DECREASED,NORMAL,LOW,0,0.71,CAUTION,"미열, 구토"
CAT,13,7.7,39.0,150,37,True,False,False,False,True,NONE,DECREASED,LOW,1,0.58,CAUTION,"설사, 피부 징후"
DOG,6,7.8,39.0,162,33,True,False,False,False,True,NORMAL,NORMAL,LOW,1,0.51,CAUTION,"빈맥, 설사"
DOG,14,10.6,39.5,111,29,True,False,False,False,True,NONE,DECREASED,NORMAL,1,0.7,CAUTION,"미열, 설사"
CAT,3,7.4,39.5,157,58,True,True,True,True,False,NONE,NORMAL,LOW,6,1.0,DANGER,"미열, 호흡 급증"
DOG,13,15.1,38.2,81,22,False,True,False,False,False,INCREASED,NORMAL,LOW,4,0.24,NORMAL,이상 없음(정상)
CAT,3,5.0,39.2,162,41,True,False,False,False,False,DECREASED,DECREASED,NORMAL,5,0.69,CAUTION,"빈맥, 호흡 급증"
DOG,12,22.9,39.9,121,12,True,False,True,False,False,DECREASED,NORMAL,NORMAL,3,0.48,WATCH,"미열, 피부 징후"
DOG,6,7.6,38.8,101,23,False,True,False,False,False,INCREASED,NORMAL,NORMAL,0,0.16,NORMAL,이상 없음(정상)
CAT,1,7.5,40.5,187,46,True,False,False,False,False,DECREASED,NORMAL,NORMAL,4,1.0,DANGER,"고열, 빈맥"
DOG,5,19.0,38.9,127,32,False,True,True,False,True,NORMAL,INCREASED,NORMAL,6,0.47,WATCH,"설사, 피부 징후"
DOG,5,13.8,38.4,93,30,False,False,False,False,False,NORMAL,NORMAL,NORMAL,0,0.09,NORMAL,이상 없음(정상)
CAT,1,5.5,38.0,81,27,False,False,False,False,False,NORMAL,NORMAL,NORMAL,0,0.0,NORMAL,이상 없음(정상)
CAT,5,4.6,38.4,89,23,False,False,False,False,False,NORMAL,NORMAL,NORMAL,0,0.0,NORMAL,이상 없음(정상)
DOG,10,25.8,38.9,105,24,False,False,False,False,False,NORMAL,INCREASED,HIGH,4,0.0,NORMAL,이상 없음(정상)
DOG,4,8.1,39.5,119,22,False,False,False,False,True,DECREASED,DECREASED,LOW,3,0.7,CAUTION,"미열, 설사"
CAT,3,4.9,39.3,150,27,False,False,True,False,True,DECREASED,INCREASED,LOW,1,0.74,CAUTION,"미열, 설사"
DOG,9,9.5,39.7,135,67,True,True,False,True,True,DECREASED,NORMAL,LOW,2,1.0,DANGER,"미열, 호흡 급증"
CAT,4,6.1,38.5,151,55,False,False,False,True,True,NORMAL,DECREASED,LOW,4,0.72,CAUTION,"호흡 급증, 소화기 이상(구토 및 설사)"
CAT,15,2.4,38.6,91,14,False,False,False,False,False,NORMAL,NORMAL,LOW,1,0.0,NORMAL,이상 없음(정상)
CAT,2,7.8,38.9,119,31,False,False,False,True,False,NORMAL,INCREASED,LOW,1,0.18,NORMAL,이상 없음(정상)
CAT,15,6.3,40.5,130,45,True,False,False,False,True,NONE,NORMAL,LOW,1,1.0,DANGER,"고열, 호흡 급증"
CAT,1,3.5,38.9,80,34,False,False,True,False,False,NORMAL,NORMAL,NORMAL,0,0.19,NORMAL,이상 없음(정상)
CAT,9,6.4,41.0,223,55,True,True,False,True,True,NORMAL,DECREASED,LOW,3,1.0,DANGER,"고열, 빈맥"
DOG,13,19.5,40.3,209,35,False,False,False,True,True,DECREASED,DECREASED,LOW,6,1.0,DANGER,"고열, 빈맥"
DOG,6,23.8,40.7,156,51,False,False,True,True,False,NONE,NORMAL,LOW,0,1.0,DANGER,"고열, 호흡 급증"
DOG,9,9.8,39.7,200,34,False,False,False,False,False,NONE,DECREASED,LOW,6,0.66,CAUTION,"미열, 빈맥"
CAT,4,2.3,38.9,93,42,False,False,False,False,False,NORMAL,NORMAL,LOW,4,0.27,NORMAL,이상 없음(정상)
DOG,14,5.6,41.0,190,53,False,False,False,True,False,DECREASED,NORMAL,LOW,7,1.0,DANGER,"고열, 빈맥"
CAT,8,7.5,39.6,139,27,True,True,False,False,False,NORMAL,DECREASED,NORMAL,1,0.4,WATCH,"미열, 피부 징후"
DOG,14,17.3,40.1,155,53,True,True,False,False,True,DECREASED,DECREASED,LOW,0,1.0,DANGER,"고열, 호흡 급증"
DOG,5,22.7,38.5,97,30,False,False,True,False,False,DECREASED,DECREASED,NORMAL,0,0.34,WATCH,"피부 징후, 식욕 감소"
CAT,12,6.7,39.1,97,12,False,True,True,False,True,DECREASED,DECREASED,NORMAL,1,0.39,WATCH,"설사, 피부 징후"
DOG,11,18.4,39.7,100,34,False,False,False,False,True,DECREASED,NORMAL,NORMAL,1,0.36,WATCH,"미열, 설사"
DOG,11,14.9,39.6,223,58,False,True,True,False,True,DECREASED,DECREASED,LOW,5,1.0,DANGER,"미열, 빈맥"
CAT,5,7.6,38.6,159,46,True,False,False,False,False,DECREASED,DECREASED,LOW,1,0.57,CAUTION,"호흡 급증, 피부 징후"
CAT,6,7.3,39.6,134,36,True,True,False,False,False,DECREASED,DECREASED,LOW,3,0.51,CAUTION,"미열, 피부 징후"
DOG,9,24.8,39.9,140,26,False,False,False,True,False,NORMAL,NORMAL,NORMAL,6,0.39,WATCH,"미열, 구토"
DOG,6,19.7,39.1,145,29,False,True,False,True,False,DECREASED,DECREASED,NORMAL,4,0.45,WATCH,"구토, 피부 징후"
CAT,11,3.9,40.0,202,45,True,True,False,True,False,DECREASED,DECREASED,LOW,6,1.0,DANGER,"고열, 빈맥"
CAT,4,4.8,39.9,181,56,True,True,True,False,True,DECREASED,DECREASED,NORMAL,7,0.97,DANGER,"미열, 빈맥"
CAT,5,6.7,38.6,92,17,False,False,True,False,False,NORMAL,NORMAL,NORMAL,0,0.08,NORMAL,이상 없음(정상)
DOG,5,21.0,38.5,83,18,False,False,False,False,True,NORMAL,NORMAL,NORMAL,3,0.05,NORMAL,이상 없음(정상)
CAT,9,4.9,38.9,106,30,False,True,False,False,True,DECREASED,NORMAL,NORMAL,7,0.43,WATCH,"설사, 피부 징후"
CAT,4,7.6,39.9,147,40,False,False,True,True,True,DECREASED,DECREASED,NORMAL,2,1.0,DANGER,"미열, 호흡 급증"
DOG,1,25.4,39.4,117,12,False,False,False,False,True,NORMAL,NORMAL,NORMAL,7,0.41,WATCH,"미열, 설사"
CAT,15,3.2,41.1,133,52,True,False,False,True,True,DECREASED,INCREASED,LOW,4,1.0,DANGER,"고열, 호흡 급증"
CAT,11,2.2,38.2,133,24,True,False,False,False,False,NORMAL,DECREASED,NORMAL,5,0.05,NORMAL,이상 없음(정상)
DOG,11,23.9,38.7,113,30,False,True,False,False,True,NORMAL,NORMAL,NORMAL,5,0.35,WATCH,"설사, 피부 징후"
CAT,12,4.2,38.1,92,19,False,False,False,False,False,DECREASED,DECREASED,NORMAL,0,0.19,NORMAL,이상 없음(정상)
DOG,14,11.9,39.9,149,31,False,True,False,False,True,DECREASED,DECREASED,NORMAL,7,0.56,CAUTION,"미열, 설사"
DOG,4,7.1,39.7,174,55,False,True,True,True,True,NONE,DECREASED,NORMAL,3,1.0,DANGER,"미열, 빈맥"
CAT,2,7.0,39.6,129,22,False,True,True,True,True,NORMAL,INCREASED,HIGH,2,0.73,CAUTION,"미열, 소화기 이상(구토 및 설사)"
DOG,10,21.2,39.5,195,38,True,False,False,False,False,DECREASED,DECREASED,LOW,5,0.69,CAUTION,"미열, 빈맥"
CAT,1,7.3,39.5,141,39,False,False,False,True,False,DECREASED,DECREASED,LOW,5,0.59,CAUTION,"미열, 구토"
DOG,14,21.4,37.7,84,22,False,False,False,False,False,NORMAL,NORMAL,NORMAL,0,0.09,NORMAL,이상 없음(정상)
CAT,7,3.7,39.5,136,36,False,False,False,True,False,DECREASED,NORMAL,HIGH,4,0.46,WATCH,"미열, 구토"
DOG,12,24.3,40.4,141,35,False,False,False,True,False,NONE,DECREASED,HIGH,2,0.7,CAUTION,"고열, 구토"
DOG,6,18.5,39.0,102,40,True,True,False,False,False,NORMAL,INCREASED,NORMAL,4,0.33,WATCH,"호흡 급증, 피부 징후"
CAT,15,2.9,39.5,123,18,False,False,False,False,False,DECREASED,NORMAL,NORMAL,7,0.27,NORMAL,이상 없음(정상)
CAT,12,2.9,40.1,181,49,True,False,False,True,True,NONE,NORMAL,NORMAL,4,1.0,DANGER,"고열, 빈맥"
CAT,7,4.5,40.1,158,67,True,True,False,True,True,NONE,DECREASED,NORMAL,2,1.0,DANGER,"고열, 호흡 급증"
CAT,3,7.0,37.7,125,18,False,False,False,False,False,NORMAL,NORMAL,NORMAL,0,0.0,NORMAL,이상 없음(정상)
DOG,2,14.0,39.1,117,31,False,False,False,False,False,NORMAL,NORMAL,NORMAL,0,0.1,NORMAL,이상 없음(정상)
DOG,7,11.0,38.8,63,27,False,False,False,False,False,NORMAL,NORMAL,LOW,5,0.06,NORMAL,이상 없음(정상)
CAT,8,4.5,38.3,77,22,False,False,False,False,False,NORMAL,NORMAL,NORMAL,0,0.05,NORMAL,이상 없음(정상)
CAT,1,6.6,39.8,136,52,True,False,True,False,True,NONE,NORMAL,LOW,4,1.0,DANGER,"미열, 호흡 급증"
DOG,5,26.6,39.4,142,42,True,False,False,False,False,DECREASED,NORMAL,NORMAL,2,0.69,CAUTION,"미열, 호흡 급증"
DOG,8,29.5,38.7,139,26,True,False,False,True,False,NORMAL,NORMAL,LOW,4,0.48,WATCH,"구토, 피부 징후"
CAT,5,5.1,37.9,117,33,False,False,False,False,False,NORMAL,NORMAL,NORMAL,0,0.2,NORMAL,이상 없음(정상)
DOG,2,8.8,38.5,126,24,False,False,False,False,False,NORMAL,INCREASED,HIGH,4,0.0,NORMAL,이상 없음(정상)
DOG,3,3.8,38.8,97,20,False,True,False,False,False,NORMAL,INCREASED,NORMAL,0,0.22,NORMAL,이상 없음(정상)
CAT,3,5.3,38.7,145,24,False,False,False,False,False,NORMAL,NORMAL,NORMAL,0,0.0,NORMAL,이상 없음(정상)
CAT,9,3.5,39.8,139,38,True,False,False,True,True,NONE,DECREASED,LOW,7,1.0,DANGER,"미열, 소화기 이상(구토 및 설사)"
CAT,7,5.6,39.7,122,32,True,True,False,False,True,NORMAL,INCREASED,LOW,1,0.71,CAUTION,"미열, 설사"
DOG,4,15.7,38.6,58,31,False,False,False,False,False,NORMAL,DECREASED,NORMAL,0,0.0,NORMAL,이상 없음(정상)
CAT,2,5.4,38.8,87,39,True,True,False,False,True,NORMAL,NORMAL,NORMAL,7,0.34,WATCH,"설사, 피부 징후"
DOG,3,23.7,40.3,146,37,True,True,False,True,False,DECREASED,DECREASED,HIGH,7,0.9,DANGER,"고열, 구토"
CAT,8,5.7,38.3,139,42,False,False,False,False,False,NORMAL,NORMAL,NORMAL,0,0.22,NORMAL,이상 없음(정상)
CAT,7,6.2,40.6,177,46,False,False,True,True,False,NORMAL,NORMAL,LOW,6,1.0,DANGER,"고열, 빈맥"
DOG,1,29.7,41.1,152,48,True,True,False,False,True,NONE,DECREASED,LOW,0,1.0,DANGER,"고열, 호흡 급증"
DOG,4,7.8,40.0,162,37,True,True,True,True,False,NONE,NORMAL,NORMAL,1,1.0,DANGER,"고열, 빈맥"
CAT,3,2.9,38.8,112,16,False,False,False,False,False,NORMAL,DECREASED,NORMAL,0,0.0,NORMAL,이상 없음(정상)
CAT,9,8.0,39.1,86,30,False,False,True,False,True,NORMAL,NORMAL,LOW,5,0.37,WATCH,"설사, 피부 징후"
CAT,1,6.4,39.2,180,44,False,False,False,False,False,DECREASED,DECREASED,LOW,1,0.53,CAUTION,"빈맥, 호흡 급증"
DOG,2,16.4,38.7,115,21,False,False,False,False,False,NORMAL,INCREASED,LOW,0,0.13,NORMAL,이상 없음(정상)
CAT,9,4.3,39.5,158,49,False,True,False,True,True,DECREASED,NORMAL,LOW,4,1.0,DANGER,"미열, 호흡 급증"
DOG,3,6.6,39.3,153,21,False,False,False,False,False,NORMAL,NORMAL,LOW,4,0.33,WATCH,"미열, 활동량 저하"
DOG,10,17.3,40.4,163,52,True,True,False,True,True,DECREASED,DECREASED,LOW,3,1.0,DANGER,"고열, 빈맥"
CAT,11,5.6,39.1,108,19,False,True,False,False,False,DECREASED,NORMAL,NORMAL,6,0.34,WATCH,"피부 징후, 식욕 감소"
DOG,15,4.6,39.7,166,34,True,False,False,True,True,DECREASED,DECREASED,LOW,0,1.0,DANGER,"미열, 빈맥"
DOG,8,26.2,39.5,200,45,False,True,True,False,True,NONE,DECREASED,LOW,3,1.0,DANGER,"미열, 빈맥"
CAT,1,2.5,38.9,135,35,False,False,False,False,True,NONE,DECREASED,LOW,4,0.52,CAUTION,"설사, 식욕 절폐"
CAT,7,2.3,39.2,162,12,False,False,False,False,False,NORMAL,NORMAL,LOW,3,0.31,WATCH,"빈맥, 활동량 저하"
DOG,11,17.2,38.8,137,28,True,True,False,True,False,DECREASED,NORMAL,LOW,2,0.53,CAUTION,"구토, 피부 징후"
DOG,13,12.2,38.9,120,22,True,False,False,False,False,NORMAL,INCREASED,NORMAL,3,0.2,NORMAL,이상 없음(정상)
DOG,7,24.2,37.5,112,15,False,False,True,False,True,NORMAL,INCREASED,LOW,6,0.33,WATCH,"설사, 피부 징후"
CAT,9,6.9,38.3,101,18,False,False,False,False,True,INCREASED,NORMAL,NORMAL,4,0.08,NORMAL,이상 없음(정상)
DOG,5,5.4,37.9,109,22,False,False,False,False,False,NORMAL,NORMAL,NORMAL,0,0.0,NORMAL,이상 없음(정상)
DOG,9,14.4,37.5,100,13,False,True,False,False,False,NORMAL,NORMAL,HIGH,2,0.14,NORMAL,이상 없음(정상)
CAT,12,4.0,41.1,168,53,True,True,False,True,False,DECREASED,DECREASED,LOW,7,1.0,DANGER,"고열, 빈맥"
CAT,8,5.1,37.5,82,28,False,False,False,False,False,NORMAL,INCREASED,NORMAL,0,0.04,NORMAL,이상 없음(정상)
DOG,3,22.6,38.8,60,20,False,True,False,False,False,NONE,NORMAL,NORMAL,7,0.36,WATCH,"피부 징후, 식욕 절폐"
CAT,1,2.8,38.3,105,19,False,False,False,False,False,NORMAL,NORMAL,NORMAL,0,0.09,NORMAL,이상 없음(정상)
DOG,7,13.3,39.3,134,27,True,True,False,False,False,DECREASED,NORMAL,LOW,4,0.39,WATCH,"미열, 피부 징후"
DOG,9,6.1,39.0,144,42,False,False,False,False,False,NORMAL,INCREASED,NORMAL,0,0.37,WATCH,호흡 급증
CAT,10,4.8,38.4,135,20,False,True,False,False,False,NORMAL,NORMAL,HIGH,6,0.27,NORMAL,이상 없음(정상)
DOG,4,19.7,37.9,119,27,True,False,False,False,True,NORMAL,NORMAL,LOW,6,0.39,WATCH,"설사, 피부 징후"
DOG,11,17.4,40.0,197,44,False,False,False,True,True,NONE,NORMAL,LOW,3,1.0,DANGER,"고열, 빈맥"
CAT,3,3.9,38.5,80,34,False,True,False,False,False,DECREASED,NORMAL,NORMAL,5,0.35,WATCH,"피부 징후, 식욕 감소"
CAT,7,4.8,40.6,177,45,False,True,False,False,False,NONE,DECREASED,LOW,7,1.0,DANGER,"고열, 빈맥"
CAT,4,4.2,38.7,143,30,True,False,False,True,True,DECREASED,DECREASED,LOW,0,0.6,CAUTION,"소화기 이상(구토 및 설사), 피부 징후"
CAT,11,3.5,39.5,138,63,True,True,False,True,True,DECREASED,NORMAL,LOW,4,1.0,DANGER,"미열, 호흡 급증"
CAT,3,4.7,38.6,106,31,False,False,False,False,False,NORMAL,NORMAL,NORMAL,0,0.0,NORMAL,이상 없음(정상)
DOG,10,7.4,38.4,68,23,False,False,False,False,False,NORMAL,NORMAL,NORMAL,0,0.04,NORMAL,이상 없음(정상)
DOG,8,17.7,41.0,130,38,True,False,False,True,True,DECREASED,NORMAL,LOW,1,1.0,DANGER,"고열, 소화기 이상(구토 및 설사)"
CAT,6,2.6,38.5,130,31,False,False,False,False,True,DECREASED,NORMAL,NORMAL,3,0.26,NORMAL,이상 없음(정상)
CAT,3,4.1,39.2,103,31,False,True,False,True,False,DECREASED,NORMAL,NORMAL,2,0.34,WATCH,"구토, 피부 징후"
DOG,7,21.2,39.1,163,43,False,False,False,False,True,INCREASED,NORMAL,LOW,4,0.67,CAUTION,"빈맥, 호흡 급증"
CAT,12,4.7,39.6,156,52,True,True,True,True,True,NORMAL,DECREASED,LOW,3,1.0,DANGER,"미열, 호흡 급증"
CAT,5,2.4,39.0,87,39,True,False,False,False,False,DECREASED,DECREASED,LOW,2,0.35,WATCH,"피부 징후, 식욕 감소"
DOG,13,4.7,41.1,210,51,True,True,True,False,True,NORMAL,DECREASED,LOW,7,1.0,DANGER,"고열, 빈맥"
CAT,11,5.4,38.2,84,23,False,False,False,False,False,NORMAL,NORMAL,NORMAL,0,0.17,NORMAL,이상 없음(정상)
CAT,11,8.0,39.7,90,35,False,True,False,False,True,DECREASED,INCREASED,LOW,2,0.57,CAUTION,"미열, 설사"
DOG,2,23.3,39.0,108,18,False,False,False,False,False,NORMAL,NORMAL,HIGH,2,0.04,NORMAL,이상 없음(정상)
CAT,10,3.6,38.6,145,13,False,False,False,False,False,NORMAL,NORMAL,NORMAL,0,0.0,NORMAL,이상 없음(정상)
CAT,15,5.6,38.6,57,27,True,False,False,False,False,NORMAL,NORMAL,NORMAL,5,0.2,NORMAL,이상 없음(정상)
CAT,14,6.2,39.8,158,22,False,False,False,True,True,DECREASED,DECREASED,NORMAL,4,0.63,CAUTION,"미열, 소화기 이상(구토 및 설사)"
DOG,9,25.6,38.5,82,18,False,False,False,False,True,NORMAL,INCREASED,NORMAL,7,0.13,NORMAL,이상 없음(정상)
DOG,12,22.7,39.2,144,52,True,False,False,True,False,DECREASED,NORMAL,LOW,2,0.67,CAUTION,"호흡 급증, 구토"
DOG,14,29.7,38.6,118,34,False,False,False,False,False,NORMAL,NORMAL,NORMAL,0,0.05,NORMAL,이상 없음(정상)
DOG,4,5.8,41.1,130,68,True,True,True,True,True,NONE,NORMAL,LOW,5,1.0,DANGER,"고열, 호흡 급증"
DOG,7,10.2,38.5,79,24,False,False,False,False,False,NORMAL,NORMAL,NORMAL,0,0.0,NORMAL,이상 없음(정상)
CAT,12,6.4,39.2,95,39,False,False,False,False,False,NORMAL,NORMAL,NORMAL,0,0.0,NORMAL,이상 없음(정상)
DOG,4,18.7,40.2,161,53,False,False,False,True,False,NONE,INCREASED,LOW,0,1.0,DANGER,"고열, 빈맥"
DOG,8,11.5,39.5,150,72,True,False,False,True,True,NONE,NORMAL,NORMAL,2,1.0,DANGER,"미열, 호흡 급증"
CAT,5,5.9,38.5,159,26,True,True,True,True,False,NORMAL,NORMAL,NORMAL,5,0.3,WATCH,"구토, 피부 징후"
DOG,14,5.7,41.0,165,53,True,False,False,False,False,DECREASED,DECREASED,LOW,6,1.0,DANGER,"고열, 빈맥"
DOG,1,25.8,38.6,117,27,False,False,False,False,False,NORMAL,NORMAL,HIGH,0,0.07,NORMAL,이상 없음(정상)
CAT,7,5.8,39.5,129,38,False,False,False,False,False,NORMAL,NORMAL,LOW,3,0.27,NORMAL,이상 없음(정상)
CAT,14,7.8,38.7,121,29,False,False,True,False,False,NORMAL,NORMAL,NORMAL,0,0.27,NORMAL,이상 없음(정상)
DOG,8,15.9,40.0,185,37,False,True,True,True,True,DECREASED,NORMAL,LOW,4,1.0,DANGER,"고열, 빈맥"
CAT,10,3.4,39.6,120,32,False,True,False,False,False,DECREASED,NORMAL,NORMAL,2,0.48,WATCH,"미열, 피부 징후"
CAT,7,6.9,39.0,117,22,True,False,False,True,False,NORMAL,NORMAL,HIGH,3,0.38,WATCH,"구토, 피부 징후"
DOG,14,6.4,39.2,112,25,True,False,True,False,True,NORMAL,NORMAL,HIGH,4,0.35,WATCH,"설사, 피부 징후"
DOG,15,3.2,39.8,130,37,True,False,False,True,True,NONE,DECREASED,LOW,1,1.0,DANGER,"미열, 소화기 이상(구토 및 설사)"
CAT,8,5.2,37.9,110,23,False,False,False,False,False,NORMAL,NORMAL,HIGH,0,0.01,NORMAL,이상 없음(정상)
DOG,10,24.8,38.3,95,18,False,False,False,False,False,NORMAL,NORMAL,LOW,6,0.17,NORMAL,이상 없음(정상)
DOG,11,20.5,39.3,185,25,True,True,False,False,True,NORMAL,NORMAL,LOW,5,0.71,CAUTION,"미열, 빈맥"
DOG,4,18.2,38.4,105,35,False,True,False,False,True,NORMAL,NORMAL,LOW,0,0.45,WATCH,"설사, 피부 징후"
CAT,9,7.3,40.2,155,54,False,True,True,False,True,DECREASED,DECREASED,LOW,6,1.0,DANGER,"고열, 호흡 급증"
CAT,5,6.0,39.1,136,26,True,True,False,True,True,NORMAL,DECREASED,LOW,4,0.62,CAUTION,"소화기 이상(구토 및 설사), 피부 징후"
CAT,3,7.3,39.6,109,36,False,True,False,False,False,NORMAL,NORMAL,LOW,3,0.41,WATCH,"미열, 피부 징후"
DOG,7,9.0,38.6,118,23,True,True,True,True,True,NORMAL,NORMAL,NORMAL,4,0.42,WATCH,"소화기 이상(구토 및 설사), 피부 징후"
CAT,5,5.0,39.1,119,10,False,False,False,False,False,NORMAL,NORMAL,NORMAL,0,0.0,NORMAL,이상 없음(정상)
DOG,12,13.7,40.7,171,50,True,True,False,True,True,NORMAL,DECREASED,NORMAL,3,1.0,DANGER,"고열, 빈맥"
CAT,1,2.8,39.8,163,37,False,False,False,False,False,NORMAL,DECREASED,LOW,6,0.55,CAUTION,"미열, 빈맥"
DOG,13,15.3,38.2,104,22,False,False,True,False,False,NORMAL,NORMAL,NORMAL,0,0.23,NORMAL,이상 없음(정상)
DOG,15,13.6,38.3,158,41,False,False,False,True,False,DECREASED,NORMAL,NORMAL,3,0.48,WATCH,"호흡 급증, 구토"
CAT,12,7.4,38.9,60,20,False,True,True,True,False,NORMAL,NORMAL,LOW,2,0.36,WATCH,"구토, 피부 징후"
DOG,4,6.5,38.3,103,23,False,False,False,False,False,NORMAL,NORMAL,NORMAL,0,0.0,NORMAL,이상 없음(정상)
CAT,5,6.6,39.1,107,18,False,False,False,False,False,NORMAL,NORMAL,HIGH,6,0.0,NORMAL,이상 없음(정상)
DOG,7,14.5,39.0,118,23,False,False,False,False,False,NORMAL,NORMAL,NORMAL,0,0.03,NORMAL,이상 없음(정상)
CAT,15,6.6,40.3,167,40,False,True,True,True,True,NONE,INCREASED,LOW,0,1.0,DANGER,"고열, 빈맥"
DOG,6,17.8,38.1,136,21,False,False,False,False,False,INCREASED,DECREASED,NORMAL,6,0.04,NORMAL,이상 없음(정상)
DOG,3,17.9,38.2,130,17,False,False,False,False,False,DECREASED,NORMAL,NORMAL,2,0.13,NORMAL,이상 없음(정상)
DOG,14,17.2,39.5,182,54,False,True,True,False,False,DECREASED,INCREASED,NORMAL,3,0.9,DANGER,"미열, 빈맥"
DOG,7,28.1,38.6,75,14,False,False,False,False,False,NORMAL,NORMAL,NORMAL,0,0.0,NORMAL,이상 없음(정상)
DOG,4,8.4,38.5,123,30,True,False,False,False,False,NORMAL,INCREASED,LOW,1,0.45,WATCH,"피부 징후, 활동량 저하"
DOG,11,20.6,38.9,120,40,False,False,False,True,True,NORMAL,NORMAL,NORMAL,5,0.46,WATCH,"호흡 급증, 소화기 이상(구토 및 설사)"
DOG,7,27.0,38.5,134,15,False,False,False,False,False,NORMAL,INCREASED,NORMAL,0,0.02,NORMAL,이상 없음(정상)
CAT,15,7.9,38.6,121,13,False,False,False,False,False,NORMAL,NORMAL,NORMAL,0,0.09,NORMAL,이상 없음(정상)
CAT,2,4.2,38.6,64,27,False,False,False,False,True,NORMAL,NORMAL,NORMAL,3,0.14,NORMAL,이상 없음(정상)
DOG,9,21.6,39.7,139,28,True,True,False,False,False,NONE,DECREASED,LOW,5,0.72,CAUTION,"미열, 피부 징후"
CAT,8,3.9,40.7,167,62,True,False,False,False,True,DECREASED,NORMAL,LOW,1,1.0,DANGER,"고열, 빈맥"
CAT,1,3.4,38.7,107,17,True,False,False,False,False,NORMAL,NORMAL,LOW,0,0.29,NORMAL,이상 없음(정상)
DOG,9,6.4,40.3,153,34,False,True,False,False,False,DECREASED,DECREASED,LOW,3,0.74,CAUTION,"고열, 피부 징후"
DOG,6,3.2,40.5,134,46,False,True,False,True,True,DECREASED,DECREASED,LOW,7,1.0,DANGER,"고열, 호흡 급증"
DOG,8,22.5,39.4,127,47,True,False,False,False,False,DECREASED,INCREASED,NORMAL,5,0.6,CAUTION,"미열, 호흡 급증"
DOG,4,19.5,39.6,163,33,False,False,False,False,True,DECREASED,NORMAL,LOW,6,0.7,CAUTION,"미열, 빈맥"
DOG,3,28.0,39.3,152,22,True,True,False,False,False,NONE,DECREASED,LOW,6,0.71,CAUTION,"미열, 피부 징후"
DOG,3,6.2,38.6,71,30,False,False,False,False,True,INCREASED,NORMAL,NORMAL,2,0.05,NORMAL,이상 없음(정상)
CAT,7,2.9,39.4,119,47,False,False,True,False,False,DECREASED,DECREASED,HIGH,5,0.68,CAUTION,"미열, 호흡 급증"
DOG,2,13.4,38.7,152,36,False,False,True,False,False,DECREASED,NORMAL,LOW,2,0.42,WATCH,"피부 징후, 식욕 감소"
CAT,4,5.2,39.0,152,44,False,False,False,False,False,NORMAL,NORMAL,LOW,1,0.37,WATCH,"호흡 급증, 활동량 저하"
DOG,8,22.5,38.1,85,10,False,True,False,False,False,NORMAL,NORMAL,NORMAL,0,0.27,NORMAL,이상 없음(정상)
DOG,13,5.7,38.8,108,17,True,False,False,False,False,NORMAL,DECREASED,NORMAL,4,0.21,NORMAL,이상 없음(정상)
CAT,4,5.5,38.7,95,35,False,False,False,True,False,DECREASED,NORMAL,NORMAL,4,0.4,WATCH,"구토, 식욕 감소"
DOG,10,19.8,39.4,149,37,False,False,False,True,False,DECREASED,NORMAL,NORMAL,3,0.56,CAUTION,"미열, 구토"
DOG,6,13.5,39.0,143,43,False,False,False,False,False,NORMAL,NORMAL,NORMAL,0,0.43,WATCH,호흡 급증
CAT,11,4.6,38.1,154,27,False,False,False,False,False,DECREASED,DECREASED,NORMAL,4,0.33,WATCH,식욕 감소
CAT,8,3.5,39.0,111,24,True,False,False,False,False,NORMAL,INCREASED,NORMAL,3,0.24,NORMAL,이상 없음(정상)
DOG,8,11.6,40.0,180,68,True,False,False,False,False,DECREASED,DECREASED,LOW,5,1.0,DANGER,"고열, 빈맥"
CAT,1,4.4,39.4,99,47,False,True,False,False,True,INCREASED,DECREASED,HIGH,3,0.71,CAUTION,"미열, 호흡 급증"
CAT,15,5.1,38.3,105,29,False,False,False,False,False,NORMAL,NORMAL,NORMAL,0,0.19,NORMAL,이상 없음(정상)
CAT,4,5.8,39.8,164,19,False,False,False,False,False,NORMAL,INCREASED,NORMAL,0,0.49,WATCH,"미열, 빈맥"
CAT,4,3.3,38.6,141,39,True,False,False,True,False,NORMAL,NORMAL,LOW,7,0.35,WATCH,"구토, 피부 징후"
DOG,3,22.8,40.1,179,67,True,False,False,False,False,NONE,NORMAL,LOW,0,1.0,DANGER,"고열, 빈맥"
CAT,14,5.2,40.9,177,47,True,True,False,True,True,NORMAL,DECREASED,HIGH,7,1.0,DANGER,"고열, 빈맥"
CAT,2,5.7,38.9,118,41,True,True,False,False,False,NORMAL,DECREASED,NORMAL,3,0.41,WATCH,"호흡 급증, 피부 징후"
CAT,2,3.1,40.8,150,58,False,False,False,False,False,NORMAL,NORMAL,LOW,2,0.74,CAUTION,"고열, 호흡 급증"
DOG,5,14.2,39.8,145,41,False,True,False,True,True,NONE,DECREASED,LOW,3,1.0,DANGER,"미열, 호흡 급증"
DOG,4,8.1,38.8,135,48,False,False,False,True,False,DECREASED,DECREASED,LOW,6,0.59,CAUTION,"호흡 급증, 구토"
DOG,14,24.7,39.6,148,19,False,False,False,True,False,NORMAL,NORMAL,NORMAL,7,0.31,WATCH,"미열, 구토"
DOG,15,19.6,41.0,151,34,False,True,False,True,True,DECREASED,NORMAL,LOW,4,1.0,DANGER,"고열, 소화기 이상(구토 및 설사)"
CAT,12,7.6,39.1,140,41,False,False,False,True,False,NORMAL,DECREASED,LOW,5,0.34,WATCH,"호흡 급증, 구토"
DOG,3,12.1,38.7,167,39,False,False,False,False,True,NORMAL,INCREASED,NORMAL,2,0.4,WATCH,"빈맥, 설사"
DOG,13,21.5,40.3,165,61,False,False,False,False,True,NONE,DECREASED,NORMAL,0,1.0,DANGER,"고열, 빈맥"
CAT,4,3.6,39.4,170,37,False,False,False,False,False,DECREASED,NORMAL,NORMAL,3,0.53,CAUTION,"미열, 빈맥"
DOG,3,17.9,39.8,132,51,True,False,False,False,False,NORMAL,NORMAL,LOW,4,0.61,CAUTION,"미열, 호흡 급증"
DOG,9,24.5,39.7,200,39,False,True,False,False,False,DECREASED,DECREASED,NORMAL,3,0.69,CAUTION,"미열, 빈맥"
DOG,1,26.7,38.6,138,30,False,False,False,False,True,NORMAL,NORMAL,NORMAL,3,0.1,NORMAL,이상 없음(정상)
DOG,1,7.6,38.6,119,16,False,False,False,False,False,NORMAL,NORMAL,HIGH,2,0.14,NORMAL,이상 없음(정상)
DOG,1,10.0,39.2,116,34,False,True,False,True,True,DECREASED,DECREASED,LOW,7,0.69,CAUTION,"소화기 이상(구토 및 설사), 피부 징후"
DOG,11,15.1,39.8,111,37,True,True,False,False,False,DECREASED,NORMAL,LOW,3,0.55,CAUTION,"미열, 피부 징후"
DOG,11,16.0,39.0,175,33,True,False,False,True,False,DECREASED,NORMAL,LOW,7,0.68,CAUTION,"빈맥, 구토"
DOG,7,27.0,39.2,100,25,False,False,False,False,False,NORMAL,NORMAL,HIGH,7,0.02,NORMAL,이상 없음(정상)
DOG,2,5.8,38.6,112,18,False,False,False,False,False,DECREASED,NORMAL,NORMAL,4,0.0,NORMAL,이상 없음(정상)
CAT,3,3.6,38.2,114,15,False,False,False,False,True,NORMAL,INCREASED,NORMAL,7,0.1,NORMAL,이상 없음(정상)
CAT,8,2.2,38.0,84,38,True,False,False,False,False,NORMAL,NORMAL,NORMAL,6,0.12,NORMAL,이상 없음(정상)
DOG,8,6.0,38.8,110,14,False,False,False,False,False,NORMAL,NORMAL,NORMAL,0,0.0,NORMAL,이상 없음(정상)
DOG,1,15.4,38.7,68,22,False,False,True,False,True,DECREASED,NORMAL,HIGH,3,0.49,WATCH,"설사, 피부 징후"
DOG,10,23.8,39.1,165,36,True,True,False,False,True,NORMAL,NORMAL,LOW,2,0.65,CAUTION,"빈맥, 설사"
DOG,11,9.3,39.6,112,29,False,True,False,True,False,DECREASED,DECREASED,LOW,5,0.72,CAUTION,"미열, 구토"
DOG,12,28.3,38.8,104,30,True,False,False,False,False,NORMAL,INCREASED,LOW,6,0.38,WATCH,"피부 징후, 활동량 저하"
CAT,12,4.7,39.0,120,34,False,True,True,True,False,NONE,INCREASED,NORMAL,3,0.56,CAUTION,"구토, 피부 징후"
CAT,8,4.8,38.1,155,36,False,False,False,False,True,NORMAL,NORMAL,HIGH,4,0.19,NORMAL,이상 없음(정상)
CAT,8,3.0,38.9,113,45,False,False,True,False,False,DECREASED,DECREASED,LOW,5,0.59,CAUTION,"호흡 급증, 피부 징후"
DOG,4,8.6,37.6,140,19,False,False,False,False,False,NONE,NORMAL,LOW,1,0.33,WATCH,"식욕 절폐, 활동량 저하"
DOG,5,21.4,38.0,144,18,False,False,False,False,False,INCREASED,DECREASED,NORMAL,5,0.0,NORMAL,이상 없음(정상)
DOG,3,5.1,39.9,199,39,False,False,False,False,True,DECREASED,NORMAL,LOW,2,0.7,CAUTION,"미열, 빈맥"
DOG,6,18.0,39.1,147,39,True,False,True,False,True,NONE,DECREASED,HIGH,5,0.53,CAUTION,"설사, 피부 징후"
CAT,11,4.4,39.7,142,40,True,True,False,False,False,NORMAL,DECREASED,LOW,5,0.57,CAUTION,"미열, 호흡 급증"
DOG,12,8.4,39.1,168,31,True,True,True,False,True,DECREASED,NORMAL,LOW,3,0.62,CAUTION,"빈맥, 설사"
CAT,14,4.3,39.6,130,63,True,False,True,False,True,NONE,INCREASED,NORMAL,5,0.98,DANGER,"미열, 호흡 급증"
CAT,15,7.9,37.9,120,40,True,True,True,False,False,NORMAL,NORMAL,LOW,4,0.46,WATCH,"호흡 급증, 피부 징후"
CAT,4,7.2,38.5,116,10,False,False,False,False,False,NORMAL,NORMAL,NORMAL,0,0.0,NORMAL,이상 없음(정상)
DOG,9,16.0,38.3,96,36,False,True,False,False,False,NORMAL,NORMAL,NORMAL,0,0.32,WATCH,피부 징후
DOG,8,11.7,39.8,135,33,True,False,False,True,False,NORMAL,NORMAL,LOW,2,0.71,CAUTION,"미열, 구토"
CAT,8,6.8,38.3,134,25,False,True,False,False,False,NORMAL,NORMAL,NORMAL,0,0.11,NORMAL,이상 없음(정상)
CAT,9,5.7,38.4,131,39,False,True,True,False,False,DECREASED,NORMAL,LOW,0,0.43,WATCH,"피부 징후, 식욕 감소"
CAT,3,4.6,38.2,121,31,False,False,False,False,False,NORMAL,NORMAL,NORMAL,0,0.1,NORMAL,이상 없음(정상)
CAT,5,7.6,38.5,138,30,True,True,False,False,False,DECREASED,NORMAL,LOW,1,0.41,WATCH,"피부 징후, 식욕 감소"
DOG,3,11.9,39.8,96,21,False,True,True,False,False,NORMAL,NORMAL,LOW,5,0.42,WATCH,"미열, 피부 징후"
CAT,3,4.6,40.0,161,51,True,True,True,True,True,NONE,DECREASED,LOW,0,1.0,DANGER,"고열, 빈맥"
DOG,2,26.8,39.0,142,38,True,True,True,True,True,NORMAL,DECREASED,LOW,6,0.69,CAUTION,"소화기 이상(구토 및 설사), 피부 징후"
CAT,10,7.0,40.2,211,36,False,True,False,True,False,NONE,INCREASED,LOW,7,1.0,DANGER,"고열, 빈맥"
CAT,11,3.3,38.8,96,32,False,False,False,False,False,NORMAL,NORMAL,NORMAL,0,0.04,NORMAL,이상 없음(정상)
CAT,6,6.8,38.8,89,25,False,False,False,False,False,NORMAL,NORMAL,NORMAL,0,0.0,NORMAL,이상 없음(정상)
CAT,13,3.5,37.9,148,21,False,False,False,False,False,NORMAL,DECREASED,NORMAL,0,0.05,NORMAL,이상 없음(정상)
CAT,10,2.4,38.8,146,21,True,False,False,True,False,NORMAL,NORMAL,LOW,0,0.43,WATCH,"구토, 피부 징후"
DOG,11,29.1,38.4,78,22,False,False,False,False,False,NORMAL,NORMAL,NORMAL,0,0.0,NORMAL,이상 없음(정상)
CAT,6,3.9,37.8,99,25,False,False,False,False,False,NORMAL,NORMAL,NORMAL,0,0.0,NORMAL,이상 없음(정상)
CAT,11,4.0,38.6,117,27,True,False,False,False,False,DECREASED,NORMAL,NORMAL,2,0.33,WATCH,"피부 징후, 식욕 감소"
DOG,5,22.0,40.1,187,47,True,True,False,True,True,DECREASED,DECREASED,HIGH,0,1.0,DANGER,"고열, 빈맥"
CAT,4,4.0,38.4,83,24,False,True,False,False,False,DECREASED,NORMAL,LOW,5,0.33,WATCH,"피부 징후, 식욕 감소"
DOG,7,29.4,39.5,130,68,True,False,False,True,False,NONE,DECREASED,LOW,4,1.0,DANGER,"미열, 호흡 급증"
CAT,15,5.1,38.2,95,23,False,False,False,False,False,NORMAL,NORMAL,NORMAL,0,0.05,NORMAL,이상 없음(정상)
CAT,2,3.3,40.2,210,37,False,False,False,False,True,DECREASED,DECREASED,LOW,7,1.0,DANGER,"고열, 빈맥"
DOG,5,28.8,39.3,149,37,True,True,False,True,False,NORMAL,NORMAL,LOW,6,0.73,CAUTION,"미열, 구토"
CAT,10,3.6,39.5,118,29,False,False,False,False,True,DECREASED,DECREASED,LOW,2,0.44,WATCH,"미열, 설사"
CAT,3,3.4,38.7,146,26,True,True,False,True,False,INCREASED,NORMAL,LOW,7,0.52,CAUTION,"구토, 피부 징후"
DOG,3,9.0,39.7,124,43,False,True,False,False,False,DECREASED,DECREASED,LOW,1,0.69,CAUTION,"미열, 호흡 급증"
DOG,4,20.3,40.1,177,53,True,True,False,True,True,NONE,DECREASED,LOW,5,1.0,DANGER,"고열, 빈맥"
DOG,3,22.3,38.8,107,18,False,False,True,False,False,NORMAL,NORMAL,LOW,5,0.31,WATCH,"피부 징후, 활동량 저하"
CAT,10,3.4,39.4,131,29,False,False,False,False,False,NONE,DECREASED,LOW,2,0.59,CAUTION,"미열, 식욕 절폐"
CAT,9,4.6,39.6,165,30,False,False,False,False,False,NORMAL,INCREASED,NORMAL,0,0.4,WATCH,"미열, 빈맥"
CAT,5,7.5,41.1,170,45,True,True,True,False,False,NORMAL,DECREASED,LOW,0,1.0,DANGER,"고열, 빈맥"
DOG,11,29.2,38.6,161,50,True,True,False,False,False,NORMAL,NORMAL,LOW,4,0.63,CAUTION,"빈맥, 호흡 급증"
CAT,11,3.9,38.6,119,37,False,False,False,False,True,NORMAL,NORMAL,NORMAL,0,0.0,NORMAL,이상 없음(정상)
DOG,1,26.1,38.3,70,37,False,True,False,False,False,DECREASED,NORMAL,HIGH,4,0.06,NORMAL,이상 없음(정상)
DOG,5,5.6,38.7,84,38,False,False,False,False,False,NORMAL,NORMAL,NORMAL,0,0.01,NORMAL,이상 없음(정상)
DOG,8,26.8,38.5,103,32,False,False,False,False,False,NORMAL,NORMAL,NORMAL,0,0.0,NORMAL,이상 없음(정상)
CAT,5,3.6,39.7,180,68,False,True,False,True,True,NONE,DECREASED,LOW,7,1.0,DANGER,"미열, 빈맥"
CAT,15,2.8,38.3,104,23,False,False,False,False,False,INCREASED,NORMAL,NORMAL,1,0.01,NORMAL,이상 없음(정상)
CAT,6,5.9,38.9,106,17,False,False,False,False,False,NORMAL,NORMAL,NORMAL,0,0.07,NORMAL,이상 없음(정상)
DOG,8,11.8,38.2,79,11,False,False,False,False,True,NORMAL,NORMAL,HIGH,6,0.18,NORMAL,이상 없음(정상)
DOG,14,14.6,39.1,110,17,False,False,False,False,False,DECREASED,NORMAL,NORMAL,4,0.07,NORMAL,이상 없음(정상)
DOG,12,20.9,38.8,94,19,False,False,True,False,False,DECREASED,INCREASED,LOW,1,0.42,WATCH,"피부 징후, 식욕 감소"
CAT,1,2.3,39.7,184,37,False,True,False,False,True,NORMAL,NORMAL,NORMAL,0,0.71,CAUTION,"미열, 빈맥"
CAT,10,5.8,38.6,115,58,False,True,False,False,True,DECREASED,DECREASED,LOW,4,0.67,CAUTION,"호흡 급증, 설사"
CAT,11,4.6,39.2,137,44,False,False,False,False,False,DECREASED,NORMAL,LOW,1,0.5,CAUTION,"호흡 급증, 식욕 감소"
CAT,13,3.5,40.3,168,53,True,False,False,False,False,NONE,DECREASED,LOW,3,1.0,DANGER,"고열, 빈맥"
CAT,4,7.6,39.4,126,21,True,False,True,False,False,DECREASED,NORMAL,NORMAL,3,0.36,WATCH,"미열, 피부 징후"
CAT,7,6.9,37.7,115,10,False,False,False,False,False,NORMAL,INCREASED,NORMAL,0,0.02,NORMAL,이상 없음(정상)
DOG,5,6.9,39.5,153,38,False,False,True,False,True,NORMAL,NORMAL,LOW,5,0.64,CAUTION,"미열, 설사"
DOG,1,5.7,40.2,157,34,True,True,True,True,True,NONE,DECREASED,NORMAL,6,1.0,DANGER,"고열, 소화기 이상(구토 및 설사)"
DOG,2,6.5,38.4,129,21,True,False,False,False,False,NORMAL,NORMAL,LOW,7,0.33,WATCH,"피부 징후, 활동량 저하"
DOG,11,5.8,38.7,141,47,True,True,True,False,False,NONE,INCREASED,LOW,2,0.66,CAUTION,"호흡 급증, 피부 징후"
DOG,6,9.4,40.5,216,39,True,True,True,True,False,DECREASED,NORMAL,NORMAL,3,1.0,DANGER,"고열, 빈맥"
CAT,7,3.9,38.4,80,26,False,False,False,False,False,NORMAL,NORMAL,HIGH,2,0.07,NORMAL,이상 없음(정상)
CAT,14,7.0,38.6,101,29,False,False,False,False,False,NORMAL,NORMAL,NORMAL,0,0.1,NORMAL,이상 없음(정상)
CAT,8,5.2,39.5,178,45,False,True,False,True,True,NONE,DECREASED,LOW,1,1.0,DANGER,"미열, 빈맥"
DOG,10,13.5,38.5,92,34,False,False,False,False,False,NORMAL,NORMAL,NORMAL,0,0.0,NORMAL,이상 없음(정상)
DOG,8,24.5,39.5,154,70,True,False,False,False,True,NONE,DECREASED,LOW,5,1.0,DANGER,"미열, 호흡 급증"
CAT,10,4.8,38.6,121,23,False,False,False,False,False,NORMAL,NORMAL,NORMAL,0,0.0,NORMAL,이상 없음(정상)
DOG,11,10.8,37.4,138,10,False,False,False,False,True,NORMAL,NORMAL,NORMAL,6,0.06,NORMAL,이상 없음(정상)
CAT,9,6.1,38.8,84,15,False,False,False,False,False,NORMAL,NORMAL,NORMAL,0,0.03,NORMAL,이상 없음(정상)
CAT,14,7.0,38.1,100,32,False,True,True,False,False,NORMAL,NORMAL,NORMAL,0,0.11,NORMAL,이상 없음(정상)
DOG,10,21.3,38.5,84,24,True,False,False,False,False,NORMAL,NORMAL,HIGH,0,0.14,NORMAL,이상 없음(정상)
CAT,14,5.1,40.7,153,49,False,False,False,False,True,DECREASED,DECREASED,NORMAL,4,0.9,DANGER,"고열, 호흡 급증"
CAT,1,6.1,39.8,189,49,False,True,False,True,False,NONE,DECREASED,LOW,3,1.0,DANGER,"미열, 빈맥"
DOG,1,12.4,38.1,123,33,True,False,False,False,False,INCREASED,INCREASED,LOW,4,0.3,WATCH,"피부 징후, 활동량 저하"
CAT,6,2.6,39.4,136,26,False,True,True,False,True,DECREASED,NORMAL,LOW,7,0.62,CAUTION,"미열, 설사"
DOG,11,19.7,39.1,105,27,False,False,False,True,True,NORMAL,NORMAL,LOW,3,0.43,WATCH,"소화기 이상(구토 및 설사), 활동량 저하"
CAT,14,6.1,37.8,57,19,True,True,False,False,False,NORMAL,INCREASED,LOW,4,0.26,NORMAL,이상 없음(정상)
CAT,2,3.0,40.1,228,57,True,True,False,True,True,NONE,NORMAL,LOW,2,1.0,DANGER,"고열, 빈맥"
DOG,9,13.4,39.3,117,31,True,True,False,False,False,NORMAL,NORMAL,NORMAL,4,0.37,WATCH,"미열, 피부 징후"
DOG,4,6.0,39.3,95,22,False,True,False,False,False,DECREASED,NORMAL,LOW,5,0.47,WATCH,"미열, 피부 징후"
CAT,1,6.8,38.6,123,29,False,True,False,False,False,NORMAL,NORMAL,NORMAL,0,0.17,NORMAL,이상 없음(정상)
DOG,14,15.3,38.3,86,33,False,False,False,True,False,DECREASED,NORMAL,NORMAL,6,0.36,WATCH,"구토, 식욕 감소"
CAT,7,5.1,38.4,90,21,False,False,False,False,False,NORMAL,NORMAL,NORMAL,0,0.18,NORMAL,이상 없음(정상)
DOG,13,4.2,38.7,119,31,False,False,False,False,False,NORMAL,NORMAL,NORMAL,0,0.05,NORMAL,이상 없음(정상)
DOG,15,14.6,39.8,94,29,False,False,False,False,False,DECREASED,NORMAL,LOW,2,0.38,WATCH,"미열, 식욕 감소"
CAT,12,6.4,39.9,159,37,False,False,False,True,False,NORMAL,DECREASED,LOW,0,0.58,CAUTION,"미열, 구토"
DOG,13,9.0,37.4,99,19,True,False,False,False,False,NORMAL,INCREASED,NORMAL,0,0.25,NORMAL,이상 없음(정상)
CAT,3,6.1,40.5,164,63,False,True,False,True,True,NONE,NORMAL,LOW,1,1.0,DANGER,"고열, 빈맥"
DOG,11,20.8,39.0,93,19,False,False,False,False,False,NORMAL,NORMAL,NORMAL,0,0.12,NORMAL,이상 없음(정상)
DOG,9,22.1,38.7,85,17,False,False,False,False,False,INCREASED,NORMAL,HIGH,2,0.09,NORMAL,이상 없음(정상)
CAT,7,3.7,38.9,127,14,False,False,False,False,False,NORMAL,NORMAL,NORMAL,0,0.0,NORMAL,이상 없음(정상)
CAT,13,3.4,38.5,113,19,False,False,False,False,True,NORMAL,NORMAL,LOW,0,0.13,NORMAL,이상 없음(정상)
DOG,5,21.2,37.8,58,23,True,False,False,False,False,NORMAL,NORMAL,NORMAL,1,0.12,NORMAL,이상 없음(정상)
CAT,14,6.3,38.1,64,30,False,False,False,False,False,NORMAL,NORMAL,NORMAL,0,0.11,NORMAL,이상 없음(정상)
CAT,14,2.2,38.7,102,47,False,False,False,False,True,DECREASED,DECREASED,LOW,4,0.54,CAUTION,"호흡 급증, 설사"
DOG,14,2.8,39.0,105,27,False,False,False,False,False,NORMAL,NORMAL,NORMAL,0,0.0,NORMAL,이상 없음(정상)
DOG,4,12.3,38.5,124,19,False,True,False,False,False,DECREASED,NORMAL,HIGH,5,0.28,NORMAL,이상 없음(정상)
CAT,5,5.2,39.3,130,46,False,True,True,True,False,DECREASED,DECREASED,NORMAL,0,0.71,CAUTION,"미열, 호흡 급증"
DOG,7,15.4,39.4,154,50,False,True,False,False,True,NORMAL,NORMAL,NORMAL,5,0.72,CAUTION,"미열, 호흡 급증"
DOG,9,21.2,39.8,175,48,True,False,False,False,True,NONE,DECREASED,LOW,0,1.0,DANGER,"미열, 빈맥"
DOG,7,14.6,38.0,100,28,False,True,False,True,False,NORMAL,NORMAL,NORMAL,6,0.42,WATCH,"구토, 피부 징후"
DOG,12,21.4,40.7,160,55,False,True,False,True,True,NONE,DECREASED,LOW,2,1.0,DANGER,"고열, 빈맥"
DOG,9,20.7,40.2,162,37,False,True,True,True,False,DECREASED,NORMAL,LOW,4,1.0,DANGER,"고열, 빈맥"
CAT,4,6.4,40.1,124,38,False,False,False,True,False,NORMAL,INCREASED,NORMAL,3,0.4,WATCH,"고열, 구토"
DOG,2,11.1,38.8,87,26,True,False,False,False,False,NORMAL,NORMAL,NORMAL,7,0.13,NORMAL,이상 없음(정상)
CAT,7,2.3,38.1,93,23,False,True,True,True,False,NORMAL,NORMAL,NORMAL,7,0.39,WATCH,"구토, 피부 징후"
DOG,6,9.3,38.8,90,30,False,False,False,False,False,NORMAL,NORMAL,NORMAL,0,0.11,NORMAL,이상 없음(정상)
CAT,13,6.8,38.0,155,14,False,False,False,False,False,NORMAL,INCREASED,NORMAL,0,0.0,NORMAL,이상 없음(정상)
DOG,11,11.5,38.9,77,25,False,False,True,True,False,NORMAL,NORMAL,NORMAL,1,0.28,NORMAL,이상 없음(정상)
DOG,9,10.5,39.8,193,55,True,False,False,True,True,NONE,DECREASED,LOW,6,1.0,DANGER,"미열, 빈맥"
CAT,1,7.9,38.9,138,20,False,True,False,False,False,NORMAL,NORMAL,NORMAL,0,0.06,NORMAL,이상 없음(정상)
DOG,14,10.1,39.9,115,24,True,True,False,True,False,DECREASED,NORMAL,LOW,5,0.73,CAUTION,"미열, 구토"
CAT,15,7.3,39.3,122,32,False,False,False,False,False,NORMAL,INCREASED,HIGH,1,0.17,NORMAL,이상 없음(정상)
CAT,3,2.8,40.3,144,44,False,True,False,True,True,DECREASED,NORMAL,LOW,4,1.0,DANGER,"고열, 호흡 급증"
DOG,3,3.1,38.0,132,14,True,False,False,False,False,NORMAL,NORMAL,NORMAL,1,0.2,NORMAL,이상 없음(정상)
DOG,11,19.2,38.7,128,31,True,False,True,True,False,DECREASED,NORMAL,LOW,6,0.56,CAUTION,"구토, 피부 징후"
DOG,10,26.7,39.0,116,16,False,False,False,True,False,NORMAL,INCREASED,NORMAL,7,0.17,NORMAL,이상 없음(정상)
CAT,13,8.0,38.8,53,35,False,False,False,False,False,NORMAL,NORMAL,HIGH,1,0.01,NORMAL,이상 없음(정상)
DOG,3,26.1,38.5,96,23,False,False,False,False,False,NORMAL,NORMAL,NORMAL,0,0.0,NORMAL,이상 없음(정상)
CAT,14,3.1,39.0,127,23,False,False,False,False,True,DECREASED,DECREASED,LOW,4,0.34,WATCH,"설사, 식욕 감소"
CAT,9,7.7,40.1,185,54,True,True,False,True,True,NONE,DECREASED,LOW,1,1.0,DANGER,"고열, 빈맥"
CAT,15,7.3,38.6,124,28,True,False,False,False,False,DECREASED,NORMAL,LOW,7,0.32,WATCH,"피부 징후, 식욕 감소"
CAT,1,3.9,39.7,118,30,False,True,True,False,False,NORMAL,NORMAL,NORMAL,0,0.51,CAUTION,"미열, 피부 징후"
DOG,10,13.5,38.4,108,25,False,False,False,False,False,NORMAL,NORMAL,NORMAL,0,0.1,NORMAL,이상 없음(정상)
DOG,14,24.0,38.9,132,31,False,False,False,False,False,NONE,NORMAL,LOW,6,0.45,WATCH,"식욕 절폐, 활동량 저하"
DOG,13,6.5,41.0,195,41,True,False,True,True,True,NONE,NORMAL,LOW,0,1.0,DANGER,"고열, 빈맥"
DOG,3,3.3,39.2,145,32,False,True,False,False,False,NORMAL,NORMAL,NORMAL,0,0.14,NORMAL,이상 없음(정상)
DOG,5,14.6,38.3,139,29,False,False,False,False,False,NORMAL,NORMAL,HIGH,4,0.0,NORMAL,이상 없음(정상)
DOG,12,21.5,38.9,104,19,False,False,False,False,False,NORMAL,DECREASED,NORMAL,0,0.0,NORMAL,이상 없음(정상)
CAT,8,4.4,40.7,219,57,False,True,True,True,False,NONE,DECREASED,LOW,1,1.0,DANGER,"고열, 빈맥"
CAT,13,7.5,38.7,107,34,False,False,False,True,False,DECREASED,NORMAL,HIGH,5,0.18,NORMAL,이상 없음(정상)
DOG,5,3.9,38.8,98,35,True,False,False,False,False,NORMAL,DECREASED,NORMAL,2,0.0,NORMAL,이상 없음(정상)
CAT,15,3.2,39.5,200,37,False,False,False,False,True,INCREASED,INCREASED,NORMAL,0,0.69,CAUTION,"미열, 빈맥"
CAT,14,5.5,38.4,166,35,False,False,False,False,True,DECREASED,NORMAL,NORMAL,5,0.3,WATCH,"빈맥, 설사"
DOG,6,15.3,38.2,79,29,False,False,False,False,False,NORMAL,NORMAL,HIGH,7,0.03,NORMAL,이상 없음(정상)
CAT,13,5.1,39.1,177,25,False,False,False,True,False,NORMAL,DECREASED,LOW,1,0.62,CAUTION,"빈맥, 구토"
DOG,3,22.6,39.9,142,40,True,False,False,False,False,NORMAL,DECREASED,NORMAL,6,0.68,CAUTION,"미열, 호흡 급증"
DOG,11,19.6,38.8,150,19,True,False,False,False,True,NORMAL,NORMAL,LOW,2,0.4,WATCH,"설사, 피부 징후"
DOG,5,14.2,39.0,153,41,False,False,False,False,False,NORMAL,NORMAL,NORMAL,0,0.3,WATCH,호흡 급증
CAT,4,3.8,38.5,91,23,True,False,True,False,False,NORMAL,NORMAL,NORMAL,5,0.07,NORMAL,이상 없음(정상)
DOG,3,26.1,38.5,69,26,False,False,False,False,False,INCREASED,NORMAL,LOW,7,0.05,NORMAL,이상 없음(정상)
DOG,3,6.7,40.4,165,52,True,True,True,False,False,DECREASED,INCREASED,NORMAL,5,0.99,DANGER,"고열, 빈맥"
DOG,9,24.4,39.5,183,49,True,True,False,True,True,NONE,NORMAL,LOW,4,1.0,DANGER,"미열, 빈맥"
CAT,15,2.7,39.4,150,35,False,False,False,False,True,INCREASED,NORMAL,NORMAL,2,0.32,WATCH,"미열, 설사"
CAT,8,7.3,38.7,90,45,True,False,False,False,False,NORMAL,NORMAL,NORMAL,0,0.37,WATCH,"호흡 급증, 피부 징후"
CAT,6,7.6,39.7,146,46,False,True,False,False,False,DECREASED,NORMAL,HIGH,4,0.74,CAUTION,"미열, 호흡 급증"
DOG,13,13.6,39.7,136,40,False,True,False,False,False,DECREASED,DECREASED,LOW,4,0.67,CAUTION,"미열, 호흡 급증"
CAT,13,6.2,39.1,141,33,True,True,False,True,False,DECREASED,NORMAL,LOW,0,0.54,CAUTION,"구토, 피부 징후"
CAT,14,5.9,39.5,170,31,True,True,False,False,True,INCREASED,DECREASED,LOW,1,0.68,CAUTION,"미열, 빈맥"
CAT,13,7.7,39.1,156,22,False,False,False,False,False,DECREASED,DECREASED,NORMAL,3,0.03,NORMAL,이상 없음(정상)
CAT,9,2.1,38.7,87,21,False,False,False,False,False,DECREASED,NORMAL,NORMAL,4,0.14,NORMAL,이상 없음(정상)
CAT,6,6.7,37.4,160,31,False,False,False,False,False,NORMAL,NORMAL,NORMAL,0,0.22,NORMAL,이상 없음(정상)
DOG,10,29.0,40.4,164,41,False,False,False,True,True,DECREASED,NORMAL,LOW,4,1.0,DANGER,"고열, 빈맥"
DOG,10,11.6,38.2,112,39,False,False,False,False,False,INCREASED,NORMAL,LOW,3,0.05,NORMAL,이상 없음(정상)
DOG,5,8.1,38.4,110,24,False,False,False,False,False,DECREASED,NORMAL,HIGH,7,0.0,NORMAL,이상 없음(정상)
CAT,6,2.4,38.5,155,55,False,True,False,False,False,NORMAL,NORMAL,LOW,6,0.6,CAUTION,"호흡 급증, 피부 징후"
CAT,4,3.6,38.2,148,22,False,False,False,True,True,DECREASED,NORMAL,NORMAL,0,0.36,WATCH,"소화기 이상(구토 및 설사), 식욕 감소"
DOG,2,17.0,38.8,156,17,True,False,False,True,True,NORMAL,DECREASED,NORMAL,5,0.48,WATCH,"소화기 이상(구토 및 설사), 피부 징후"
DOG,14,15.0,38.7,118,24,True,True,False,False,True,DECREASED,NORMAL,NORMAL,0,0.41,WATCH,"설사, 피부 징후"
CAT,3,3.3,39.7,117,24,False,False,True,False,True,NORMAL,NORMAL,LOW,6,0.58,CAUTION,"미열, 설사"
DOG,2,29.3,40.6,151,47,False,True,False,True,False,NONE,NORMAL,LOW,3,1.0,DANGER,"고열, 호흡 급증"
CAT,15,5.0,38.7,127,26,False,False,False,False,False,NORMAL,INCREASED,NORMAL,0,0.0,NORMAL,이상 없음(정상)
CAT,13,7.7,39.0,122,25,False,False,False,False,False,INCREASED,NORMAL,NORMAL,5,0.0,NORMAL,이상 없음(정상)
DOG,4,29.7,38.5,95,18,False,True,False,False,True,NORMAL,NORMAL,NORMAL,1,0.38,WATCH,"설사, 피부 징후"
CAT,12,7.1,38.8,109,19,True,False,False,True,False,NORMAL,DECREASED,NORMAL,5,0.3,WATCH,"구토, 피부 징후"
CAT,11,2.3,38.6,132,38,False,False,False,False,False,NORMAL,NORMAL,NORMAL,0,0.07,NORMAL,이상 없음(정상)
CAT,9,7.8,39.5,151,22,False,False,False,True,False,NONE,INCREASED,NORMAL,7,0.51,CAUTION,"미열, 구토"
DOG,4,16.2,38.4,151,17,False,False,False,False,True,NORMAL,NORMAL,NORMAL,7,0.06,NORMAL,이상 없음(정상)
DOG,12,24.2,39.0,200,30,False,False,True,False,True,DECREASED,NORMAL,LOW,0,0.7,CAUTION,"빈맥, 설사"
DOG,4,14.8,39.7,133,48,False,False,False,False,False,NONE,DECREASED,HIGH,3,0.69,CAUTION,"미열, 호흡 급증"
CAT,6,7.3,40.2,138,36,False,True,False,True,True,NONE,NORMAL,LOW,7,1.0,DANGER,"고열, 소화기 이상(구토 및 설사)"
DOG,5,19.4,39.8,95,18,False,False,False,True,False,DECREASED,DECREASED,NORMAL,1,0.43,WATCH,"미열, 구토"
DOG,15,24.6,39.1,109,12,True,False,False,True,False,NORMAL,NORMAL,LOW,4,0.47,WATCH,"구토, 피부 징후"
CAT,4,2.8,39.2,79,32,False,True,False,False,True,DECREASED,NORMAL,NORMAL,0,0.42,WATCH,"설사, 피부 징후"
DOG,14,22.8,38.2,102,16,True,False,False,False,False,NORMAL,NORMAL,NORMAL,2,0.15,NORMAL,이상 없음(정상)
DOG,1,23.7,40.2,125,22,False,False,False,False,False,DECREASED,DECREASED,NORMAL,4,0.48,WATCH,"고열, 식욕 감소"
DOG,4,29.7,39.9,157,49,True,False,False,False,True,NORMAL,DECREASED,LOW,5,0.73,CAUTION,"미열, 호흡 급증"
DOG,2,25.9,39.1,138,29,False,True,True,True,False,DECREASED,NORMAL,LOW,6,0.73,CAUTION,"구토, 피부 징후"
CAT,5,6.4,37.7,106,21,False,False,False,False,False,NORMAL,NORMAL,NORMAL,0,0.12,NORMAL,이상 없음(정상)
CAT,1,6.5,39.8,190,53,False,False,True,True,False,NONE,DECREASED,NORMAL,7,1.0,DANGER,"미열, 빈맥"
CAT,9,5.2,38.2,114,30,False,False,True,False,True,NORMAL,NORMAL,NORMAL,2,0.27,NORMAL,이상 없음(정상)
DOG,11,14.9,39.8,158,35,True,True,True,False,True,NORMAL,DECREASED,LOW,1,0.53,CAUTION,"미열, 설사"
DOG,2,10.4,39.5,140,41,True,True,False,False,False,NORMAL,NORMAL,HIGH,6,0.67,CAUTION,"미열, 호흡 급증"
DOG,10,16.6,40.1,156,49,False,True,False,False,False,DECREASED,NORMAL,LOW,2,1.0,DANGER,"고열, 호흡 급증"
CAT,12,2.4,38.7,87,33,False,False,False,False,False,NORMAL,NORMAL,NORMAL,0,0.02,NORMAL,이상 없음(정상)
DOG,1,24.2,39.0,103,23,False,False,False,False,False,NORMAL,NORMAL,NORMAL,0,0.0,NORMAL,이상 없음(정상)
DOG,4,6.8,37.8,101,33,True,False,False,False,False,NONE,INCREASED,NORMAL,3,0.38,WATCH,"피부 징후, 식욕 절폐"
CAT,2,4.0,40.4,142,44,False,False,False,True,True,DECREASED,INCREASED,LOW,1,1.0,DANGER,"고열, 호흡 급증"
CAT,3,7.9,38.1,90,29,False,False,False,False,False,NORMAL,NORMAL,LOW,7,0.15,NORMAL,이상 없음(정상)
DOG,6,23.8,41.5,195,37,False,True,False,True,True,DECREASED,DECREASED,LOW,1,1.0,DANGER,"고열, 빈맥"
DOG,15,17.4,39.1,86,28,False,False,False,False,True,NORMAL,NORMAL,NORMAL,5,0.1,NORMAL,이상 없음(정상)
DOG,14,27.6,39.5,127,33,False,False,True,True,True,DECREASED,NORMAL,NORMAL,5,0.73,CAUTION,"미열, 소화기 이상(구토 및 설사)"
CAT,6,5.6,39.6,124,38,False,False,False,True,False,NORMAL,NORMAL,NORMAL,5,0.42,WATCH,"미열, 구토"
CAT,8,3.9,39.6,105,39,False,False,True,True,False,DECREASED,NORMAL,LOW,6,0.72,CAUTION,"미열, 구토"
CAT,3,3.5,39.2,128,21,False,False,True,False,False,DECREASED,DECREASED,NORMAL,0,0.31,WATCH,"피부 징후, 식욕 감소"
DOG,4,22.8,39.8,181,29,True,True,False,False,False,DECREASED,DECREASED,NORMAL,2,0.73,CAUTION,"미열, 빈맥"
CAT,9,3.7,40.3,153,37,False,True,False,True,True,DECREASED,NORMAL,LOW,1,1.0,DANGER,"고열, 소화기 이상(구토 및 설사)"
CAT,4,2.9,39.1,146,34,True,False,False,True,True,NORMAL,NORMAL,NORMAL,3,0.51,CAUTION,"소화기 이상(구토 및 설사), 피부 징후"
DOG,10,13.9,39.5,160,40,False,True,True,False,True,NONE,DECREASED,LOW,6,1.0,DANGER,"미열, 빈맥"
DOG,7,6.5,40.2,196,44,True,False,False,False,False,NONE,DECREASED,LOW,3,1.0,DANGER,"고열, 빈맥"
CAT,10,7.7,39.8,169,49,True,False,False,True,True,INCREASED,DECREASED,LOW,1,1.0,DANGER,"미열, 빈맥"
DOG,3,19.1,40.8,184,34,False,False,True,False,False,DECREASED,INCREASED,LOW,6,0.92,DANGER,"고열, 빈맥"
CAT,3,3.5,38.9,143,27,False,False,False,False,False,NORMAL,NORMAL,NORMAL,0,0.0,NORMAL,이상 없음(정상)
CAT,7,4.5,40.5,157,39,True,False,False,True,False,DECREASED,DECREASED,LOW,4,1.0,DANGER,"고열, 구토"
CAT,14,7.2,39.6,174,50,False,False,False,False,False,DECREASED,NORMAL,NORMAL,0,0.68,CAUTION,"미열, 빈맥"
DOG,4,4.0,37.9,116,14,False,False,False,True,False,NORMAL,NORMAL,NORMAL,6,0.18,NORMAL,이상 없음(정상)
DOG,14,19.1,39.5,120,24,True,False,False,False,False,INCREASED,NORMAL,NORMAL,7,0.34,WATCH,"미열, 피부 징후"
CAT,3,2.2,38.7,178,19,False,False,False,False,False,NORMAL,NORMAL,LOW,5,0.39,WATCH,"빈맥, 활동량 저하"
DOG,9,28.8,40.6,224,61,True,True,True,False,False,DECREASED,DECREASED,LOW,5,1.0,DANGER,"고열, 빈맥"
CAT,5,6.6,38.5,133,24,False,False,False,True,True,DECREASED,NORMAL,NORMAL,1,0.44,WATCH,"소화기 이상(구토 및 설사), 식욕 감소"
DOG,15,8.7,39.0,137,18,False,False,False,False,False,NORMAL,NORMAL,NORMAL,0,0.0,NORMAL,이상 없음(정상)
DOG,11,27.8,39.6,121,23,False,False,False,False,False,NONE,NORMAL,LOW,2,0.53,CAUTION,"미열, 식욕 절폐"
DOG,2,16.0,39.6,163,35,False,False,True,False,False,NORMAL,DECREASED,LOW,1,0.72,CAUTION,"미열, 빈맥"
DOG,6,25.4,38.4,84,21,False,True,False,False,True,NORMAL,NORMAL,NORMAL,2,0.21,NORMAL,이상 없음(정상)
DOG,2,24.6,39.2,172,33,False,False,False,False,True,NONE,DECREASED,LOW,1,0.59,CAUTION,"빈맥, 설사"
CAT,14,3.0,40.7,161,47,True,False,True,False,True,DECREASED,DECREASED,NORMAL,1,1.0,DANGER,"고열, 빈맥"
DOG,13,15.0,38.3,154,31,True,False,False,True,False,NORMAL,NORMAL,NORMAL,6,0.33,WATCH,"구토, 피부 징후"
DOG,15,11.8,39.3,168,39,False,True,False,False,True,DECREASED,NORMAL,HIGH,0,0.61,CAUTION,"미열, 빈맥"
CAT,2,5.9,38.5,118,25,False,False,False,False,True,NORMAL,NORMAL,NORMAL,5,0.28,NORMAL,이상 없음(정상)
DOG,15,7.6,38.2,135,16,False,False,False,False,False,NORMAL,NORMAL,NORMAL,0,0.0,NORMAL,이상 없음(정상)
DOG,2,20.0,39.1,95,37,False,False,True,True,False,NORMAL,NORMAL,LOW,0,0.36,WATCH,"구토, 피부 징후"
DOG,14,23.3,38.0,106,26,False,False,False,False,False,NORMAL,INCREASED,LOW,0,0.13,NORMAL,이상 없음(정상)
DOG,5,25.2,38.5,127,16,False,False,False,False,False,NORMAL,NORMAL,NORMAL,0,0.13,NORMAL,이상 없음(정상)
CAT,1,5.6,38.7,153,16,False,False,False,True,True,NORMAL,INCREASED,NORMAL,1,0.34,WATCH,소화기 이상(구토 및 설사)
CAT,14,8.0,40.6,182,47,False,False,True,True,True,DECREASED,DECREASED,LOW,5,1.0,DANGER,"고열, 빈맥"
DOG,4,4.5,39.1,111,32,False,False,False,False,False,NORMAL,DECREASED,NORMAL,0,0.02,NORMAL,이상 없음(정상)
DOG,11,27.9,38.8,114,27,False,True,True,False,False,NORMAL,NORMAL,NORMAL,0,0.11,NORMAL,이상 없음(정상)
CAT,1,2.4,39.4,89,31,True,False,False,False,True,NORMAL,NORMAL,NORMAL,7,0.44,WATCH,"미열, 설사"
DOG,6,20.9,39.9,123,28,False,False,False,True,False,NORMAL,NORMAL,LOW,5,0.5,CAUTION,"미열, 구토"
DOG,6,13.3,38.9,115,12,False,False,False,True,True,DECREASED,INCREASED,NORMAL,6,0.46,WATCH,"소화기 이상(구토 및 설사), 식욕 감소"
DOG,15,17.0,39.1,119,23,False,True,False,False,True,DECREASED,NORMAL,NORMAL,5,0.4,WATCH,"설사, 피부 징후"
CAT,9,3.3,39.3,122,43,False,False,False,False,False,DECREASED,DECREASED,LOW,0,0.6,CAUTION,"미열, 호흡 급증"
DOG,4,11.5,38.1,55,17,True,False,False,False,False,NORMAL,NORMAL,LOW,1,0.17,NORMAL,이상 없음(정상)
CAT,5,7.9,39.9,173,52,True,False,True,False,True,NONE,DECREASED,LOW,2,1.0,DANGER,"미열, 빈맥"
DOG,8,18.5,40.3,165,36,True,True,True,False,True,NONE,DECREASED,LOW,0,1.0,DANGER,"고열, 빈맥"
CAT,11,5.3,39.5,152,20,False,False,False,False,False,DECREASED,NORMAL,HIGH,1,0.34,WATCH,"미열, 식욕 감소"
DOG,9,28.2,39.8,134,30,False,True,False,True,False,DECREASED,DECREASED,LOW,4,0.7,CAUTION,"미열, 구토"
DOG,5,26.8,39.6,159,29,False,False,False,True,False,NORMAL,DECREASED,NORMAL,1,0.34,WATCH,"미열, 구토"
DOG,9,20.3,39.3,117,47,True,True,False,False,False,DECREASED,DECREASED,NORMAL,4,0.69,CAUTION,"미열, 호흡 급증"
CAT,8,6.5,38.1,106,25,False,False,False,True,False,NORMAL,NORMAL,NORMAL,6,0.09,NORMAL,이상 없음(정상)
CAT,4,7.4,37.8,84,29,False,False,False,False,True,NORMAL,NORMAL,NORMAL,6,0.17,NORMAL,이상 없음(정상)
CAT,7,5.7,40.5,158,37,True,False,True,False,False,NORMAL,DECREASED,LOW,1,0.7,CAUTION,"고열, 피부 징후"
CAT,7,3.0,39.1,70,20,False,False,False,True,False,NORMAL,INCREASED,HIGH,3,0.21,NORMAL,이상 없음(정상)
CAT,1,3.7,39.5,111,30,False,False,True,False,False,INCREASED,NORMAL,LOW,1,0.4,WATCH,"미열, 피부 징후"
DOG,13,27.3,39.8,130,41,True,True,False,True,True,NORMAL,NORMAL,LOW,6,1.0,DANGER,"미열, 호흡 급증"
DOG,9,26.3,39.3,169,34,False,False,False,True,False,NORMAL,DECREASED,LOW,7,0.68,CAUTION,"미열, 빈맥"
DOG,9,7.8,40.5,194,55,True,False,False,True,True,NONE,DECREASED,LOW,5,1.0,DANGER,"고열, 빈맥"
CAT,10,6.2,39.1,152,40,False,False,False,True,False,DECREASED,NORMAL,LOW,2,0.71,CAUTION,"호흡 급증, 구토"
CAT,14,6.9,39.4,138,22,True,True,True,False,True,DECREASED,DECREASED,LOW,1,0.67,CAUTION,"미열, 설사"
DOG,3,18.3,39.5,146,44,False,False,False,True,True,NONE,DECREASED,LOW,7,1.0,DANGER,"미열, 호흡 급증"
CAT,9,6.9,40.9,175,37,False,True,True,False,True,NONE,DECREASED,LOW,3,1.0,DANGER,"고열, 빈맥"
DOG,7,5.5,38.9,94,42,False,True,False,False,False,DECREASED,NORMAL,NORMAL,3,0.42,WATCH,"호흡 급증, 피부 징후"
CAT,4,6.6,39.1,113,26,False,False,False,True,False,NORMAL,NORMAL,NORMAL,7,0.29,NORMAL,이상 없음(정상)
CAT,4,4.4,39.8,126,37,True,False,True,True,False,DECREASED,DECREASED,NORMAL,7,0.73,CAUTION,"미열, 구토"
CAT,10,4.6,38.8,118,19,False,False,False,False,False,NORMAL,NORMAL,NORMAL,0,0.05,NORMAL,이상 없음(정상)
CAT,14,2.4,40.5,148,65,False,True,False,True,True,NONE,DECREASED,LOW,2,1.0,DANGER,"고열, 호흡 급증"
CAT,11,2.5,39.0,162,34,True,True,True,False,False,DECREASED,DECREASED,LOW,3,0.54,CAUTION,"빈맥, 피부 징후"
CAT,15,7.5,39.0,147,28,False,True,True,False,True,DECREASED,NORMAL,LOW,7,0.5,CAUTION,"설사, 피부 징후"
DOG,14,20.2,40.0,180,53,False,True,False,False,True,NONE,DECREASED,LOW,2,1.0,DANGER,"고열, 빈맥"
CAT,1,2.6,38.7,104,20,False,False,False,True,False,INCREASED,NORMAL,NORMAL,1,0.18,NORMAL,이상 없음(정상)
CAT,3,5.1,39.9,202,34,True,True,False,False,True,NONE,DECREASED,NORMAL,2,1.0,DANGER,"미열, 빈맥"
DOG,6,13.2,39.0,144,33,True,True,True,True,False,DECREASED,DECREASED,LOW,4,0.64,CAUTION,"구토, 피부 징후"
CAT,9,5.1,38.0,115,32,False,False,False,False,False,NORMAL,NORMAL,NORMAL,0,0.0,NORMAL,이상 없음(정상)
DOG,9,27.3,39.6,151,38,True,False,False,False,False,DECREASED,DECREASED,LOW,1,0.52,CAUTION,"미열, 피부 징후"
DOG,9,23.2,40.4,167,48,True,False,True,False,False,DECREASED,DECREASED,LOW,6,1.0,DANGER,"고열, 빈맥"
CAT,15,7.4,38.2,130,15,False,False,False,False,False,NORMAL,NORMAL,HIGH,3,0.04,NORMAL,이상 없음(정상)
CAT,9,3.5,40.0,160,49,False,True,False,True,False,NONE,NORMAL,LOW,1,1.0,DANGER,"고열, 빈맥"
DOG,1,20.8,40.0,110,34,True,False,True,False,False,DECREASED,NORMAL,LOW,6,0.74,CAUTION,"고열, 피부 징후"
DOG,10,10.5,39.1,110,24,True,False,False,False,False,DECREASED,NORMAL,LOW,7,0.37,WATCH,"피부 징후, 식욕 감소"
DOG,7,12.4,40.7,207,51,True,True,False,True,True,NONE,DECREASED,LOW,6,1.0,DANGER,"고열, 빈맥"
DOG,14,11.3,40.0,99,39,False,True,True,False,False,NORMAL,DECREASED,NORMAL,0,0.53,CAUTION,"고열, 피부 징후"
DOG,12,28.3,39.7,218,42,False,False,False,False,True,NONE,INCREASED,LOW,5,1.0,DANGER,"미열, 빈맥"
DOG,14,24.1,38.2,103,26,False,False,False,False,True,DECREASED,NORMAL,NORMAL,6,0.28,NORMAL,이상 없음(정상)
DOG,6,15.7,38.4,167,36,False,False,False,False,True,DECREASED,NORMAL,NORMAL,4,0.47,WATCH,"빈맥, 설사"
DOG,8,15.7,38.9,145,21,False,False,False,False,False,NORMAL,NORMAL,NORMAL,0,0.06,NORMAL,이상 없음(정상)
CAT,2,6.4,40.3,194,49,False,False,True,True,True,NONE,DECREASED,LOW,3,1.0,DANGER,"고열, 빈맥"
DOG,10,12.9,39.2,172,33,False,False,False,False,True,DECREASED,NORMAL,NORMAL,4,0.58,CAUTION,"빈맥, 설사"
CAT,12,5.5,38.2,110,16,False,False,False,False,False,NORMAL,NORMAL,NORMAL,0,0.03,NORMAL,이상 없음(정상)
CAT,15,7.0,39.0,131,34,False,False,False,False,True,DECREASED,NORMAL,LOW,1,0.48,WATCH,"설사, 식욕 감소"
DOG,7,25.6,39.0,163,45,False,False,False,False,False,NORMAL,NORMAL,NORMAL,0,0.36,WATCH,"빈맥, 호흡 급증"
CAT,6,5.7,38.2,84,22,True,False,False,False,False,NORMAL,NORMAL,NORMAL,4,0.19,NORMAL,이상 없음(정상)
DOG,5,28.4,38.4,89,17,False,False,False,False,False,NORMAL,NORMAL,NORMAL,0,0.0,NORMAL,이상 없음(정상)
DOG,11,18.9,39.3,189,30,False,True,False,False,False,DECREASED,DECREASED,NORMAL,6,0.64,CAUTION,"미열, 빈맥"
CAT,13,5.0,39.1,119,23,True,True,False,True,True,DECREASED,NORMAL,LOW,4,0.64,CAUTION,"소화기 이상(구토 및 설사), 피부 징후"
CAT,13,3.8,38.7,100,45,False,False,False,False,False,DECREASED,NORMAL,HIGH,4,0.32,WATCH,"호흡 급증, 식욕 감소"
DOG,6,21.3,39.5,127,19,True,False,False,False,False,NORMAL,DECREASED,NORMAL,0,0.32,WATCH,"미열, 피부 징후"
CAT,1,3.0,38.1,107,13,False,False,False,False,True,NORMAL,NORMAL,NORMAL,5,0.07,NORMAL,이상 없음(정상)
DOG,4,14.3,39.1,104,30,True,False,False,False,True,NORMAL,DECREASED,NORMAL,2,0.35,WATCH,"설사, 피부 징후"
CAT,1,3.6,37.9,141,21,False,False,False,False,False,NONE,NORMAL,NORMAL,0,0.3,WATCH,식욕 절폐
DOG,1,17.3,40.3,137,47,False,True,False,True,True,DECREASED,INCREASED,LOW,0,1.0,DANGER,"고열, 호흡 급증"
DOG,10,29.6,39.1,107,38,True,False,False,False,False,DECREASED,NORMAL,NORMAL,4,0.35,WATCH,"피부 징후, 식욕 감소"
CAT,8,4.9,40.4,149,63,True,True,False,True,True,NONE,NORMAL,LOW,7,1.0,DANGER,"고열, 호흡 급증"
CAT,2,3.3,40.6,152,49,True,True,True,True,True,NONE,NORMAL,LOW,7,1.0,DANGER,"고열, 호흡 급증"
DOG,13,18.2,39.5,141,32,False,True,False,True,False,DECREASED,DECREASED,LOW,4,0.73,CAUTION,"미열, 구토"
DOG,2,7.6,39.4,130,22,True,True,False,False,True,DECREASED,DECREASED,NORMAL,0,0.65,CAUTION,"미열, 설사"
CAT,14,2.8,39.7,186,37,False,False,True,False,False,DECREASED,NORMAL,LOW,1,0.64,CAUTION,"미열, 빈맥"
DOG,6,7.7,40.5,144,38,True,True,False,True,True,NONE,DECREASED,LOW,3,1.0,DANGER,"고열, 소화기 이상(구토 및 설사)"
DOG,10,23.7,38.7,114,22,False,False,False,False,False,NORMAL,NORMAL,NORMAL,0,0.01,NORMAL,이상 없음(정상)
DOG,6,25.5,39.5,125,52,True,False,False,False,False,DECREASED,NORMAL,NORMAL,0,0.71,CAUTION,"미열, 호흡 급증"
DOG,9,5.7,38.2,135,19,True,False,False,False,False,NORMAL,INCREASED,NORMAL,0,0.26,NORMAL,이상 없음(정상)
CAT,11,2.4,39.2,185,37,False,False,False,True,True,DECREASED,DECREASED,NORMAL,0,0.61,CAUTION,"빈맥, 소화기 이상(구토 및 설사)"
CAT,6,2.2,38.4,166,30,False,True,False,False,False,DECREASED,NORMAL,NORMAL,7,0.38,WATCH,"빈맥, 피부 징후"
DOG,2,8.6,37.7,125,33,False,False,False,False,False,NORMAL,INCREASED,NORMAL,0,0.0,NORMAL,이상 없음(정상)
CAT,12,3.8,40.0,97,44,False,False,False,False,False,DECREASED,NORMAL,HIGH,4,0.66,CAUTION,"고열, 호흡 급증"
CAT,3,5.0,38.6,60,30,True,False,True,False,True,NORMAL,NORMAL,NORMAL,6,0.43,WATCH,"설사, 피부 징후"
DOG,8,26.0,39.7,94,19,False,False,False,False,False,INCREASED,NORMAL,NORMAL,2,0.22,NORMAL,이상 없음(정상)
DOG,13,10.1,38.2,110,26,False,False,False,False,False,NORMAL,NORMAL,NORMAL,0,0.0,NORMAL,이상 없음(정상)
CAT,4,4.9,39.1,104,12,False,False,True,False,False,NORMAL,NORMAL,LOW,6,0.31,WATCH,"피부 징후, 활동량 저하"
DOG,3,11.9,38.9,155,38,False,True,False,True,False,DECREASED,DECREASED,LOW,0,0.73,CAUTION,"구토, 피부 징후"
DOG,15,5.8,39.0,107,20,False,False,True,True,False,DECREASED,NORMAL,HIGH,2,0.47,WATCH,"구토, 피부 징후"
DOG,15,27.1,40.6,183,33,False,False,False,False,False,DECREASED,DECREASED,NORMAL,2,0.58,CAUTION,"고열, 빈맥"
CAT,1,7.8,39.7,146,38,True,False,False,True,False,DECREASED,DECREASED,LOW,3,0.66,CAUTION,"미열, 구토"
DOG,1,10.2,38.6,98,27,False,False,False,False,True,DECREASED,DECREASED,LOW,4,0.43,WATCH,"설사, 식욕 감소"
DOG,4,27.5,38.2,96,16,False,True,False,False,False,NORMAL,NORMAL,NORMAL,0,0.18,NORMAL,이상 없음(정상)
CAT,5,7.0,39.0,162,31,False,False,False,True,False,NORMAL,NORMAL,NORMAL,2,0.44,WATCH,"빈맥, 구토"
CAT,7,4.3,38.6,143,37,False,False,False,True,True,DECREASED,NORMAL,NORMAL,5,0.41,WATCH,"소화기 이상(구토 및 설사), 식욕 감소"
DOG,6,16.8,39.1,122,49,False,True,False,False,True,DECREASED,NORMAL,LOW,2,0.69,CAUTION,"호흡 급증, 설사"
CAT,10,2.2,38.1,122,19,False,False,False,False,False,NORMAL,INCREASED,NORMAL,0,0.0,NORMAL,이상 없음(정상)
DOG,2,29.1,39.5,107,23,False,False,False,True,True,DECREASED,DECREASED,NORMAL,3,0.6,CAUTION,"미열, 소화기 이상(구토 및 설사)"
CAT,4,4.9,40.4,185,44,False,True,True,False,True,NONE,DECREASED,LOW,0,1.0,DANGER,"고열, 빈맥"
DOG,8,12.1,38.5,116,12,False,False,False,False,False,NORMAL,NORMAL,NORMAL,0,0.0,NORMAL,이상 없음(정상)
CAT,2,2.4,40.8,188,47,False,True,False,True,False,NONE,DECREASED,LOW,5,1.0,DANGER,"고열, 빈맥"
DOG,2,14.4,38.9,101,23,False,False,False,True,False,NORMAL,NORMAL,NORMAL,6,0.12,NORMAL,이상 없음(정상)
DOG,13,8.7,40.2,163,41,False,False,True,True,True,DECREASED,NORMAL,NORMAL,2,1.0,DANGER,"고열, 빈맥"
CAT,5,3.0,41.0,167,60,False,True,False,False,True,DECREASED,DECREASED,LOW,7,1.0,DANGER,"고열, 빈맥"
DOG,5,12.6,40.5,148,34,False,True,True,True,True,NONE,NORMAL,LOW,3,1.0,DANGER,"고열, 소화기 이상(구토 및 설사)"
DOG,10,3.6,39.6,165,40,True,False,False,False,True,NONE,DECREASED,LOW,1,1.0,DANGER,"미열, 빈맥"
CAT,2,8.0,39.5,121,38,False,False,False,True,True,NORMAL,DECREASED,LOW,3,0.63,CAUTION,"미열, 소화기 이상(구토 및 설사)"
DOG,11,3.6,40.4,165,48,True,True,True,False,False,NONE,DECREASED,LOW,7,1.0,DANGER,"고열, 빈맥"
DOG,6,3.1,40.1,217,71,False,False,True,True,True,NONE,NORMAL,LOW,0,1.0,DANGER,"고열, 빈맥"
DOG,15,6.8,40.4,167,34,False,False,True,True,True,DECREASED,NORMAL,LOW,0,1.0,DANGER,"고열, 빈맥"
CAT,6,7.2,39.8,104,35,False,False,True,True,False,NORMAL,DECREASED,LOW,2,0.62,CAUTION,"미열, 구토"
DOG,15,23.8,40.6,178,64,False,True,False,False,True,DECREASED,DECREASED,LOW,2,1.0,DANGER,"고열, 빈맥"
DOG,3,8.4,39.1,164,49,False,False,False,False,False,NORMAL,DECREASED,NORMAL,0,0.54,CAUTION,"빈맥, 호흡 급증"
DOG,4,8.8,37.3,123,23,False,False,False,False,False,NORMAL,NORMAL,NORMAL,0,0.09,NORMAL,이상 없음(정상)
DOG,15,25.6,39.9,154,57,True,True,False,True,True,NONE,DECREASED,LOW,2,1.0,DANGER,"미열, 호흡 급증"
DOG,14,18.9,38.5,96,20,False,False,False,False,False,INCREASED,INCREASED,NORMAL,1,0.0,NORMAL,이상 없음(정상)
DOG,3,15.2,39.1,166,28,True,True,False,False,True,DECREASED,DECREASED,LOW,2,0.7,CAUTION,"빈맥, 설사"
DOG,12,26.3,39.2,200,45,False,True,False,False,False,NORMAL,DECREASED,LOW,4,0.66,CAUTION,"빈맥, 호흡 급증"
DOG,11,27.1,38.8,85,19,False,False,False,False,False,NORMAL,DECREASED,NORMAL,0,0.0,NORMAL,이상 없음(정상)
CAT,12,6.4,39.8,155,23,False,False,False,True,False,DECREASED,NORMAL,LOW,1,0.57,CAUTION,"미열, 구토"
CAT,3,2.3,38.5,88,14,False,False,False,False,False,NORMAL,NORMAL,NORMAL,0,0.09,NORMAL,이상 없음(정상)
CAT,3,2.6,38.6,104,20,True,False,False,False,False,NORMAL,INCREASED,HIGH,2,0.17,NORMAL,이상 없음(정상)
DOG,5,13.8,38.4,123,25,False,False,False,False,False,NORMAL,NORMAL,NORMAL,0,0.06,NORMAL,이상 없음(정상)
DOG,11,9.7,38.8,115,25,False,False,True,False,True,INCREASED,NORMAL,NORMAL,1,0.3,WATCH,"설사, 피부 징후"
DOG,4,18.4,38.9,121,20,True,False,False,False,False,NORMAL,NORMAL,LOW,0,0.34,WATCH,"피부 징후, 활동량 저하"
DOG,10,19.4,39.8,200,30,True,False,False,False,False,DECREASED,DECREASED,NORMAL,0,0.65,CAUTION,"미열, 빈맥"
CAT,15,3.8,40.0,153,47,True,True,True,True,False,NONE,INCREASED,NORMAL,4,1.0,DANGER,"고열, 호흡 급증"
DOG,3,8.2,39.5,140,32,True,False,False,False,False,DECREASED,DECREASED,LOW,5,0.62,CAUTION,"미열, 피부 징후"
CAT,11,2.8,38.7,84,21,False,False,False,True,False,NORMAL,NORMAL,NORMAL,2,0.27,NORMAL,이상 없음(정상)
CAT,12,3.1,39.8,133,47,True,True,False,False,True,NORMAL,DECREASED,NORMAL,4,0.67,CAUTION,"미열, 호흡 급증"
CAT,7,2.2,39.7,92,30,True,False,False,False,False,NORMAL,NORMAL,NORMAL,4,0.32,WATCH,"미열, 피부 징후"
DOG,7,22.8,38.1,114,32,True,True,False,False,False,NORMAL,NORMAL,NORMAL,4,0.26,NORMAL,이상 없음(정상)
DOG,9,6.3,38.8,105,17,False,False,False,True,True,DECREASED,INCREASED,HIGH,6,0.43,WATCH,"소화기 이상(구토 및 설사), 식욕 감소"
CAT,14,2.9,38.8,131,22,False,False,False,True,True,NORMAL,DECREASED,LOW,6,0.41,WATCH,"소화기 이상(구토 및 설사), 활동량 저하"
DOG,15,7.1,38.6,130,45,False,False,False,False,False,NORMAL,NORMAL,NORMAL,0,0.36,WATCH,호흡 급증
CAT,8,7.1,39.0,103,28,False,False,False,True,True,DECREASED,NORMAL,LOW,3,0.38,WATCH,"소화기 이상(구토 및 설사), 식욕 감소"
CAT,10,4.7,39.5,158,31,True,True,False,False,True,DECREASED,DECREASED,LOW,1,0.65,CAUTION,"미열, 설사"
DOG,5,16.2,39.0,81,22,False,False,False,False,False,NORMAL,NORMAL,NORMAL,0,0.02,NORMAL,이상 없음(정상)
DOG,8,23.3,39.8,125,26,False,True,False,False,False,DECREASED,NORMAL,NORMAL,2,0.41,WATCH,"미열, 피부 징후"
CAT,14,6.7,38.9,109,27,False,False,False,False,True,DECREASED,INCREASED,LOW,5,0.39,WATCH,"설사, 식욕 감소"
CAT,9,5.7,38.0,60,24,False,True,False,False,True,NORMAL,DECREASED,LOW,7,0.41,WATCH,"설사, 피부 징후"
CAT,11,2.2,40.1,162,53,False,True,False,True,False,DECREASED,DECREASED,NORMAL,2,1.0,DANGER,"고열, 빈맥"
DOG,12,23.6,39.4,101,26,False,False,True,True,False,DECREASED,DECREASED,HIGH,2,0.72,CAUTION,"미열, 구토"
DOG,6,20.4,37.7,141,27,False,False,False,False,True,NORMAL,DECREASED,NORMAL,1,0.26,NORMAL,이상 없음(정상)
CAT,6,5.4,40.7,136,38,True,True,False,False,True,NORMAL,DECREASED,LOW,3,0.69,CAUTION,"고열, 설사"
DOG,11,7.4,39.1,78,23,False,False,False,False,False,DECREASED,NORMAL,HIGH,3,0.13,NORMAL,이상 없음(정상)
CAT,7,7.7,39.4,188,33,True,True,False,False,False,DECREASED,DECREASED,LOW,7,0.74,CAUTION,"미열, 빈맥"
DOG,2,27.9,38.6,104,16,False,False,False,False,False,NORMAL,NORMAL,NORMAL,0,0.0,NORMAL,이상 없음(정상)
CAT,9,6.5,38.5,86,41,False,False,False,False,True,INCREASED,NORMAL,NORMAL,2,0.48,WATCH,"호흡 급증, 설사"
DOG,8,7.7,38.9,108,29,False,False,False,True,False,NORMAL,NORMAL,LOW,4,0.36,WATCH,"구토, 활동량 저하"
DOG,6,22.7,38.5,116,12,False,False,False,False,False,NORMAL,INCREASED,NORMAL,0,0.02,NORMAL,이상 없음(정상)
DOG,10,24.1,38.5,154,27,True,True,True,False,True,NONE,NORMAL,NORMAL,4,0.59,CAUTION,"설사, 피부 징후"
DOG,7,25.1,40.8,136,45,False,True,True,False,False,NONE,NORMAL,LOW,2,1.0,DANGER,"고열, 호흡 급증"
CAT,3,4.4,38.7,139,22,False,False,False,False,False,NORMAL,DECREASED,NORMAL,0,0.05,NORMAL,이상 없음(정상)
CAT,8,3.5,38.6,87,29,False,False,False,False,False,INCREASED,NORMAL,HIGH,0,0.07,NORMAL,이상 없음(정상)
DOG,10,4.0,38.5,81,15,False,False,False,False,False,NORMAL,NORMAL,NORMAL,0,0.0,NORMAL,이상 없음(정상)
DOG,5,26.8,38.8,70,15,False,False,False,False,False,NORMAL,NORMAL,NORMAL,0,0.02,NORMAL,이상 없음(정상)
CAT,5,3.4,39.2,152,45,False,False,False,False,True,DECREASED,NORMAL,LOW,1,0.59,CAUTION,"호흡 급증, 설사"
DOG,11,20.8,38.6,86,31,False,True,False,False,False,INCREASED,NORMAL,NORMAL,2,0.0,NORMAL,이상 없음(정상)
DOG,4,8.4,37.9,125,25,False,False,False,True,False,NORMAL,NORMAL,NORMAL,5,0.35,WATCH,구토
CAT,14,7.5,38.3,102,21,False,False,False,False,False,DECREASED,NORMAL,NORMAL,3,0.03,NORMAL,이상 없음(정상)
CAT,7,7.4,40.1,175,39,True,False,True,True,True,NONE,INCREASED,LOW,2,1.0,DANGER,"고열, 빈맥"
CAT,2,6.1,38.7,53,21,False,False,False,False,False,NORMAL,DECREASED,HIGH,2,0.07,NORMAL,이상 없음(정상)
DOG,7,10.9,38.6,101,30,False,False,False,False,True,INCREASED,NORMAL,NORMAL,0,0.16,NORMAL,이상 없음(정상)
DOG,10,25.4,38.3,113,24,False,False,False,False,False,INCREASED,NORMAL,NORMAL,7,0.0,NORMAL,이상 없음(정상)
CAT,9,2.4,38.9,121,29,False,True,False,False,False,NORMAL,NORMAL,NORMAL,0,0.15,NORMAL,이상 없음(정상)
CAT,12,3.2,40.4,162,47,True,True,False,True,True,NONE,DECREASED,LOW,6,1.0,DANGER,"고열, 빈맥"
CAT,12,7.1,38.9,98,19,False,False,False,False,True,NORMAL,NORMAL,NORMAL,2,0.04,NORMAL,이상 없음(정상)
DOG,7,27.6,40.3,130,45,False,True,False,True,True,NONE,DECREASED,LOW,4,1.0,DANGER,"고열, 호흡 급증"
DOG,3,23.0,38.3,107,15,False,False,False,False,False,NORMAL,INCREASED,NORMAL,0,0.0,NORMAL,이상 없음(정상)
DOG,5,5.0,38.5,109,23,False,False,False,False,False,NORMAL,DECREASED,NORMAL,0,0.0,NORMAL,이상 없음(정상)
CAT,9,6.4,37.6,121,18,True,False,False,False,False,INCREASED,NORMAL,NORMAL,0,0.1,NORMAL,이상 없음(정상)
CAT,14,3.6,39.7,159,60,True,True,True,True,True,NONE,DECREASED,LOW,5,1.0,DANGER,"미열, 호흡 급증"
DOG,11,6.0,38.4,73,39,False,False,False,False,False,NORMAL,INCREASED,NORMAL,0,0.0,NORMAL,이상 없음(정상)
CAT,6,3.7,39.4,159,30,False,False,True,False,False,DECREASED,NORMAL,LOW,0,0.51,CAUTION,"미열, 피부 징후"
DOG,15,3.4,38.5,96,15,False,False,False,False,False,DECREASED,NORMAL,NORMAL,5,0.16,NORMAL,이상 없음(정상)
CAT,12,5.8,39.6,201,50,False,True,False,False,False,NONE,DECREASED,LOW,2,1.0,DANGER,"미열, 빈맥"
DOG,1,7.3,40.1,143,35,True,False,True,False,False,NORMAL,NORMAL,LOW,4,0.63,CAUTION,"고열, 피부 징후"
DOG,6,21.7,39.0,130,33,False,False,False,True,False,NORMAL,NORMAL,LOW,4,0.3,WATCH,"구토, 활동량 저하"
DOG,3,28.7,39.0,106,14,False,False,False,True,False,INCREASED,INCREASED,NORMAL,7,0.21,NORMAL,이상 없음(정상)
DOG,14,28.8,38.4,83,22,False,False,False,False,False,NORMAL,NORMAL,NORMAL,0,0.0,NORMAL,이상 없음(정상)
DOG,6,30.0,39.7,211,34,False,False,False,True,True,INCREASED,DECREASED,LOW,4,0.8,DANGER,"미열, 빈맥"
DOG,5,29.5,40.4,152,29,False,False,False,False,True,DECREASED,DECREASED,LOW,0,0.67,CAUTION,"고열, 설사"
CAT,8,2.8,38.8,99,35,False,False,False,False,False,NORMAL,NORMAL,NORMAL,0,0.0,NORMAL,이상 없음(정상)
CAT,11,5.9,38.6,93,26,False,False,False,False,False,NORMAL,DECREASED,NORMAL,0,0.0,NORMAL,이상 없음(정상)
DOG,12,13.5,39.0,124,38,True,True,False,True,False,NORMAL,NORMAL,LOW,0,0.35,WATCH,"구토, 피부 징후"
DOG,4,25.0,40.3,165,34,True,True,False,True,True,NONE,DECREASED,NORMAL,4,1.0,DANGER,"고열, 빈맥"
CAT,15,7.4,39.7,170,55,True,True,True,False,True,DECREASED,DECREASED,LOW,1,1.0,DANGER,"미열, 빈맥"
CAT,14,3.5,38.6,93,21,False,False,False,False,True,DECREASED,NORMAL,NORMAL,1,0.21,NORMAL,이상 없음(정상)
CAT,9,3.1,39.1,143,21,False,False,True,False,False,DECREASED,DECREASED,NORMAL,6,0.31,WATCH,"피부 징후, 식욕 감소"
CAT,12,2.2,38.6,90,30,False,False,False,True,False,NORMAL,NORMAL,NORMAL,5,0.17,NORMAL,이상 없음(정상)
DOG,7,5.4,39.1,114,28,False,False,True,False,False,DECREASED,NORMAL,NORMAL,1,0.33,WATCH,"피부 징후, 식욕 감소"
CAT,4,3.6,39.5,131,25,False,False,True,False,False,DECREASED,DECREASED,NORMAL,6,0.47,WATCH,"미열, 피부 징후"
CAT,15,4.7,37.8,109,27,False,False,False,True,False,NORMAL,NORMAL,NORMAL,2,0.2,NORMAL,이상 없음(정상)
DOG,7,19.7,39.5,165,19,False,False,False,False,False,NORMAL,DECREASED,NORMAL,0,0.33,WATCH,"미열, 빈맥"
DOG,1,3.6,40.1,130,61,True,True,True,False,True,NORMAL,DECREASED,LOW,7,1.0,DANGER,"고열, 호흡 급증"
DOG,7,18.5,39.1,101,23,False,False,False,False,False,NORMAL,NORMAL,NORMAL,0,0.0,NORMAL,이상 없음(정상)
CAT,2,5.3,39.5,130,34,True,True,True,True,True,NONE,NORMAL,NORMAL,3,0.94,DANGER,"미열, 소화기 이상(구토 및 설사)"
CAT,13,7.8,40.2,160,56,True,True,True,True,False,NONE,DECREASED,LOW,6,1.0,DANGER,"고열, 빈맥"
DOG,13,11.2,40.8,193,50,False,False,False,True,True,DECREASED,NORMAL,LOW,6,1.0,DANGER,"고열, 빈맥"
DOG,8,15.9,40.2,134,58,True,True,False,True,True,NONE,DECREASED,LOW,2,1.0,DANGER,"고열, 호흡 급증"
DOG,6,14.7,39.3,60,20,False,False,False,False,False,DECREASED,INCREASED,LOW,6,0.34,WATCH,"미열, 식욕 감소"
CAT,9,2.3,40.1,157,67,True,True,False,True,False,DECREASED,NORMAL,LOW,6,1.0,DANGER,"고열, 호흡 급증"
CAT,9,5.8,39.3,110,39,False,True,True,False,False,NONE,NORMAL,HIGH,5,0.58,CAUTION,"미열, 피부 징후"
CAT,1,2.3,37.7,117,18,False,False,False,False,False,NORMAL,NORMAL,NORMAL,0,0.01,NORMAL,이상 없음(정상)
CAT,2,6.2,38.7,130,25,False,False,False,False,False,NORMAL,NORMAL,LOW,2,0.0,NORMAL,이상 없음(정상)
CAT,11,7.4,38.7,120,25,False,True,False,False,False,NORMAL,DECREASED,LOW,3,0.38,WATCH,"피부 징후, 활동량 저하"
CAT,11,5.5,38.8,109,32,True,True,False,False,False,NONE,INCREASED,NORMAL,2,0.33,WATCH,"피부 징후, 식욕 절폐"
CAT,2,2.1,39.2,151,45,False,False,False,False,True,DECREASED,NORMAL,LOW,5,0.62,CAUTION,"호흡 급증, 설사"
CAT,5,5.5,38.6,93,24,False,False,False,True,True,DECREASED,DECREASED,NORMAL,0,0.4,WATCH,"소화기 이상(구토 및 설사), 식욕 감소"
CAT,11,4.0,40.6,136,39,True,True,False,True,True,NONE,INCREASED,NORMAL,2,1.0,DANGER,"고열, 소화기 이상(구토 및 설사)"
CAT,3,5.9,38.9,92,18,False,False,False,False,False,NORMAL,INCREASED,NORMAL,0,0.0,NORMAL,이상 없음(정상)
CAT,6,7.7,38.5,86,38,False,False,False,True,False,DECREASED,DECREASED,LOW,5,0.4,WATCH,"구토, 식욕 감소"
DOG,5,6.1,40.6,138,48,True,False,False,True,False,DECREASED,DECREASED,LOW,6,1.0,DANGER,"고열, 호흡 급증"
DOG,5,11.6,39.0,105,29,False,False,False,False,True,NORMAL,NORMAL,NORMAL,7,0.18,NORMAL,이상 없음(정상)
CAT,15,2.3,39.8,171,31,True,True,False,False,True,NORMAL,NORMAL,NORMAL,0,0.55,CAUTION,"미열, 빈맥"
DOG,1,7.4,38.5,95,27,False,False,False,False,False,NORMAL,NORMAL,NORMAL,0,0.01,NORMAL,이상 없음(정상)
DOG,5,6.3,37.8,81,18,False,False,False,False,False,NORMAL,INCREASED,LOW,5,0.14,NORMAL,이상 없음(정상)
DOG,12,29.2,39.0,101,23,False,False,True,True,False,NORMAL,NORMAL,NORMAL,4,0.38,WATCH,"구토, 피부 징후"
CAT,7,5.3,39.3,101,13,False,False,False,False,False,NORMAL,NORMAL,NORMAL,0,0.15,NORMAL,이상 없음(정상)
DOG,9,24.7,38.9,143,28,True,False,False,False,False,DECREASED,DECREASED,NORMAL,1,0.35,WATCH,"피부 징후, 식욕 감소"
DOG,6,2.7,38.6,103,28,False,True,False,False,False,NORMAL,NORMAL,NORMAL,0,0.19,NORMAL,이상 없음(정상)
DOG,9,25.4,40.1,130,26,False,False,False,False,False,NONE,DECREASED,NORMAL,0,0.58,CAUTION,"고열, 식욕 절폐"
CAT,5,5.4,39.0,113,29,True,True,True,True,False,DECREASED,NORMAL,NORMAL,6,0.4,WATCH,"구토, 피부 징후"
DOG,13,29.9,39.6,192,55,True,False,False,True,False,DECREASED,DECREASED,LOW,5,1.0,DANGER,"미열, 빈맥"
CAT,14,4.7,39.3,151,13,True,False,False,False,False,DECREASED,INCREASED,NORMAL,2,0.43,WATCH,"미열, 피부 징후"
CAT,2,7.0,39.4,117,33,False,False,False,False,False,NORMAL,NORMAL,NORMAL,0,0.24,NORMAL,이상 없음(정상)
CAT,1,2.5,39.2,139,34,False,False,False,True,False,INCREASED,NORMAL,LOW,0,0.33,WATCH,"구토, 활동량 저하"
CAT,5,7.0,39.5,158,33,False,False,False,False,True,DECREASED,NORMAL,HIGH,2,0.36,WATCH,"미열, 설사"
CAT,14,3.5,37.8,121,10,False,False,False,False,False,INCREASED,NORMAL,NORMAL,4,0.0,NORMAL,이상 없음(정상)
DOG,3,18.9,39.8,152,39,True,False,False,False,True,DECREASED,DECREASED,LOW,0,0.65,CAUTION,"미열, 설사"
DOG,11,23.8,40.8,151,55,True,False,False,True,True,NONE,NORMAL,LOW,6,1.0,DANGER,"고열, 호흡 급증"
CAT,3,7.9,40.1,208,35,True,True,False,True,False,NONE,NORMAL,LOW,7,1.0,DANGER,"고열, 빈맥"
CAT,7,5.6,40.2,177,56,False,True,False,False,True,NONE,NORMAL,NORMAL,4,1.0,DANGER,"고열, 빈맥"
DOG,3,3.8,37.8,106,24,False,False,False,False,False,DECREASED,INCREASED,NORMAL,5,0.13,NORMAL,이상 없음(정상)
DOG,11,25.8,38.4,149,21,False,False,False,True,True,DECREASED,DECREASED,NORMAL,7,0.45,WATCH,"소화기 이상(구토 및 설사), 식욕 감소"
DOG,3,17.3,41.1,130,45,True,True,False,True,True,NONE,DECREASED,LOW,6,1.0,DANGER,"고열, 호흡 급증"
CAT,13,2.9,39.8,130,26,True,False,False,False,True,DECREASED,NORMAL,NORMAL,3,0.51,CAUTION,"미열, 설사"
DOG,14,25.7,38.0,144,35,False,False,False,False,False,NORMAL,NORMAL,HIGH,5,0.0,NORMAL,이상 없음(정상)
CAT,15,2.1,39.7,105,24,False,True,False,False,True,DECREASED,NORMAL,NORMAL,5,0.62,CAUTION,"미열, 설사"
DOG,10,8.2,39.7,139,47,False,True,True,True,True,NONE,NORMAL,HIGH,0,1.0,DANGER,"미열, 호흡 급증"
CAT,6,7.0,38.7,72,28,False,False,False,False,False,NORMAL,NORMAL,NORMAL,0,0.11,NORMAL,이상 없음(정상)
CAT,9,7.1,37.9,108,14,False,True,False,False,False,NORMAL,NORMAL,NORMAL,0,0.0,NORMAL,이상 없음(정상)
DOG,8,7.0,38.6,128,25,False,True,False,False,True,NORMAL,DECREASED,LOW,6,0.45,WATCH,"설사, 피부 징후"
DOG,5,19.0,40.2,159,52,True,False,True,True,True,NONE,NORMAL,LOW,4,1.0,DANGER,"고열, 호흡 급증"
CAT,11,7.9,39.5,187,43,False,True,False,False,True,DECREASED,DECREASED,LOW,4,1.0,DANGER,"미열, 빈맥"
CAT,13,5.8,40.3,141,45,False,False,False,True,True,NONE,DECREASED,LOW,6,1.0,DANGER,"고열, 호흡 급증"
DOG,3,27.4,40.2,209,54,True,False,True,False,True,NONE,DECREASED,LOW,7,1.0,DANGER,"고열, 빈맥"
DOG,8,11.7,39.4,148,33,True,True,False,False,False,DECREASED,NORMAL,LOW,6,0.62,CAUTION,"미열, 피부 징후"
DOG,5,17.4,37.9,92,23,False,False,False,False,False,NORMAL,NORMAL,NORMAL,0,0.12,NORMAL,이상 없음(정상)
DOG,15,3.3,37.9,115,17,False,False,False,False,True,NORMAL,NORMAL,NORMAL,4,0.15,NORMAL,이상 없음(정상)
DOG,8,28.5,39.1,106,15,False,True,False,False,True,INCREASED,NORMAL,NORMAL,2,0.24,NORMAL,이상 없음(정상)
DOG,14,25.6,39.3,122,25,False,False,False,True,False,NORMAL,NORMAL,NORMAL,5,0.41,WATCH,"미열, 구토"
DOG,3,9.2,38.6,109,23,True,False,False,False,False,NORMAL,NORMAL,NORMAL,7,0.18,NORMAL,이상 없음(정상)
DOG,7,9.8,38.3,118,42,False,False,False,False,False,NORMAL,NORMAL,NORMAL,0,0.28,NORMAL,이상 없음(정상)
DOG,13,11.5,38.2,122,28,True,False,False,True,False,NORMAL,NORMAL,LOW,5,0.36,WATCH,"구토, 피부 징후"
CAT,12,2.6,40.0,115,34,True,False,False,False,False,NORMAL,DECREASED,NORMAL,7,0.53,CAUTION,"고열, 피부 징후"
CAT,7,4.8,40.4,147,24,True,False,True,False,False,INCREASED,INCREASED,LOW,3,0.65,CAUTION,"고열, 피부 징후"
CAT,13,6.9,39.3,144,23,False,True,True,False,False,NORMAL,DECREASED,NORMAL,0,0.38,WATCH,"미열, 피부 징후"
DOG,5,16.7,40.1,204,57,False,True,False,False,True,DECREASED,DECREASED,LOW,4,1.0,DANGER,"고열, 빈맥"
CAT,5,4.9,40.3,132,57,False,True,False,False,True,DECREASED,DECREASED,LOW,0,1.0,DANGER,"고열, 호흡 급증"
DOG,10,6.5,40.0,184,53,True,True,True,True,False,DECREASED,NORMAL,NORMAL,2,1.0,DANGER,"고열, 빈맥"
DOG,5,23.9,38.6,138,12,False,True,False,False,False,NORMAL,NORMAL,NORMAL,0,0.05,NORMAL,이상 없음(정상)
DOG,3,4.0,38.8,171,32,True,False,False,True,True,DECREASED,NORMAL,HIGH,5,0.67,CAUTION,"빈맥, 소화기 이상(구토 및 설사)"
CAT,15,6.2,37.9,138,40,False,False,True,False,False,INCREASED,NORMAL,NORMAL,5,0.37,WATCH,"호흡 급증, 피부 징후"
DOG,4,15.9,38.3,132,27,False,False,False,False,False,NORMAL,NORMAL,NORMAL,0,0.02,NORMAL,이상 없음(정상)
CAT,2,6.6,39.1,98,22,False,False,False,False,False,NORMAL,NORMAL,NORMAL,0,0.0,NORMAL,이상 없음(정상)
CAT,6,4.7,40.9,192,45,True,True,False,True,True,DECREASED,DECREASED,LOW,1,1.0,DANGER,"고열, 빈맥"
DOG,1,12.9,38.0,123,21,True,False,False,False,False,NORMAL,NORMAL,NORMAL,5,0.06,NORMAL,이상 없음(정상)
CAT,11,2.5,39.0,174,37,True,False,False,False,False,DECREASED,DECREASED,NORMAL,6,0.51,CAUTION,"빈맥, 피부 징후"
DOG,2,23.6,38.6,82,17,False,False,True,False,False,DECREASED,NORMAL,NORMAL,4,0.17,NORMAL,이상 없음(정상)
DOG,5,6.9,40.4,172,40,True,True,False,False,True,DECREASED,DECREASED,LOW,4,1.0,DANGER,"고열, 빈맥"
DOG,11,18.2,39.4,151,45,False,False,False,False,True,NORMAL,NORMAL,NORMAL,6,0.61,CAUTION,"미열, 호흡 급증"
DOG,11,28.0,39.4,139,30,False,True,False,True,True,DECREASED,INCREASED,NORMAL,2,0.64,CAUTION,"미열, 소화기 이상(구토 및 설사)"
DOG,13,26.6,39.5,156,20,False,False,False,False,False,INCREASED,NORMAL,LOW,0,0.33,WATCH,"미열, 활동량 저하"
CAT,3,6.9,37.9,92,32,False,True,False,False,False,NORMAL,NORMAL,NORMAL,0,0.16,NORMAL,이상 없음(정상)
DOG,6,3.5,39.5,170,59,False,True,False,True,False,NONE,DECREASED,LOW,5,1.0,DANGER,"미열, 빈맥"
DOG,11,9.6,38.5,97,22,False,False,False,False,False,NORMAL,NORMAL,NORMAL,0,0.0,NORMAL,이상 없음(정상)
CAT,7,6.4,38.2,109,20,False,False,False,True,False,NORMAL,DECREASED,NORMAL,2,0.14,NORMAL,이상 없음(정상)
DOG,12,22.7,38.7,146,19,False,False,False,False,False,NORMAL,NORMAL,LOW,7,0.12,NORMAL,이상 없음(정상)
CAT,10,2.9,40.4,218,44,False,True,False,False,False,NONE,DECREASED,LOW,4,1.0,DANGER,"고열, 빈맥"
CAT,11,2.5,39.4,110,29,False,False,False,False,False,DECREASED,DECREASED,NORMAL,3,0.3,WATCH,"미열, 식욕 감소"
DOG,5,9.3,38.7,98,24,False,False,False,False,False,NORMAL,NORMAL,HIGH,1,0.04,NORMAL,이상 없음(정상)
DOG,7,8.0,38.0,98,25,False,False,False,False,False,NORMAL,NORMAL,NORMAL,0,0.02,NORMAL,이상 없음(정상)
CAT,10,2.6,40.2,90,38,False,True,False,False,False,NONE,INCREASED,NORMAL,3,0.7,CAUTION,"고열, 피부 징후"
CAT,5,6.8,39.0,178,32,False,False,False,False,False,NORMAL,INCREASED,LOW,4,0.3,WATCH,"빈맥, 활동량 저하"
DOG,2,15.8,40.6,159,51,True,False,False,False,False,DECREASED,DECREASED,LOW,0,1.0,DANGER,"고열, 호흡 급증"
CAT,14,7.5,37.6,154,20,False,False,False,False,False,NORMAL,DECREASED,NORMAL,0,0.09,NORMAL,이상 없음(정상)
DOG,4,21.1,39.8,178,37,True,False,False,False,True,NONE,DECREASED,LOW,3,1.0,DANGER,"미열, 빈맥"
CAT,5,4.9,39.6,147,55,False,True,False,False,False,NORMAL,DECREASED,NORMAL,0,0.53,CAUTION,"미열, 호흡 급증"
CAT,3,6.8,40.4,183,57,False,True,True,False,True,DECREASED,DECREASED,LOW,6,1.0,DANGER,"고열, 빈맥"
DOG,12,19.3,38.5,145,37,True,False,True,False,True,NONE,NORMAL,LOW,4,0.72,CAUTION,"설사, 피부 징후"
CAT,1,3.8,38.2,143,34,False,True,False,False,True,NORMAL,NORMAL,NORMAL,0,0.26,NORMAL,이상 없음(정상)
CAT,4,4.0,38.1,80,42,False,False,False,False,False,NORMAL,NORMAL,NORMAL,0,0.23,NORMAL,이상 없음(정상)
CAT,10,4.2,38.1,126,30,True,False,False,False,False,NORMAL,NORMAL,NORMAL,2,0.27,NORMAL,이상 없음(정상)
CAT,1,4.2,38.6,109,21,False,False,False,False,False,NORMAL,NORMAL,NORMAL,0,0.0,NORMAL,이상 없음(정상)
DOG,5,20.0,39.5,119,23,True,True,False,False,False,NORMAL,NORMAL,NORMAL,0,0.35,WATCH,"미열, 피부 징후"
CAT,3,5.8,38.3,144,24,False,False,True,False,True,NORMAL,NORMAL,NORMAL,2,0.28,NORMAL,이상 없음(정상)
CAT,7,6.0,37.7,67,23,False,False,False,False,False,INCREASED,INCREASED,NORMAL,6,0.01,NORMAL,이상 없음(정상)
DOG,8,11.8,39.3,200,34,False,False,False,False,True,DECREASED,INCREASED,NORMAL,3,0.65,CAUTION,"미열, 빈맥"
DOG,1,11.7,40.8,146,49,False,False,True,False,True,DECREASED,NORMAL,LOW,3,1.0,DANGER,"고열, 호흡 급증"
DOG,1,11.6,39.6,163,34,True,True,True,True,False,DECREASED,NORMAL,NORMAL,0,0.64,CAUTION,"미열, 빈맥"
DOG,2,23.6,38.9,113,27,False,False,False,False,False,NORMAL,NORMAL,NORMAL,0,0.0,NORMAL,이상 없음(정상)
DOG,5,11.3,39.1,99,49,True,False,False,False,True,DECREASED,DECREASED,LOW,1,0.64,CAUTION,"호흡 급증, 설사"
DOG,2,24.8,40.2,176,49,False,False,False,True,True,DECREASED,DECREASED,LOW,6,1.0,DANGER,"고열, 빈맥"
CAT,15,7.6,39.5,146,51,False,False,False,True,True,NONE,NORMAL,LOW,0,1.0,DANGER,"미열, 호흡 급증"
DOG,1,8.8,37.8,138,32,False,False,False,False,False,NORMAL,NORMAL,NORMAL,0,0.03,NORMAL,이상 없음(정상)
DOG,1,27.1,39.9,96,16,True,False,False,False,False,INCREASED,NORMAL,NORMAL,2,0.35,WATCH,"미열, 피부 징후"
CAT,1,2.2,37.8,84,28,True,False,False,False,True,NORMAL,NORMAL,NORMAL,1,0.26,NORMAL,이상 없음(정상)
CAT,4,4.0,41.4,161,60,True,False,False,True,False,NORMAL,DECREASED,LOW,3,1.0,DANGER,"고열, 빈맥"
CAT,5,4.5,40.4,149,52,False,False,False,False,True,NONE,INCREASED,LOW,0,1.0,DANGER,"고열, 호흡 급증"
CAT,13,5.2,38.3,177,27,False,False,True,False,False,NORMAL,DECREASED,NORMAL,0,0.39,WATCH,"빈맥, 피부 징후"
CAT,8,6.6,40.1,181,34,False,False,True,True,True,DECREASED,DECREASED,LOW,7,1.0,DANGER,"고열, 빈맥"
CAT,6,7.5,40.4,159,49,True,True,False,True,True,NONE,DECREASED,LOW,1,1.0,DANGER,"고열, 호흡 급증"
DOG,5,6.9,39.2,160,21,False,False,False,False,True,NORMAL,NORMAL,LOW,0,0.39,WATCH,"빈맥, 설사"
CAT,15,2.4,38.9,129,18,True,True,False,False,False,DECREASED,DECREASED,NORMAL,3,0.33,WATCH,"피부 징후, 식욕 감소"
CAT,8,7.6,39.4,112,30,True,False,False,False,False,INCREASED,NORMAL,NORMAL,4,0.32,WATCH,"미열, 피부 징후"
DOG,12,22.5,39.3,98,22,False,False,False,False,False,NORMAL,NORMAL,NORMAL,0,0.18,NORMAL,이상 없음(정상)
DOG,4,14.1,37.9,81,26,False,False,False,False,False,NORMAL,NORMAL,NORMAL,0,0.08,NORMAL,이상 없음(정상)
DOG,8,26.0,39.8,124,50,False,False,False,False,False,DECREASED,DECREASED,LOW,4,0.57,CAUTION,"미열, 호흡 급증"
CAT,6,4.5,37.9,114,18,False,False,False,False,False,NORMAL,NORMAL,NORMAL,0,0.0,NORMAL,이상 없음(정상)
CAT,8,4.4,37.8,83,23,False,False,True,False,False,NORMAL,NORMAL,HIGH,6,0.2,NORMAL,이상 없음(정상)
CAT,9,6.3,39.4,133,45,False,False,False,False,True,DECREASED,NORMAL,LOW,3,0.69,CAUTION,"미열, 호흡 급증"
DOG,1,5.6,40.2,168,34,True,True,False,False,False,NONE,INCREASED,LOW,3,1.0,DANGER,"고열, 빈맥"
DOG,7,5.7,40.0,198,49,True,True,True,True,True,DECREASED,DECREASED,LOW,4,1.0,DANGER,"고열, 빈맥"
CAT,13,2.4,40.4,196,45,True,False,False,False,False,DECREASED,DECREASED,LOW,3,1.0,DANGER,"고열, 빈맥"
CAT,12,2.6,39.1,144,33,False,False,False,False,False,NORMAL,NORMAL,NORMAL,0,0.07,NORMAL,이상 없음(정상)
CAT,3,4.7,38.7,147,29,True,False,False,True,False,DECREASED,NORMAL,NORMAL,2,0.63,CAUTION,"구토, 피부 징후"
CAT,11,7.9,38.5,136,20,False,False,False,False,True,NORMAL,NORMAL,NORMAL,6,0.4,WATCH,설사
CAT,3,7.5,39.7,129,36,False,False,False,True,False,NORMAL,NORMAL,NORMAL,3,0.35,WATCH,"미열, 구토"
DOG,1,8.5,37.8,121,24,False,False,False,False,False,DECREASED,NORMAL,NORMAL,2,0.0,NORMAL,이상 없음(정상)
DOG,9,23.3,39.8,146,23,True,True,False,False,False,NORMAL,NORMAL,LOW,2,0.55,CAUTION,"미열, 피부 징후"
DOG,8,21.9,39.3,124,38,False,False,False,False,False,DECREASED,DECREASED,LOW,2,0.41,WATCH,"미열, 식욕 감소"
DOG,13,16.6,39.2,97,42,False,False,False,True,False,DECREASED,NORMAL,LOW,5,0.5,CAUTION,"호흡 급증, 구토"
CAT,5,5.4,39.8,109,17,False,False,False,False,True,INCREASED,NORMAL,NORMAL,3,0.47,WATCH,"미열, 설사"
CAT,7,2.0,37.8,106,22,False,False,False,False,False,NORMAL,NORMAL,LOW,5,0.05,NORMAL,이상 없음(정상)
DOG,8,19.5,39.1,125,30,True,False,False,False,False,NORMAL,DECREASED,NORMAL,4,0.0,NORMAL,이상 없음(정상)
DOG,7,13.1,38.8,197,46,False,False,True,False,False,DECREASED,NORMAL,NORMAL,2,0.64,CAUTION,"빈맥, 호흡 급증"
DOG,12,14.1,38.8,78,10,False,False,False,False,False,NORMAL,NORMAL,NORMAL,0,0.0,NORMAL,이상 없음(정상)
CAT,3,4.4,39.8,213,46,False,False,True,False,False,DECREASED,DECREASED,HIGH,0,1.0,DANGER,"미열, 빈맥"
DOG,11,3.4,39.2,150,50,True,False,True,False,True,NORMAL,NORMAL,NORMAL,2,0.56,CAUTION,"호흡 급증, 설사"
DOG,1,15.9,38.3,80,29,True,False,False,False,False,NORMAL,NORMAL,NORMAL,2,0.02,NORMAL,이상 없음(정상)
DOG,15,19.3,37.6,88,22,False,False,False,False,True,NORMAL,NORMAL,NORMAL,6,0.2,NORMAL,이상 없음(정상)
DOG,8,17.5,39.8,122,24,False,False,False,False,True,NORMAL,NORMAL,HIGH,3,0.44,WATCH,"미열, 설사"
DOG,13,26.3,39.5,102,21,False,False,False,False,False,DECREASED,NORMAL,LOW,6,0.46,WATCH,"미열, 식욕 감소"
DOG,14,18.9,38.6,96,36,False,False,False,False,False,NORMAL,NORMAL,NORMAL,0,0.08,NORMAL,이상 없음(정상)
DOG,10,2.6,38.2,94,27,True,True,True,False,True,NORMAL,DECREASED,NORMAL,3,0.39,WATCH,"설사, 피부 징후"
DOG,10,12.7,39.7,82,37,False,False,False,True,True,NORMAL,NORMAL,NORMAL,0,0.49,WATCH,"미열, 소화기 이상(구토 및 설사)"
DOG,11,9.3,39.8,135,43,False,False,False,False,True,NORMAL,NORMAL,LOW,3,0.64,CAUTION,"미열, 호흡 급증"
CAT,9,3.8,39.8,194,53,True,True,False,True,True,NONE,DECREASED,LOW,5,1.0,DANGER,"미열, 빈맥"
CAT,3,2.7,39.5,138,55,False,False,True,False,True,DECREASED,DECREASED,NORMAL,4,0.84,DANGER,"미열, 호흡 급증"
CAT,7,3.4,39.8,146,29,False,False,False,True,True,DECREASED,DECREASED,NORMAL,1,0.59,CAUTION,"미열, 소화기 이상(구토 및 설사)"
CAT,15,2.0,39.0,140,32,False,True,True,False,True,NORMAL,NORMAL,NORMAL,2,0.3,WATCH,"설사, 피부 징후"
CAT,2,6.8,39.1,158,32,True,True,False,True,False,DECREASED,NORMAL,LOW,6,0.64,CAUTION,"구토, 피부 징후"
DOG,10,9.3,38.2,129,25,False,False,False,False,False,NORMAL,NORMAL,NORMAL,0,0.07,NORMAL,이상 없음(정상)
DOG,4,24.2,39.9,188,48,True,True,False,True,False,DECREASED,DECREASED,LOW,3,1.0,DANGER,"미열, 빈맥"
DOG,9,4.7,40.4,202,45,False,False,False,False,True,NORMAL,NORMAL,LOW,5,1.0,DANGER,"고열, 빈맥"
DOG,3,11.8,40.1,204,63,True,True,False,False,False,NONE,DECREASED,LOW,7,1.0,DANGER,"고열, 빈맥"
DOG,14,28.6,40.9,181,45,True,False,False,False,True,NONE,DECREASED,LOW,1,1.0,DANGER,"고열, 빈맥"
CAT,12,8.0,39.7,60,32,False,False,False,False,False,DECREASED,NORMAL,LOW,2,0.42,WATCH,"미열, 식욕 감소"
DOG,10,6.7,39.6,177,46,False,False,False,False,False,DECREASED,INCREASED,LOW,6,0.79,DANGER,"미열, 빈맥"
DOG,11,5.9,39.4,110,29,True,True,False,True,False,DECREASED,DECREASED,LOW,4,0.68,CAUTION,"미열, 구토"
CAT,9,2.9,39.5,153,51,False,True,False,False,True,NONE,INCREASED,LOW,1,1.0,DANGER,"미열, 호흡 급증"
CAT,6,3.7,38.6,78,28,False,False,False,False,False,NORMAL,DECREASED,NORMAL,0,0.0,NORMAL,이상 없음(정상)
DOG,15,20.6,39.6,165,43,False,True,False,True,False,DECREASED,DECREASED,LOW,5,1.0,DANGER,"미열, 빈맥"
DOG,12,29.9,40.1,216,52,True,False,True,True,True,NONE,DECREASED,LOW,1,1.0,DANGER,"고열, 빈맥"
DOG,15,8.7,38.5,83,27,False,True,False,False,True,NORMAL,DECREASED,NORMAL,7,0.15,NORMAL,이상 없음(정상)
CAT,6,7.7,38.6,84,17,False,False,False,False,False,NORMAL,INCREASED,NORMAL,0,0.1,NORMAL,이상 없음(정상)
DOG,8,28.4,39.5,128,31,False,True,True,False,False,NONE,NORMAL,NORMAL,0,0.7,CAUTION,"미열, 피부 징후"
CAT,12,2.2,39.6,173,54,True,True,False,True,True,NONE,NORMAL,NORMAL,6,1.0,DANGER,"미열, 빈맥"
DOG,15,18.1,39.2,64,36,False,False,False,True,True,NORMAL,NORMAL,NORMAL,5,0.42,WATCH,소화기 이상(구토 및 설사)
DOG,2,12.3,37.2,112,29,False,False,False,False,False,INCREASED,NORMAL,NORMAL,2,0.01,NORMAL,이상 없음(정상)
CAT,10,3.5,40.0,196,34,True,True,False,True,True,DECREASED,DECREASED,NORMAL,3,1.0,DANGER,"고열, 빈맥"
CAT,6,2.2,40.3,131,37,False,True,False,False,True,NORMAL,NORMAL,NORMAL,1,0.72,CAUTION,"고열, 설사"
DOG,5,8.1,38.7,99,26,False,False,False,False,False,NORMAL,NORMAL,NORMAL,0,0.11,NORMAL,이상 없음(정상)
DOG,13,8.8,39.0,102,39,False,False,False,False,True,DECREASED,DECREASED,HIGH,2,0.31,WATCH,"설사, 식욕 감소"
DOG,3,24.3,38.8,120,32,False,False,False,False,False,INCREASED,NORMAL,LOW,3,0.09,NORMAL,이상 없음(정상)
CAT,2,4.0,40.3,147,26,True,False,True,True,True,NORMAL,INCREASED,HIGH,2,0.74,CAUTION,"고열, 소화기 이상(구토 및 설사)"
DOG,8,25.2,39.2,112,25,True,False,False,False,False,NORMAL,DECREASED,NORMAL,4,0.31,WATCH,피부 징후
DOG,12,21.6,39.7,132,35,True,True,True,False,False,DECREASED,NORMAL,NORMAL,1,0.46,WATCH,"미열, 피부 징후"
DOG,13,8.4,38.9,106,14,False,True,False,True,False,NORMAL,NORMAL,NORMAL,5,0.35,WATCH,"구토, 피부 징후"
CAT,1,8.0,38.7,127,12,False,False,False,False,False,NORMAL,NORMAL,HIGH,5,0.16,NORMAL,이상 없음(정상)
CAT,2,8.0,38.6,95,20,False,False,False,False,False,NORMAL,NORMAL,NORMAL,0,0.03,NORMAL,이상 없음(정상)
DOG,10,16.2,39.7,151,38,False,True,True,False,True,DECREASED,NORMAL,LOW,6,0.71,CAUTION,"미열, 설사"
CAT,6,6.8,39.0,118,21,False,False,False,False,True,DECREASED,NORMAL,LOW,2,0.48,WATCH,"설사, 식욕 감소"
CAT,7,2.5,38.6,156,39,False,False,False,True,False,DECREASED,NORMAL,NORMAL,3,0.46,WATCH,"구토, 식욕 감소"
CAT,14,5.4,38.8,106,21,True,False,False,False,True,NORMAL,DECREASED,NORMAL,0,0.34,WATCH,"설사, 피부 징후"
DOG,7,7.4,38.8,117,34,False,False,False,False,False,DECREASED,NORMAL,NORMAL,3,0.14,NORMAL,이상 없음(정상)
CAT,15,6.9,40.2,163,46,False,False,False,True,True,NONE,DECREASED,LOW,7,1.0,DANGER,"고열, 빈맥"
CAT,6,5.9,40.0,124,28,False,False,False,False,False,DECREASED,INCREASED,NORMAL,7,0.49,WATCH,"고열, 식욕 감소"
DOG,3,25.9,39.5,152,40,True,False,False,False,False,DECREASED,DECREASED,LOW,2,0.64,CAUTION,"미열, 호흡 급증"
CAT,13,2.2,39.8,100,42,True,False,False,False,True,NORMAL,NORMAL,NORMAL,2,0.68,CAUTION,"미열, 호흡 급증"
CAT,5,5.4,40.8,178,66,False,True,False,False,False,NONE,DECREASED,LOW,1,1.0,DANGER,"고열, 빈맥"
DOG,10,15.1,38.6,105,31,False,False,False,True,False,NORMAL,NORMAL,LOW,7,0.38,WATCH,"구토, 활동량 저하"
DOG,5,27.9,38.9,126,20,True,False,False,False,False,NORMAL,NORMAL,NORMAL,2,0.19,NORMAL,이상 없음(정상)
CAT,11,5.8,39.5,133,35,False,False,False,False,False,NONE,NORMAL,NORMAL,4,0.51,CAUTION,"미열, 식욕 절폐"
DOG,8,5.1,38.4,115,10,False,False,False,False,False,NORMAL,NORMAL,NORMAL,0,0.17,NORMAL,이상 없음(정상)
CAT,7,3.4,39.3,147,38,True,True,False,False,False,DECREASED,DECREASED,LOW,3,0.48,WATCH,"미열, 피부 징후"
DOG,9,28.0,38.5,83,10,False,True,False,False,False,NORMAL,NORMAL,NORMAL,0,0.18,NORMAL,이상 없음(정상)
DOG,14,29.9,39.8,138,36,True,False,False,False,True,INCREASED,NORMAL,NORMAL,3,0.59,CAUTION,"미열, 설사"
CAT,1,2.9,39.2,145,36,False,True,False,False,True,DECREASED,DECREASED,LOW,1,0.52,CAUTION,"설사, 피부 징후"
CAT,15,6.9,39.8,153,33,False,True,False,False,True,DECREASED,NORMAL,LOW,7,0.51,CAUTION,"미열, 설사"
DOG,9,24.5,39.0,82,31,False,True,False,True,False,NORMAL,NORMAL,LOW,5,0.49,WATCH,"구토, 피부 징후"
DOG,6,9.1,39.5,166,34,False,False,True,True,True,NONE,DECREASED,LOW,2,1.0,DANGER,"미열, 빈맥"
DOG,1,22.7,38.6,101,23,False,False,False,False,False,NORMAL,NORMAL,NORMAL,0,0.0,NORMAL,이상 없음(정상)
CAT,1,2.5,39.6,130,29,True,True,True,True,False,DECREASED,DECREASED,NORMAL,0,0.64,CAUTION,"미열, 구토"
DOG,2,9.6,38.9,102,18,False,False,False,True,True,NORMAL,INCREASED,NORMAL,4,0.43,WATCH,소화기 이상(구토 및 설사)
CAT,14,2.2,37.4,151,19,False,False,False,True,True,NORMAL,NORMAL,NORMAL,3,0.28,NORMAL,이상 없음(정상)
CAT,15,5.8,39.8,138,35,False,False,True,True,True,DECREASED,NORMAL,LOW,1,0.69,CAUTION,"미열, 소화기 이상(구토 및 설사)"
DOG,8,4.3,40.6,161,53,False,False,True,True,True,NONE,DECREASED,LOW,3,1.0,DANGER,"고열, 빈맥"
CAT,8,3.4,38.5,69,25,False,False,False,False,False,NORMAL,DECREASED,NORMAL,0,0.0,NORMAL,이상 없음(정상)
CAT,3,3.4,38.8,106,18,True,False,False,False,False,NORMAL,DECREASED,HIGH,7,0.25,NORMAL,이상 없음(정상)
DOG,12,19.0,37.8,77,18,False,False,False,False,False,INCREASED,NORMAL,LOW,1,0.11,NORMAL,이상 없음(정상)
DOG,15,24.0,38.7,95,33,False,False,False,False,True,NORMAL,NORMAL,HIGH,5,0.12,NORMAL,이상 없음(정상)
DOG,7,19.0,38.8,99,14,False,False,False,True,False,NORMAL,INCREASED,NORMAL,2,0.19,NORMAL,이상 없음(정상)
DOG,15,17.9,38.2,112,25,False,False,False,True,False,DECREASED,NORMAL,LOW,7,0.33,WATCH,"구토, 식욕 감소"
DOG,13,4.5,40.2,130,72,False,False,False,True,True,DECREASED,DECREASED,LOW,4,1.0,DANGER,"고열, 호흡 급증"
DOG,14,18.7,39.0,94,24,False,True,False,False,True,NORMAL,DECREASED,NORMAL,0,0.3,WATCH,"설사, 피부 징후"
CAT,3,4.3,39.8,121,38,True,False,False,True,False,DECREASED,DECREASED,LOW,2,0.64,CAUTION,"미열, 구토"
CAT,14,6.6,38.2,120,34,False,False,False,False,False,NORMAL,NORMAL,NORMAL,0,0.17,NORMAL,이상 없음(정상)
CAT,1,6.8,38.6,125,43,False,False,False,False,False,NORMAL,NORMAL,LOW,5,0.31,WATCH,"호흡 급증, 활동량 저하"
CAT,2,5.3,38.0,102,18,True,False,False,False,False,NORMAL,NORMAL,NORMAL,0,0.08,NORMAL,이상 없음(정상)
CAT,8,7.5,40.4,139,47,False,True,True,True,False,NONE,NORMAL,LOW,6,1.0,DANGER,"고열, 호흡 급증"
DOG,7,16.2,41.0,183,41,False,True,False,True,True,NONE,DECREASED,LOW,7,1.0,DANGER,"고열, 빈맥"
DOG,3,9.1,39.5,90,34,True,True,True,False,False,NONE,NORMAL,NORMAL,7,0.57,CAUTION,"미열, 피부 징후"
CAT,6,4.4,38.6,73,27,False,False,False,False,False,NORMAL,DECREASED,NORMAL,0,0.12,NORMAL,이상 없음(정상)
CAT,3,3.7,39.1,150,51,False,True,True,True,True,NORMAL,DECREASED,NORMAL,7,0.62,CAUTION,"호흡 급증, 소화기 이상(구토 및 설사)"
DOG,10,9.7,39.2,138,25,False,False,False,False,True,DECREASED,DECREASED,LOW,3,0.38,WATCH,"설사, 식욕 감소"
DOG,13,22.7,39.9,146,35,False,False,False,True,False,NORMAL,DECREASED,LOW,6,0.54,CAUTION,"미열, 구토"
DOG,6,29.4,38.7,139,32,False,True,False,False,False,NORMAL,NORMAL,LOW,5,0.34,WATCH,"피부 징후, 활동량 저하"
CAT,7,5.6,37.7,81,30,False,False,False,False,False,NORMAL,NORMAL,NORMAL,0,0.02,NORMAL,이상 없음(정상)
CAT,3,6.2,38.5,74,26,False,False,False,False,False,NORMAL,NORMAL,NORMAL,0,0.05,NORMAL,이상 없음(정상)
CAT,14,3.9,39.5,138,37,False,False,True,False,True,NONE,INCREASED,NORMAL,2,0.56,CAUTION,"미열, 설사"
DOG,7,4.0,38.6,134,18,False,False,False,False,False,DECREASED,NORMAL,NORMAL,4,0.17,NORMAL,이상 없음(정상)
DOG,8,24.4,40.3,164,56,True,False,False,True,True,DECREASED,DECREASED,LOW,3,1.0,DANGER,"고열, 빈맥"
DOG,7,29.9,40.3,136,34,False,False,False,True,False,DECREASED,INCREASED,HIGH,3,0.68,CAUTION,"고열, 구토"
CAT,6,3.2,38.5,64,20,False,False,False,False,False,NORMAL,NORMAL,NORMAL,0,0.0,NORMAL,이상 없음(정상)
DOG,7,20.6,38.1,147,17,False,False,False,False,False,NORMAL,NORMAL,LOW,5,0.02,NORMAL,이상 없음(정상)
DOG,4,22.9,38.8,84,18,False,True,False,False,False,NORMAL,NORMAL,NORMAL,0,0.15,NORMAL,이상 없음(정상)
DOG,5,14.0,38.1,104,15,False,False,False,False,True,NORMAL,NORMAL,NORMAL,6,0.18,NORMAL,이상 없음(정상)
DOG,8,21.2,38.0,97,31,False,False,False,True,False,NORMAL,NORMAL,NORMAL,5,0.16,NORMAL,이상 없음(정상)
DOG,13,3.8,40.2,202,47,True,False,True,False,False,DECREASED,DECREASED,LOW,0,1.0,DANGER,"고열, 빈맥"
DOG,2,26.3,38.0,132,26,False,False,False,False,False,NORMAL,DECREASED,NORMAL,0,0.0,NORMAL,이상 없음(정상)
DOG,2,6.1,39.8,130,46,False,False,True,True,True,NONE,NORMAL,LOW,5,1.0,DANGER,"미열, 호흡 급증"
DOG,2,15.5,39.4,177,33,False,False,False,False,False,DECREASED,NORMAL,LOW,6,0.63,CAUTION,"미열, 빈맥"
CAT,12,6.6,38.6,86,27,False,True,False,False,False,NORMAL,NORMAL,NORMAL,0,0.09,NORMAL,이상 없음(정상)
DOG,12,17.1,38.5,136,27,False,False,False,False,False,NORMAL,NORMAL,NORMAL,0,0.12,NORMAL,이상 없음(정상)
CAT,8,5.1,38.4,71,24,False,True,False,True,False,NORMAL,INCREASED,LOW,5,0.49,WATCH,"구토, 피부 징후"
DOG,11,13.6,39.3,141,13,False,False,False,True,False,NORMAL,DECREASED,NORMAL,6,0.4,WATCH,"미열, 구토"
CAT,4,6.3,40.1,111,32,False,True,False,False,False,NORMAL,DECREASED,LOW,3,0.62,CAUTION,"고열, 피부 징후"
CAT,12,5.8,39.5,143,41,True,False,False,False,False,NORMAL,INCREASED,HIGH,4,0.7,CAUTION,"미열, 호흡 급증"
CAT,11,3.4,39.9,195,34,False,True,False,False,True,NONE,NORMAL,HIGH,7,1.0,DANGER,"미열, 빈맥"
CAT,13,7.2,38.3,107,34,False,False,False,False,False,NORMAL,NORMAL,NORMAL,0,0.06,NORMAL,이상 없음(정상)
CAT,9,2.6,39.2,184,54,False,True,False,True,False,DECREASED,DECREASED,NORMAL,2,0.74,CAUTION,"빈맥, 호흡 급증"
DOG,4,11.0,38.7,92,26,False,False,False,True,False,NORMAL,DECREASED,HIGH,3,0.13,NORMAL,이상 없음(정상)
DOG,4,8.4,40.1,148,52,False,False,True,True,False,INCREASED,DECREASED,LOW,2,1.0,DANGER,"고열, 호흡 급증"
CAT,4,7.6,39.9,141,52,False,False,True,True,True,NONE,NORMAL,LOW,1,1.0,DANGER,"미열, 호흡 급증"
CAT,15,5.4,38.3,137,33,False,False,False,True,True,NORMAL,INCREASED,LOW,4,0.39,WATCH,"소화기 이상(구토 및 설사), 활동량 저하"
DOG,13,18.6,38.2,104,22,False,False,False,False,False,DECREASED,INCREASED,NORMAL,4,0.07,NORMAL,이상 없음(정상)
DOG,9,28.5,37.7,91,29,False,False,False,False,False,NORMAL,NORMAL,NORMAL,0,0.0,NORMAL,이상 없음(정상)
CAT,1,4.5,40.5,168,43,False,True,False,True,True,DECREASED,DECREASED,LOW,6,1.0,DANGER,"고열, 빈맥"
DOG,6,23.8,40.4,170,42,True,True,True,True,True,DECREASED,DECREASED,LOW,5,1.0,DANGER,"고열, 빈맥"
CAT,5,6.7,39.4,97,32,False,False,True,True,False,DECREASED,NORMAL,NORMAL,3,0.68,CAUTION,"미열, 구토"
DOG,11,9.1,38.5,157,44,False,False,False,False,True,DECREASED,DECREASED,NORMAL,2,0.56,CAUTION,"호흡 급증, 설사"
CAT,1,5.8,39.4,99,27,False,True,False,False,False,NORMAL,NORMAL,HIGH,4,0.35,WATCH,"미열, 피부 징후"
DOG,8,22.3,40.2,213,39,False,False,False,False,True,NONE,DECREASED,LOW,0,0.96,DANGER,"고열, 빈맥"
DOG,3,15.2,40.7,184,47,True,True,True,True,True,NONE,DECREASED,LOW,1,1.0,DANGER,"고열, 빈맥"
CAT,2,7.9,38.6,156,32,False,False,False,False,False,NORMAL,DECREASED,NORMAL,0,0.0,NORMAL,이상 없음(정상)
DOG,4,11.6,39.8,90,38,False,True,True,False,True,DECREASED,NORMAL,NORMAL,6,0.53,CAUTION,"미열, 설사"
DOG,11,4.8,40.3,176,34,True,True,True,True,True,DECREASED,DECREASED,NORMAL,3,1.0,DANGER,"고열, 빈맥"
CAT,4,3.2,38.5,121,28,False,False,False,False,False,NORMAL,NORMAL,NORMAL,0,0.02,NORMAL,이상 없음(정상)
DOG,2,21.1,39.7,144,35,False,False,False,False,True,DECREASED,DECREASED,LOW,2,0.64,CAUTION,"미열, 설사"
DOG,7,28.8,39.2,99,27,False,False,False,False,False,NORMAL,NORMAL,HIGH,0,0.0,NORMAL,이상 없음(정상)
DOG,6,7.8,40.3,130,34,False,True,False,False,True,DECREASED,DECREASED,LOW,4,0.95,DANGER,"고열, 설사"
CAT,7,6.4,38.5,107,22,False,True,False,False,True,DECREASED,INCREASED,NORMAL,2,0.35,WATCH,"설사, 피부 징후"
DOG,14,25.1,39.2,166,34,True,False,True,False,False,INCREASED,NORMAL,NORMAL,0,0.35,WATCH,"빈맥, 피부 징후"
CAT,15,2.5,37.5,131,32,False,False,False,False,False,NORMAL,NORMAL,NORMAL,0,0.1,NORMAL,이상 없음(정상)
DOG,15,25.9,40.7,165,66,True,True,True,True,True,NONE,NORMAL,HIGH,6,1.0,DANGER,"고열, 빈맥"
DOG,5,29.8,39.8,165,37,False,False,False,True,False,NORMAL,DECREASED,LOW,1,0.65,CAUTION,"미열, 빈맥"
DOG,5,3.1,39.0,110,20,False,False,False,False,False,NORMAL,INCREASED,NORMAL,0,0.17,NORMAL,이상 없음(정상)
CAT,6,6.1,39.5,144,20,False,False,False,False,False,NORMAL,DECREASED,HIGH,6,0.29,NORMAL,이상 없음(정상)
CAT,11,4.5,39.2,137,50,False,True,False,True,False,NORMAL,NORMAL,LOW,0,0.68,CAUTION,"호흡 급증, 구토"
DOG,2,5.2,40.9,184,64,True,False,False,True,True,NONE,INCREASED,LOW,7,1.0,DANGER,"고열, 빈맥"
DOG,2,5.5,37.5,116,30,False,False,False,False,False,NORMAL,NORMAL,NORMAL,0,0.04,NORMAL,이상 없음(정상)
CAT,13,6.5,37.0,113,19,True,False,False,False,False,INCREASED,NORMAL,HIGH,7,0.24,NORMAL,이상 없음(정상)
CAT,13,2.3,38.3,131,20,False,False,False,False,False,NORMAL,NORMAL,NORMAL,0,0.0,NORMAL,이상 없음(정상)
CAT,14,4.6,38.1,122,28,True,False,False,False,False,NORMAL,NORMAL,NORMAL,1,0.17,NORMAL,이상 없음(정상)
DOG,3,23.6,39.7,143,23,False,False,False,False,False,DECREASED,NORMAL,NORMAL,0,0.44,WATCH,"미열, 식욕 감소"
CAT,9,3.9,37.0,77,18,False,False,False,True,False,NORMAL,NORMAL,NORMAL,0,0.22,NORMAL,이상 없음(정상)
DOG,2,23.2,38.0,107,15,False,False,False,False,False,NORMAL,NORMAL,NORMAL,0,0.06,NORMAL,이상 없음(정상)
CAT,12,5.1,38.6,86,25,False,False,False,False,False,NORMAL,DECREASED,NORMAL,0,0.0,NORMAL,이상 없음(정상)
DOG,10,24.6,37.5,98,27,False,False,False,False,False,NORMAL,NORMAL,LOW,5,0.0,NORMAL,이상 없음(정상)
DOG,15,15.5,40.3,159,46,True,True,True,True,True,DECREASED,DECREASED,LOW,7,1.0,DANGER,"고열, 호흡 급증"
CAT,3,3.7,39.4,128,23,False,False,True,False,False,NORMAL,DECREASED,NORMAL,0,0.33,WATCH,"미열, 피부 징후"
CAT,14,5.7,39.3,132,36,False,False,False,False,False,NORMAL,NORMAL,LOW,1,0.32,WATCH,"미열, 활동량 저하"
DOG,1,10.4,38.8,121,30,True,False,False,False,False,NORMAL,DECREASED,LOW,7,0.39,WATCH,"피부 징후, 활동량 저하"
CAT,5,2.3,39.6,70,28,False,False,False,False,False,DECREASED,NORMAL,LOW,1,0.45,WATCH,"미열, 식욕 감소"
CAT,3,7.3,39.9,174,34,False,False,True,True,True,NONE,DECREASED,LOW,5,1.0,DANGER,"미열, 빈맥"
DOG,10,3.1,40.0,187,35,True,False,True,True,True,NONE,NORMAL,NORMAL,0,1.0,DANGER,"고열, 빈맥"
DOG,15,14.4,38.9,177,22,False,False,False,False,True,NORMAL,DECREASED,NORMAL,5,0.36,WATCH,"빈맥, 설사"
CAT,13,6.6,40.0,131,39,True,False,False,False,False,DECREASED,DECREASED,LOW,7,0.7,CAUTION,"고열, 피부 징후"
DOG,4,2.7,37.7,70,30,False,False,False,False,False,NORMAL,INCREASED,NORMAL,0,0.02,NORMAL,이상 없음(정상)
DOG,1,8.7,39.1,167,58,False,False,False,False,False,DECREASED,DECREASED,LOW,4,0.64,CAUTION,"빈맥, 호흡 급증"
CAT,4,5.8,39.3,120,12,True,True,False,False,False,NORMAL,INCREASED,LOW,6,0.36,WATCH,"미열, 피부 징후"
DOG,13,29.6,39.6,93,17,True,False,True,False,False,DECREASED,DECREASED,NORMAL,4,0.41,WATCH,"미열, 피부 징후"
DOG,10,4.9,39.0,184,42,True,True,True,False,False,NORMAL,NORMAL,LOW,3,0.64,CAUTION,"빈맥, 호흡 급증"
DOG,10,6.0,40.4,172,51,True,True,True,True,False,INCREASED,DECREASED,LOW,1,1.0,DANGER,"고열, 빈맥"
CAT,5,6.1,39.5,90,33,True,False,False,True,False,NORMAL,DECREASED,NORMAL,4,0.53,CAUTION,"미열, 구토"
DOG,10,5.1,39.2,113,28,True,False,True,False,False,INCREASED,NORMAL,LOW,5,0.35,WATCH,"피부 징후, 활동량 저하"
CAT,9,3.2,38.0,106,18,False,False,False,False,False,NORMAL,NORMAL,NORMAL,0,0.11,NORMAL,이상 없음(정상)
DOG,3,20.8,38.1,101,33,False,False,False,False,False,NORMAL,NORMAL,NORMAL,0,0.14,NORMAL,이상 없음(정상)
CAT,2,3.9,38.7,121,30,False,False,False,False,False,NORMAL,NORMAL,NORMAL,0,0.14,NORMAL,이상 없음(정상)
CAT,1,4.6,40.1,159,42,False,True,True,True,False,DECREASED,NORMAL,LOW,0,1.0,DANGER,"고열, 호흡 급증"
DOG,14,23.8,39.6,150,54,False,False,False,False,True,NONE,DECREASED,LOW,6,0.94,DANGER,"미열, 호흡 급증"
CAT,5,2.6,39.9,142,31,False,True,False,True,False,DECREASED,NORMAL,LOW,3,0.65,CAUTION,"미열, 구토"
DOG,11,24.8,40.3,134,59,True,False,False,True,True,NONE,NORMAL,LOW,3,1.0,DANGER,"고열, 호흡 급증"
CAT,6,6.9,39.9,177,61,True,True,False,False,True,NONE,NORMAL,LOW,7,1.0,DANGER,"미열, 빈맥"
DOG,1,28.1,37.9,82,24,False,False,False,False,False,NORMAL,NORMAL,NORMAL,0,0.04,NORMAL,이상 없음(정상)
CAT,7,2.1,39.8,103,12,False,False,True,False,True,NORMAL,NORMAL,NORMAL,5,0.45,WATCH,"미열, 설사"
DOG,11,11.3,40.6,130,53,True,False,False,True,False,NONE,NORMAL,LOW,5,1.0,DANGER,"고열, 호흡 급증"
CAT,2,3.5,40.5,130,35,True,False,False,True,True,DECREASED,DECREASED,NORMAL,4,1.0,DANGER,"고열, 소화기 이상(구토 및 설사)"
DOG,14,4.3,38.9,134,29,False,False,False,False,False,NORMAL,NORMAL,NORMAL,0,0.0,NORMAL,이상 없음(정상)
DOG,10,18.9,40.8,155,42,True,True,False,True,True,NONE,DECREASED,LOW,3,1.0,DANGER,"고열, 호흡 급증"
CAT,14,3.9,38.2,129,33,False,True,True,True,False,DECREASED,NORMAL,LOW,6,0.44,WATCH,"구토, 피부 징후"
CAT,6,5.2,39.8,128,49,True,False,False,False,False,DECREASED,DECREASED,HIGH,0,0.71,CAUTION,"미열, 호흡 급증"
DOG,3,29.9,38.5,165,35,True,True,False,True,False,DECREASED,NORMAL,NORMAL,2,0.65,CAUTION,"빈맥, 구토"
DOG,9,12.6,39.4,127,30,True,False,False,False,False,NORMAL,DECREASED,NORMAL,2,0.36,WATCH,"미열, 피부 징후"
DOG,6,25.0,38.0,92,22,False,False,False,False,False,NORMAL,NORMAL,NORMAL,0,0.08,NORMAL,이상 없음(정상)
DOG,6,22.4,39.1,140,30,False,False,False,False,False,NORMAL,NORMAL,NORMAL,0,0.1,NORMAL,이상 없음(정상)
DOG,14,21.7,38.1,127,27,True,False,False,False,False,NORMAL,NORMAL,NORMAL,1,0.11,NORMAL,이상 없음(정상)
DOG,9,24.2,39.1,93,30,False,False,False,False,True,NORMAL,NORMAL,NORMAL,2,0.24,NORMAL,이상 없음(정상)
DOG,8,25.1,40.1,186,63,True,True,False,True,True,DECREASED,DECREASED,LOW,1,1.0,DANGER,"고열, 빈맥"
CAT,2,6.7,40.0,230,52,True,False,False,True,True,DECREASED,DECREASED,LOW,7,1.0,DANGER,"고열, 빈맥"
CAT,5,5.0,38.8,130,13,False,False,False,False,False,NORMAL,DECREASED,NORMAL,0,0.03,NORMAL,이상 없음(정상)
CAT,6,6.0,38.8,137,39,False,False,False,False,False,NORMAL,NORMAL,NORMAL,0,0.0,NORMAL,이상 없음(정상)
CAT,11,4.8,38.7,83,17,False,True,False,False,False,DECREASED,NORMAL,NORMAL,6,0.27,NORMAL,이상 없음(정상)
DOG,9,18.1,39.3,155,24,False,True,False,True,False,NORMAL,DECREASED,NORMAL,4,0.46,WATCH,"미열, 구토"
DOG,8,23.6,38.1,138,18,False,True,False,False,True,NORMAL,NORMAL,NORMAL,4,0.31,WATCH,"설사, 피부 징후"
CAT,15,5.7,40.0,139,52,False,True,True,True,True,NONE,NORMAL,LOW,2,1.0,DANGER,"고열, 호흡 급증"
DOG,13,17.0,39.2,145,43,True,False,False,True,True,NORMAL,NORMAL,LOW,0,0.6,CAUTION,"호흡 급증, 소화기 이상(구토 및 설사)"
DOG,14,9.2,37.7,119,10,False,True,False,False,False,NORMAL,NORMAL,NORMAL,0,0.1,NORMAL,이상 없음(정상)
DOG,2,28.5,39.7,157,39,False,True,True,True,False,DECREASED,DECREASED,LOW,0,0.73,CAUTION,"미열, 구토"
CAT,7,7.1,39.0,113,23,False,False,False,True,False,NORMAL,NORMAL,NORMAL,6,0.14,NORMAL,이상 없음(정상)
DOG,6,4.1,39.0,176,42,False,False,False,False,True,DECREASED,NORMAL,LOW,1,0.71,CAUTION,"빈맥, 호흡 급증"
CAT,13,7.8,39.5,133,32,False,False,False,False,False,NORMAL,NORMAL,HIGH,0,0.18,NORMAL,이상 없음(정상)
DOG,14,9.8,38.5,121,21,False,False,False,False,False,NORMAL,NORMAL,HIGH,7,0.0,NORMAL,이상 없음(정상)
CAT,5,7.2,38.8,181,23,True,True,False,False,False,NORMAL,NORMAL,LOW,6,0.51,CAUTION,"빈맥, 피부 징후"
DOG,7,19.3,38.2,104,27,False,False,False,False,False,NORMAL,NORMAL,NORMAL,0,0.16,NORMAL,이상 없음(정상)
DOG,6,6.8,38.9,97,23,True,False,False,False,True,NORMAL,INCREASED,LOW,2,0.34,WATCH,"설사, 피부 징후"
DOG,9,14.7,39.8,123,37,True,False,True,True,False,DECREASED,NORMAL,NORMAL,6,0.64,CAUTION,"미열, 구토"
CAT,10,2.2,39.0,97,38,False,False,False,False,True,DECREASED,NORMAL,NORMAL,5,0.44,WATCH,"설사, 식욕 감소"
DOG,13,24.8,39.5,110,28,True,False,False,False,False,DECREASED,NORMAL,NORMAL,3,0.41,WATCH,"미열, 피부 징후"
DOG,12,26.6,40.0,230,46,False,True,False,True,False,NONE,DECREASED,LOW,3,1.0,DANGER,"고열, 빈맥"
CAT,10,7.3,38.7,82,25,False,False,False,False,True,NORMAL,NORMAL,NORMAL,6,0.1,NORMAL,이상 없음(정상)
CAT,8,2.5,39.3,112,32,False,False,False,False,False,INCREASED,INCREASED,NORMAL,6,0.21,NORMAL,이상 없음(정상)
CAT,3,7.0,39.5,119,47,False,False,False,False,False,DECREASED,NORMAL,LOW,4,0.65,CAUTION,"미열, 호흡 급증"
DOG,12,10.9,39.6,105,23,False,True,False,False,False,NORMAL,DECREASED,NORMAL,0,0.43,WATCH,"미열, 피부 징후"
CAT,12,3.6,39.3,108,31,True,False,False,False,False,NORMAL,NORMAL,LOW,6,0.41,WATCH,"미열, 피부 징후"
CAT,9,5.9,38.5,138,29,False,False,False,False,False,NORMAL,NORMAL,HIGH,4,0.01,NORMAL,이상 없음(정상)
CAT,15,6.4,40.3,183,43,False,True,False,False,False,NONE,NORMAL,LOW,5,1.0,DANGER,"고열, 빈맥"
CAT,7,6.6,40.4,139,46,True,True,True,True,False,NORMAL,INCREASED,LOW,0,1.0,DANGER,"고열, 호흡 급증"
DOG,13,29.7,40.2,93,37,False,False,False,False,True,DECREASED,NORMAL,NORMAL,4,0.64,CAUTION,"고열, 설사"
CAT,9,5.3,38.2,98,19,False,False,False,False,True,NORMAL,NORMAL,NORMAL,4,0.16,NORMAL,이상 없음(정상)
CAT,15,4.3,38.1,109,37,False,False,False,False,False,NORMAL,NORMAL,HIGH,6,0.03,NORMAL,이상 없음(정상)
CAT,9,5.7,39.2,130,38,False,False,True,True,False,NORMAL,DECREASED,NORMAL,3,0.35,WATCH,"구토, 피부 징후"
CAT,2,3.5,39.7,101,22,False,False,False,True,False,DECREASED,NORMAL,LOW,3,0.58,CAUTION,"미열, 구토"
DOG,7,16.8,38.7,171,32,False,True,True,False,True,NORMAL,NORMAL,LOW,5,0.58,CAUTION,"빈맥, 설사"
CAT,2,4.5,40.2,158,31,False,False,False,False,True,NORMAL,NORMAL,LOW,7,0.62,CAUTION,"고열, 설사"
DOG,1,8.4,38.9,126,16,False,False,False,False,True,DECREASED,NORMAL,NORMAL,0,0.35,WATCH,"설사, 식욕 감소"
CAT,11,7.3,40.0,158,41,True,True,False,False,False,DECREASED,NORMAL,LOW,3,1.0,DANGER,"고열, 호흡 급증"
DOG,3,5.5,38.1,79,25,False,False,False,False,False,DECREASED,NORMAL,NORMAL,6,0.09,NORMAL,이상 없음(정상)
CAT,5,7.4,38.6,171,32,False,False,False,False,True,NORMAL,NORMAL,HIGH,2,0.45,WATCH,"빈맥, 설사"
CAT,15,7.1,39.2,125,24,True,False,False,False,False,NORMAL,INCREASED,NORMAL,2,0.1,NORMAL,이상 없음(정상)
CAT,10,3.5,40.4,162,38,False,True,True,False,True,DECREASED,DECREASED,LOW,6,0.99,DANGER,"고열, 빈맥"
CAT,12,5.3,39.6,182,35,False,False,True,False,False,DECREASED,NORMAL,LOW,4,0.66,CAUTION,"미열, 빈맥"
DOG,12,9.8,39.7,99,28,False,False,False,False,False,DECREASED,DECREASED,LOW,0,0.41,WATCH,"미열, 식욕 감소"
DOG,13,24.1,39.5,104,27,False,True,False,False,False,DECREASED,DECREASED,NORMAL,6,0.38,WATCH,"미열, 피부 징후"
CAT,9,3.2,39.4,140,32,False,False,False,True,False,NORMAL,DECREASED,LOW,3,0.53,CAUTION,"미열, 구토"
DOG,15,11.9,39.4,139,47,False,False,False,False,False,DECREASED,NORMAL,LOW,0,0.59,CAUTION,"미열, 호흡 급증"
CAT,3,3.0,39.9,165,34,True,True,False,False,True,NORMAL,DECREASED,LOW,7,0.87,DANGER,"미열, 빈맥"
CAT,12,3.0,39.6,97,14,False,True,False,True,False,NORMAL,NORMAL,NORMAL,1,0.4,WATCH,"미열, 구토"
CAT,10,2.5,39.7,151,29,True,False,False,False,False,DECREASED,DECREASED,LOW,7,0.55,CAUTION,"미열, 피부 징후"
CAT,7,2.0,37.4,118,25,False,False,False,False,False,NORMAL,NORMAL,NORMAL,0,0.03,NORMAL,이상 없음(정상)
DOG,7,8.4,40.0,155,71,True,True,False,True,True,DECREASED,NORMAL,LOW,5,1.0,DANGER,"고열, 호흡 급증"
CAT,8,5.5,39.4,135,34,False,False,False,False,True,DECREASED,NORMAL,LOW,1,0.54,CAUTION,"미열, 설사"
CAT,6,6.3,39.0,130,42,False,False,False,False,False,INCREASED,INCREASED,NORMAL,4,0.28,NORMAL,이상 없음(정상)
CAT,8,4.1,40.8,159,23,False,False,False,False,False,DECREASED,DECREASED,LOW,4,0.63,CAUTION,"고열, 식욕 감소"
DOG,4,12.9,40.2,191,49,True,True,False,False,False,DECREASED,DECREASED,LOW,0,1.0,DANGER,"고열, 빈맥"
DOG,4,21.8,38.5,86,34,False,False,False,False,False,NORMAL,NORMAL,NORMAL,0,0.0,NORMAL,이상 없음(정상)
CAT,9,6.6,38.4,118,25,False,False,False,True,False,NORMAL,NORMAL,NORMAL,4,0.09,NORMAL,이상 없음(정상)
DOG,5,9.2,39.3,123,17,False,False,False,False,False,DECREASED,DECREASED,NORMAL,2,0.38,WATCH,"미열, 식욕 감소"
CAT,15,7.4,38.1,134,25,False,False,False,True,False,NORMAL,NORMAL,NORMAL,0,0.24,NORMAL,이상 없음(정상)
DOG,15,7.0,41.0,179,37,True,False,False,True,True,NONE,DECREASED,LOW,4,1.0,DANGER,"고열, 빈맥"
CAT,2,7.6,40.2,146,20,False,False,False,False,False,NORMAL,DECREASED,NORMAL,0,0.49,WATCH,고열
DOG,5,17.3,38.1,138,15,False,False,False,False,False,NORMAL,NORMAL,NORMAL,0,0.0,NORMAL,이상 없음(정상)
CAT,7,4.8,40.8,135,41,True,False,True,True,False,NONE,DECREASED,LOW,7,1.0,DANGER,"고열, 호흡 급증"
DOG,15,6.1,40.0,183,48,False,False,True,True,True,DECREASED,DECREASED,LOW,4,1.0,DANGER,"고열, 빈맥"
CAT,13,6.1,38.6,121,28,True,False,False,True,False,NORMAL,NORMAL,LOW,6,0.37,WATCH,"구토, 피부 징후"
DOG,11,26.8,39.3,104,29,True,False,False,False,False,DECREASED,NORMAL,LOW,7,0.51,CAUTION,"미열, 피부 징후"
CAT,4,3.0,39.5,158,40,False,False,False,False,False,NORMAL,INCREASED,LOW,4,0.6,CAUTION,"미열, 호흡 급증"
CAT,7,7.4,38.9,67,26,True,False,False,False,False,NORMAL,NORMAL,NORMAL,1,0.16,NORMAL,이상 없음(정상)
DOG,4,19.8,39.9,185,40,False,False,True,False,False,DECREASED,DECREASED,LOW,0,1.0,DANGER,"미열, 빈맥"
DOG,15,19.9,38.5,184,34,False,True,False,True,True,NORMAL,NORMAL,LOW,6,0.74,CAUTION,"빈맥, 소화기 이상(구토 및 설사)"
CAT,9,6.2,38.7,92,20,False,False,False,False,False,NONE,NORMAL,NORMAL,7,0.28,NORMAL,이상 없음(정상)
DOG,13,22.6,39.2,55,34,False,False,False,False,False,NORMAL,NORMAL,NORMAL,0,0.0,NORMAL,이상 없음(정상)
DOG,13,3.1,39.1,133,29,False,False,False,True,False,DECREASED,DECREASED,NORMAL,3,0.3,WATCH,"구토, 식욕 감소"
CAT,15,6.3,39.3,134,27,False,False,False,False,False,DECREASED,NORMAL,HIGH,5,0.32,WATCH,"미열, 식욕 감소"
CAT,3,2.0,39.0,132,24,False,True,False,True,False,NORMAL,NORMAL,NORMAL,5,0.38,WATCH,"구토, 피부 징후"
DOG,14,18.0,38.2,85,27,False,False,True,False,False,NORMAL,NORMAL,LOW,0,0.17,NORMAL,이상 없음(정상)
CAT,14,4.0,39.6,146,45,True,True,False,False,True,DECREASED,DECREASED,LOW,1,1.0,DANGER,"미열, 호흡 급증"
CAT,1,3.4,37.5,78,23,False,False,False,True,False,INCREASED,NORMAL,NORMAL,3,0.23,NORMAL,이상 없음(정상)
DOG,15,17.6,39.0,178,36,False,False,False,True,False,INCREASED,INCREASED,NORMAL,0,0.4,WATCH,"빈맥, 구토"
DOG,5,26.6,38.2,122,22,True,False,False,False,False,NORMAL,NORMAL,NORMAL,6,0.11,NORMAL,이상 없음(정상)
DOG,12,16.4,39.4,117,37,False,False,True,False,True,DECREASED,DECREASED,NORMAL,0,0.55,CAUTION,"미열, 설사"
DOG,2,10.2,37.7,106,23,False,False,False,True,False,NORMAL,NORMAL,NORMAL,7,0.2,NORMAL,이상 없음(정상)
CAT,10,6.0,39.3,139,39,True,True,False,False,True,NORMAL,NORMAL,NORMAL,5,0.52,CAUTION,"미열, 설사"
DOG,3,18.9,40.3,139,42,True,False,False,True,True,DECREASED,NORMAL,LOW,3,1.0,DANGER,"고열, 호흡 급증"
CAT,4,3.5,38.4,106,13,False,False,False,False,False,INCREASED,NORMAL,NORMAL,3,0.03,NORMAL,이상 없음(정상)
DOG,12,24.9,40.6,152,47,True,True,False,True,True,DECREASED,DECREASED,LOW,4,1.0,DANGER,"고열, 호흡 급증"
CAT,2,4.7,39.7,154,66,False,False,False,True,True,DECREASED,INCREASED,LOW,1,0.98,DANGER,"미열, 호흡 급증"
CAT,12,7.4,39.8,151,33,False,False,False,False,False,NORMAL,NORMAL,LOW,7,0.32,WATCH,"미열, 활동량 저하"
DOG,13,28.1,40.3,170,53,False,False,True,False,True,DECREASED,NORMAL,LOW,7,1.0,DANGER,"고열, 빈맥"
CAT,14,4.2,39.5,180,32,True,True,True,False,False,NORMAL,NORMAL,LOW,5,0.59,CAUTION,"미열, 빈맥"
CAT,10,4.4,39.4,162,36,False,False,False,False,False,NORMAL,NORMAL,LOW,1,0.41,WATCH,"미열, 빈맥"
CAT,10,7.3,40.2,150,58,True,True,False,False,False,NORMAL,NORMAL,LOW,6,0.83,DANGER,"고열, 호흡 급증"
DOG,10,28.1,37.9,137,25,False,False,False,False,False,NORMAL,NORMAL,NORMAL,0,0.0,NORMAL,이상 없음(정상)
DOG,13,7.0,40.7,175,41,False,False,False,True,True,NONE,NORMAL,LOW,3,1.0,DANGER,"고열, 빈맥"
CAT,4,3.6,38.7,149,40,False,False,False,False,False,NONE,NORMAL,NORMAL,1,0.48,WATCH,"호흡 급증, 식욕 절폐"
CAT,10,2.9,39.4,126,23,False,False,False,False,False,INCREASED,NORMAL,NORMAL,0,0.26,NORMAL,이상 없음(정상)
CAT,2,6.6,38.5,117,22,False,False,False,False,False,NORMAL,NORMAL,NORMAL,0,0.03,NORMAL,이상 없음(정상)
CAT,12,5.9,40.4,136,50,True,False,True,False,True,NONE,DECREASED,LOW,6,1.0,DANGER,"고열, 호흡 급증"
DOG,9,17.5,41.1,130,60,True,False,True,True,False,DECREASED,NORMAL,LOW,7,1.0,DANGER,"고열, 호흡 급증"
CAT,6,4.8,38.7,81,18,False,False,False,False,False,NORMAL,NORMAL,HIGH,0,0.07,NORMAL,이상 없음(정상)
CAT,5,4.8,39.7,139,37,True,False,False,False,True,DECREASED,INCREASED,LOW,7,0.63,CAUTION,"미열, 설사"
DOG,8,9.7,38.4,71,22,False,False,False,False,False,NORMAL,NORMAL,NORMAL,0,0.04,NORMAL,이상 없음(정상)
DOG,7,15.0,39.9,222,50,False,True,False,True,True,DECREASED,DECREASED,LOW,3,1.0,DANGER,"미열, 빈맥"
CAT,13,3.2,39.5,131,33,False,False,False,True,False,DECREASED,DECREASED,NORMAL,0,0.69,CAUTION,"미열, 구토"
DOG,12,15.3,40.5,134,54,True,True,True,False,False,NORMAL,NORMAL,LOW,3,0.72,CAUTION,"고열, 호흡 급증"
DOG,8,9.3,39.9,122,46,False,False,False,False,False,DECREASED,NORMAL,NORMAL,0,0.6,CAUTION,"미열, 호흡 급증"
CAT,7,2.4,38.7,67,30,False,False,False,False,False,INCREASED,NORMAL,NORMAL,4,0.13,NORMAL,이상 없음(정상)
DOG,4,17.1,39.1,143,42,False,False,False,True,False,NORMAL,NORMAL,HIGH,2,0.35,WATCH,"호흡 급증, 구토"
DOG,6,8.7,38.4,88,17,True,False,True,True,False,NORMAL,NORMAL,NORMAL,7,0.28,NORMAL,이상 없음(정상)
DOG,6,18.0,39.9,130,38,False,True,False,False,True,DECREASED,DECREASED,LOW,3,0.84,DANGER,"미열, 설사"
DOG,7,5.9,39.0,66,37,False,False,False,False,False,NORMAL,INCREASED,NORMAL,0,0.0,NORMAL,이상 없음(정상)
DOG,5,24.8,39.5,160,39,False,True,True,False,True,NONE,DECREASED,LOW,7,1.0,DANGER,"미열, 빈맥"
CAT,6,3.1,38.8,137,32,False,False,False,False,True,DECREASED,DECREASED,LOW,7,0.46,WATCH,"설사, 식욕 감소"
CAT,3,5.3,38.6,110,45,True,False,False,True,False,NORMAL,DECREASED,LOW,4,0.7,CAUTION,"호흡 급증, 구토"
CAT,15,4.0,39.4,58,23,False,False,False,False,False,NORMAL,NORMAL,NORMAL,0,0.16,NORMAL,이상 없음(정상)
CAT,8,2.5,38.7,94,15,False,False,False,False,True,NORMAL,NORMAL,NORMAL,2,0.14,NORMAL,이상 없음(정상)
CAT,13,7.9,38.0,92,25,False,False,False,False,False,DECREASED,NORMAL,LOW,0,0.24,NORMAL,이상 없음(정상)
DOG,13,12.5,38.9,123,17,False,False,False,False,False,NORMAL,DECREASED,NORMAL,0,0.0,NORMAL,이상 없음(정상)
DOG,2,4.5,40.4,132,33,False,True,False,False,False,DECREASED,DECREASED,NORMAL,2,0.66,CAUTION,"고열, 피부 징후"
DOG,7,17.8,39.3,116,25,False,False,False,False,False,NORMAL,NORMAL,LOW,3,0.36,WATCH,"미열, 활동량 저하"
DOG,8,11.3,38.9,111,31,False,False,False,True,False,NORMAL,INCREASED,LOW,2,0.3,WATCH,"구토, 활동량 저하"
DOG,11,27.3,38.8,87,28,False,True,False,True,False,NORMAL,NORMAL,LOW,5,0.38,WATCH,"구토, 피부 징후"
CAT,2,5.8,38.6,116,31,True,False,False,False,False,NORMAL,NORMAL,NORMAL,3,0.27,NORMAL,이상 없음(정상)
CAT,6,3.0,38.3,91,18,False,False,False,False,False,NORMAL,NORMAL,NORMAL,0,0.01,NORMAL,이상 없음(정상)
CAT,5,4.0,38.4,57,24,False,False,False,False,False,NORMAL,NORMAL,NORMAL,0,0.09,NORMAL,이상 없음(정상)
CAT,1,2.9,37.6,110,10,False,False,False,False,False,NORMAL,NORMAL,LOW,7,0.09,NORMAL,이상 없음(정상)
CAT,4,7.5,40.4,153,66,True,True,False,True,False,NONE,DECREASED,LOW,0,1.0,DANGER,"고열, 호흡 급증"
DOG,4,3.7,40.4,230,51,False,True,False,True,True,NONE,NORMAL,LOW,6,1.0,DANGER,"고열, 빈맥"
DOG,4,4.8,39.4,123,30,False,False,False,True,False,NORMAL,DECREASED,NORMAL,2,0.53,CAUTION,"미열, 구토"
DOG,7,23.5,39.5,148,53,False,False,False,True,True,DECREASED,DECREASED,LOW,1,0.94,DANGER,"미열, 호흡 급증"
CAT,14,3.3,39.8,148,69,True,False,True,True,True,NONE,NORMAL,LOW,2,1.0,DANGER,"미열, 호흡 급증"
DOG,14,18.7,39.1,104,24,False,False,False,False,False,NORMAL,NORMAL,NORMAL,0,0.0,NORMAL,이상 없음(정상)
DOG,7,15.5,37.8,99,10,False,False,False,False,False,NORMAL,NORMAL,NORMAL,0,0.07,NORMAL,이상 없음(정상)
DOG,15,29.7,39.0,72,12,False,False,False,False,False,NORMAL,NORMAL,NORMAL,0,0.12,NORMAL,이상 없음(정상)
CAT,4,4.5,38.7,114,12,False,False,False,False,False,NORMAL,DECREASED,HIGH,2,0.0,NORMAL,이상 없음(정상)
CAT,13,5.2,40.0,150,27,True,False,False,False,False,DECREASED,NORMAL,LOW,3,0.65,CAUTION,"고열, 피부 징후"
DOG,13,28.5,38.0,79,27,True,False,False,False,False,NORMAL,NORMAL,NORMAL,2,0.18,NORMAL,이상 없음(정상)
CAT,12,2.7,37.7,68,21,False,False,False,True,False,NORMAL,NORMAL,HIGH,7,0.13,NORMAL,이상 없음(정상)
DOG,7,27.6,39.5,138,37,False,False,False,True,False,DECREASED,NORMAL,NORMAL,7,0.48,WATCH,"미열, 구토"
CAT,8,4.5,39.3,161,34,False,False,False,True,False,NORMAL,DECREASED,NORMAL,5,0.61,CAUTION,"미열, 빈맥"
DOG,5,17.7,39.4,139,26,False,False,False,True,True,DECREASED,DECREASED,LOW,5,0.69,CAUTION,"미열, 소화기 이상(구토 및 설사)"
DOG,2,27.6,39.0,112,33,False,True,False,False,True,NONE,DECREASED,NORMAL,6,0.55,CAUTION,"설사, 피부 징후"
DOG,13,19.7,40.7,193,38,True,False,False,False,True,NONE,NORMAL,LOW,5,1.0,DANGER,"고열, 빈맥"
DOG,10,10.5,39.0,175,36,True,False,False,False,True,NORMAL,NORMAL,LOW,5,0.66,CAUTION,"빈맥, 설사"
DOG,2,14.7,40.5,158,52,True,False,False,True,True,INCREASED,INCREASED,LOW,1,1.0,DANGER,"고열, 호흡 급증"
DOG,14,25.2,39.1,138,37,False,False,False,False,True,NONE,NORMAL,HIGH,7,0.41,WATCH,"설사, 식욕 절폐"
CAT,4,4.5,38.9,154,33,False,True,True,True,False,DECREASED,NORMAL,NORMAL,7,0.52,CAUTION,"구토, 피부 징후"
DOG,13,17.9,38.9,116,35,False,False,False,False,False,NORMAL,NORMAL,NORMAL,0,0.0,NORMAL,이상 없음(정상)
CAT,9,2.3,38.3,91,18,False,False,False,False,False,DECREASED,INCREASED,LOW,5,0.25,NORMAL,이상 없음(정상)
CAT,9,7.3,38.9,123,17,False,False,False,False,False,NORMAL,NORMAL,LOW,7,0.22,NORMAL,이상 없음(정상)
CAT,7,4.5,39.7,158,37,True,True,False,False,False,DECREASED,INCREASED,LOW,5,0.5,CAUTION,"미열, 피부 징후"
DOG,13,5.5,39.2,165,28,True,False,False,False,True,NORMAL,NORMAL,LOW,5,0.46,WATCH,"빈맥, 설사"
CAT,10,3.3,38.2,89,19,False,False,True,False,False,NORMAL,NORMAL,LOW,4,0.24,NORMAL,이상 없음(정상)
DOG,2,25.8,38.1,85,24,False,False,False,False,False,NORMAL,NORMAL,NORMAL,0,0.03,NORMAL,이상 없음(정상)
CAT,6,3.2,38.0,108,16,False,False,False,False,False,NORMAL,NORMAL,NORMAL,0,0.0,NORMAL,이상 없음(정상)
DOG,13,5.1,39.6,192,47,False,True,True,True,False,NONE,DECREASED,LOW,6,1.0,DANGER,"미열, 빈맥"
CAT,10,4.4,37.8,91,19,False,False,False,False,False,NORMAL,NORMAL,HIGH,1,0.0,NORMAL,이상 없음(정상)
CAT,15,7.1,38.7,107,30,False,False,False,False,False,NORMAL,NORMAL,NORMAL,0,0.06,NORMAL,이상 없음(정상)
DOG,15,3.1,39.0,160,10,False,False,False,False,False,NORMAL,NORMAL,LOW,7,0.28,NORMAL,이상 없음(정상)
CAT,6,7.6,39.1,182,45,False,True,False,False,False,DECREASED,NORMAL,NORMAL,2,0.62,CAUTION,"빈맥, 호흡 급증"
DOG,3,29.5,39.2,177,21,False,False,True,False,False,DECREASED,NORMAL,NORMAL,0,0.35,WATCH,"빈맥, 피부 징후"
CAT,11,7.1,38.1,132,20,False,False,False,False,False,INCREASED,NORMAL,NORMAL,6,0.0,NORMAL,이상 없음(정상)
CAT,7,6.1,38.7,134,20,True,False,False,True,False,DECREASED,NORMAL,NORMAL,5,0.37,WATCH,"구토, 피부 징후"
DOG,15,4.2,38.5,117,41,True,False,True,False,False,NORMAL,INCREASED,HIGH,6,0.49,WATCH,"호흡 급증, 피부 징후"
DOG,1,13.3,38.9,132,20,False,False,False,False,False,NORMAL,DECREASED,HIGH,2,0.0,NORMAL,이상 없음(정상)
DOG,4,14.5,40.4,186,69,False,False,False,True,True,NONE,DECREASED,LOW,7,1.0,DANGER,"고열, 빈맥"
DOG,5,10.8,39.2,107,26,False,True,False,False,False,NONE,DECREASED,NORMAL,6,0.43,WATCH,"피부 징후, 식욕 절폐"
CAT,10,2.5,38.0,99,28,False,False,False,False,False,NORMAL,NORMAL,NORMAL,0,0.12,NORMAL,이상 없음(정상)
DOG,11,14.0,41.3,137,41,True,False,False,True,False,INCREASED,DECREASED,LOW,7,1.0,DANGER,"고열, 호흡 급증"
DOG,7,20.2,38.4,75,38,False,False,False,False,False,NORMAL,NORMAL,HIGH,2,0.19,NORMAL,이상 없음(정상)
CAT,11,6.8,39.9,126,34,False,True,True,False,True,NORMAL,INCREASED,LOW,3,0.56,CAUTION,"미열, 설사"
CAT,10,5.4,40.2,202,45,True,True,True,True,True,DECREASED,DECREASED,LOW,2,1.0,DANGER,"고열, 빈맥"
CAT,13,4.3,39.0,135,32,False,False,False,True,False,NORMAL,NORMAL,LOW,1,0.33,WATCH,"구토, 활동량 저하"
CAT,14,6.2,38.4,90,28,True,False,False,True,True,NORMAL,INCREASED,HIGH,2,0.46,WATCH,"소화기 이상(구토 및 설사), 피부 징후"
DOG,3,27.1,40.4,170,43,False,True,False,True,True,DECREASED,DECREASED,NORMAL,1,1.0,DANGER,"고열, 빈맥"
DOG,4,16.2,39.9,104,40,False,False,False,False,False,NORMAL,DECREASED,LOW,2,0.59,CAUTION,"미열, 호흡 급증"
DOG,4,10.2,38.5,141,14,False,False,False,False,False,NORMAL,NORMAL,NORMAL,0,0.06,NORMAL,이상 없음(정상)
CAT,4,3.8,38.4,94,33,False,False,False,False,False,NORMAL,NORMAL,NORMAL,0,0.12,NORMAL,이상 없음(정상)
DOG,5,24.6,37.9,119,28,False,False,False,False,False,INCREASED,NORMAL,NORMAL,4,0.03,NORMAL,이상 없음(정상)
CAT,7,7.2,38.8,69,26,False,True,False,False,False,NORMAL,NORMAL,HIGH,2,0.22,NORMAL,이상 없음(정상)
CAT,15,3.2,40.5,174,48,True,True,True,True,True,DECREASED,DECREASED,LOW,0,1.0,DANGER,"고열, 빈맥"
DOG,4,5.3,39.5,144,17,False,False,False,False,True,DECREASED,DECREASED,NORMAL,0,0.42,WATCH,"미열, 설사"
DOG,13,18.2,39.7,189,26,True,False,False,False,False,DECREASED,DECREASED,NORMAL,2,0.62,CAUTION,"미열, 빈맥"
DOG,10,20.2,38.6,135,29,False,False,False,False,False,NORMAL,INCREASED,HIGH,3,0.0,NORMAL,이상 없음(정상)
DOG,14,23.9,38.9,108,24,False,False,False,False,False,NORMAL,NORMAL,NORMAL,0,0.0,NORMAL,이상 없음(정상)
DOG,15,15.3,40.3,130,34,False,True,False,False,True,NONE,NORMAL,LOW,5,1.0,DANGER,"고열, 설사"
CAT,1,7.2,40.2,147,39,True,True,False,False,False,NORMAL,DECREASED,LOW,4,0.67,CAUTION,"고열, 피부 징후"
CAT,12,4.2,38.7,95,40,False,False,False,False,False,DECREASED,NORMAL,NORMAL,7,0.29,NORMAL,이상 없음(정상)
CAT,10,3.0,39.3,129,29,False,False,False,False,True,DECREASED,DECREASED,NORMAL,1,0.49,WATCH,"미열, 설사"
CAT,6,3.8,38.4,75,20,False,False,False,False,False,NORMAL,NORMAL,NORMAL,0,0.0,NORMAL,이상 없음(정상)
DOG,13,14.3,39.2,133,30,False,True,False,True,False,DECREASED,NORMAL,NORMAL,0,0.48,WATCH,"구토, 피부 징후"
DOG,15,14.0,38.7,106,20,False,False,False,False,False,NORMAL,NORMAL,NORMAL,0,0.09,NORMAL,이상 없음(정상)
CAT,1,7.5,39.2,126,28,False,False,False,True,True,DECREASED,NORMAL,LOW,7,0.54,CAUTION,"소화기 이상(구토 및 설사), 식욕 감소"
CAT,2,2.0,39.9,135,19,False,False,False,False,False,DECREASED,NORMAL,NORMAL,6,0.34,WATCH,"미열, 식욕 감소"
DOG,8,6.2,40.8,155,42,False,True,False,True,True,NONE,DECREASED,LOW,1,1.0,DANGER,"고열, 호흡 급증"
DOG,3,13.1,38.9,143,39,True,False,False,True,True,NORMAL,DECREASED,LOW,0,0.6,CAUTION,"소화기 이상(구토 및 설사), 피부 징후"
CAT,9,5.0,39.2,160,54,True,True,True,False,False,DECREASED,NORMAL,LOW,5,0.7,CAUTION,"빈맥, 호흡 급증"
CAT,8,4.0,40.1,162,72,True,True,True,False,False,NONE,DECREASED,LOW,6,1.0,DANGER,"고열, 빈맥"
CAT,8,7.5,39.7,131,33,True,False,False,False,True,DECREASED,NORMAL,LOW,5,0.73,CAUTION,"미열, 설사"
CAT,14,5.5,40.1,138,37,False,False,False,True,False,DECREASED,NORMAL,NORMAL,0,0.62,CAUTION,"고열, 구토"
CAT,12,7.8,38.3,112,27,False,False,False,False,False,NORMAL,DECREASED,NORMAL,0,0.02,NORMAL,이상 없음(정상)
DOG,5,17.9,38.3,88,18,False,False,False,False,False,NORMAL,NORMAL,NORMAL,0,0.0,NORMAL,이상 없음(정상)
CAT,3,6.2,38.1,117,34,False,False,False,False,False,NORMAL,NORMAL,NORMAL,0,0.14,NORMAL,이상 없음(정상)
DOG,13,21.6,38.3,93,27,False,False,True,False,False,NORMAL,NORMAL,HIGH,5,0.17,NORMAL,이상 없음(정상)
CAT,7,6.1,40.5,168,44,True,False,False,True,False,NONE,DECREASED,LOW,7,1.0,DANGER,"고열, 빈맥"
CAT,13,5.9,38.7,123,23,False,False,False,False,False,NORMAL,NORMAL,NORMAL,0,0.1,NORMAL,이상 없음(정상)
DOG,4,22.7,38.9,106,29,False,False,False,False,True,NORMAL,NORMAL,NORMAL,0,0.14,NORMAL,이상 없음(정상)
CAT,7,6.5,39.6,123,22,False,False,False,False,True,DECREASED,NORMAL,NORMAL,6,0.56,CAUTION,"미열, 설사"
CAT,11,2.8,39.5,139,31,True,True,False,True,True,DECREASED,DECREASED,NORMAL,5,0.74,CAUTION,"미열, 소화기 이상(구토 및 설사)"
CAT,14,7.4,39.7,153,35,True,True,False,False,True,NONE,INCREASED,LOW,2,0.72,CAUTION,"미열, 설사"
CAT,14,2.1,38.6,118,29,False,False,False,True,True,NORMAL,NORMAL,NORMAL,5,0.43,WATCH,소화기 이상(구토 및 설사)
DOG,6,27.8,39.6,172,34,True,False,True,False,False,DECREASED,DECREASED,NORMAL,6,0.6,CAUTION,"미열, 빈맥"
DOG,13,17.2,39.0,166,32,False,False,False,True,True,DECREASED,NORMAL,NORMAL,3,0.63,CAUTION,"빈맥, 소화기 이상(구토 및 설사)"
DOG,5,21.0,39.1,77,11,False,False,False,False,False,INCREASED,NORMAL,HIGH,5,0.03,NORMAL,이상 없음(정상)
DOG,12,23.4,39.3,104,18,True,False,False,False,False,NORMAL,INCREASED,NORMAL,7,0.35,WATCH,"미열, 피부 징후"
CAT,4,4.1,38.5,124,28,False,False,False,False,False,NORMAL,NORMAL,HIGH,2,0.0,NORMAL,이상 없음(정상)
CAT,15,7.3,40.1,130,59,True,False,False,False,True,NONE,DECREASED,LOW,5,1.0,DANGER,"고열, 호흡 급증"
DOG,4,4.2,39.8,213,43,True,True,True,True,False,DECREASED,NORMAL,LOW,2,1.0,DANGER,"미열, 빈맥"
CAT,11,5.9,39.1,150,39,False,True,False,True,True,NORMAL,DECREASED,LOW,4,0.55,CAUTION,"소화기 이상(구토 및 설사), 피부 징후"
DOG,3,26.7,39.4,200,22,False,False,False,True,False,NORMAL,DECREASED,LOW,4,0.57,CAUTION,"미열, 빈맥"
CAT,5,7.4,37.8,101,25,False,False,False,False,False,NORMAL,NORMAL,NORMAL,0,0.04,NORMAL,이상 없음(정상)
CAT,4,7.0,39.0,125,29,False,False,False,False,False,DECREASED,NORMAL,NORMAL,6,0.09,NORMAL,이상 없음(정상)
CAT,2,3.9,38.2,99,21,True,False,False,False,False,NORMAL,INCREASED,NORMAL,7,0.15,NORMAL,이상 없음(정상)
DOG,12,15.0,38.7,91,18,False,False,False,False,True,NORMAL,NORMAL,NORMAL,2,0.22,NORMAL,이상 없음(정상)
CAT,2,5.0,38.5,91,10,False,False,False,False,False,DECREASED,NORMAL,HIGH,6,0.2,NORMAL,이상 없음(정상)
CAT,5,2.7,40.7,165,44,True,False,False,True,False,NONE,DECREASED,LOW,0,1.0,DANGER,"고열, 빈맥"
DOG,11,2.5,38.4,148,22,True,False,False,False,True,INCREASED,NORMAL,LOW,2,0.37,WATCH,"설사, 피부 징후"
DOG,5,6.5,39.6,127,29,True,False,False,True,False,DECREASED,INCREASED,NORMAL,2,0.57,CAUTION,"미열, 구토"
DOG,14,20.8,37.7,105,23,False,False,False,False,True,INCREASED,NORMAL,NORMAL,7,0.0,NORMAL,이상 없음(정상)
CAT,6,2.3,39.4,189,33,False,False,False,False,True,DECREASED,DECREASED,NORMAL,4,0.63,CAUTION,"미열, 빈맥"
CAT,8,2.2,38.9,138,37,False,False,False,True,True,DECREASED,DECREASED,LOW,5,0.59,CAUTION,"소화기 이상(구토 및 설사), 식욕 감소"
CAT,7,3.9,37.7,108,19,True,False,False,False,False,INCREASED,NORMAL,NORMAL,4,0.2,NORMAL,이상 없음(정상)
DOG,6,5.9,38.8,94,37,False,True,False,False,False,DECREASED,NORMAL,LOW,3,0.46,WATCH,"피부 징후, 식욕 감소"
CAT,10,5.8,38.4,76,36,True,True,False,True,False,NORMAL,NORMAL,NORMAL,7,0.32,WATCH,"구토, 피부 징후"
DOG,8,4.4,40.3,147,49,True,True,True,True,True,NONE,DECREASED,LOW,2,1.0,DANGER,"고열, 호흡 급증"
DOG,9,4.4,40.1,144,38,False,False,False,True,False,NORMAL,DECREASED,LOW,4,0.68,CAUTION,"고열, 구토"
DOG,14,18.9,38.0,87,28,True,False,False,False,False,NORMAL,NORMAL,NORMAL,7,0.01,NORMAL,이상 없음(정상)
CAT,11,3.5,40.2,130,43,True,False,False,True,True,DECREASED,NORMAL,NORMAL,5,1.0,DANGER,"고열, 호흡 급증"
DOG,8,5.6,39.2,154,39,False,True,True,True,True,NORMAL,NORMAL,NORMAL,1,0.54,CAUTION,"소화기 이상(구토 및 설사), 피부 징후"
DOG,11,17.1,40.8,169,49,False,False,True,False,True,DECREASED,INCREASED,LOW,0,1.0,DANGER,"고열, 빈맥"
CAT,11,2.3,38.8,101,23,False,False,False,True,True,DECREASED,NORMAL,NORMAL,3,0.45,WATCH,"소화기 이상(구토 및 설사), 식욕 감소"
DOG,4,21.8,37.9,89,21,False,False,False,False,False,NORMAL,INCREASED,HIGH,7,0.05,NORMAL,이상 없음(정상)
CAT,7,5.4,38.8,95,30,False,False,False,False,False,NORMAL,NORMAL,NORMAL,0,0.03,NORMAL,이상 없음(정상)
DOG,3,9.5,39.4,157,34,False,True,False,True,False,NORMAL,DECREASED,NORMAL,7,0.57,CAUTION,"미열, 구토"
DOG,13,19.6,39.4,143,45,False,True,False,False,False,NORMAL,DECREASED,NORMAL,0,0.57,CAUTION,"미열, 호흡 급증"
CAT,13,2.0,39.9,188,46,True,True,False,False,True,DECREASED,DECREASED,LOW,0,1.0,DANGER,"미열, 빈맥"
DOG,2,27.8,38.6,113,24,True,False,False,False,False,NORMAL,NORMAL,HIGH,1,0.25,NORMAL,이상 없음(정상)
DOG,4,20.9,38.7,176,19,False,False,False,False,True,NORMAL,NORMAL,NORMAL,3,0.36,WATCH,"빈맥, 설사"
DOG,13,22.6,39.2,149,34,False,False,False,True,False,DECREASED,DECREASED,LOW,7,0.54,CAUTION,"구토, 식욕 감소"
DOG,6,10.8,38.2,134,12,False,False,True,False,True,NORMAL,INCREASED,NORMAL,7,0.3,WATCH,"설사, 피부 징후"
CAT,1,2.4,40.1,138,38,True,False,False,True,False,NONE,DECREASED,LOW,6,1.0,DANGER,"고열, 구토"
DOG,8,4.0,39.9,158,42,True,True,True,False,True,NONE,DECREASED,LOW,3,1.0,DANGER,"미열, 호흡 급증"
DOG,6,22.4,39.5,107,32,True,True,False,False,False,DECREASED,NORMAL,LOW,4,0.53,CAUTION,"미열, 피부 징후"
CAT,9,6.9,39.2,133,35,False,False,False,False,True,NORMAL,NORMAL,LOW,6,0.4,WATCH,"설사, 활동량 저하"
DOG,10,7.3,38.3,74,26,False,False,False,False,False,NORMAL,NORMAL,NORMAL,0,0.0,NORMAL,이상 없음(정상)
DOG,15,26.3,38.8,117,35,False,False,False,False,False,NORMAL,NORMAL,NORMAL,0,0.0,NORMAL,이상 없음(정상)
DOG,14,12.5,39.3,83,38,False,False,False,False,False,DECREASED,INCREASED,NORMAL,3,0.4,WATCH,"미열, 식욕 감소"
DOG,14,7.8,37.8,100,23,True,False,False,False,False,NORMAL,INCREASED,NORMAL,6,0.1,NORMAL,이상 없음(정상)
CAT,11,4.5,38.6,168,38,False,False,True,True,True,NORMAL,NORMAL,NORMAL,0,0.53,CAUTION,"빈맥, 소화기 이상(구토 및 설사)"
CAT,6,4.6,39.2,156,46,False,True,False,False,False,NORMAL,INCREASED,LOW,0,0.55,CAUTION,"호흡 급증, 피부 징후"
CAT,4,2.8,39.7,126,25,True,False,False,True,False,NORMAL,INCREASED,LOW,5,0.58,CAUTION,"미열, 구토"
CAT,2,3.2,38.2,135,30,False,False,False,False,False,NORMAL,NORMAL,NORMAL,0,0.03,NORMAL,이상 없음(정상)
DOG,7,17.8,38.9,128,22,False,False,False,False,True,NONE,DECREASED,NORMAL,3,0.64,CAUTION,"설사, 식욕 절폐"
CAT,5,2.4,40.3,136,38,False,True,False,False,True,NONE,NORMAL,LOW,7,1.0,DANGER,"고열, 설사"
DOG,7,29.4,40.3,151,49,False,False,True,True,True,NONE,DECREASED,LOW,5,1.0,DANGER,"고열, 호흡 급증"
DOG,3,8.7,39.4,139,23,True,False,False,False,True,DECREASED,NORMAL,NORMAL,0,0.57,CAUTION,"미열, 설사"
DOG,14,29.9,40.4,177,49,True,False,False,True,True,DECREASED,DECREASED,LOW,3,1.0,DANGER,"고열, 빈맥"
CAT,9,5.5,39.2,140,26,False,False,False,True,False,DECREASED,NORMAL,NORMAL,2,0.37,WATCH,"구토, 식욕 감소"
CAT,11,4.3,39.5,141,43,False,False,False,True,True,NORMAL,INCREASED,LOW,5,0.84,DANGER,"미열, 호흡 급증"
CAT,5,2.9,38.9,167,31,True,False,False,False,False,NORMAL,NORMAL,NORMAL,2,0.37,WATCH,"빈맥, 피부 징후"
CAT,1,2.6,38.1,118,29,False,False,False,False,False,INCREASED,NORMAL,NORMAL,5,0.0,NORMAL,이상 없음(정상)
DOG,2,26.7,39.3,141,25,False,False,False,False,False,NORMAL,DECREASED,NORMAL,0,0.32,WATCH,미열
CAT,13,2.2,39.1,153,34,False,False,False,False,False,NORMAL,INCREASED,HIGH,2,0.07,NORMAL,이상 없음(정상)
DOG,3,11.8,39.9,186,25,False,True,False,False,False,NORMAL,NORMAL,LOW,2,0.66,CAUTION,"미열, 빈맥"
CAT,7,6.9,39.3,116,19,False,False,False,True,False,NORMAL,INCREASED,NORMAL,7,0.44,WATCH,"미열, 구토"
DOG,4,7.6,40.1,134,37,False,True,False,True,False,DECREASED,DECREASED,LOW,7,0.97,DANGER,"고열, 구토"
DOG,3,19.9,40.1,166,61,True,False,True,True,True,NORMAL,DECREASED,LOW,0,1.0,DANGER,"고열, 빈맥"
DOG,14,21.7,38.7,112,23,True,False,True,True,False,NORMAL,NORMAL,NORMAL,0,0.39,WATCH,"구토, 피부 징후"
CAT,2,3.9,39.2,162,33,True,False,False,False,True,NORMAL,DECREASED,LOW,3,0.52,CAUTION,"빈맥, 설사"
DOG,14,25.2,39.8,141,57,True,False,True,True,True,NONE,DECREASED,LOW,5,1.0,DANGER,"미열, 호흡 급증"
CAT,8,4.2,39.0,109,19,False,True,True,False,False,NORMAL,NORMAL,NORMAL,0,0.14,NORMAL,이상 없음(정상)
DOG,5,10.0,38.3,94,21,False,False,False,False,True,NORMAL,NORMAL,NORMAL,1,0.25,NORMAL,이상 없음(정상)
CAT,5,5.1,38.6,112,43,True,False,True,False,True,NORMAL,NORMAL,LOW,0,0.61,CAUTION,"호흡 급증, 설사"
DOG,13,10.5,39.0,139,31,False,True,True,True,False,NONE,DECREASED,LOW,6,0.7,CAUTION,"구토, 피부 징후"
CAT,8,7.5,39.0,168,46,False,False,False,False,False,NORMAL,NORMAL,NORMAL,0,0.46,WATCH,"빈맥, 호흡 급증"
DOG,8,6.7,39.3,150,40,True,True,False,False,False,NORMAL,NORMAL,LOW,2,0.53,CAUTION,"미열, 호흡 급증"
CAT,3,3.6,38.8,94,19,False,False,False,False,False,NORMAL,NORMAL,NORMAL,0,0.01,NORMAL,이상 없음(정상)
DOG,9,19.7,40.3,167,41,False,True,False,False,True,NONE,DECREASED,LOW,4,1.0,DANGER,"고열, 빈맥"
CAT,7,7.1,38.6,91,24,False,False,False,False,False,NORMAL,NORMAL,NORMAL,0,0.0,NORMAL,이상 없음(정상)
CAT,15,4.2,40.2,182,54,False,False,True,True,True,NONE,INCREASED,LOW,7,1.0,DANGER,"고열, 빈맥"
CAT,1,5.6,38.7,120,19,False,False,True,True,False,DECREASED,NORMAL,NORMAL,6,0.42,WATCH,"구토, 피부 징후"
DOG,14,6.0,38.0,145,11,False,False,False,False,False,INCREASED,INCREASED,NORMAL,6,0.06,NORMAL,이상 없음(정상)
DOG,9,11.3,41.0,154,52,True,False,False,True,True,NONE,NORMAL,LOW,1,1.0,DANGER,"고열, 호흡 급증"
DOG,5,21.6,39.7,122,43,False,False,False,False,False,NORMAL,NORMAL,LOW,6,0.45,WATCH,"미열, 호흡 급증"
CAT,10,4.6,40.7,130,56,False,False,False,True,True,NONE,DECREASED,LOW,0,1.0,DANGER,"고열, 호흡 급증"
DOG,2,13.3,38.0,98,31,False,False,False,False,False,NORMAL,NORMAL,NORMAL,0,0.05,NORMAL,이상 없음(정상)
CAT,13,6.2,39.3,141,24,False,True,False,False,False,DECREASED,NORMAL,NORMAL,6,0.33,WATCH,"미열, 피부 징후"
CAT,5,5.8,38.8,178,16,False,False,False,False,False,NORMAL,INCREASED,LOW,2,0.31,WATCH,"빈맥, 활동량 저하"
DOG,13,16.9,40.1,130,55,True,False,False,False,True,NONE,DECREASED,LOW,4,1.0,DANGER,"고열, 호흡 급증"
DOG,11,12.5,38.7,60,24,True,False,False,False,False,DECREASED,DECREASED,LOW,2,0.31,WATCH,"피부 징후, 식욕 감소"
DOG,1,27.2,38.5,99,26,False,False,False,False,False,NORMAL,NORMAL,NORMAL,0,0.0,NORMAL,이상 없음(정상)
DOG,14,13.7,39.5,81,30,False,False,False,False,False,NONE,INCREASED,LOW,2,0.48,WATCH,"미열, 식욕 절폐"
DOG,7,27.5,39.0,99,24,False,False,False,False,False,NORMAL,NORMAL,HIGH,4,0.0,NORMAL,이상 없음(정상)
DOG,3,22.9,39.7,99,32,True,True,False,False,False,DECREASED,DECREASED,LOW,5,0.58,CAUTION,"미열, 피부 징후"
CAT,4,6.2,39.3,90,37,True,True,False,False,True,DECREASED,DECREASED,LOW,6,0.62,CAUTION,"미열, 설사"
CAT,14,3.8,40.6,160,40,True,False,False,False,True,NONE,DECREASED,LOW,5,1.0,DANGER,"고열, 빈맥"
CAT,12,4.9,38.3,139,36,False,False,False,False,False,NORMAL,NORMAL,NORMAL,0,0.04,NORMAL,이상 없음(정상)
DOG,1,26.2,39.8,218,37,True,True,False,True,False,NONE,DECREASED,NORMAL,5,1.0,DANGER,"미열, 빈맥"
CAT,5,3.0,39.9,135,20,True,False,False,False,False,INCREASED,DECREASED,NORMAL,7,0.39,WATCH,"미열, 피부 징후"
CAT,12,7.8,40.1,110,30,False,False,False,False,False,NONE,DECREASED,NORMAL,0,0.62,CAUTION,"고열, 식욕 절폐"
CAT,3,6.0,39.5,135,38,False,False,True,False,True,DECREASED,NORMAL,LOW,5,0.69,CAUTION,"미열, 설사"
DOG,7,21.9,39.8,152,22,False,True,False,True,False,DECREASED,DECREASED,LOW,4,0.73,CAUTION,"미열, 구토"
DOG,9,19.1,37.9,67,31,False,False,False,False,False,NORMAL,NORMAL,NORMAL,0,0.0,NORMAL,이상 없음(정상)
CAT,3,4.3,38.5,111,24,True,False,False,False,False,NORMAL,NORMAL,NORMAL,4,0.03,NORMAL,이상 없음(정상)
CAT,6,7.1,38.8,129,27,False,False,False,True,False,DECREASED,DECREASED,NORMAL,2,0.38,WATCH,"구토, 식욕 감소"
DOG,15,20.2,39.5,152,52,True,False,False,False,True,NONE,DECREASED,LOW,5,0.96,DANGER,"미열, 호흡 급증"
DOG,8,19.4,37.6,99,15,False,False,False,False,False,NORMAL,DECREASED,NORMAL,0,0.06,NORMAL,이상 없음(정상)
CAT,9,7.2,40.2,213,39,True,False,True,True,True,DECREASED,NORMAL,LOW,5,1.0,DANGER,"고열, 빈맥"
CAT,7,2.5,39.7,157,25,True,False,True,False,False,NONE,NORMAL,LOW,1,0.66,CAUTION,"미열, 피부 징후"
DOG,3,7.3,39.2,176,12,False,False,False,True,False,DECREASED,NORMAL,NORMAL,4,0.44,WATCH,"빈맥, 구토"
DOG,5,26.0,38.4,97,16,False,False,False,False,False,NORMAL,INCREASED,HIGH,2,0.0,NORMAL,이상 없음(정상)
CAT,8,4.7,37.6,77,17,False,False,False,False,False,NONE,NORMAL,NORMAL,6,0.24,NORMAL,이상 없음(정상)
DOG,9,8.4,40.9,210,54,False,True,False,True,False,DECREASED,NORMAL,LOW,7,1.0,DANGER,"고열, 빈맥"
CAT,12,5.8,38.6,129,28,True,True,False,True,False,DECREASED,INCREASED,HIGH,3,0.48,WATCH,"구토, 피부 징후"
CAT,12,3.1,39.1,133,34,True,False,True,False,True,DECREASED,NORMAL,LOW,4,0.5,CAUTION,"설사, 피부 징후"
DOG,10,20.2,40.6,152,40,True,False,False,False,False,NONE,NORMAL,LOW,1,1.0,DANGER,"고열, 호흡 급증"
DOG,1,19.6,39.4,157,35,False,True,False,False,False,DECREASED,NORMAL,LOW,1,0.52,CAUTION,"미열, 피부 징후"
CAT,15,5.8,40.2,146,26,True,False,False,False,False,NORMAL,DECREASED,LOW,0,0.61,CAUTION,"고열, 피부 징후"
DOG,4,7.7,39.5,154,51,True,False,False,True,False,NONE,DECREASED,LOW,3,1.0,DANGER,"미열, 호흡 급증"
CAT,7,5.7,37.7,134,31,False,False,True,False,False,NORMAL,NORMAL,NORMAL,0,0.14,NORMAL,이상 없음(정상)
CAT,8,3.4,38.5,105,19,False,False,False,True,False,NORMAL,NORMAL,NORMAL,4,0.15,NORMAL,이상 없음(정상)
DOG,5,10.0,38.7,83,24,False,True,False,False,False,NORMAL,NORMAL,HIGH,3,0.19,NORMAL,이상 없음(정상)
CAT,4,4.3,39.0,113,27,False,True,False,False,True,DECREASED,NORMAL,HIGH,4,0.34,WATCH,"설사, 피부 징후"
CAT,15,4.5,38.4,96,40,True,False,False,False,False,DECREASED,NORMAL,NORMAL,3,0.47,WATCH,"호흡 급증, 피부 징후"
DOG,13,29.1,38.6,80,19,False,False,False,False,False,NORMAL,NORMAL,NORMAL,0,0.0,NORMAL,이상 없음(정상)
CAT,7,6.9,38.8,159,26,False,True,False,False,True,DECREASED,NORMAL,LOW,0,0.59,CAUTION,"설사, 피부 징후"
DOG,8,25.4,38.8,106,31,False,True,False,False,False,DECREASED,NORMAL,LOW,3,0.3,WATCH,"피부 징후, 식욕 감소"
DOG,12,25.7,38.1,121,25,False,False,True,True,False,DECREASED,NORMAL,NORMAL,7,0.41,WATCH,"구토, 피부 징후"
CAT,5,5.2,37.3,111,21,False,False,False,False,False,INCREASED,NORMAL,LOW,4,0.14,NORMAL,이상 없음(정상)
DOG,6,18.6,38.4,133,20,False,False,False,False,False,INCREASED,NORMAL,NORMAL,1,0.02,NORMAL,이상 없음(정상)
CAT,4,3.7,38.7,124,23,False,False,False,False,False,NORMAL,NORMAL,HIGH,4,0.0,NORMAL,이상 없음(정상)
CAT,9,3.1,39.6,160,52,True,False,True,True,False,DECREASED,DECREASED,LOW,4,1.0,DANGER,"미열, 빈맥"
CAT,8,5.2,38.4,140,40,False,True,False,False,False,NORMAL,NORMAL,NORMAL,0,0.42,WATCH,"호흡 급증, 피부 징후"
DOG,5,14.2,38.8,105,22,False,False,False,False,False,NORMAL,NORMAL,HIGH,1,0.0,NORMAL,이상 없음(정상)
DOG,2,19.4,37.8,111,17,False,False,False,False,False,NORMAL,NORMAL,NORMAL,0,0.0,NORMAL,이상 없음(정상)
CAT,1,4.9,38.9,100,14,True,False,False,False,False,NORMAL,NORMAL,HIGH,2,0.29,NORMAL,이상 없음(정상)
DOG,11,7.0,40.8,166,49,False,True,False,True,False,DECREASED,DECREASED,NORMAL,7,1.0,DANGER,"고열, 빈맥"
CAT,11,4.6,39.3,92,18,False,False,False,False,False,NORMAL,NORMAL,NORMAL,0,0.2,NORMAL,이상 없음(정상)
DOG,11,15.5,40.0,101,30,True,True,True,False,False,NORMAL,DECREASED,NORMAL,3,0.62,CAUTION,"고열, 피부 징후"
DOG,15,11.9,40.4,191,54,False,True,False,True,False,NONE,DECREASED,LOW,4,1.0,DANGER,"고열, 빈맥"
CAT,11,3.0,39.0,104,28,False,False,False,False,False,DECREASED,NORMAL,NORMAL,1,0.23,NORMAL,이상 없음(정상)
DOG,3,22.3,40.1,157,69,True,True,True,True,False,NONE,NORMAL,LOW,1,1.0,DANGER,"고열, 호흡 급증"
DOG,12,28.3,39.8,90,32,False,True,False,False,True,DECREASED,DECREASED,NORMAL,1,0.54,CAUTION,"미열, 설사"
DOG,8,21.2,39.4,129,39,True,True,False,True,False,NORMAL,DECREASED,LOW,3,0.6,CAUTION,"미열, 구토"
DOG,11,4.5,38.9,113,18,True,False,False,False,True,DECREASED,NORMAL,NORMAL,1,0.44,WATCH,"설사, 피부 징후"
CAT,6,4.4,38.9,105,33,False,False,False,False,False,DECREASED,NORMAL,NORMAL,0,0.15,NORMAL,이상 없음(정상)
CAT,2,5.3,39.5,200,57,False,False,True,False,True,DECREASED,NORMAL,NORMAL,3,1.0,DANGER,"미열, 빈맥"
CAT,4,3.7,38.1,94,15,False,False,False,True,False,NORMAL,NORMAL,NORMAL,5,0.06,NORMAL,이상 없음(정상)
DOG,4,6.9,38.5,127,10,False,False,False,False,False,NORMAL,NORMAL,HIGH,5,0.0,NORMAL,이상 없음(정상)
DOG,14,24.8,39.5,170,31,False,False,False,False,False,NORMAL,DECREASED,NORMAL,0,0.39,WATCH,"미열, 빈맥"
CAT,2,6.8,39.2,138,36,True,False,True,True,True,DECREASED,NORMAL,LOW,3,0.68,CAUTION,"소화기 이상(구토 및 설사), 피부 징후"
DOG,8,14.7,39.0,168,34,True,True,False,False,True,DECREASED,DECREASED,LOW,3,0.73,CAUTION,"빈맥, 설사"
DOG,12,9.5,40.9,187,57,True,True,False,True,True,DECREASED,NORMAL,LOW,7,1.0,DANGER,"고열, 빈맥"
CAT,1,7.9,39.8,110,45,False,False,False,False,False,NONE,DECREASED,HIGH,5,0.58,CAUTION,"미열, 호흡 급증"
DOG,3,19.5,38.7,93,24,False,False,False,False,False,NORMAL,NORMAL,NORMAL,0,0.04,NORMAL,이상 없음(정상)
DOG,4,24.6,39.3,172,56,False,True,False,False,False,NORMAL,NORMAL,NORMAL,0,0.74,CAUTION,"미열, 빈맥"
DOG,13,18.9,39.7,126,40,False,True,False,False,True,NORMAL,INCREASED,HIGH,0,0.68,CAUTION,"미열, 호흡 급증"
DOG,5,29.3,40.3,136,46,True,True,False,True,True,NONE,DECREASED,LOW,0,1.0,DANGER,"고열, 호흡 급증"
DOG,14,16.6,39.1,150,40,False,True,True,False,False,NONE,NORMAL,NORMAL,5,0.69,CAUTION,"호흡 급증, 피부 징후"
CAT,14,4.3,39.6,157,52,True,False,True,False,False,NORMAL,NORMAL,LOW,4,0.74,CAUTION,"미열, 호흡 급증"
DOG,13,18.7,38.0,122,27,False,False,False,False,False,NORMAL,NORMAL,LOW,7,0.16,NORMAL,이상 없음(정상)
CAT,6,2.1,39.5,130,35,False,False,False,True,True,DECREASED,DECREASED,LOW,7,0.73,CAUTION,"미열, 소화기 이상(구토 및 설사)"
CAT,1,6.6,38.3,82,25,False,False,False,False,False,NORMAL,NORMAL,NORMAL,0,0.17,NORMAL,이상 없음(정상)
CAT,1,4.2,41.0,156,45,True,False,True,True,True,DECREASED,DECREASED,LOW,3,1.0,DANGER,"고열, 호흡 급증"
CAT,15,5.3,40.0,148,22,True,False,False,False,False,DECREASED,NORMAL,LOW,0,0.71,CAUTION,"고열, 피부 징후"
DOG,2,6.5,39.4,131,36,False,True,True,False,True,DECREASED,NORMAL,NORMAL,6,0.66,CAUTION,"미열, 설사"
DOG,9,9.4,39.1,141,49,False,True,False,False,True,NORMAL,NORMAL,LOW,2,0.66,CAUTION,"호흡 급증, 설사"
DOG,14,23.6,39.6,126,24,False,False,False,False,False,NORMAL,INCREASED,LOW,5,0.32,WATCH,"미열, 활동량 저하"
DOG,4,19.5,38.7,131,25,False,False,False,True,False,NORMAL,NORMAL,LOW,0,0.3,WATCH,"구토, 활동량 저하"
CAT,12,6.1,39.0,108,17,False,False,False,False,False,NORMAL,NORMAL,NORMAL,0,0.07,NORMAL,이상 없음(정상)
DOG,1,23.5,39.3,105,30,True,False,False,True,False,NORMAL,NORMAL,NORMAL,7,0.46,WATCH,"미열, 구토"
CAT,9,4.7,38.7,96,38,True,False,False,True,False,NORMAL,DECREASED,LOW,5,0.44,WATCH,"구토, 피부 징후"
DOG,10,16.3,38.5,103,25,False,False,False,False,False,NORMAL,NORMAL,NORMAL,0,0.0,NORMAL,이상 없음(정상)
CAT,6,7.5,39.0,78,20,False,False,False,False,False,NORMAL,INCREASED,NORMAL,0,0.14,NORMAL,이상 없음(정상)
CAT,7,3.3,38.1,129,24,False,False,False,False,False,NORMAL,NORMAL,NORMAL,0,0.0,NORMAL,이상 없음(정상)
DOG,1,3.5,41.0,156,47,True,False,True,True,False,DECREASED,NORMAL,LOW,7,1.0,DANGER,"고열, 호흡 급증"
DOG,8,15.6,39.9,205,54,False,False,False,False,True,NONE,INCREASED,LOW,3,1.0,DANGER,"미열, 빈맥"
CAT,5,7.1,39.1,126,22,False,False,False,True,False,DECREASED,NORMAL,NORMAL,0,0.33,WATCH,"구토, 식욕 감소"
DOG,6,4.4,39.5,127,23,False,False,False,False,False,INCREASED,NORMAL,NORMAL,5,0.23,NORMAL,이상 없음(정상)
DOG,2,6.4,40.0,196,50,False,False,True,False,True,NONE,DECREASED,LOW,6,1.0,DANGER,"고열, 빈맥"
CAT,1,2.8,40.7,139,22,True,False,False,False,False,NORMAL,DECREASED,LOW,5,0.61,CAUTION,"고열, 피부 징후"
DOG,9,25.7,39.2,138,35,False,False,False,True,True,NONE,NORMAL,LOW,1,0.71,CAUTION,"소화기 이상(구토 및 설사), 식욕 절폐"
CAT,12,5.9,39.8,142,53,True,True,False,False,True,DECREASED,DECREASED,LOW,2,0.86,DANGER,"미열, 호흡 급증"
CAT,2,3.3,38.0,100,19,False,False,False,False,False,NORMAL,NORMAL,NORMAL,0,0.0,NORMAL,이상 없음(정상)
CAT,5,7.4,39.5,148,55,False,True,False,True,True,DECREASED,DECREASED,NORMAL,3,1.0,DANGER,"미열, 호흡 급증"
DOG,14,18.5,38.6,129,45,False,True,False,False,False,DECREASED,DECREASED,LOW,7,0.52,CAUTION,"호흡 급증, 피부 징후"
DOG,12,13.8,39.9,131,31,False,True,False,False,False,DECREASED,NORMAL,HIGH,2,0.5,CAUTION,"미열, 피부 징후"
CAT,15,4.1,39.9,175,49,True,True,False,True,True,NONE,DECREASED,LOW,2,1.0,DANGER,"미열, 빈맥"
CAT,13,2.6,39.6,160,54,True,True,False,True,True,NONE,DECREASED,NORMAL,0,1.0,DANGER,"미열, 빈맥"
DOG,14,8.3,38.8,106,21,False,False,False,False,False,INCREASED,NORMAL,HIGH,4,0.04,NORMAL,이상 없음(정상)
CAT,9,7.8,37.5,114,36,False,True,False,False,True,INCREASED,NORMAL,NORMAL,3,0.06,NORMAL,이상 없음(정상)
DOG,8,19.1,38.7,121,20,False,False,False,False,False,NORMAL,NORMAL,LOW,6,0.06,NORMAL,이상 없음(정상)
DOG,11,28.9,40.6,175,37,False,True,False,True,False,DECREASED,DECREASED,LOW,7,0.96,DANGER,"고열, 빈맥"
CAT,2,2.6,39.6,165,28,True,True,True,False,False,NORMAL,INCREASED,LOW,0,0.74,CAUTION,"미열, 빈맥"
CAT,13,5.1,38.5,141,23,True,True,True,False,True,DECREASED,DECREASED,LOW,4,0.45,WATCH,"설사, 피부 징후"
CAT,14,7.1,39.5,146,26,False,False,False,False,True,NORMAL,DECREASED,LOW,2,0.5,CAUTION,"미열, 설사"
DOG,15,14.9,38.5,144,47,False,True,False,False,False,DECREASED,DECREASED,LOW,4,0.65,CAUTION,"호흡 급증, 피부 징후"
CAT,9,2.9,39.5,203,54,True,True,True,True,True,DECREASED,NORMAL,LOW,6,1.0,DANGER,"미열, 빈맥"
DOG,8,29.5,38.1,73,25,False,False,False,False,True,NORMAL,NORMAL,NORMAL,1,0.24,NORMAL,이상 없음(정상)
DOG,3,28.5,38.5,110,41,False,False,False,False,False,NORMAL,NORMAL,NORMAL,0,0.3,WATCH,호흡 급증
DOG,6,15.2,37.6,96,24,True,True,False,False,True,NORMAL,NORMAL,NORMAL,2,0.23,NORMAL,이상 없음(정상)
CAT,7,6.5,38.6,133,29,False,False,True,False,False,NONE,DECREASED,NORMAL,5,0.46,WATCH,"피부 징후, 식욕 절폐"
DOG,9,13.4,41.0,219,43,True,True,True,True,False,NORMAL,DECREASED,LOW,2,1.0,DANGER,"고열, 빈맥"
CAT,10,6.7,39.1,64,36,False,False,True,True,False,NORMAL,NORMAL,LOW,1,0.41,WATCH,"구토, 피부 징후"
DOG,13,19.4,39.5,129,34,False,True,False,False,False,NORMAL,DECREASED,LOW,7,0.52,CAUTION,"미열, 피부 징후"
CAT,15,7.2,37.1,100,24,False,False,False,False,False,NORMAL,DECREASED,NORMAL,0,0.0,NORMAL,이상 없음(정상)
DOG,7,13.6,37.8,130,29,False,False,False,False,True,NORMAL,NORMAL,HIGH,1,0.25,NORMAL,이상 없음(정상)
CAT,3,2.8,39.1,121,33,False,True,False,False,True,DECREASED,DECREASED,NORMAL,4,0.3,WATCH,"설사, 피부 징후"
CAT,1,3.0,40.5,130,55,True,False,True,True,True,DECREASED,INCREASED,LOW,0,1.0,DANGER,"고열, 호흡 급증"
DOG,2,14.6,39.5,175,27,True,False,True,False,False,DECREASED,DECREASED,LOW,7,0.74,CAUTION,"미열, 빈맥"
CAT,7,6.0,38.6,107,20,False,False,True,True,False,NORMAL,NORMAL,NORMAL,6,0.28,NORMAL,이상 없음(정상)
CAT,13,5.6,39.8,216,42,False,False,False,True,True,DECREASED,NORMAL,LOW,4,1.0,DANGER,"미열, 빈맥"
CAT,10,5.4,40.4,139,43,False,False,False,False,False,DECREASED,DECREASED,NORMAL,5,0.7,CAUTION,"고열, 호흡 급증"
DOG,15,13.6,39.0,105,16,False,False,False,False,False,NORMAL,NORMAL,LOW,7,0.22,NORMAL,이상 없음(정상)
CAT,10,4.1,40.2,174,44,False,False,True,True,False,DECREASED,DECREASED,LOW,0,1.0,DANGER,"고열, 빈맥"
CAT,14,2.9,39.0,147,14,False,False,False,False,False,INCREASED,NORMAL,NORMAL,7,0.05,NORMAL,이상 없음(정상)
DOG,4,23.7,38.6,109,23,False,False,False,False,False,NORMAL,NORMAL,NORMAL,0,0.04,NORMAL,이상 없음(정상)
CAT,3,7.3,38.8,166,34,True,False,False,True,True,DECREASED,DECREASED,NORMAL,2,0.71,CAUTION,"빈맥, 소화기 이상(구토 및 설사)"
DOG,15,13.9,41.1,163,51,False,False,False,False,False,NONE,DECREASED,LOW,0,1.0,DANGER,"고열, 빈맥"
DOG,12,13.7,40.0,130,40,True,True,False,True,True,NONE,NORMAL,LOW,1,1.0,DANGER,"고열, 호흡 급증"
DOG,5,16.8,41.1,205,55,True,False,True,True,True,NONE,DECREASED,NORMAL,4,1.0,DANGER,"고열, 빈맥"
DOG,14,20.4,39.7,150,55,False,True,False,True,False,NONE,NORMAL,LOW,1,1.0,DANGER,"미열, 호흡 급증"
CAT,5,5.8,39.7,118,12,False,False,False,False,True,DECREASED,NORMAL,NORMAL,6,0.48,WATCH,"미열, 설사"
DOG,10,8.4,38.7,144,30,False,False,False,False,True,INCREASED,INCREASED,LOW,3,0.38,WATCH,"설사, 활동량 저하"
CAT,11,5.9,40.4,157,51,True,True,False,True,True,DECREASED,DECREASED,LOW,6,1.0,DANGER,"고열, 호흡 급증"
CAT,1,3.1,38.3,122,12,False,False,False,False,False,NORMAL,NORMAL,HIGH,5,0.0,NORMAL,이상 없음(정상)
DOG,13,14.8,39.6,141,56,False,True,False,True,True,DECREASED,NORMAL,LOW,4,1.0,DANGER,"미열, 호흡 급증"
DOG,6,20.4,39.7,134,22,True,True,False,False,True,NORMAL,DECREASED,LOW,0,0.71,CAUTION,"미열, 설사"
CAT,10,2.6,39.9,146,45,True,False,False,True,True,NONE,DECREASED,LOW,1,1.0,DANGER,"미열, 호흡 급증"
DOG,7,27.1,38.4,117,21,False,False,True,False,False,NORMAL,NORMAL,LOW,1,0.19,NORMAL,이상 없음(정상)
DOG,14,7.0,39.3,120,55,True,False,True,False,False,DECREASED,DECREASED,LOW,0,0.7,CAUTION,"미열, 호흡 급증"
DOG,7,27.5,38.5,90,37,True,False,False,True,False,DECREASED,DECREASED,LOW,1,0.66,CAUTION,"구토, 피부 징후"
DOG,15,11.1,40.7,211,54,False,True,False,True,True,NONE,DECREASED,LOW,4,1.0,DANGER,"고열, 빈맥"
CAT,14,6.3,38.7,111,19,False,False,False,False,False,NORMAL,INCREASED,LOW,2,0.0,NORMAL,이상 없음(정상)
CAT,1,5.2,37.6,77,10,False,False,False,False,False,NORMAL,NORMAL,NORMAL,0,0.14,NORMAL,이상 없음(정상)
DOG,4,13.7,41.3,201,56,True,True,False,False,True,DECREASED,NORMAL,LOW,1,1.0,DANGER,"고열, 빈맥"
DOG,11,18.5,38.8,95,37,False,False,False,False,False,NORMAL,NORMAL,NORMAL,0,0.0,NORMAL,이상 없음(정상)
CAT,5,3.3,38.6,125,26,True,False,False,False,False,NORMAL,NORMAL,NORMAL,6,0.0,NORMAL,이상 없음(정상)
DOG,9,25.9,38.8,101,24,False,False,False,False,True,NORMAL,NORMAL,LOW,2,0.26,NORMAL,이상 없음(정상)
CAT,13,5.3,37.9,149,32,True,False,False,False,False,DECREASED,NORMAL,NORMAL,7,0.31,WATCH,"피부 징후, 식욕 감소"
CAT,11,5.1,40.1,179,34,False,True,False,True,True,DECREASED,DECREASED,LOW,3,1.0,DANGER,"고열, 빈맥"
CAT,4,3.7,39.2,175,51,True,False,False,False,False,INCREASED,NORMAL,NORMAL,7,0.69,CAUTION,"빈맥, 호흡 급증"
DOG,4,8.0,39.7,106,38,False,False,False,True,True,DECREASED,DECREASED,LOW,0,0.59,CAUTION,"미열, 소화기 이상(구토 및 설사)"
DOG,3,6.3,39.2,169,24,False,False,False,False,False,NORMAL,NORMAL,NORMAL,0,0.38,WATCH,빈맥
CAT,4,7.4,39.0,128,28,False,False,True,True,True,DECREASED,NORMAL,HIGH,0,0.47,WATCH,"소화기 이상(구토 및 설사), 피부 징후"
DOG,5,27.9,39.5,172,51,True,False,False,True,True,DECREASED,DECREASED,LOW,1,1.0,DANGER,"미열, 빈맥"
DOG,14,29.0,38.0,102,20,True,False,False,False,False,NORMAL,INCREASED,LOW,7,0.23,NORMAL,이상 없음(정상)
DOG,7,16.3,40.9,201,53,True,False,False,False,True,NONE,DECREASED,NORMAL,0,1.0,DANGER,"고열, 빈맥"
DOG,4,7.4,39.0,122,32,False,False,False,True,False,NORMAL,DECREASED,LOW,6,0.35,WATCH,"구토, 활동량 저하"
DOG,12,23.4,39.4,88,12,False,False,False,False,True,NORMAL,NORMAL,LOW,3,0.45,WATCH,"미열, 설사"
CAT,15,6.8,38.9,158,24,True,True,True,True,True,DECREASED,DECREASED,HIGH,2,0.51,CAUTION,"소화기 이상(구토 및 설사), 피부 징후"
DOG,10,23.7,38.2,107,25,False,True,False,False,False,INCREASED,NORMAL,LOW,4,0.27,NORMAL,이상 없음(정상)
CAT,9,6.8,38.5,177,37,False,False,False,True,False,NORMAL,DECREASED,NORMAL,1,0.47,WATCH,"빈맥, 구토"
DOG,5,16.6,39.0,148,36,True,True,False,True,True,DECREASED,NORMAL,LOW,4,0.73,CAUTION,"소화기 이상(구토 및 설사), 피부 징후"
CAT,1,4.0,38.8,92,23,False,False,False,False,False,INCREASED,NORMAL,NORMAL,7,0.17,NORMAL,이상 없음(정상)
CAT,10,5.1,38.9,92,26,False,True,False,False,True,NORMAL,NORMAL,NORMAL,3,0.38,WATCH,"설사, 피부 징후"
CAT,8,5.8,40.6,150,52,True,False,False,True,True,NORMAL,DECREASED,NORMAL,6,1.0,DANGER,"고열, 호흡 급증"
CAT,5,4.4,38.8,141,46,False,False,False,False,False,DECREASED,NORMAL,LOW,7,0.4,WATCH,"호흡 급증, 식욕 감소"
CAT,11,4.6,38.5,177,25,False,False,False,False,False,NORMAL,NORMAL,HIGH,7,0.3,WATCH,빈맥
DOG,8,7.2,39.7,134,31,False,False,True,False,False,DECREASED,DECREASED,NORMAL,2,0.51,CAUTION,"미열, 피부 징후"
DOG,2,13.4,39.0,141,28,True,False,False,False,True,NORMAL,INCREASED,NORMAL,0,0.35,WATCH,"설사, 피부 징후"
CAT,3,4.5,38.4,122,27,True,False,False,False,True,NORMAL,NORMAL,NORMAL,1,0.23,NORMAL,이상 없음(정상)
CAT,2,3.5,38.2,106,31,False,False,False,False,True,INCREASED,NORMAL,HIGH,0,0.0,NORMAL,이상 없음(정상)
DOG,8,23.2,40.9,154,43,False,True,True,False,True,DECREASED,DECREASED,NORMAL,5,0.97,DANGER,"고열, 호흡 급증"
CAT,9,7.2,40.3,130,50,True,True,False,True,True,NONE,DECREASED,LOW,0,1.0,DANGER,"고열, 호흡 급증"
CAT,3,2.1,39.0,115,11,False,False,False,False,False,NORMAL,NORMAL,NORMAL,0,0.05,NORMAL,이상 없음(정상)
DOG,12,22.0,39.1,111,33,True,False,True,False,False,DECREASED,NORMAL,HIGH,5,0.34,WATCH,"피부 징후, 식욕 감소"
CAT,5,5.9,39.3,122,45,False,False,False,False,False,DECREASED,DECREASED,LOW,3,0.69,CAUTION,"미열, 호흡 급증"
CAT,3,6.0,40.3,176,52,True,True,False,True,True,NORMAL,DECREASED,LOW,1,1.0,DANGER,"고열, 빈맥"
CAT,1,3.5,40.5,148,59,False,True,False,True,True,DECREASED,DECREASED,NORMAL,0,1.0,DANGER,"고열, 호흡 급증"
DOG,11,26.3,38.2,121,30,False,False,False,True,False,DECREASED,NORMAL,LOW,6,0.4,WATCH,"구토, 식욕 감소"
DOG,7,21.3,38.2,119,31,True,False,False,False,False,NORMAL,NORMAL,NORMAL,2,0.2,NORMAL,이상 없음(정상)
DOG,6,3.8,38.4,54,15,False,False,False,False,False,NORMAL,NORMAL,HIGH,5,0.0,NORMAL,이상 없음(정상)
DOG,7,20.4,40.3,170,58,True,False,False,True,False,NONE,DECREASED,LOW,5,1.0,DANGER,"고열, 빈맥"
CAT,4,2.7,37.9,83,12,True,False,False,True,False,NORMAL,INCREASED,NORMAL,2,0.38,WATCH,"구토, 피부 징후"
CAT,1,7.9,38.9,129,36,False,False,False,True,False,NORMAL,NORMAL,NORMAL,2,0.15,NORMAL,이상 없음(정상)
DOG,15,16.5,38.4,171,31,True,False,True,False,False,DECREASED,NORMAL,NORMAL,1,0.43,WATCH,"빈맥, 피부 징후"
CAT,6,6.4,39.6,219,60,False,False,True,True,True,DECREASED,NORMAL,LOW,2,1.0,DANGER,"미열, 빈맥"
CAT,12,3.2,40.0,210,47,True,True,False,False,True,DECREASED,NORMAL,LOW,5,1.0,DANGER,"고열, 빈맥"
DOG,7,20.3,38.3,110,17,False,False,False,True,False,DECREASED,INCREASED,NORMAL,6,0.28,NORMAL,이상 없음(정상)
CAT,3,6.9,39.0,60,24,False,True,False,True,True,NORMAL,NORMAL,NORMAL,2,0.44,WATCH,"소화기 이상(구토 및 설사), 피부 징후"
DOG,1,8.8,38.6,106,25,True,False,False,False,False,INCREASED,DECREASED,NORMAL,7,0.17,NORMAL,이상 없음(정상)
CAT,10,6.8,39.7,117,22,False,True,False,True,False,DECREASED,NORMAL,NORMAL,1,0.69,CAUTION,"미열, 구토"
CAT,13,3.1,38.5,94,16,False,False,False,False,False,NORMAL,NORMAL,NORMAL,0,0.02,NORMAL,이상 없음(정상)
CAT,10,2.8,38.5,80,28,True,True,False,True,False,DECREASED,DECREASED,NORMAL,2,0.41,WATCH,"구토, 피부 징후"
DOG,15,3.4,38.2,74,26,False,False,False,False,False,NORMAL,NORMAL,NORMAL,0,0.0,NORMAL,이상 없음(정상)
CAT,3,6.6,38.9,121,21,False,False,False,False,False,NORMAL,DECREASED,NORMAL,0,0.12,NORMAL,이상 없음(정상)
DOG,15,13.0,38.6,83,33,False,False,False,False,False,NORMAL,NORMAL,NORMAL,0,0.0,NORMAL,이상 없음(정상)
CAT,12,4.0,38.3,178,22,True,False,False,False,False,NORMAL,NORMAL,NORMAL,1,0.48,WATCH,"빈맥, 피부 징후"
CAT,4,3.0,39.6,127,41,True,True,False,False,False,DECREASED,NORMAL,LOW,2,0.63,CAUTION,"미열, 호흡 급증"
CAT,14,3.5,39.9,141,56,False,False,True,False,False,NONE,DECREASED,LOW,2,0.93,DANGER,"미열, 호흡 급증"
DOG,11,27.1,39.8,150,43,True,True,False,True,False,NONE,DECREASED,NORMAL,7,0.97,DANGER,"미열, 호흡 급증"
CAT,14,3.1,37.6,86,18,False,False,False,False,True,NORMAL,NORMAL,NORMAL,4,0.05,NORMAL,이상 없음(정상)
DOG,11,11.4,38.9,100,21,True,False,False,True,False,DECREASED,INCREASED,NORMAL,7,0.42,WATCH,"구토, 피부 징후"
CAT,9,3.0,37.8,147,27,False,False,False,False,False,NORMAL,NORMAL,NORMAL,0,0.06,NORMAL,이상 없음(정상)
DOG,7,10.4,40.0,139,54,False,True,False,True,True,NONE,DECREASED,LOW,0,1.0,DANGER,"고열, 호흡 급증"
CAT,11,4.3,39.3,139,35,False,True,False,True,False,NORMAL,DECREASED,NORMAL,4,0.63,CAUTION,"미열, 구토"
CAT,6,5.8,39.5,63,29,False,False,False,False,True,NORMAL,NORMAL,NORMAL,2,0.32,WATCH,"미열, 설사"
DOG,15,12.6,38.1,125,20,False,False,False,False,False,INCREASED,NORMAL,NORMAL,2,0.0,NORMAL,이상 없음(정상)
CAT,14,4.1,40.0,145,36,False,False,False,False,False,DECREASED,NORMAL,LOW,0,0.58,CAUTION,"고열, 식욕 감소"
DOG,15,4.7,38.8,157,46,False,False,False,True,False,NONE,NORMAL,LOW,1,0.72,CAUTION,"호흡 급증, 구토"
DOG,1,18.0,39.6,159,52,False,True,False,False,False,DECREASED,NORMAL,NORMAL,6,0.62,CAUTION,"미열, 호흡 급증"
CAT,7,3.3,38.6,99,13,True,False,False,False,False,NORMAL,NORMAL,NORMAL,0,0.16,NORMAL,이상 없음(정상)
CAT,6,5.4,39.3,137,44,True,True,False,False,False,NORMAL,DECREASED,LOW,0,0.74,CAUTION,"미열, 호흡 급증"
CAT,7,5.5,39.2,169,36,False,True,False,False,True,DECREASED,NORMAL,LOW,5,0.72,CAUTION,"빈맥, 설사"
CAT,13,7.5,39.9,153,63,False,False,True,True,True,NONE,DECREASED,LOW,2,1.0,DANGER,"미열, 호흡 급증"
CAT,15,7.4,38.9,86,40,False,False,False,False,True,NORMAL,DECREASED,NORMAL,2,0.37,WATCH,"호흡 급증, 설사"
DOG,13,23.3,39.4,108,14,True,False,True,False,False,NORMAL,NORMAL,NORMAL,3,0.35,WATCH,"미열, 피부 징후"
CAT,10,2.7,39.6,154,35,True,False,False,False,False,NONE,NORMAL,HIGH,7,0.57,CAUTION,"미열, 피부 징후"
CAT,10,2.5,38.7,101,14,False,False,False,False,False,NORMAL,NORMAL,NORMAL,0,0.02,NORMAL,이상 없음(정상)
DOG,7,26.6,40.7,171,51,True,True,False,False,True,NONE,NORMAL,LOW,6,1.0,DANGER,"고열, 빈맥"
DOG,8,15.1,38.9,178,38,False,False,False,False,False,DECREASED,DECREASED,NORMAL,7,0.3,WATCH,"빈맥, 식욕 감소"
DOG,1,7.0,39.5,214,34,True,True,True,False,False,NONE,DECREASED,LOW,4,0.87,DANGER,"미열, 빈맥"
DOG,11,3.2,39.0,88,20,False,False,False,False,False,INCREASED,NORMAL,NORMAL,3,0.0,NORMAL,이상 없음(정상)
DOG,3,19.0,38.8,81,19,False,False,True,False,False,NONE,INCREASED,NORMAL,4,0.44,WATCH,"피부 징후, 식욕 절폐"
CAT,6,8.0,40.0,156,31,False,False,False,False,True,INCREASED,NORMAL,NORMAL,1,0.52,CAUTION,"고열, 설사"
CAT,5,7.7,39.9,179,53,False,True,False,True,True,NONE,DECREASED,LOW,2,1.0,DANGER,"미열, 빈맥"
CAT,2,2.7,38.0,116,20,False,False,True,False,False,NORMAL,NORMAL,NORMAL,0,0.09,NORMAL,이상 없음(정상)
DOG,14,2.9,39.1,171,38,False,True,False,False,False,NORMAL,NORMAL,NORMAL,0,0.31,WATCH,"빈맥, 피부 징후"
CAT,7,5.5,40.1,163,67,True,False,False,False,False,NONE,DECREASED,LOW,1,1.0,DANGER,"고열, 빈맥"
CAT,13,7.9,38.8,103,22,False,False,False,False,False,NORMAL,NORMAL,NORMAL,0,0.0,NORMAL,이상 없음(정상)
DOG,14,28.2,39.7,185,43,False,False,False,False,False,DECREASED,DECREASED,LOW,2,0.74,CAUTION,"미열, 빈맥"
DOG,11,26.3,39.0,128,19,False,False,False,False,False,NONE,DECREASED,NORMAL,6,0.23,NORMAL,이상 없음(정상)
CAT,8,4.9,39.5,111,39,True,False,False,False,True,NORMAL,NORMAL,LOW,5,0.6,CAUTION,"미열, 설사"
DOG,14,5.0,38.9,125,36,False,True,False,False,False,NORMAL,NORMAL,NORMAL,0,0.15,NORMAL,이상 없음(정상)
DOG,4,19.7,39.0,100,30,False,False,False,False,False,INCREASED,NORMAL,NORMAL,1,0.0,NORMAL,이상 없음(정상)
CAT,15,4.3,39.3,133,14,False,False,False,False,False,DECREASED,NORMAL,LOW,7,0.32,WATCH,"미열, 식욕 감소"
CAT,1,7.8,37.7,118,15,False,False,False,False,True,NORMAL,NORMAL,NORMAL,6,0.29,NORMAL,이상 없음(정상)
DOG,13,3.3,39.0,127,17,False,False,False,False,True,NORMAL,NORMAL,NORMAL,5,0.28,NORMAL,이상 없음(정상)
DOG,15,24.7,39.6,141,35,False,True,True,True,False,DECREASED,NORMAL,LOW,0,0.72,CAUTION,"미열, 구토"
DOG,4,21.3,38.5,97,25,False,False,True,False,False,NORMAL,DECREASED,NORMAL,0,0.24,NORMAL,이상 없음(정상)
DOG,7,24.3,37.6,128,21,True,False,False,False,False,NORMAL,NORMAL,NORMAL,3,0.13,NORMAL,이상 없음(정상)
DOG,14,25.8,39.7,153,39,False,False,False,True,False,NORMAL,NORMAL,NORMAL,1,0.32,WATCH,"미열, 구토"
CAT,9,5.4,39.7,158,25,False,True,False,False,False,NONE,NORMAL,LOW,2,0.61,CAUTION,"미열, 피부 징후"
DOG,3,3.3,38.4,104,17,False,False,False,True,False,NORMAL,NORMAL,NORMAL,5,0.22,NORMAL,이상 없음(정상)
CAT,15,4.4,40.5,164,42,False,True,True,True,False,DECREASED,DECREASED,LOW,5,1.0,DANGER,"고열, 빈맥"
DOG,15,21.7,39.5,200,29,False,True,True,False,False,DECREASED,DECREASED,HIGH,1,0.63,CAUTION,"미열, 빈맥"
CAT,4,7.7,38.2,106,22,False,False,False,False,False,NORMAL,NORMAL,NORMAL,0,0.0,NORMAL,이상 없음(정상)
CAT,2,3.3,38.1,97,12,False,False,False,False,False,NORMAL,NORMAL,NORMAL,0,0.11,NORMAL,이상 없음(정상)
DOG,2,20.1,40.3,178,34,False,True,False,True,False,NONE,DECREASED,LOW,4,1.0,DANGER,"고열, 빈맥"
DOG,15,27.2,39.8,108,18,True,False,False,False,False,DECREASED,NORMAL,NORMAL,2,0.49,WATCH,"미열, 피부 징후"
DOG,5,5.6,39.7,173,55,False,True,True,True,False,NONE,NORMAL,LOW,5,1.0,DANGER,"미열, 빈맥"
DOG,11,3.1,39.8,147,39,False,False,False,True,False,NORMAL,DECREASED,NORMAL,6,0.32,WATCH,"미열, 구토"
CAT,14,3.5,39.8,186,51,True,False,False,True,True,NONE,DECREASED,LOW,5,1.0,DANGER,"미열, 빈맥"
DOG,8,29.1,40.0,172,51,True,True,False,True,True,NONE,DECREASED,LOW,3,1.0,DANGER,"고열, 빈맥"
CAT,2,5.6,39.5,97,21,False,False,False,False,True,NORMAL,NORMAL,HIGH,2,0.46,WATCH,"미열, 설사"
CAT,12,7.8,38.4,124,28,False,False,False,False,False,NORMAL,NORMAL,NORMAL,0,0.0,NORMAL,이상 없음(정상)
DOG,5,9.2,38.7,80,17,False,False,False,False,False,NORMAL,NORMAL,LOW,5,0.1,NORMAL,이상 없음(정상)
DOG,10,13.7,39.4,133,24,False,False,False,False,False,NONE,NORMAL,LOW,2,0.59,CAUTION,"미열, 식욕 절폐"
CAT,12,7.1,38.3,89,21,False,False,False,False,True,NORMAL,NORMAL,NORMAL,0,0.0,NORMAL,이상 없음(정상)
DOG,14,19.6,40.6,130,38,False,False,False,True,True,DECREASED,INCREASED,NORMAL,4,0.88,DANGER,"고열, 소화기 이상(구토 및 설사)"
CAT,2,2.5,39.4,115,17,False,False,False,False,False,NORMAL,DECREASED,HIGH,0,0.22,NORMAL,이상 없음(정상)
CAT,11,5.8,40.5,152,66,False,False,True,True,True,DECREASED,DECREASED,NORMAL,0,1.0,DANGER,"고열, 호흡 급증"
CAT,11,7.9,38.5,99,29,False,False,False,True,False,NORMAL,NORMAL,NORMAL,1,0.26,NORMAL,이상 없음(정상)
CAT,5,6.0,39.7,161,41,True,True,False,True,True,DECREASED,NORMAL,LOW,2,1.0,DANGER,"미열, 빈맥"
CAT,12,7.9,38.6,85,28,False,False,False,False,False,NORMAL,NORMAL,NORMAL,0,0.0,NORMAL,이상 없음(정상)
CAT,6,4.6,40.6,158,43,False,True,True,True,False,DECREASED,DECREASED,LOW,0,1.0,DANGER,"고열, 호흡 급증"
DOG,6,18.0,39.3,142,28,False,False,False,True,False,NORMAL,INCREASED,LOW,2,0.35,WATCH,"미열, 구토"
DOG,5,5.7,39.3,152,25,False,False,False,False,True,NORMAL,NORMAL,HIGH,2,0.3,WATCH,"미열, 설사"
DOG,2,19.4,39.8,186,38,False,False,False,False,True,INCREASED,DECREASED,LOW,0,0.66,CAUTION,"미열, 빈맥"
DOG,11,12.9,39.3,104,19,False,False,False,False,False,DECREASED,DECREASED,HIGH,4,0.32,WATCH,"미열, 식욕 감소"
DOG,15,4.5,40.4,146,59,True,True,False,True,False,DECREASED,NORMAL,LOW,1,1.0,DANGER,"고열, 호흡 급증"
DOG,4,3.3,37.9,103,19,False,False,False,False,False,NORMAL,NORMAL,NORMAL,0,0.01,NORMAL,이상 없음(정상)
DOG,6,21.5,38.4,122,30,False,False,False,False,False,NORMAL,NORMAL,NORMAL,0,0.0,NORMAL,이상 없음(정상)
DOG,6,8.4,37.8,113,36,False,False,False,False,False,NORMAL,NORMAL,NORMAL,0,0.0,NORMAL,이상 없음(정상)
CAT,10,5.2,40.7,163,56,False,True,False,False,False,NONE,DECREASED,NORMAL,1,1.0,DANGER,"고열, 빈맥"
CAT,7,5.5,39.1,78,27,False,False,False,False,False,NORMAL,NORMAL,NORMAL,0,0.0,NORMAL,이상 없음(정상)
CAT,6,2.4,39.5,144,35,True,False,False,False,True,NORMAL,DECREASED,HIGH,4,0.53,CAUTION,"미열, 설사"
DOG,4,15.1,39.0,117,21,False,False,False,False,False,NORMAL,NORMAL,NORMAL,0,0.0,NORMAL,이상 없음(정상)
CAT,1,5.5,39.6,151,49,False,True,False,True,True,NONE,NORMAL,NORMAL,3,1.0,DANGER,"미열, 호흡 급증"
DOG,4,11.0,40.0,193,56,True,False,True,False,False,NONE,DECREASED,LOW,4,1.0,DANGER,"고열, 빈맥"
DOG,4,8.0,39.0,135,25,False,True,False,True,True,INCREASED,NORMAL,HIGH,7,0.37,WATCH,"소화기 이상(구토 및 설사), 피부 징후"
DOG,9,27.7,39.8,184,34,False,False,False,True,False,NONE,DECREASED,LOW,3,0.98,DANGER,"미열, 빈맥"
CAT,9,6.9,39.9,177,31,True,False,False,False,False,NORMAL,DECREASED,LOW,1,0.56,CAUTION,"미열, 빈맥"
DOG,4,28.6,38.4,139,20,True,False,False,False,False,NORMAL,DECREASED,LOW,6,0.23,NORMAL,이상 없음(정상)
DOG,15,12.2,40.4,156,35,False,True,True,True,False,NORMAL,DECREASED,LOW,6,0.84,DANGER,"고열, 구토"
CAT,15,2.6,40.5,181,59,False,False,False,True,True,NONE,DECREASED,LOW,6,1.0,DANGER,"고열, 빈맥"
CAT,4,6.0,40.6,177,72,False,True,True,False,True,DECREASED,DECREASED,LOW,7,1.0,DANGER,"고열, 빈맥"
CAT,5,3.8,38.5,117,41,False,False,False,False,False,DECREASED,NORMAL,LOW,3,0.44,WATCH,"호흡 급증, 식욕 감소"
CAT,6,6.1,37.4,78,22,False,False,False,False,False,NORMAL,NORMAL,NORMAL,0,0.0,NORMAL,이상 없음(정상)
CAT,5,6.2,39.3,130,32,False,False,False,False,True,NONE,DECREASED,NORMAL,4,0.58,CAUTION,"미열, 설사"
CAT,15,2.3,39.6,144,34,False,True,False,False,True,NORMAL,NORMAL,NORMAL,0,0.51,CAUTION,"미열, 설사"
CAT,8,4.2,39.8,175,50,False,True,False,True,True,NONE,DECREASED,NORMAL,2,1.0,DANGER,"미열, 빈맥"
DOG,6,14.9,40.0,166,42,True,True,False,True,False,NONE,DECREASED,LOW,1,1.0,DANGER,"고열, 빈맥"
DOG,8,26.3,39.8,143,33,False,False,False,False,True,DECREASED,DECREASED,LOW,6,0.5,CAUTION,"미열, 설사"
CAT,14,5.2,38.9,111,30,True,False,False,False,False,DECREASED,INCREASED,LOW,1,0.32,WATCH,"피부 징후, 식욕 감소"
CAT,10,2.8,40.0,106,31,False,False,False,False,True,NORMAL,NORMAL,HIGH,4,0.59,CAUTION,"고열, 설사"
CAT,8,4.0,40.1,225,61,True,False,False,True,True,NONE,DECREASED,LOW,6,1.0,DANGER,"고열, 빈맥"
DOG,8,19.1,38.6,105,13,False,False,False,False,True,NORMAL,NORMAL,HIGH,3,0.26,NORMAL,이상 없음(정상)
DOG,7,26.5,38.5,151,31,False,False,True,False,False,DECREASED,NORMAL,LOW,3,0.36,WATCH,"피부 징후, 식욕 감소"
DOG,9,19.7,38.8,124,40,True,False,True,False,False,NORMAL,NORMAL,NORMAL,0,0.44,WATCH,"호흡 급증, 피부 징후"
DOG,15,3.4,38.6,123,21,False,False,False,False,False,INCREASED,NORMAL,NORMAL,6,0.07,NORMAL,이상 없음(정상)
CAT,1,3.7,40.2,198,34,True,True,False,False,False,NONE,NORMAL,LOW,6,1.0,DANGER,"고열, 빈맥"
CAT,14,4.9,39.8,125,26,True,False,True,False,True,DECREASED,DECREASED,LOW,4,0.71,CAUTION,"미열, 설사"
DOG,10,18.1,38.8,131,46,False,False,False,False,False,NORMAL,NORMAL,NORMAL,0,0.3,WATCH,호흡 급증
CAT,2,2.4,39.5,167,42,False,False,False,True,True,DECREASED,DECREASED,NORMAL,7,1.0,DANGER,"미열, 빈맥"
CAT,7,8.0,39.4,117,24,False,True,False,False,False,DECREASED,DECREASED,LOW,2,0.67,CAUTION,"미열, 피부 징후"
CAT,11,6.3,40.3,170,34,True,True,True,True,True,DECREASED,NORMAL,LOW,2,1.0,DANGER,"고열, 빈맥"
CAT,6,7.9,38.2,121,18,False,False,False,False,False,NORMAL,NORMAL,NORMAL,0,0.0,NORMAL,이상 없음(정상)
DOG,8,22.7,39.9,185,48,True,False,False,False,True,DECREASED,DECREASED,LOW,1,1.0,DANGER,"미열, 빈맥"
DOG,2,6.2,38.2,168,27,False,False,False,False,True,NORMAL,NORMAL,NORMAL,0,0.42,WATCH,"빈맥, 설사"
DOG,13,11.5,39.8,151,33,False,False,False,True,False,NORMAL,NORMAL,NORMAL,7,0.42,WATCH,"미열, 구토"
CAT,10,3.1,39.4,159,32,False,False,True,False,False,DECREASED,DECREASED,LOW,4,0.5,CAUTION,"미열, 피부 징후"
CAT,1,7.2,38.9,132,37,False,False,False,False,True,DECREASED,NORMAL,LOW,6,0.42,WATCH,"설사, 식욕 감소"
DOG,10,14.2,39.6,90,29,False,True,True,True,False,DECREASED,DECREASED,LOW,5,0.68,CAUTION,"미열, 구토"
CAT,2,7.9,39.2,156,36,False,True,True,True,False,NONE,DECREASED,LOW,1,0.61,CAUTION,"구토, 피부 징후"
CAT,12,3.1,38.8,115,12,False,False,False,False,True,DECREASED,INCREASED,LOW,1,0.34,WATCH,"설사, 식욕 감소"
DOG,4,6.3,39.3,137,32,False,False,False,True,True,DECREASED,DECREASED,LOW,3,0.68,CAUTION,"미열, 소화기 이상(구토 및 설사)"
CAT,7,5.6,39.8,222,41,True,False,False,True,False,NONE,DECREASED,NORMAL,3,1.0,DANGER,"미열, 빈맥"
CAT,1,5.7,40.1,172,47,False,True,False,True,False,NONE,INCREASED,LOW,0,1.0,DANGER,"고열, 빈맥"
CAT,15,6.4,38.1,96,19,False,True,False,False,False,NORMAL,DECREASED,NORMAL,0,0.2,NORMAL,이상 없음(정상)
CAT,7,5.5,39.6,133,31,True,False,False,True,False,DECREASED,DECREASED,LOW,2,0.67,CAUTION,"미열, 구토"
DOG,9,19.1,38.1,81,31,False,True,False,False,False,NORMAL,NORMAL,NORMAL,0,0.16,NORMAL,이상 없음(정상)
CAT,12,2.4,39.5,136,46,True,False,False,False,True,NORMAL,NORMAL,LOW,3,0.69,CAUTION,"미열, 호흡 급증"
DOG,7,24.5,39.0,150,46,True,True,False,False,False,DECREASED,DECREASED,NORMAL,2,0.46,WATCH,"호흡 급증, 피부 징후"
CAT,14,5.3,39.2,134,12,False,True,False,False,True,NORMAL,INCREASED,NORMAL,4,0.3,WATCH,"설사, 피부 징후"
DOG,13,23.0,39.0,123,26,False,False,True,True,False,DECREASED,DECREASED,LOW,7,0.59,CAUTION,"구토, 피부 징후"
CAT,8,2.3,39.8,168,34,True,True,False,True,True,DECREASED,DECREASED,LOW,5,1.0,DANGER,"미열, 빈맥"
CAT,6,6.6,38.8,123,20,False,False,False,True,False,NORMAL,DECREASED,NORMAL,4,0.22,NORMAL,이상 없음(정상)
CAT,12,6.7,38.7,93,20,False,False,False,True,False,NORMAL,NORMAL,NORMAL,2,0.22,NORMAL,이상 없음(정상)
CAT,11,4.1,39.3,126,48,False,False,False,True,False,NORMAL,NORMAL,NORMAL,2,0.64,CAUTION,"미열, 호흡 급증"
CAT,12,5.2,38.2,92,18,False,False,False,False,True,NORMAL,NORMAL,NORMAL,4,0.29,NORMAL,이상 없음(정상)
CAT,12,2.0,38.5,156,22,False,True,True,False,True,DECREASED,INCREASED,LOW,4,0.5,CAUTION,"설사, 피부 징후"
DOG,1,20.4,38.4,80,23,False,False,False,False,True,NORMAL,NORMAL,LOW,7,0.07,NORMAL,이상 없음(정상)
CAT,3,3.8,38.8,84,21,False,False,False,False,False,NORMAL,NORMAL,NORMAL,0,0.0,NORMAL,이상 없음(정상)
CAT,4,6.0,39.2,135,23,True,False,False,False,True,NORMAL,NORMAL,LOW,7,0.32,WATCH,"설사, 피부 징후"
DOG,15,10.6,37.5,82,10,False,False,False,False,False,NORMAL,NORMAL,NORMAL,0,0.0,NORMAL,이상 없음(정상)
CAT,15,4.3,38.1,133,18,False,False,False,False,False,NORMAL,NORMAL,NORMAL,0,0.0,NORMAL,이상 없음(정상)
DOG,8,18.7,40.3,185,49,True,False,False,True,True,NONE,NORMAL,LOW,1,1.0,DANGER,"고열, 빈맥"
CAT,3,6.9,38.5,117,24,False,False,False,False,False,NORMAL,NORMAL,NORMAL,0,0.03,NORMAL,이상 없음(정상)
CAT,8,4.9,38.7,74,24,False,True,False,False,False,DECREASED,NORMAL,NORMAL,2,0.35,WATCH,"피부 징후, 식욕 감소"
CAT,1,3.5,40.7,143,57,False,False,True,False,False,NORMAL,NORMAL,LOW,0,0.94,DANGER,"고열, 호흡 급증"
CAT,15,5.1,39.7,162,30,False,True,False,False,True,NORMAL,DECREASED,NORMAL,3,0.71,CAUTION,"미열, 빈맥"
CAT,12,3.4,41.1,130,47,True,False,True,False,True,NONE,DECREASED,LOW,6,1.0,DANGER,"고열, 호흡 급증"
DOG,6,28.7,38.4,91,15,False,False,False,False,False,DECREASED,INCREASED,NORMAL,1,0.1,NORMAL,이상 없음(정상)
DOG,6,28.1,38.0,128,30,False,False,False,False,False,NORMAL,NORMAL,HIGH,0,0.0,NORMAL,이상 없음(정상)
DOG,10,25.5,38.3,116,30,False,True,False,False,False,DECREASED,NORMAL,NORMAL,4,0.3,WATCH,"피부 징후, 식욕 감소"
CAT,10,3.4,39.7,166,53,False,False,False,False,False,DECREASED,DECREASED,NORMAL,6,0.65,CAUTION,"미열, 빈맥"
DOG,3,5.7,40.9,155,65,True,True,False,False,True,NORMAL,DECREASED,LOW,1,1.0,DANGER,"고열, 호흡 급증"
DOG,4,19.4,38.9,112,17,False,True,False,False,False,DECREASED,NORMAL,NORMAL,7,0.29,NORMAL,이상 없음(정상)
CAT,8,2.9,38.4,99,17,False,False,False,False,False,NORMAL,NORMAL,NORMAL,0,0.0,NORMAL,이상 없음(정상)
DOG,9,13.6,39.2,90,41,False,False,True,False,True,NORMAL,DECREASED,HIGH,2,0.61,CAUTION,"호흡 급증, 설사"
DOG,12,5.2,37.3,109,26,False,False,False,False,False,NORMAL,NORMAL,HIGH,5,0.0,NORMAL,이상 없음(정상)
CAT,4,6.2,39.0,120,12,True,False,False,False,True,NORMAL,INCREASED,LOW,6,0.48,WATCH,"설사, 피부 징후"
DOG,13,18.8,38.5,84,31,False,False,False,False,False,DECREASED,NORMAL,NORMAL,7,0.05,NORMAL,이상 없음(정상)
CAT,7,7.3,38.6,130,16,False,False,False,False,False,NORMAL,INCREASED,NORMAL,0,0.0,NORMAL,이상 없음(정상)
DOG,15,6.5,40.1,145,40,False,False,False,False,False,NORMAL,NORMAL,NORMAL,0,0.66,CAUTION,"고열, 호흡 급증"
DOG,8,16.7,39.2,157,26,True,True,False,True,False,DECREASED,DECREASED,LOW,1,0.55,CAUTION,"구토, 피부 징후"
CAT,7,2.4,38.6,60,20,True,False,False,False,True,NORMAL,INCREASED,LOW,7,0.43,WATCH,"설사, 피부 징후"
DOG,5,21.2,40.4,185,34,True,False,False,False,True,NONE,INCREASED,LOW,4,1.0,DANGER,"고열, 빈맥"
CAT,9,4.3,40.0,137,21,False,False,False,False,False,NORMAL,NORMAL,NORMAL,0,0.43,WATCH,고열
CAT,3,6.1,39.0,82,17,False,False,False,False,False,INCREASED,NORMAL,HIGH,2,0.0,NORMAL,이상 없음(정상)
CAT,1,4.7,38.7,115,19,False,False,False,False,True,NORMAL,NORMAL,LOW,2,0.19,NORMAL,이상 없음(정상)
CAT,14,4.0,37.8,130,30,False,False,False,False,True,NORMAL,NORMAL,NORMAL,0,0.23,NORMAL,이상 없음(정상)
CAT,11,3.7,39.6,118,30,False,False,False,False,False,NORMAL,DECREASED,LOW,0,0.3,WATCH,"미열, 활동량 저하"
CAT,5,6.2,39.2,159,26,True,False,False,True,False,NORMAL,NORMAL,NORMAL,6,0.38,WATCH,"구토, 피부 징후"
CAT,8,7.2,39.8,142,42,False,False,False,True,True,DECREASED,DECREASED,LOW,5,1.0,DANGER,"미열, 호흡 급증"
CAT,8,3.1,39.2,161,34,False,False,False,True,False,NORMAL,NORMAL,LOW,0,0.53,CAUTION,"빈맥, 구토"
CAT,10,2.5,40.4,195,53,False,True,False,False,True,DECREASED,NORMAL,LOW,5,1.0,DANGER,"고열, 빈맥"
DOG,8,11.1,40.3,191,34,True,True,True,True,False,DECREASED,NORMAL,LOW,2,1.0,DANGER,"고열, 빈맥"
CAT,1,2.7,38.2,136,36,False,False,False,False,False,NORMAL,NORMAL,NORMAL,0,0.08,NORMAL,이상 없음(정상)
CAT,6,2.6,39.4,99,25,False,False,False,True,False,NORMAL,DECREASED,LOW,4,0.43,WATCH,"미열, 구토"
CAT,6,2.3,37.6,77,22,False,False,False,False,False,NORMAL,NORMAL,NORMAL,0,0.03,NORMAL,이상 없음(정상)
DOG,13,8.8,39.3,93,27,False,True,False,False,False,INCREASED,NORMAL,HIGH,2,0.23,NORMAL,이상 없음(정상)
CAT,10,7.4,39.4,184,26,True,True,False,False,False,DECREASED,NORMAL,LOW,6,0.7,CAUTION,"미열, 빈맥"
CAT,11,6.0,40.8,135,51,False,True,False,True,True,DECREASED,DECREASED,LOW,0,1.0,DANGER,"고열, 호흡 급증"
DOG,14,11.7,39.1,136,38,True,False,False,True,True,DECREASED,NORMAL,NORMAL,2,0.59,CAUTION,"소화기 이상(구토 및 설사), 피부 징후"
CAT,13,7.0,40.7,164,43,True,True,False,False,True,DECREASED,NORMAL,LOW,4,1.0,DANGER,"고열, 빈맥"
DOG,15,18.9,41.2,211,69,False,True,True,True,True,DECREASED,DECREASED,LOW,7,1.0,DANGER,"고열, 빈맥"
CAT,9,4.6,38.4,139,44,False,False,False,False,False,NORMAL,INCREASED,LOW,0,0.36,WATCH,"호흡 급증, 활동량 저하"
DOG,10,22.7,40.8,167,45,False,True,False,True,True,NONE,DECREASED,LOW,7,1.0,DANGER,"고열, 빈맥"
CAT,3,5.0,39.8,132,36,True,False,False,False,True,NORMAL,NORMAL,LOW,6,0.7,CAUTION,"미열, 설사"
DOG,11,25.6,40.2,170,49,True,False,True,True,False,NORMAL,DECREASED,LOW,1,1.0,DANGER,"고열, 빈맥"
DOG,10,6.8,38.0,121,19,True,False,False,False,False,DECREASED,NORMAL,NORMAL,1,0.14,NORMAL,이상 없음(정상)
CAT,9,3.3,38.7,117,25,False,False,False,False,False,NORMAL,NORMAL,NORMAL,0,0.0,NORMAL,이상 없음(정상)
DOG,10,5.8,37.8,94,23,False,False,False,False,False,DECREASED,NORMAL,NORMAL,0,0.12,NORMAL,이상 없음(정상)
DOG,8,29.1,40.8,203,35,True,False,True,False,False,NONE,DECREASED,LOW,0,1.0,DANGER,"고열, 빈맥"
DOG,7,28.1,38.6,88,10,False,False,False,False,False,NORMAL,INCREASED,NORMAL,0,0.02,NORMAL,이상 없음(정상)
DOG,5,12.4,38.7,106,23,False,False,False,False,False,NORMAL,NORMAL,NORMAL,0,0.03,NORMAL,이상 없음(정상)
DOG,2,23.7,39.0,141,55,False,False,False,True,False,DECREASED,NORMAL,NORMAL,7,0.53,CAUTION,"호흡 급증, 구토"
DOG,13,6.6,38.6,132,23,False,False,False,False,False,NORMAL,NORMAL,NORMAL,0,0.01,NORMAL,이상 없음(정상)
CAT,8,6.4,38.4,80,30,False,False,False,False,True,NORMAL,NORMAL,NORMAL,4,0.09,NORMAL,이상 없음(정상)
CAT,3,2.5,39.7,190,42,False,False,False,False,False,DECREASED,NORMAL,NORMAL,7,0.73,CAUTION,"미열, 빈맥"
CAT,5,6.1,40.1,195,40,True,True,False,True,True,NONE,NORMAL,LOW,0,1.0,DANGER,"고열, 빈맥"
DOG,8,11.0,39.0,174,34,False,True,True,True,True,DECREASED,DECREASED,HIGH,3,0.57,CAUTION,"빈맥, 소화기 이상(구토 및 설사)"
DOG,1,21.5,39.3,133,23,False,False,False,True,False,NORMAL,INCREASED,LOW,6,0.49,WATCH,"미열, 구토"
DOG,6,23.4,38.9,81,34,False,False,False,False,False,NORMAL,NORMAL,NORMAL,0,0.0,NORMAL,이상 없음(정상)
DOG,13,20.7,40.0,178,46,True,True,True,True,False,NONE,DECREASED,LOW,6,1.0,DANGER,"고열, 빈맥"
CAT,11,2.1,39.3,177,34,False,False,False,True,False,NORMAL,NORMAL,NORMAL,1,0.65,CAUTION,"미열, 빈맥"
CAT,4,4.5,40.6,230,53,False,False,True,False,False,NONE,DECREASED,LOW,0,1.0,DANGER,"고열, 빈맥"
DOG,6,27.8,39.0,109,37,False,False,False,False,False,NORMAL,NORMAL,NORMAL,0,0.08,NORMAL,이상 없음(정상)
CAT,1,2.9,39.8,151,41,True,False,True,False,False,NONE,DECREASED,LOW,0,0.76,DANGER,"미열, 호흡 급증"
CAT,4,5.6,37.7,146,38,False,False,False,False,False,DECREASED,NORMAL,LOW,3,0.31,WATCH,"식욕 감소, 활동량 저하"
DOG,7,27.1,39.4,113,30,True,True,False,True,False,DECREASED,DECREASED,LOW,5,0.62,CAUTION,"미열, 구토"
DOG,9,23.6,39.0,113,12,True,True,True,False,True,DECREASED,NORMAL,NORMAL,4,0.43,WATCH,"설사, 피부 징후"
DOG,8,16.7,38.5,86,34,False,False,False,False,False,NORMAL,NORMAL,HIGH,3,0.04,NORMAL,이상 없음(정상)
DOG,1,8.3,38.0,136,31,False,False,False,False,False,NORMAL,NORMAL,NORMAL,0,0.0,NORMAL,이상 없음(정상)
DOG,15,5.0,39.0,125,29,True,False,False,False,False,DECREASED,NORMAL,HIGH,2,0.37,WATCH,"피부 징후, 식욕 감소"
DOG,7,21.5,39.8,143,38,True,False,False,True,False,NORMAL,INCREASED,LOW,6,0.63,CAUTION,"미열, 구토"
CAT,7,7.1,38.4,138,40,False,False,False,False,True,NORMAL,NORMAL,HIGH,7,0.39,WATCH,"호흡 급증, 설사"
DOG,12,28.9,38.6,121,28,True,False,False,False,False,INCREASED,DECREASED,HIGH,6,0.21,NORMAL,이상 없음(정상)
CAT,10,5.1,38.3,79,14,True,False,False,False,False,INCREASED,NORMAL,NORMAL,5,0.1,NORMAL,이상 없음(정상)
DOG,4,25.6,38.7,100,46,True,False,False,False,False,NORMAL,NORMAL,LOW,7,0.49,WATCH,"호흡 급증, 피부 징후"
DOG,1,15.4,40.0,119,24,False,True,True,False,True,NORMAL,DECREASED,NORMAL,6,0.6,CAUTION,"고열, 설사"
CAT,6,5.3,41.0,130,56,True,True,False,True,True,NONE,DECREASED,LOW,7,1.0,DANGER,"고열, 호흡 급증"
DOG,2,7.6,39.4,125,38,False,False,True,False,False,DECREASED,DECREASED,LOW,1,0.64,CAUTION,"미열, 피부 징후"
CAT,9,3.5,39.1,106,10,True,False,False,False,False,NORMAL,NORMAL,NORMAL,4,0.01,NORMAL,이상 없음(정상)
CAT,8,2.4,38.3,97,18,False,True,False,False,False,NORMAL,NORMAL,HIGH,2,0.05,NORMAL,이상 없음(정상)
DOG,4,12.5,39.6,220,49,True,True,False,False,True,NONE,NORMAL,LOW,2,1.0,DANGER,"미열, 빈맥"
DOG,7,5.7,39.9,201,47,False,True,False,True,False,NONE,NORMAL,LOW,1,1.0,DANGER,"미열, 빈맥"
DOG,8,4.5,39.6,102,44,True,True,True,False,True,INCREASED,NORMAL,LOW,5,0.7,CAUTION,"미열, 호흡 급증"
DOG,7,10.8,40.1,118,45,False,False,False,False,False,NORMAL,DECREASED,NORMAL,0,0.7,CAUTION,"고열, 호흡 급증"
CAT,11,2.9,40.1,144,30,False,False,False,False,True,NONE,DECREASED,NORMAL,4,0.68,CAUTION,"고열, 설사"
DOG,4,24.2,38.4,75,23,False,False,False,True,False,NORMAL,NORMAL,NORMAL,3,0.17,NORMAL,이상 없음(정상)
DOG,15,23.8,37.5,107,25,False,True,False,False,False,NORMAL,NORMAL,NORMAL,0,0.25,NORMAL,이상 없음(정상)
DOG,9,23.7,38.8,135,17,False,False,True,False,False,NORMAL,NORMAL,NORMAL,0,0.2,NORMAL,이상 없음(정상)
DOG,10,11.7,38.2,117,23,False,False,False,False,False,NORMAL,NORMAL,NORMAL,0,0.0,NORMAL,이상 없음(정상)
DOG,13,17.3,38.1,92,29,False,False,False,False,False,NORMAL,NORMAL,NORMAL,0,0.05,NORMAL,이상 없음(정상)
CAT,11,5.6,38.5,85,19,False,False,False,False,False,NORMAL,NORMAL,NORMAL,0,0.0,NORMAL,이상 없음(정상)
CAT,7,2.1,40.0,173,72,True,False,True,True,False,NONE,NORMAL,LOW,0,1.0,DANGER,"고열, 빈맥"
DOG,2,14.1,39.9,173,35,False,True,False,True,True,NONE,DECREASED,LOW,0,1.0,DANGER,"미열, 빈맥"
CAT,12,5.7,39.2,124,12,False,False,False,True,False,NORMAL,DECREASED,NORMAL,0,0.38,WATCH,구토
CAT,4,5.9,39.2,145,28,True,False,False,True,False,NORMAL,NORMAL,NORMAL,6,0.35,WATCH,"구토, 피부 징후"
DOG,2,24.9,38.3,83,18,False,False,False,False,False,NORMAL,NORMAL,NORMAL,0,0.0,NORMAL,이상 없음(정상)
CAT,7,5.1,37.9,121,25,False,False,False,False,False,NORMAL,NORMAL,NORMAL,0,0.05,NORMAL,이상 없음(정상)
DOG,2,7.7,38.4,90,34,False,False,False,False,False,NORMAL,NORMAL,NORMAL,0,0.0,NORMAL,이상 없음(정상)
CAT,4,4.3,38.5,127,25,False,False,False,True,True,NORMAL,DECREASED,LOW,3,0.48,WATCH,"소화기 이상(구토 및 설사), 활동량 저하"
CAT,5,5.0,38.4,138,19,False,False,False,False,False,NORMAL,INCREASED,LOW,7,0.1,NORMAL,이상 없음(정상)
DOG,14,14.3,40.3,149,58,True,True,True,False,True,NONE,DECREASED,LOW,6,1.0,DANGER,"고열, 호흡 급증"
CAT,9,6.2,40.7,178,52,False,True,False,False,True,DECREASED,NORMAL,LOW,7,1.0,DANGER,"고열, 빈맥"
DOG,3,6.3,39.3,155,24,True,False,False,False,False,DECREASED,DECREASED,HIGH,0,0.38,WATCH,"미열, 피부 징후"
DOG,7,24.1,39.7,176,33,True,False,True,False,False,DECREASED,DECREASED,LOW,5,0.68,CAUTION,"미열, 빈맥"
CAT,13,6.7,40.8,148,53,True,False,False,False,True,NONE,DECREASED,HIGH,7,1.0,DANGER,"고열, 호흡 급증"
DOG,13,23.9,40.5,193,44,True,False,False,True,False,NONE,DECREASED,LOW,2,1.0,DANGER,"고열, 빈맥"
DOG,4,20.0,39.2,134,46,False,False,False,False,True,DECREASED,NORMAL,LOW,2,0.51,CAUTION,"호흡 급증, 설사"
DOG,7,25.4,39.7,145,30,False,False,True,True,False,DECREASED,NORMAL,NORMAL,6,0.64,CAUTION,"미열, 구토"
CAT,4,4.4,40.3,212,51,False,True,False,False,True,NONE,DECREASED,LOW,5,1.0,DANGER,"고열, 빈맥"
CAT,13,2.5,40.2,163,41,False,True,True,True,True,DECREASED,DECREASED,NORMAL,6,1.0,DANGER,"고열, 빈맥"
CAT,6,2.2,38.9,87,18,False,False,False,False,False,NORMAL,NORMAL,NORMAL,0,0.09,NORMAL,이상 없음(정상)
CAT,11,8.0,39.9,141,36,True,False,False,True,True,DECREASED,DECREASED,NORMAL,0,0.72,CAUTION,"미열, 소화기 이상(구토 및 설사)"
CAT,6,2.1,39.3,128,32,False,False,False,False,False,NORMAL,NORMAL,HIGH,6,0.11,NORMAL,이상 없음(정상)
DOG,3,16.3,39.0,123,17,True,False,True,False,True,NORMAL,INCREASED,NORMAL,7,0.39,WATCH,"설사, 피부 징후"
CAT,6,4.2,38.1,62,18,False,False,False,False,False,INCREASED,NORMAL,NORMAL,0,0.0,NORMAL,이상 없음(정상)
CAT,10,4.0,39.2,73,13,False,True,False,False,False,NORMAL,NORMAL,NORMAL,0,0.17,NORMAL,이상 없음(정상)
CAT,13,4.7,39.6,116,55,True,False,False,False,False,INCREASED,DECREASED,NORMAL,0,0.52,CAUTION,"미열, 호흡 급증"
CAT,7,5.8,39.2,129,49,False,False,False,True,False,NONE,DECREASED,LOW,6,0.67,CAUTION,"호흡 급증, 구토"
CAT,8,5.6,39.2,126,39,False,False,False,False,False,NORMAL,NORMAL,NORMAL,0,0.0,NORMAL,이상 없음(정상)
CAT,2,6.3,38.5,141,29,False,False,True,False,False,NORMAL,NORMAL,NORMAL,0,0.33,WATCH,피부 징후
CAT,1,6.7,39.7,138,37,False,False,False,False,True,DECREASED,NORMAL,LOW,5,0.54,CAUTION,"미열, 설사"
CAT,2,5.3,37.9,106,29,False,False,False,False,False,NORMAL,NORMAL,NORMAL,0,0.0,NORMAL,이상 없음(정상)
CAT,11,7.5,38.3,136,15,False,False,False,False,False,NORMAL,INCREASED,LOW,1,0.17,NORMAL,이상 없음(정상)
CAT,8,5.0,38.1,84,29,False,False,False,True,False,INCREASED,NORMAL,NORMAL,7,0.18,NORMAL,이상 없음(정상)
DOG,6,14.4,38.2,88,13,False,False,False,False,False,NORMAL,NORMAL,NORMAL,0,0.08,NORMAL,이상 없음(정상)
DOG,12,9.2,39.9,156,32,False,False,True,True,True,DECREASED,DECREASED,NORMAL,2,0.73,CAUTION,"미열, 소화기 이상(구토 및 설사)"
CAT,5,7.7,38.3,51,12,True,False,False,False,False,NORMAL,NORMAL,NORMAL,7,0.21,NORMAL,이상 없음(정상)
DOG,11,19.7,39.3,114,21,False,True,False,True,False,NORMAL,NORMAL,NORMAL,1,0.45,WATCH,"미열, 구토"
CAT,7,3.0,38.2,133,25,False,False,False,False,False,NORMAL,NORMAL,NORMAL,0,0.0,NORMAL,이상 없음(정상)
DOG,12,16.5,40.2,127,31,False,False,False,True,False,DECREASED,DECREASED,NORMAL,5,0.7,CAUTION,"고열, 구토"
DOG,2,11.1,39.1,90,30,False,False,True,False,True,NONE,DECREASED,NORMAL,4,0.58,CAUTION,"설사, 피부 징후"
CAT,10,6.4,40.4,154,58,True,True,False,True,False,NONE,NORMAL,LOW,5,1.0,DANGER,"고열, 호흡 급증"
DOG,1,16.2,39.0,116,36,False,False,False,False,False,INCREASED,NORMAL,LOW,7,0.26,NORMAL,이상 없음(정상)
DOG,4,7.8,39.7,95,37,False,False,False,False,False,NORMAL,NORMAL,LOW,6,0.28,NORMAL,이상 없음(정상)
CAT,15,7.0,39.6,137,26,False,True,False,False,True,NORMAL,DECREASED,NORMAL,6,0.43,WATCH,"미열, 설사"
CAT,4,5.0,38.1,77,29,False,False,False,False,False,NORMAL,NORMAL,NORMAL,0,0.03,NORMAL,이상 없음(정상)
CAT,13,3.6,39.2,125,14,True,False,False,False,False,NORMAL,NORMAL,NORMAL,7,0.06,NORMAL,이상 없음(정상)
CAT,9,3.4,38.4,96,20,False,False,False,False,False,NORMAL,DECREASED,NORMAL,0,0.02,NORMAL,이상 없음(정상)
DOG,4,27.3,38.4,106,15,False,False,False,False,True,NORMAL,NORMAL,HIGH,0,0.15,NORMAL,이상 없음(정상)
CAT,5,7.2,38.6,94,11,False,False,False,True,False,NORMAL,NORMAL,NORMAL,2,0.02,NORMAL,이상 없음(정상)
DOG,4,22.5,38.1,89,22,False,False,False,False,False,INCREASED,NORMAL,NORMAL,0,0.14,NORMAL,이상 없음(정상)
DOG,8,8.7,39.6,94,27,True,True,False,False,False,DECREASED,INCREASED,LOW,5,0.65,CAUTION,"미열, 피부 징후"
DOG,15,4.9,39.2,166,23,True,True,False,False,False,DECREASED,NORMAL,LOW,1,0.63,CAUTION,"빈맥, 피부 징후"
CAT,10,4.9,39.8,119,29,False,False,False,False,False,DECREASED,NORMAL,LOW,7,0.38,WATCH,"미열, 식욕 감소"
CAT,14,4.3,39.8,183,35,True,True,False,True,False,INCREASED,DECREASED,NORMAL,7,0.71,CAUTION,"미열, 빈맥"
CAT,1,5.8,39.0,129,12,False,True,False,False,True,NORMAL,NORMAL,HIGH,1,0.32,WATCH,"설사, 피부 징후"
DOG,5,20.6,39.2,118,35,True,True,False,False,True,NONE,INCREASED,LOW,3,0.71,CAUTION,"설사, 피부 징후"
DOG,6,28.8,39.3,142,13,False,False,False,False,False,NORMAL,INCREASED,NORMAL,0,0.32,WATCH,미열
CAT,12,7.0,40.3,169,55,False,True,True,True,False,DECREASED,NORMAL,LOW,3,1.0,DANGER,"고열, 빈맥"
CAT,9,2.9,40.0,168,48,True,False,True,False,True,NONE,DECREASED,NORMAL,0,1.0,DANGER,"고열, 빈맥"
CAT,7,3.4,40.4,191,49,False,True,True,True,False,DECREASED,DECREASED,LOW,2,1.0,DANGER,"고열, 빈맥"
CAT,10,4.8,39.5,172,66,False,False,True,True,False,NONE,DECREASED,LOW,3,1.0,DANGER,"미열, 빈맥"
DOG,6,17.3,38.1,80,18,True,False,False,False,True,NORMAL,NORMAL,LOW,1,0.39,WATCH,"설사, 피부 징후"
DOG,6,24.1,39.6,158,43,True,False,False,False,False,DECREASED,NORMAL,LOW,0,0.74,CAUTION,"미열, 호흡 급증"
DOG,2,15.4,39.5,130,34,True,True,True,False,True,NONE,NORMAL,LOW,0,0.96,DANGER,"미열, 설사"
DOG,15,25.0,39.1,161,38,False,True,True,False,False,DECREASED,DECREASED,LOW,2,0.51,CAUTION,"빈맥, 피부 징후"
DOG,1,20.1,40.1,149,38,False,False,False,True,False,DECREASED,NORMAL,LOW,3,0.8,DANGER,"고열, 구토"
CAT,5,6.9,39.1,103,31,True,True,False,False,False,NONE,DECREASED,NORMAL,5,0.43,WATCH,"피부 징후, 식욕 절폐"
DOG,7,16.4,39.4,123,38,True,True,False,False,True,DECREASED,NORMAL,LOW,0,0.63,CAUTION,"미열, 설사"
CAT,15,4.3,38.2,125,35,False,False,False,False,False,NORMAL,NORMAL,LOW,6,0.14,NORMAL,이상 없음(정상)
CAT,13,3.3,38.5,107,30,False,False,False,False,False,NORMAL,NORMAL,NORMAL,0,0.04,NORMAL,이상 없음(정상)
DOG,2,10.5,39.2,131,27,False,True,False,True,True,NORMAL,NORMAL,LOW,4,0.65,CAUTION,"소화기 이상(구토 및 설사), 피부 징후"
DOG,5,26.0,39.0,76,28,False,False,False,False,False,NORMAL,NORMAL,NORMAL,0,0.11,NORMAL,이상 없음(정상)
CAT,14,5.0,38.4,122,25,False,False,False,False,False,INCREASED,INCREASED,NORMAL,3,0.0,NORMAL,이상 없음(정상)
CAT,6,5.3,38.8,107,46,False,False,False,False,False,DECREASED,DECREASED,LOW,5,0.33,WATCH,"호흡 급증, 식욕 감소"
DOG,5,3.8,38.6,104,14,False,False,False,False,False,NORMAL,NORMAL,LOW,5,0.04,NORMAL,이상 없음(정상)
DOG,10,5.7,39.6,197,37,True,False,False,False,False,DECREASED,NORMAL,NORMAL,6,0.66,CAUTION,"미열, 빈맥"
DOG,9,11.6,40.6,161,61,True,True,False,False,False,NONE,DECREASED,LOW,2,1.0,DANGER,"고열, 빈맥"
CAT,8,4.1,40.7,186,48,False,True,False,True,True,DECREASED,NORMAL,NORMAL,5,1.0,DANGER,"고열, 빈맥"
CAT,9,7.5,39.1,110,19,False,False,False,False,False,NORMAL,NORMAL,NORMAL,0,0.0,NORMAL,이상 없음(정상)
CAT,2,6.5,39.5,172,51,True,True,False,False,True,DECREASED,NORMAL,LOW,4,1.0,DANGER,"미열, 빈맥"
DOG,4,11.6,38.3,178,26,False,False,True,False,False,DECREASED,NORMAL,NORMAL,6,0.47,WATCH,"빈맥, 피부 징후"
CAT,7,3.4,38.4,72,30,False,False,False,False,False,DECREASED,DECREASED,NORMAL,6,0.14,NORMAL,이상 없음(정상)
CAT,8,6.6,41.1,137,36,True,False,False,True,True,NONE,NORMAL,LOW,2,1.0,DANGER,"고열, 소화기 이상(구토 및 설사)"
CAT,12,3.8,38.9,149,24,False,False,False,False,False,NORMAL,NORMAL,NORMAL,0,0.0,NORMAL,이상 없음(정상)
CAT,7,5.2,40.2,141,67,True,False,True,True,True,NONE,DECREASED,LOW,3,1.0,DANGER,"고열, 호흡 급증"
DOG,7,15.0,38.7,129,38,False,False,False,False,False,NORMAL,NORMAL,NORMAL,0,0.08,NORMAL,이상 없음(정상)
DOG,12,20.1,40.5,179,47,True,True,False,True,True,DECREASED,NORMAL,LOW,0,1.0,DANGER,"고열, 빈맥"
DOG,11,20.8,39.8,172,29,False,False,False,False,True,NORMAL,NORMAL,LOW,4,0.71,CAUTION,"미열, 빈맥"
CAT,4,3.1,38.9,134,41,True,False,True,False,False,DECREASED,NORMAL,LOW,7,0.63,CAUTION,"호흡 급증, 피부 징후"
DOG,2,18.8,38.3,141,22,False,False,False,False,True,NORMAL,NORMAL,NORMAL,0,0.03,NORMAL,이상 없음(정상)
CAT,2,2.9,39.5,130,35,False,True,False,False,False,DECREASED,DECREASED,NORMAL,7,0.53,CAUTION,"미열, 피부 징후"
CAT,12,5.7,39.1,161,28,False,False,False,True,False,DECREASED,NORMAL,NORMAL,2,0.53,CAUTION,"빈맥, 구토"
CAT,12,5.6,39.8,157,54,True,False,False,True,False,NONE,NORMAL,LOW,0,1.0,DANGER,"미열, 호흡 급증"
DOG,3,24.2,38.4,103,27,False,False,False,False,False,INCREASED,NORMAL,NORMAL,1,0.0,NORMAL,이상 없음(정상)
CAT,1,3.4,38.4,135,30,False,True,False,False,True,NORMAL,NORMAL,LOW,1,0.4,WATCH,"설사, 피부 징후"
CAT,14,6.8,39.4,112,27,False,False,False,True,False,DECREASED,DECREASED,HIGH,4,0.53,CAUTION,"미열, 구토"
CAT,2,3.7,39.2,83,22,False,False,False,False,False,INCREASED,NORMAL,HIGH,1,0.0,NORMAL,이상 없음(정상)
CAT,10,4.6,39.9,148,50,False,True,False,True,True,NORMAL,DECREASED,LOW,5,0.96,DANGER,"미열, 호흡 급증"
DOG,13,25.1,39.6,94,30,False,False,True,False,False,DECREASED,DECREASED,LOW,3,0.54,CAUTION,"미열, 피부 징후"
CAT,6,7.4,38.7,92,32,False,False,False,False,True,NORMAL,NORMAL,NORMAL,4,0.05,NORMAL,이상 없음(정상)
CAT,13,4.6,38.6,145,31,False,True,False,False,False,NONE,DECREASED,LOW,0,0.42,WATCH,"피부 징후, 식욕 절폐"
CAT,12,2.2,40.0,176,41,False,True,False,True,True,DECREASED,DECREASED,LOW,6,1.0,DANGER,"고열, 빈맥"
DOG,8,27.7,39.3,103,38,False,False,False,True,False,DECREASED,NORMAL,NORMAL,6,0.43,WATCH,"미열, 구토"
DOG,11,7.2,38.5,101,25,False,False,False,False,False,NORMAL,NORMAL,NORMAL,0,0.0,NORMAL,이상 없음(정상)
CAT,6,6.0,39.1,134,43,False,True,False,False,False,DECREASED,DECREASED,LOW,1,0.59,CAUTION,"호흡 급증, 피부 징후"
CAT,7,6.0,39.4,104,55,False,False,False,False,True,NORMAL,DECREASED,LOW,3,0.74,CAUTION,"미열, 호흡 급증"
DOG,11,16.8,39.0,50,38,False,False,False,False,False,NORMAL,NORMAL,NORMAL,0,0.0,NORMAL,이상 없음(정상)
CAT,7,3.7,38.3,99,23,False,False,False,False,False,NORMAL,NORMAL,NORMAL,0,0.04,NORMAL,이상 없음(정상)
CAT,13,6.5,39.6,147,37,True,True,False,True,True,NORMAL,NORMAL,LOW,3,0.67,CAUTION,"미열, 소화기 이상(구토 및 설사)"
CAT,5,3.5,39.6,144,27,True,True,True,False,True,DECREASED,DECREASED,LOW,0,0.68,CAUTION,"미열, 설사"
CAT,15,7.0,39.2,113,46,False,False,False,False,True,DECREASED,NORMAL,HIGH,1,0.41,WATCH,"호흡 급증, 설사"
CAT,11,7.5,38.0,71,23,False,False,False,True,False,NORMAL,INCREASED,NORMAL,3,0.09,NORMAL,이상 없음(정상)
DOG,5,9.2,38.5,93,28,False,True,False,False,False,NORMAL,NORMAL,NORMAL,0,0.13,NORMAL,이상 없음(정상)
DOG,9,9.0,39.3,110,25,False,False,False,False,False,INCREASED,INCREASED,NORMAL,5,0.18,NORMAL,이상 없음(정상)
DOG,15,3.7,38.7,75,29,False,False,False,False,False,NORMAL,NORMAL,LOW,0,0.15,NORMAL,이상 없음(정상)
DOG,12,16.5,39.5,156,30,True,False,False,False,False,NORMAL,NORMAL,NORMAL,6,0.3,WATCH,"미열, 피부 징후"
DOG,13,16.7,38.9,117,20,False,True,True,False,False,NONE,NORMAL,LOW,1,0.43,WATCH,"피부 징후, 식욕 절폐"
CAT,15,7.0,40.1,188,64,True,False,False,True,True,NONE,DECREASED,NORMAL,3,1.0,DANGER,"고열, 빈맥"
DOG,6,8.1,38.7,107,23,False,False,False,False,False,NORMAL,NORMAL,NORMAL,0,0.0,NORMAL,이상 없음(정상)
CAT,11,2.8,40.2,181,59,True,False,False,False,True,NONE,DECREASED,LOW,4,1.0,DANGER,"고열, 빈맥"
CAT,6,4.5,38.1,82,28,False,False,False,False,False,NORMAL,NORMAL,NORMAL,0,0.03,NORMAL,이상 없음(정상)
CAT,1,3.6,38.6,126,30,False,True,False,False,False,DECREASED,NORMAL,NORMAL,0,0.14,NORMAL,이상 없음(정상)
DOG,2,3.5,39.4,156,30,False,False,True,False,False,NONE,DECREASED,LOW,2,0.59,CAUTION,"미열, 피부 징후"
CAT,13,5.6,39.3,115,32,False,True,False,False,False,NORMAL,NORMAL,NORMAL,0,0.44,WATCH,"미열, 피부 징후"
CAT,6,5.8,39.7,129,31,False,False,False,False,False,DECREASED,NORMAL,NORMAL,5,0.35,WATCH,"미열, 식욕 감소"
CAT,8,7.0,39.3,155,30,True,True,False,True,False,DECREASED,NORMAL,NORMAL,6,0.62,CAUTION,"미열, 구토"
CAT,11,4.5,38.1,80,17,False,True,False,False,True,NORMAL,NORMAL,NORMAL,4,0.26,NORMAL,이상 없음(정상)
DOG,13,2.6,39.7,132,37,False,True,False,False,True,DECREASED,DECREASED,LOW,1,0.7,CAUTION,"미열, 설사"
DOG,9,11.8,39.3,149,31,False,False,False,False,True,DECREASED,INCREASED,LOW,5,0.52,CAUTION,"미열, 설사"
CAT,2,2.5,38.4,119,23,False,False,False,False,False,NORMAL,INCREASED,LOW,2,0.0,NORMAL,이상 없음(정상)
DOG,14,9.2,38.5,169,44,False,False,False,False,False,NORMAL,INCREASED,NORMAL,0,0.42,WATCH,"빈맥, 호흡 급증"
CAT,13,5.5,40.4,140,50,False,True,False,True,True,NORMAL,DECREASED,NORMAL,1,1.0,DANGER,"고열, 호흡 급증"
DOG,4,23.5,39.0,142,40,False,True,True,False,True,NORMAL,NORMAL,LOW,4,0.6,CAUTION,"호흡 급증, 설사"
DOG,13,10.5,39.6,137,20,False,False,False,False,True,NORMAL,NORMAL,NORMAL,3,0.42,WATCH,"미열, 설사"
CAT,4,2.9,39.4,126,27,False,True,False,False,False,INCREASED,NORMAL,NORMAL,4,0.31,WATCH,"미열, 피부 징후"
CAT,11,5.0,39.2,144,14,False,False,False,False,False,DECREASED,NORMAL,NORMAL,6,0.2,NORMAL,이상 없음(정상)
DOG,8,3.2,39.5,164,45,False,False,True,True,True,NONE,DECREASED,LOW,3,1.0,DANGER,"미열, 빈맥"
CAT,10,6.5,38.5,158,26,False,False,False,True,True,NONE,DECREASED,LOW,3,0.68,CAUTION,"소화기 이상(구토 및 설사), 식욕 절폐"
CAT,2,3.2,39.1,144,37,False,False,False,True,True,NONE,NORMAL,LOW,3,0.64,CAUTION,"소화기 이상(구토 및 설사), 식욕 절폐"
CAT,3,5.7,40.2,147,25,False,False,True,False,True,NORMAL,DECREASED,HIGH,1,0.63,CAUTION,"고열, 설사"
DOG,15,28.9,38.3,108,31,False,False,False,False,False,NORMAL,NORMAL,LOW,4,0.15,NORMAL,이상 없음(정상)
DOG,2,2.6,39.0,78,11,False,False,False,False,False,NORMAL,NORMAL,NORMAL,0,0.03,NORMAL,이상 없음(정상)
DOG,14,6.9,39.8,104,43,False,False,False,False,False,NONE,NORMAL,LOW,5,0.74,CAUTION,"미열, 호흡 급증"
CAT,4,7.6,40.1,152,47,True,True,False,True,False,DECREASED,DECREASED,LOW,7,1.0,DANGER,"고열, 호흡 급증"
DOG,6,23.2,38.3,127,16,True,True,False,False,False,NORMAL,NORMAL,NORMAL,5,0.15,NORMAL,이상 없음(정상)
DOG,3,21.3,39.2,176,39,False,False,True,True,False,DECREASED,NORMAL,LOW,2,0.57,CAUTION,"빈맥, 구토"
DOG,4,12.6,38.2,123,27,True,True,False,False,False,DECREASED,NORMAL,LOW,2,0.33,WATCH,"피부 징후, 식욕 감소"
CAT,4,7.4,39.6,172,50,False,False,False,True,False,DECREASED,NORMAL,LOW,7,1.0,DANGER,"미열, 빈맥"
DOG,1,10.4,39.4,156,43,False,False,False,False,False,NONE,INCREASED,NORMAL,6,0.62,CAUTION,"미열, 호흡 급증"
DOG,2,14.2,39.3,171,29,False,False,True,False,True,DECREASED,NORMAL,HIGH,3,0.7,CAUTION,"미열, 빈맥"
DOG,15,12.8,38.7,72,38,True,False,False,True,False,DECREASED,NORMAL,HIGH,6,0.45,WATCH,"구토, 피부 징후"
CAT,10,4.2,40.9,164,44,False,True,False,True,True,NONE,DECREASED,NORMAL,4,1.0,DANGER,"고열, 빈맥"
DOG,8,21.6,39.7,145,22,True,False,True,True,False,DECREASED,NORMAL,LOW,3,0.72,CAUTION,"미열, 구토"
CAT,3,2.2,39.7,187,35,False,False,False,False,True,NORMAL,NORMAL,LOW,2,0.68,CAUTION,"미열, 빈맥"
CAT,14,4.9,39.0,156,29,False,False,False,False,False,NORMAL,NORMAL,NORMAL,0,0.0,NORMAL,이상 없음(정상)
DOG,5,17.2,39.7,181,55,True,True,False,True,False,NORMAL,NORMAL,HIGH,0,0.97,DANGER,"미열, 빈맥"
DOG,4,8.1,40.4,189,43,True,False,True,True,False,DECREASED,NORMAL,LOW,0,1.0,DANGER,"고열, 빈맥"
CAT,13,3.0,40.1,130,44,False,True,False,False,False,DECREASED,NORMAL,LOW,7,1.0,DANGER,"고열, 호흡 급증"
CAT,15,4.5,38.7,128,41,False,True,False,False,False,NORMAL,NORMAL,LOW,1,0.58,CAUTION,"호흡 급증, 피부 징후"
CAT,7,2.6,39.4,97,44,False,False,False,False,False,DECREASED,DECREASED,LOW,5,0.59,CAUTION,"미열, 호흡 급증"
CAT,4,2.7,40.2,196,44,True,False,False,True,True,NORMAL,DECREASED,LOW,1,1.0,DANGER,"고열, 빈맥"
CAT,5,6.6,40.1,130,62,False,True,False,True,True,DECREASED,DECREASED,NORMAL,1,1.0,DANGER,"고열, 호흡 급증"
CAT,13,7.0,38.6,115,32,False,False,False,True,False,NORMAL,NORMAL,NORMAL,7,0.07,NORMAL,이상 없음(정상)
DOG,2,8.3,38.8,167,33,False,True,False,False,True,DECREASED,NORMAL,LOW,5,0.6,CAUTION,"빈맥, 설사"
DOG,1,26.3,39.1,164,39,True,True,True,False,True,NORMAL,DECREASED,LOW,1,0.65,CAUTION,"빈맥, 설사"
CAT,4,6.0,38.3,158,18,False,False,False,False,False,NORMAL,NORMAL,LOW,0,0.19,NORMAL,이상 없음(정상)
DOG,7,28.1,37.7,93,29,False,True,False,False,False,NORMAL,INCREASED,NORMAL,0,0.18,NORMAL,이상 없음(정상)
CAT,12,6.6,39.0,123,27,False,False,False,False,True,DECREASED,DECREASED,LOW,7,0.41,WATCH,"설사, 식욕 감소"
DOG,11,21.0,38.8,186,34,False,True,True,True,False,NORMAL,DECREASED,NORMAL,4,0.67,CAUTION,"빈맥, 구토"
DOG,15,13.4,39.9,161,56,False,False,True,True,True,DECREASED,DECREASED,LOW,6,1.0,DANGER,"미열, 빈맥"
DOG,9,10.1,38.4,111,21,False,False,False,False,False,NORMAL,DECREASED,LOW,4,0.13,NORMAL,이상 없음(정상)
CAT,3,6.7,38.5,88,10,False,False,False,False,False,NORMAL,NORMAL,NORMAL,0,0.07,NORMAL,이상 없음(정상)
CAT,11,2.9,39.2,126,25,False,False,False,False,False,NORMAL,NORMAL,NORMAL,0,0.14,NORMAL,이상 없음(정상)
CAT,8,2.2,39.5,123,22,False,False,True,False,True,DECREASED,DECREASED,NORMAL,6,0.6,CAUTION,"미열, 설사"
CAT,11,2.5,38.1,112,22,False,False,False,False,True,NORMAL,DECREASED,NORMAL,3,0.07,NORMAL,이상 없음(정상)
DOG,14,2.7,39.5,120,28,False,False,False,False,False,NORMAL,DECREASED,NORMAL,0,0.2,NORMAL,이상 없음(정상)
DOG,14,10.5,37.5,101,22,False,False,False,False,False,NORMAL,NORMAL,HIGH,1,0.0,NORMAL,이상 없음(정상)
CAT,5,6.1,38.3,88,29,True,False,False,False,False,DECREASED,NORMAL,NORMAL,5,0.13,NORMAL,이상 없음(정상)
DOG,3,13.9,40.8,161,57,True,False,True,True,True,NORMAL,NORMAL,NORMAL,1,1.0,DANGER,"고열, 빈맥"
DOG,4,11.3,39.5,170,44,True,False,False,False,True,NONE,DECREASED,LOW,1,1.0,DANGER,"미열, 빈맥"
DOG,14,21.6,38.3,74,26,False,False,False,False,False,NORMAL,NORMAL,NORMAL,0,0.15,NORMAL,이상 없음(정상)
CAT,14,4.9,37.5,72,35,False,False,True,False,False,INCREASED,NORMAL,NORMAL,6,0.15,NORMAL,이상 없음(정상)
CAT,9,4.2,38.0,116,29,True,False,False,False,False,NORMAL,NORMAL,NORMAL,1,0.21,NORMAL,이상 없음(정상)
DOG,9,3.8,38.4,97,16,False,False,False,False,False,NORMAL,INCREASED,NORMAL,0,0.02,NORMAL,이상 없음(정상)
DOG,12,23.8,38.1,121,15,False,False,False,False,False,DECREASED,DECREASED,NORMAL,4,0.03,NORMAL,이상 없음(정상)
CAT,11,5.9,38.1,145,39,False,False,False,False,False,NORMAL,NORMAL,NORMAL,0,0.0,NORMAL,이상 없음(정상)
CAT,1,5.6,39.5,179,54,True,True,True,False,True,DECREASED,DECREASED,LOW,6,1.0,DANGER,"미열, 빈맥"
CAT,7,4.5,39.0,116,29,False,False,False,False,False,NORMAL,NORMAL,NORMAL,0,0.04,NORMAL,이상 없음(정상)
CAT,15,3.4,38.9,139,32,False,False,True,False,False,DECREASED,NORMAL,NORMAL,4,0.37,WATCH,"피부 징후, 식욕 감소"
DOG,7,9.2,39.6,92,33,False,False,False,False,False,NORMAL,INCREASED,NORMAL,0,0.29,NORMAL,이상 없음(정상)
CAT,9,4.6,39.5,64,14,False,False,False,False,False,NORMAL,NORMAL,NORMAL,0,0.26,NORMAL,이상 없음(정상)
CAT,2,7.3,40.3,130,43,False,True,False,True,True,DECREASED,DECREASED,LOW,2,1.0,DANGER,"고열, 호흡 급증"
DOG,6,21.4,38.9,121,27,False,False,False,True,False,DECREASED,INCREASED,NORMAL,0,0.36,WATCH,"구토, 식욕 감소"
DOG,13,26.3,39.0,131,38,True,False,True,False,False,DECREASED,DECREASED,NORMAL,4,0.38,WATCH,"피부 징후, 식욕 감소"
DOG,8,21.5,39.5,180,36,True,True,False,False,False,DECREASED,NORMAL,NORMAL,3,0.69,CAUTION,"미열, 빈맥"
CAT,12,5.0,37.8,147,16,False,False,False,False,False,INCREASED,NORMAL,NORMAL,4,0.0,NORMAL,이상 없음(정상)
CAT,2,4.4,39.6,109,43,False,False,False,False,True,NORMAL,DECREASED,NORMAL,7,0.47,WATCH,"미열, 호흡 급증"
CAT,6,4.2,40.3,152,53,True,False,False,True,True,DECREASED,DECREASED,LOW,1,1.0,DANGER,"고열, 호흡 급증"
CAT,1,3.5,38.2,76,21,True,False,False,False,False,NORMAL,NORMAL,NORMAL,2,0.19,NORMAL,이상 없음(정상)
DOG,8,23.8,39.0,159,33,True,False,True,False,True,NONE,INCREASED,LOW,0,0.66,CAUTION,"설사, 피부 징후"
CAT,11,3.6,39.4,115,17,False,False,False,False,False,NORMAL,NORMAL,HIGH,4,0.26,NORMAL,이상 없음(정상)
DOG,12,20.8,39.6,148,49,False,False,False,False,True,NONE,INCREASED,LOW,4,0.82,DANGER,"미열, 호흡 급증"
DOG,7,12.4,38.0,77,27,False,True,False,False,False,NORMAL,NORMAL,HIGH,0,0.12,NORMAL,이상 없음(정상)
DOG,3,21.3,38.0,92,23,False,False,False,False,False,NORMAL,DECREASED,LOW,5,0.11,NORMAL,이상 없음(정상)
DOG,13,19.2,40.4,171,58,False,True,False,False,False,DECREASED,NORMAL,LOW,4,1.0,DANGER,"고열, 빈맥"
CAT,9,3.2,38.4,94,20,True,True,False,False,True,NORMAL,INCREASED,NORMAL,1,0.43,WATCH,"설사, 피부 징후"
CAT,2,3.9,40.2,148,53,True,False,False,True,False,NONE,DECREASED,LOW,4,1.0,DANGER,"고열, 호흡 급증"
DOG,12,19.2,38.6,82,27,False,False,False,False,False,NORMAL,NORMAL,NORMAL,0,0.0,NORMAL,이상 없음(정상)
DOG,2,14.0,39.9,193,46,True,True,True,False,True,NONE,DECREASED,LOW,4,1.0,DANGER,"미열, 빈맥"
DOG,8,23.9,38.7,99,20,False,True,False,False,False,NORMAL,NORMAL,NORMAL,0,0.14,NORMAL,이상 없음(정상)
CAT,8,3.5,40.0,131,51,False,True,False,True,False,DECREASED,DECREASED,LOW,0,1.0,DANGER,"고열, 호흡 급증"
DOG,13,20.9,39.6,144,38,True,False,False,False,True,DECREASED,DECREASED,NORMAL,6,0.55,CAUTION,"미열, 설사"
CAT,10,4.6,38.8,112,12,False,False,False,True,False,DECREASED,DECREASED,LOW,6,0.39,WATCH,"구토, 식욕 감소"
CAT,7,8.0,38.3,110,13,False,False,False,True,False,NORMAL,NORMAL,NORMAL,3,0.09,NORMAL,이상 없음(정상)
DOG,12,15.4,40.2,208,34,False,True,True,True,True,DECREASED,INCREASED,LOW,4,1.0,DANGER,"고열, 빈맥"
DOG,15,24.7,39.6,63,20,False,False,True,False,False,NORMAL,NORMAL,NORMAL,0,0.41,WATCH,"미열, 피부 징후"
CAT,12,2.5,40.6,230,62,False,False,False,True,True,NONE,DECREASED,LOW,5,1.0,DANGER,"고열, 빈맥"
DOG,12,21.8,38.5,122,11,False,False,False,False,False,NORMAL,DECREASED,NORMAL,0,0.01,NORMAL,이상 없음(정상)
DOG,4,5.3,38.4,89,21,False,False,False,True,False,NORMAL,NORMAL,LOW,2,0.18,NORMAL,이상 없음(정상)
DOG,3,17.8,38.7,128,46,False,False,False,False,False,NORMAL,NORMAL,LOW,6,0.31,WATCH,"호흡 급증, 활동량 저하"
CAT,10,7.9,37.9,119,13,False,False,False,False,False,NORMAL,INCREASED,NORMAL,0,0.0,NORMAL,이상 없음(정상)
DOG,8,23.4,40.7,177,34,True,False,True,True,False,NONE,DECREASED,LOW,7,1.0,DANGER,"고열, 빈맥"
CAT,15,6.1,39.6,139,37,True,False,False,True,False,DECREASED,NORMAL,NORMAL,5,0.69,CAUTION,"미열, 구토"
DOG,5,29.8,39.6,153,26,False,True,False,False,False,DECREASED,DECREASED,LOW,1,0.52,CAUTION,"미열, 피부 징후"
CAT,15,3.1,38.3,127,17,False,False,False,False,False,NORMAL,NORMAL,NORMAL,0,0.0,NORMAL,이상 없음(정상)
CAT,1,8.0,38.2,94,18,False,False,False,False,False,DECREASED,NORMAL,LOW,1,0.14,NORMAL,이상 없음(정상)
DOG,15,20.8,39.8,122,46,True,True,True,False,False,DECREASED,INCREASED,NORMAL,7,0.69,CAUTION,"미열, 호흡 급증"
CAT,13,2.1,38.3,84,25,False,False,False,False,False,NORMAL,NORMAL,NORMAL,0,0.0,NORMAL,이상 없음(정상)
CAT,6,5.6,41.0,167,57,True,True,True,True,True,NONE,DECREASED,NORMAL,1,1.0,DANGER,"고열, 빈맥"
CAT,8,4.3,38.3,102,15,False,False,False,True,False,DECREASED,NORMAL,NORMAL,1,0.27,NORMAL,이상 없음(정상)
DOG,14,4.1,40.1,169,39,True,True,True,True,True,DECREASED,INCREASED,LOW,6,1.0,DANGER,"고열, 빈맥"
DOG,10,24.8,40.3,197,34,True,True,False,True,False,NONE,DECREASED,LOW,1,1.0,DANGER,"고열, 빈맥"
CAT,9,7.3,39.1,72,18,False,True,False,False,False,DECREASED,DECREASED,LOW,3,0.38,WATCH,"피부 징후, 식욕 감소"
CAT,3,6.9,38.9,106,20,False,False,True,False,False,NORMAL,NORMAL,HIGH,0,0.19,NORMAL,이상 없음(정상)
DOG,11,20.8,38.7,68,26,True,True,False,False,True,NORMAL,DECREASED,LOW,6,0.38,WATCH,"설사, 피부 징후"
CAT,7,2.1,38.5,84,25,False,False,False,True,True,NORMAL,NORMAL,NORMAL,6,0.19,NORMAL,이상 없음(정상)
DOG,5,13.7,38.1,94,32,False,True,False,False,False,NORMAL,DECREASED,NORMAL,0,0.28,NORMAL,이상 없음(정상)
DOG,11,6.9,38.3,114,24,False,False,False,False,False,INCREASED,NORMAL,NORMAL,7,0.19,NORMAL,이상 없음(정상)
DOG,14,19.8,39.1,138,29,True,False,False,True,False,DECREASED,NORMAL,LOW,3,0.53,CAUTION,"구토, 피부 징후"
DOG,4,12.8,38.3,98,28,False,False,False,False,False,NORMAL,NORMAL,NORMAL,0,0.16,NORMAL,이상 없음(정상)
CAT,14,6.7,40.0,169,62,True,False,False,False,True,NONE,DECREASED,LOW,0,1.0,DANGER,"고열, 빈맥"
CAT,4,4.4,39.0,175,34,False,False,False,False,True,NORMAL,INCREASED,LOW,4,0.37,WATCH,"빈맥, 설사"
DOG,11,7.0,40.1,125,34,False,True,False,False,False,NORMAL,DECREASED,NORMAL,0,0.71,CAUTION,"고열, 피부 징후"
CAT,10,3.2,38.2,142,37,False,False,False,False,False,NORMAL,NORMAL,NORMAL,0,0.0,NORMAL,이상 없음(정상)
DOG,13,10.1,40.5,130,59,True,True,False,False,True,NONE,DECREASED,LOW,7,1.0,DANGER,"고열, 호흡 급증"
DOG,1,27.2,39.1,89,19,False,False,False,False,False,NORMAL,DECREASED,HIGH,0,0.0,NORMAL,이상 없음(정상)
CAT,9,5.9,38.7,165,31,True,True,False,True,False,NORMAL,DECREASED,NORMAL,7,0.52,CAUTION,"빈맥, 구토"
DOG,4,28.3,39.8,130,34,False,False,True,False,False,DECREASED,DECREASED,NORMAL,0,0.66,CAUTION,"미열, 피부 징후"
CAT,1,6.0,37.9,95,30,False,False,False,False,False,NORMAL,NORMAL,HIGH,4,0.0,NORMAL,이상 없음(정상)
CAT,15,2.7,39.4,136,30,False,True,False,False,False,DECREASED,DECREASED,LOW,5,0.69,CAUTION,"미열, 피부 징후"
CAT,8,2.4,40.2,178,44,False,True,True,True,False,NORMAL,DECREASED,LOW,0,1.0,DANGER,"고열, 빈맥"
CAT,8,5.0,41.0,158,47,False,False,True,True,True,NORMAL,DECREASED,LOW,0,1.0,DANGER,"고열, 호흡 급증"
CAT,5,2.4,39.2,98,18,False,True,False,True,False,NORMAL,NORMAL,HIGH,1,0.38,WATCH,"구토, 피부 징후"
DOG,10,20.0,40.1,144,70,False,True,False,True,True,DECREASED,DECREASED,NORMAL,1,1.0,DANGER,"고열, 호흡 급증"
DOG,2,13.9,38.6,89,25,False,True,False,False,False,NORMAL,NORMAL,NORMAL,0,0.22,NORMAL,이상 없음(정상)
CAT,2,3.5,38.3,177,35,True,False,False,False,False,DECREASED,DECREASED,NORMAL,4,0.48,WATCH,"빈맥, 피부 징후"
DOG,12,17.6,40.6,203,53,False,True,False,True,False,NONE,DECREASED,NORMAL,7,1.0,DANGER,"고열, 빈맥"
DOG,1,26.4,39.5,109,13,False,False,False,False,True,NORMAL,NORMAL,NORMAL,1,0.36,WATCH,"미열, 설사"
CAT,6,7.0,39.1,160,34,False,False,False,False,False,DECREASED,NORMAL,LOW,6,0.42,WATCH,"빈맥, 식욕 감소"
DOG,4,23.1,39.3,138,34,True,True,True,True,False,DECREASED,NORMAL,NORMAL,3,0.65,CAUTION,"미열, 구토"
DOG,10,26.0,38.5,194,50,False,True,False,False,True,NORMAL,NORMAL,NORMAL,7,0.73,CAUTION,"빈맥, 호흡 급증"
CAT,6,5.8,37.9,111,26,False,False,False,True,False,NORMAL,INCREASED,NORMAL,6,0.29,NORMAL,이상 없음(정상)
DOG,14,12.4,39.0,105,23,False,False,False,True,False,NORMAL,NORMAL,HIGH,6,0.29,NORMAL,이상 없음(정상)
DOG,13,14.6,38.8,120,14,False,False,False,True,False,NORMAL,DECREASED,LOW,4,0.32,WATCH,"구토, 활동량 저하"
CAT,9,3.4,40.4,191,42,True,False,False,False,True,NONE,INCREASED,LOW,4,1.0,DANGER,"고열, 빈맥"
CAT,3,7.0,39.8,152,38,False,False,True,True,True,DECREASED,DECREASED,NORMAL,5,0.67,CAUTION,"미열, 소화기 이상(구토 및 설사)"
DOG,8,13.2,38.8,111,22,False,False,False,False,False,NORMAL,NORMAL,NORMAL,0,0.0,NORMAL,이상 없음(정상)
DOG,11,12.3,39.5,116,30,False,True,False,False,False,DECREASED,DECREASED,LOW,1,0.52,CAUTION,"미열, 피부 징후"
CAT,10,4.3,40.0,171,50,True,False,False,True,True,NONE,DECREASED,LOW,6,1.0,DANGER,"고열, 빈맥"
DOG,11,23.5,40.2,176,45,False,True,False,True,False,DECREASED,DECREASED,LOW,1,1.0,DANGER,"고열, 빈맥"
CAT,5,7.9,39.4,102,21,False,False,False,False,True,NORMAL,INCREASED,NORMAL,7,0.38,WATCH,"미열, 설사"
CAT,5,6.0,39.0,116,24,False,False,False,False,False,NORMAL,NORMAL,NORMAL,0,0.07,NORMAL,이상 없음(정상)
CAT,11,4.8,38.2,97,23,False,False,False,False,False,NORMAL,NORMAL,NORMAL,0,0.11,NORMAL,이상 없음(정상)
DOG,12,4.3,38.8,96,24,False,False,False,False,False,NORMAL,NORMAL,NORMAL,0,0.0,NORMAL,이상 없음(정상)
CAT,7,3.1,38.9,127,41,False,False,False,False,False,DECREASED,INCREASED,HIGH,2,0.36,WATCH,"호흡 급증, 식욕 감소"
CAT,1,2.9,38.0,69,25,False,False,False,True,False,NORMAL,NORMAL,NORMAL,1,0.28,NORMAL,이상 없음(정상)
CAT,8,3.5,40.6,162,41,True,True,False,False,False,NONE,DECREASED,NORMAL,0,1.0,DANGER,"고열, 빈맥"
CAT,1,3.7,38.0,126,27,False,False,False,False,False,NORMAL,NORMAL,NORMAL,0,0.14,NORMAL,이상 없음(정상)
DOG,15,11.6,38.1,97,21,False,False,False,False,False,NORMAL,NORMAL,NORMAL,0,0.0,NORMAL,이상 없음(정상)
DOG,14,10.9,39.6,154,21,False,False,False,False,True,NORMAL,INCREASED,NORMAL,5,0.43,WATCH,"미열, 설사"
CAT,1,2.8,39.7,158,32,True,True,False,True,False,NONE,DECREASED,NORMAL,1,0.71,CAUTION,"미열, 구토"
CAT,4,2.4,38.9,151,31,True,False,False,True,True,INCREASED,NORMAL,NORMAL,7,0.42,WATCH,"소화기 이상(구토 및 설사), 피부 징후"
DOG,4,26.6,39.4,139,37,True,False,True,False,True,DECREASED,DECREASED,LOW,5,0.64,CAUTION,"미열, 설사"
DOG,12,5.3,40.1,197,45,True,False,False,False,True,NONE,DECREASED,LOW,7,1.0,DANGER,"고열, 빈맥"
CAT,7,5.8,38.5,193,36,True,False,True,True,True,NORMAL,NORMAL,NORMAL,0,0.73,CAUTION,"빈맥, 소화기 이상(구토 및 설사)"
CAT,6,6.6,39.4,103,34,False,True,False,False,False,NORMAL,NORMAL,NORMAL,0,0.39,WATCH,"미열, 피부 징후"
CAT,8,2.4,38.6,111,26,False,False,False,False,False,NORMAL,NORMAL,NORMAL,0,0.0,NORMAL,이상 없음(정상)
DOG,8,14.3,39.9,175,55,True,False,False,False,False,NONE,DECREASED,LOW,3,1.0,DANGER,"미열, 빈맥"
DOG,12,14.5,40.7,130,37,True,False,True,True,True,DECREASED,DECREASED,LOW,4,0.94,DANGER,"고열, 소화기 이상(구토 및 설사)"
CAT,10,5.0,38.6,88,36,False,False,True,False,True,DECREASED,INCREASED,LOW,3,0.39,WATCH,"설사, 피부 징후"
DOG,9,19.9,39.0,134,35,False,False,True,True,False,NORMAL,NORMAL,NORMAL,5,0.44,WATCH,"구토, 피부 징후"
DOG,6,21.3,40.6,207,45,False,True,True,True,True,NONE,NORMAL,LOW,6,1.0,DANGER,"고열, 빈맥"
DOG,9,27.2,39.0,140,41,False,True,False,False,False,NORMAL,DECREASED,NORMAL,0,0.49,WATCH,"호흡 급증, 피부 징후"
DOG,13,22.0,39.1,124,50,True,True,False,False,False,NONE,DECREASED,NORMAL,5,0.69,CAUTION,"호흡 급증, 피부 징후"
CAT,8,2.9,38.9,134,35,False,True,False,True,False,NONE,DECREASED,LOW,6,0.64,CAUTION,"구토, 피부 징후"
CAT,4,3.3,38.7,108,38,True,True,True,True,False,DECREASED,DECREASED,LOW,0,0.51,CAUTION,"구토, 피부 징후"
DOG,14,29.1,38.4,97,29,False,False,False,False,False,NORMAL,NORMAL,NORMAL,0,0.0,NORMAL,이상 없음(정상)
DOG,1,27.9,39.7,114,50,False,False,False,False,False,DECREASED,NORMAL,LOW,7,0.58,CAUTION,"미열, 호흡 급증"
CAT,10,6.5,38.3,129,32,False,False,False,False,False,NORMAL,NORMAL,HIGH,3,0.0,NORMAL,이상 없음(정상)
CAT,12,3.8,39.6,154,43,False,False,False,True,False,NORMAL,DECREASED,HIGH,7,0.55,CAUTION,"미열, 호흡 급증"
CAT,10,2.9,39.0,108,33,False,False,False,False,False,INCREASED,NORMAL,LOW,6,0.15,NORMAL,이상 없음(정상)
DOG,5,6.4,39.8,114,33,False,False,False,False,False,NORMAL,INCREASED,LOW,7,0.33,WATCH,"미열, 활동량 저하"
DOG,11,15.8,38.6,79,26,False,False,False,False,False,DECREASED,NORMAL,HIGH,2,0.02,NORMAL,이상 없음(정상)
CAT,15,3.5,38.2,126,21,False,False,False,False,False,NORMAL,NORMAL,HIGH,2,0.0,NORMAL,이상 없음(정상)
CAT,11,7.7,39.6,112,46,False,True,False,False,False,NORMAL,NORMAL,LOW,1,0.71,CAUTION,"미열, 호흡 급증"
CAT,15,6.2,39.2,81,28,False,False,True,True,False,NORMAL,DECREASED,HIGH,5,0.43,WATCH,"구토, 피부 징후"
CAT,13,3.5,39.0,125,15,True,False,False,False,False,NORMAL,NORMAL,NORMAL,7,0.15,NORMAL,이상 없음(정상)
DOG,9,13.5,37.8,85,24,False,False,False,False,False,DECREASED,NORMAL,NORMAL,0,0.0,NORMAL,이상 없음(정상)
DOG,8,13.9,39.1,108,24,False,False,False,False,False,NORMAL,NORMAL,NORMAL,0,0.0,NORMAL,이상 없음(정상)
CAT,13,2.7,40.2,134,56,True,False,True,False,True,NORMAL,NORMAL,LOW,7,0.93,DANGER,"고열, 호흡 급증"
DOG,5,10.7,38.9,129,13,False,False,False,True,False,NONE,DECREASED,NORMAL,5,0.42,WATCH,"구토, 식욕 절폐"
DOG,12,9.1,38.1,121,24,False,False,False,False,False,NORMAL,NORMAL,NORMAL,0,0.07,NORMAL,이상 없음(정상)
DOG,4,24.1,38.3,148,18,False,False,False,False,False,NORMAL,NORMAL,HIGH,2,0.02,NORMAL,이상 없음(정상)
DOG,11,14.7,37.9,158,34,False,True,False,False,False,NORMAL,NORMAL,NORMAL,0,0.2,NORMAL,이상 없음(정상)
CAT,7,2.1,38.2,91,27,False,False,False,False,False,NORMAL,INCREASED,NORMAL,0,0.0,NORMAL,이상 없음(정상)
DOG,2,23.7,38.5,118,43,False,True,True,False,False,NORMAL,NORMAL,HIGH,5,0.35,WATCH,"호흡 급증, 피부 징후"
CAT,2,7.8,39.3,86,24,False,False,False,False,False,NONE,NORMAL,NORMAL,0,0.45,WATCH,"미열, 식욕 절폐"
CAT,1,8.0,39.6,108,20,False,True,False,False,False,INCREASED,DECREASED,LOW,4,0.46,WATCH,"미열, 피부 징후"
DOG,10,28.7,39.2,169,34,False,False,False,False,True,DECREASED,NORMAL,NORMAL,5,0.39,WATCH,"빈맥, 설사"
DOG,9,6.6,40.3,150,28,False,False,False,True,False,DECREASED,NORMAL,HIGH,5,0.7,CAUTION,"고열, 구토"
CAT,5,2.8,39.6,191,38,True,True,False,False,False,DECREASED,NORMAL,NORMAL,5,0.53,CAUTION,"미열, 빈맥"
DOG,13,4.2,38.6,132,31,False,False,False,False,False,NORMAL,NORMAL,NORMAL,0,0.0,NORMAL,이상 없음(정상)
DOG,7,16.7,39.5,152,32,False,False,False,False,False,NONE,NORMAL,NORMAL,6,0.5,CAUTION,"미열, 식욕 절폐"
CAT,8,6.3,39.8,129,25,True,False,True,False,True,DECREASED,DECREASED,NORMAL,0,0.67,CAUTION,"미열, 설사"
DOG,7,22.3,38.7,106,24,False,False,False,False,False,NORMAL,NORMAL,NORMAL,0,0.14,NORMAL,이상 없음(정상)
DOG,6,3.8,38.0,177,30,False,False,False,False,False,NORMAL,INCREASED,LOW,6,0.33,WATCH,"빈맥, 활동량 저하"
CAT,12,2.9,38.2,103,28,True,False,True,False,True,DECREASED,DECREASED,NORMAL,5,0.36,WATCH,"설사, 피부 징후"
CAT,4,7.3,39.7,113,40,False,True,False,False,False,NORMAL,DECREASED,NORMAL,0,0.57,CAUTION,"미열, 호흡 급증"
CAT,14,4.0,40.3,148,45,False,False,False,True,True,DECREASED,DECREASED,LOW,4,1.0,DANGER,"고열, 호흡 급증"
CAT,1,4.2,39.9,161,34,True,True,False,False,True,DECREASED,DECREASED,LOW,1,0.87,DANGER,"미열, 빈맥"
DOG,11,26.5,39.7,174,34,True,True,False,True,False,NONE,DECREASED,LOW,3,1.0,DANGER,"미열, 빈맥"
CAT,5,3.9,38.6,105,26,False,False,False,False,False,INCREASED,DECREASED,NORMAL,3,0.04,NORMAL,이상 없음(정상)
CAT,11,6.0,40.5,175,62,False,True,True,False,True,NONE,NORMAL,LOW,7,1.0,DANGER,"고열, 빈맥"
DOG,14,26.5,39.7,135,34,True,False,False,True,False,DECREASED,DECREASED,LOW,3,0.74,CAUTION,"미열, 구토"
CAT,7,2.1,38.8,104,17,False,False,False,False,False,NORMAL,DECREASED,NORMAL,0,0.21,NORMAL,이상 없음(정상)
CAT,3,6.1,39.0,119,16,False,False,False,False,False,NORMAL,NORMAL,NORMAL,0,0.03,NORMAL,이상 없음(정상)
CAT,14,3.8,39.0,156,12,False,False,False,False,True,DECREASED,DECREASED,LOW,0,0.37,WATCH,"설사, 식욕 감소"
CAT,4,6.2,38.9,165,41,False,False,False,False,False,INCREASED,INCREASED,NORMAL,2,0.39,WATCH,"빈맥, 호흡 급증"
CAT,8,2.6,39.5,181,51,False,False,False,False,False,NORMAL,DECREASED,NORMAL,0,0.55,CAUTION,"미열, 빈맥"
DOG,13,15.6,38.8,82,11,False,False,False,False,False,DECREASED,NORMAL,HIGH,6,0.12,NORMAL,이상 없음(정상)
CAT,10,6.4,39.3,137,28,False,True,False,False,False,DECREASED,NORMAL,LOW,1,0.6,CAUTION,"미열, 피부 징후"
DOG,6,7.4,40.4,189,39,False,True,False,True,True,NONE,NORMAL,LOW,3,1.0,DANGER,"고열, 빈맥"
DOG,8,23.2,40.5,154,41,True,False,False,True,False,NONE,INCREASED,LOW,6,1.0,DANGER,"고열, 호흡 급증"
DOG,4,25.4,38.9,194,28,False,True,True,False,True,DECREASED,NORMAL,LOW,7,0.71,CAUTION,"빈맥, 설사"
CAT,9,6.7,40.4,142,59,False,False,False,True,True,NONE,NORMAL,LOW,7,1.0,DANGER,"고열, 호흡 급증"
CAT,11,3.7,39.9,192,40,False,False,False,True,True,DECREASED,DECREASED,LOW,4,1.0,DANGER,"미열, 빈맥"
CAT,4,7.4,38.3,118,24,False,False,False,False,False,NORMAL,NORMAL,NORMAL,0,0.0,NORMAL,이상 없음(정상)
CAT,6,2.7,38.1,92,28,False,False,False,True,False,NORMAL,NORMAL,NORMAL,0,0.14,NORMAL,이상 없음(정상)
DOG,11,12.7,39.2,108,33,False,False,True,True,False,DECREASED,NORMAL,NORMAL,5,0.42,WATCH,"구토, 피부 징후"
CAT,3,6.2,40.5,197,57,False,False,True,True,True,DECREASED,NORMAL,LOW,2,1.0,DANGER,"고열, 빈맥"
DOG,1,4.6,39.7,136,48,False,True,False,False,False,NORMAL,NORMAL,NORMAL,0,0.57,CAUTION,"미열, 호흡 급증"
CAT,11,2.4,38.9,95,27,False,False,False,False,False,NORMAL,NORMAL,NORMAL,0,0.0,NORMAL,이상 없음(정상)
CAT,11,2.2,40.7,185,43,True,True,False,True,True,NONE,DECREASED,HIGH,3,1.0,DANGER,"고열, 빈맥"
DOG,9,8.9,38.9,75,28,False,False,False,False,False,NORMAL,NORMAL,NORMAL,0,0.0,NORMAL,이상 없음(정상)
CAT,11,3.4,40.0,130,46,False,True,False,False,False,NONE,NORMAL,LOW,6,1.0,DANGER,"고열, 호흡 급증"
DOG,7,21.1,40.2,93,36,False,True,False,False,False,NORMAL,DECREASED,LOW,5,0.7,CAUTION,"고열, 피부 징후"
CAT,6,4.9,39.2,121,19,False,False,False,False,False,NORMAL,NORMAL,NORMAL,0,0.03,NORMAL,이상 없음(정상)
CAT,14,6.8,38.9,142,31,False,False,True,True,False,DECREASED,INCREASED,LOW,3,0.72,CAUTION,"구토, 피부 징후"
CAT,11,2.2,38.5,137,46,True,False,False,False,False,DECREASED,DECREASED,NORMAL,0,0.46,WATCH,"호흡 급증, 피부 징후"
DOG,7,22.2,40.4,130,51,True,False,False,True,True,NONE,NORMAL,LOW,6,1.0,DANGER,"고열, 호흡 급증"
DOG,9,9.1,38.8,115,22,False,False,False,True,False,DECREASED,INCREASED,LOW,6,0.47,WATCH,"구토, 식욕 감소"
DOG,9,23.5,39.0,93,49,True,True,True,True,False,NORMAL,NORMAL,NORMAL,6,0.7,CAUTION,"호흡 급증, 구토"
CAT,7,4.4,40.1,130,49,True,False,True,True,True,DECREASED,NORMAL,NORMAL,2,1.0,DANGER,"고열, 호흡 급증"
CAT,6,6.4,41.1,143,43,False,True,False,False,False,NONE,DECREASED,HIGH,3,1.0,DANGER,"고열, 호흡 급증"
CAT,6,3.4,39.6,117,19,False,False,False,False,False,NORMAL,NORMAL,HIGH,0,0.15,NORMAL,이상 없음(정상)
CAT,10,2.5,37.8,158,34,False,False,False,False,False,NORMAL,NORMAL,NORMAL,0,0.17,NORMAL,이상 없음(정상)
DOG,13,26.9,40.0,143,46,True,True,False,True,False,NONE,NORMAL,LOW,5,1.0,DANGER,"고열, 호흡 급증"
CAT,11,7.4,38.5,100,23,True,False,False,False,True,NORMAL,NORMAL,NORMAL,4,0.24,NORMAL,이상 없음(정상)
DOG,9,20.4,38.0,143,23,False,False,False,False,False,NORMAL,NORMAL,HIGH,1,0.0,NORMAL,이상 없음(정상)
CAT,2,4.8,39.2,105,49,True,True,False,False,True,NORMAL,NORMAL,NORMAL,4,0.7,CAUTION,"호흡 급증, 설사"
CAT,8,7.2,40.4,143,35,True,True,False,False,False,NONE,DECREASED,LOW,5,0.89,DANGER,"고열, 피부 징후"
DOG,1,6.0,38.4,112,17,False,False,False,False,False,NORMAL,INCREASED,NORMAL,0,0.04,NORMAL,이상 없음(정상)
CAT,14,7.4,39.6,122,24,True,False,False,False,False,DECREASED,NORMAL,NORMAL,5,0.39,WATCH,"미열, 피부 징후"
DOG,1,25.8,39.6,104,25,False,False,False,False,False,NORMAL,NORMAL,HIGH,5,0.2,NORMAL,이상 없음(정상)
DOG,10,19.1,40.4,171,38,True,False,False,False,True,DECREASED,DECREASED,LOW,2,1.0,DANGER,"고열, 빈맥"
CAT,5,2.1,38.0,147,22,False,True,False,False,False,DECREASED,NORMAL,HIGH,0,0.32,WATCH,"피부 징후, 식욕 감소"
CAT,10,3.4,39.4,111,12,False,True,False,False,False,NORMAL,NORMAL,LOW,6,0.38,WATCH,"미열, 피부 징후"
CAT,2,5.6,40.1,123,28,False,True,False,True,False,NORMAL,DECREASED,LOW,3,0.74,CAUTION,"고열, 구토"
DOG,14,29.1,37.6,135,25,False,False,False,False,True,NORMAL,NORMAL,NORMAL,4,0.15,NORMAL,이상 없음(정상)
DOG,15,8.6,38.1,140,25,False,True,False,False,True,DECREASED,DECREASED,LOW,7,0.41,WATCH,"설사, 피부 징후"
CAT,10,3.7,38.8,97,22,False,False,False,False,False,NORMAL,NORMAL,NORMAL,0,0.03,NORMAL,이상 없음(정상)
CAT,2,6.8,39.1,167,23,False,True,False,True,False,DECREASED,NORMAL,NORMAL,4,0.66,CAUTION,"빈맥, 구토"
CAT,15,4.0,39.0,102,26,False,False,False,False,False,INCREASED,NORMAL,NORMAL,6,0.03,NORMAL,이상 없음(정상)
CAT,10,7.8,38.2,109,33,False,False,False,False,False,NORMAL,DECREASED,NORMAL,0,0.0,NORMAL,이상 없음(정상)
CAT,15,4.3,38.7,104,37,False,False,False,False,False,NORMAL,NORMAL,NORMAL,0,0.0,NORMAL,이상 없음(정상)
CAT,2,5.4,40.7,198,58,False,True,False,True,True,NONE,NORMAL,LOW,0,1.0,DANGER,"고열, 빈맥"
DOG,5,23.6,39.2,161,46,False,True,False,False,False,DECREASED,NORMAL,LOW,4,0.72,CAUTION,"빈맥, 호흡 급증"
CAT,10,2.9,39.9,190,46,True,True,False,True,True,NORMAL,DECREASED,LOW,0,1.0,DANGER,"미열, 빈맥"
CAT,11,6.8,38.9,136,22,False,False,False,False,False,NORMAL,NORMAL,NORMAL,0,0.0,NORMAL,이상 없음(정상)
DOG,13,5.8,39.2,198,37,False,True,False,True,False,NORMAL,NORMAL,LOW,0,0.72,CAUTION,"빈맥, 구토"
DOG,11,14.7,39.1,190,35,False,True,False,False,False,NONE,INCREASED,NORMAL,5,0.51,CAUTION,"빈맥, 피부 징후"
CAT,10,4.7,38.8,171,28,False,False,True,False,False,NORMAL,NORMAL,LOW,7,0.48,WATCH,"빈맥, 피부 징후"
CAT,15,7.6,40.9,188,58,True,False,True,True,True,NORMAL,NORMAL,LOW,7,1.0,DANGER,"고열, 빈맥"
CAT,2,2.6,39.3,128,31,False,False,False,True,False,NORMAL,DECREASED,NORMAL,6,0.37,WATCH,"미열, 구토"
DOG,13,25.8,37.9,77,15,True,False,False,False,False,NORMAL,NORMAL,HIGH,2,0.14,NORMAL,이상 없음(정상)
DOG,7,9.5,37.8,102,26,False,False,False,False,False,DECREASED,NORMAL,NORMAL,7,0.16,NORMAL,이상 없음(정상)
DOG,11,4.7,39.7,146,26,False,False,False,False,True,NORMAL,DECREASED,NORMAL,7,0.38,WATCH,"미열, 설사"
DOG,14,27.3,39.7,118,39,False,False,True,True,False,DECREASED,DECREASED,NORMAL,0,0.62,CAUTION,"미열, 구토"
CAT,8,4.6,38.8,93,17,False,False,False,False,False,DECREASED,DECREASED,HIGH,6,0.1,NORMAL,이상 없음(정상)
CAT,8,5.1,39.0,129,36,False,False,False,False,False,INCREASED,NORMAL,NORMAL,7,0.03,NORMAL,이상 없음(정상)
CAT,8,5.2,38.7,87,15,False,False,True,False,False,NORMAL,NORMAL,NORMAL,0,0.11,NORMAL,이상 없음(정상)
CAT,12,4.4,39.7,112,20,False,False,False,True,False,NORMAL,DECREASED,LOW,5,0.46,WATCH,"미열, 구토"
DOG,15,19.4,37.7,113,19,False,False,False,False,False,NORMAL,INCREASED,LOW,6,0.17,NORMAL,이상 없음(정상)
CAT,14,7.6,38.5,112,21,False,False,False,False,False,INCREASED,NORMAL,HIGH,3,0.0,NORMAL,이상 없음(정상)
CAT,3,6.6,38.4,126,24,False,False,True,False,False,NORMAL,NORMAL,LOW,3,0.19,NORMAL,이상 없음(정상)
DOG,15,10.2,38.5,100,10,False,False,False,False,False,NORMAL,NORMAL,NORMAL,0,0.1,NORMAL,이상 없음(정상)
DOG,2,11.8,38.8,111,12,True,False,False,False,True,DECREASED,INCREASED,NORMAL,1,0.46,WATCH,"설사, 피부 징후"
DOG,4,19.7,39.9,169,39,False,True,False,False,True,NONE,DECREASED,LOW,2,1.0,DANGER,"미열, 빈맥"
CAT,11,6.6,39.1,131,31,True,False,False,False,False,DECREASED,DECREASED,LOW,5,0.33,WATCH,"피부 징후, 식욕 감소"
CAT,3,2.4,38.2,87,25,False,False,False,True,False,NORMAL,NORMAL,NORMAL,3,0.12,NORMAL,이상 없음(정상)
DOG,11,22.7,38.7,114,31,False,False,False,False,False,NORMAL,DECREASED,LOW,4,0.12,NORMAL,이상 없음(정상)
CAT,9,7.2,38.9,104,12,False,True,False,False,False,DECREASED,NORMAL,NORMAL,0,0.31,WATCH,"피부 징후, 식욕 감소"
DOG,10,25.0,39.1,152,47,False,False,False,True,True,NORMAL,DECREASED,NORMAL,6,0.66,CAUTION,"호흡 급증, 소화기 이상(구토 및 설사)"
DOG,8,25.7,38.4,130,17,False,True,False,True,True,NORMAL,NORMAL,NORMAL,1,0.49,WATCH,"소화기 이상(구토 및 설사), 피부 징후"
CAT,2,2.3,39.5,122,29,True,False,True,True,False,DECREASED,DECREASED,NORMAL,2,0.51,CAUTION,"미열, 구토"
DOG,14,2.8,39.1,130,34,False,False,False,True,True,DECREASED,DECREASED,LOW,6,0.58,CAUTION,"소화기 이상(구토 및 설사), 식욕 감소"
DOG,10,21.3,39.6,101,39,False,False,False,True,True,NORMAL,DECREASED,NORMAL,1,0.65,CAUTION,"미열, 소화기 이상(구토 및 설사)"
DOG,4,3.8,39.6,158,36,False,True,False,True,False,DECREASED,NORMAL,LOW,0,0.63,CAUTION,"미열, 구토"
DOG,5,29.8,38.8,90,20,False,True,False,False,False,NORMAL,NORMAL,NORMAL,0,0.2,NORMAL,이상 없음(정상)
DOG,10,28.1,39.0,68,24,False,False,True,True,False,NORMAL,NORMAL,NORMAL,3,0.39,WATCH,"구토, 피부 징후"
CAT,12,2.1,38.5,130,30,False,False,False,False,False,NORMAL,NORMAL,NORMAL,0,0.0,NORMAL,이상 없음(정상)
DOG,13,27.9,39.1,147,43,True,False,False,True,False,DECREASED,NORMAL,NORMAL,4,0.63,CAUTION,"호흡 급증, 구토"
DOG,1,12.5,38.6,104,26,False,False,False,False,False,NORMAL,INCREASED,NORMAL,0,0.01,NORMAL,이상 없음(정상)
CAT,4,4.4,39.1,147,37,True,True,False,True,True,NORMAL,NORMAL,LOW,2,0.53,CAUTION,"소화기 이상(구토 및 설사), 피부 징후"
DOG,13,7.0,39.5,126,25,False,False,True,False,False,NORMAL,NORMAL,HIGH,0,0.39,WATCH,"미열, 피부 징후"
DOG,14,21.8,40.0,145,52,False,False,True,True,False,DECREASED,NORMAL,NORMAL,5,1.0,DANGER,"고열, 호흡 급증"
DOG,15,28.7,39.1,119,24,True,False,False,False,False,NORMAL,NORMAL,LOW,2,0.31,WATCH,"피부 징후, 활동량 저하"
CAT,5,2.3,39.5,67,38,True,False,True,False,True,NORMAL,NORMAL,HIGH,7,0.45,WATCH,"미열, 설사"
DOG,4,25.2,39.5,116,31,False,False,False,False,False,DECREASED,NORMAL,LOW,1,0.43,WATCH,"미열, 식욕 감소"
CAT,1,5.3,38.6,90,25,True,False,False,False,False,NORMAL,DECREASED,NORMAL,3,0.12,NORMAL,이상 없음(정상)
DOG,8,12.8,39.0,118,20,False,False,False,False,False,NORMAL,NORMAL,NORMAL,0,0.15,NORMAL,이상 없음(정상)
DOG,2,5.5,40.2,161,53,True,True,False,True,False,DECREASED,DECREASED,LOW,5,1.0,DANGER,"고열, 빈맥"
DOG,6,25.3,38.5,140,54,False,False,False,True,False,DECREASED,DECREASED,LOW,7,0.71,CAUTION,"호흡 급증, 구토"
DOG,3,5.1,38.6,106,25,False,False,False,False,False,NORMAL,NORMAL,NORMAL,0,0.0,NORMAL,이상 없음(정상)
CAT,2,4.5,39.1,167,33,True,False,True,True,True,NORMAL,DECREASED,LOW,3,0.72,CAUTION,"빈맥, 소화기 이상(구토 및 설사)"
DOG,7,19.3,39.9,158,26,False,True,True,False,False,NORMAL,NORMAL,HIGH,5,0.32,WATCH,"미열, 피부 징후"
CAT,5,5.9,38.4,141,36,False,False,True,False,False,DECREASED,NORMAL,LOW,1,0.31,WATCH,"피부 징후, 식욕 감소"
DOG,10,24.0,39.2,125,41,True,False,True,True,False,DECREASED,NORMAL,LOW,4,0.64,CAUTION,"호흡 급증, 구토"
CAT,1,6.6,39.0,111,17,False,False,False,True,False,DECREASED,NORMAL,LOW,0,0.43,WATCH,"구토, 식욕 감소"
CAT,8,5.0,40.1,161,27,True,False,False,False,False,NORMAL,DECREASED,NORMAL,3,0.73,CAUTION,"고열, 빈맥"
DOG,12,11.9,38.3,88,20,False,False,False,False,False,DECREASED,NORMAL,NORMAL,3,0.16,NORMAL,이상 없음(정상)
DOG,5,8.8,38.3,109,22,True,False,False,True,False,DECREASED,NORMAL,HIGH,5,0.41,WATCH,"구토, 피부 징후"
DOG,11,16.1,38.9,103,36,False,False,False,False,False,NORMAL,NORMAL,LOW,1,0.18,NORMAL,이상 없음(정상)
DOG,15,10.2,40.3,156,34,True,True,False,False,False,DECREASED,DECREASED,NORMAL,3,0.67,CAUTION,"고열, 피부 징후"
CAT,8,3.2,37.8,87,22,False,False,False,False,False,NORMAL,NORMAL,NORMAL,0,0.03,NORMAL,이상 없음(정상)
CAT,1,5.7,39.1,136,41,True,False,False,False,False,DECREASED,NORMAL,LOW,5,0.61,CAUTION,"호흡 급증, 피부 징후"
CAT,5,6.4,39.5,139,47,False,True,False,False,False,NORMAL,NORMAL,HIGH,2,0.58,CAUTION,"미열, 호흡 급증"
DOG,9,21.7,38.6,117,21,False,False,False,True,False,NORMAL,NORMAL,NORMAL,1,0.1,NORMAL,이상 없음(정상)
CAT,6,5.5,39.5,138,43,True,True,False,False,True,NORMAL,NORMAL,NORMAL,6,0.61,CAUTION,"미열, 호흡 급증"
DOG,2,22.7,37.6,128,25,False,False,False,False,False,NORMAL,DECREASED,NORMAL,0,0.11,NORMAL,이상 없음(정상)
CAT,9,5.6,39.2,177,29,True,False,False,False,True,DECREASED,DECREASED,LOW,7,0.72,CAUTION,"빈맥, 설사"
DOG,1,29.6,38.3,62,27,False,False,False,False,False,NORMAL,NORMAL,NORMAL,0,0.16,NORMAL,이상 없음(정상)
CAT,6,4.8,39.7,150,54,True,True,True,True,True,DECREASED,DECREASED,LOW,6,1.0,DANGER,"미열, 호흡 급증"
DOG,13,22.8,38.6,89,23,True,True,False,False,False,NORMAL,NORMAL,NORMAL,6,0.29,NORMAL,이상 없음(정상)
DOG,12,24.5,39.5,125,44,True,False,False,False,False,DECREASED,NORMAL,NORMAL,6,0.67,CAUTION,"미열, 호흡 급증"
DOG,10,13.3,38.8,97,25,True,False,False,False,False,NORMAL,NORMAL,HIGH,7,0.18,NORMAL,이상 없음(정상)
DOG,5,22.0,39.8,154,28,False,False,False,False,True,DECREASED,DECREASED,LOW,0,0.52,CAUTION,"미열, 설사"
CAT,7,5.9,39.3,136,31,False,True,False,False,False,DECREASED,NORMAL,LOW,5,0.61,CAUTION,"미열, 피부 징후"
DOG,8,5.7,39.8,116,51,False,False,False,False,False,NORMAL,DECREASED,LOW,6,0.56,CAUTION,"미열, 호흡 급증"
CAT,11,2.8,38.8,92,28,False,False,False,False,True,NORMAL,NORMAL,LOW,4,0.32,WATCH,"설사, 활동량 저하"
DOG,7,18.7,38.9,105,20,False,False,False,False,False,INCREASED,NORMAL,NORMAL,3,0.08,NORMAL,이상 없음(정상)
DOG,5,27.8,38.6,134,21,False,False,False,False,False,NORMAL,NORMAL,NORMAL,0,0.0,NORMAL,이상 없음(정상)
DOG,1,2.7,40.1,170,46,False,False,False,True,False,DECREASED,DECREASED,LOW,2,1.0,DANGER,"고열, 빈맥"
DOG,1,28.4,39.4,170,32,True,True,True,False,True,DECREASED,DECREASED,LOW,4,0.74,CAUTION,"미열, 빈맥"
CAT,14,7.3,39.1,125,38,False,False,False,True,True,NONE,DECREASED,NORMAL,2,0.55,CAUTION,"소화기 이상(구토 및 설사), 식욕 절폐"
DOG,1,7.2,39.1,172,43,False,False,False,True,False,DECREASED,NORMAL,NORMAL,0,0.74,CAUTION,"빈맥, 호흡 급증"
CAT,1,3.0,37.9,109,25,False,False,False,False,False,NORMAL,NORMAL,NORMAL,0,0.09,NORMAL,이상 없음(정상)
CAT,11,6.2,39.5,154,35,True,False,True,False,False,DECREASED,DECREASED,LOW,3,0.51,CAUTION,"미열, 피부 징후"
CAT,7,7.2,38.7,102,22,False,False,False,False,False,NORMAL,NORMAL,NORMAL,0,0.07,NORMAL,이상 없음(정상)
CAT,1,7.1,39.0,111,14,False,False,False,False,False,NORMAL,NORMAL,NORMAL,0,0.17,NORMAL,이상 없음(정상)
CAT,3,2.7,39.9,132,51,False,False,False,True,True,DECREASED,NORMAL,LOW,0,0.92,DANGER,"미열, 호흡 급증"
DOG,5,9.3,40.9,151,34,False,True,False,True,True,NORMAL,DECREASED,LOW,5,1.0,DANGER,"고열, 소화기 이상(구토 및 설사)"
DOG,15,23.6,40.1,186,54,False,False,False,True,True,NONE,DECREASED,LOW,3,1.0,DANGER,"고열, 빈맥"
DOG,13,8.9,39.9,134,37,True,False,False,True,False,DECREASED,NORMAL,LOW,7,0.74,CAUTION,"미열, 구토"
CAT,6,4.6,38.6,147,23,False,False,False,False,False,NORMAL,NORMAL,NORMAL,0,0.03,NORMAL,이상 없음(정상)
DOG,11,25.8,38.3,108,17,False,False,False,False,False,NORMAL,NORMAL,NORMAL,0,0.0,NORMAL,이상 없음(정상)
CAT,5,4.4,39.1,178,24,False,False,False,False,True,NORMAL,NORMAL,NORMAL,7,0.36,WATCH,"빈맥, 설사"
CAT,3,5.7,38.9,140,40,True,False,False,True,False,DECREASED,DECREASED,LOW,3,0.64,CAUTION,"호흡 급증, 구토"
DOG,8,28.3,40.6,157,50,False,False,False,True,True,DECREASED,DECREASED,LOW,6,1.0,DANGER,"고열, 호흡 급증"
CAT,3,7.2,38.7,118,37,False,False,False,False,False,DECREASED,NORMAL,NORMAL,4,0.14,NORMAL,이상 없음(정상)
DOG,14,9.6,39.9,129,39,True,False,False,True,False,DECREASED,DECREASED,LOW,4,0.74,CAUTION,"미열, 구토"
CAT,14,4.9,38.6,62,16,False,False,False,False,False,NORMAL,NORMAL,NORMAL,0,0.12,NORMAL,이상 없음(정상)
CAT,8,5.5,38.6,122,23,False,False,True,False,False,DECREASED,DECREASED,NORMAL,6,0.43,WATCH,"피부 징후, 식욕 감소"
DOG,14,29.3,39.0,174,25,False,False,False,False,False,NORMAL,NORMAL,LOW,1,0.33,WATCH,"빈맥, 활동량 저하"
CAT,6,7.5,39.2,160,35,False,False,False,False,False,INCREASED,NORMAL,NORMAL,7,0.3,WATCH,빈맥
CAT,15,4.9,39.9,90,36,True,False,True,False,True,DECREASED,DECREASED,LOW,1,0.62,CAUTION,"미열, 설사"
CAT,9,7.9,40.0,133,50,False,True,False,True,True,DECREASED,NORMAL,LOW,0,1.0,DANGER,"고열, 호흡 급증"
CAT,6,7.6,39.1,138,20,False,False,False,False,False,NORMAL,NORMAL,NORMAL,0,0.0,NORMAL,이상 없음(정상)
CAT,11,5.1,39.6,124,26,True,False,False,False,False,DECREASED,NORMAL,NORMAL,5,0.44,WATCH,"미열, 피부 징후"
DOG,2,22.1,39.2,119,19,False,False,False,True,True,NORMAL,NORMAL,NORMAL,7,0.37,WATCH,소화기 이상(구토 및 설사)
CAT,14,4.2,39.1,161,28,True,True,False,False,True,NORMAL,NORMAL,NORMAL,0,0.45,WATCH,"빈맥, 설사"
CAT,10,3.2,40.2,147,25,True,False,True,False,True,NORMAL,NORMAL,NORMAL,1,0.6,CAUTION,"고열, 설사"
DOG,11,26.4,38.5,170,28,False,False,False,False,False,DECREASED,DECREASED,NORMAL,3,0.38,WATCH,"빈맥, 식욕 감소"
CAT,14,3.0,39.0,138,25,False,True,False,True,False,NORMAL,NORMAL,LOW,7,0.3,WATCH,"구토, 피부 징후"
CAT,15,2.1,39.2,154,30,False,True,False,True,False,DECREASED,DECREASED,NORMAL,7,0.6,CAUTION,"구토, 피부 징후"
CAT,12,4.1,38.8,157,46,False,True,False,False,True,NORMAL,DECREASED,NORMAL,2,0.53,CAUTION,"호흡 급증, 설사"
DOG,3,26.3,39.5,109,24,False,True,False,True,False,DECREASED,DECREASED,LOW,5,0.74,CAUTION,"미열, 구토"
CAT,1,2.9,38.0,109,23,False,False,False,False,False,NORMAL,INCREASED,NORMAL,0,0.0,NORMAL,이상 없음(정상)
DOG,3,3.4,39.4,107,36,False,False,True,False,False,DECREASED,NORMAL,LOW,2,0.5,CAUTION,"미열, 피부 징후"
DOG,11,8.2,41.0,155,59,False,True,False,False,False,NONE,DECREASED,LOW,0,1.0,DANGER,"고열, 호흡 급증"
DOG,7,10.1,39.5,153,62,False,True,False,False,True,DECREASED,DECREASED,NORMAL,3,0.87,DANGER,"미열, 호흡 급증"
DOG,13,12.2,38.7,107,25,False,True,False,True,False,NONE,DECREASED,LOW,4,0.67,CAUTION,"구토, 피부 징후"
CAT,11,5.5,38.8,102,23,False,False,True,True,False,NORMAL,NORMAL,HIGH,2,0.46,WATCH,"구토, 피부 징후"
CAT,5,4.3,38.2,99,17,True,False,False,False,False,NORMAL,NORMAL,NORMAL,6,0.24,NORMAL,이상 없음(정상)
CAT,12,2.1,39.5,227,45,True,False,True,True,True,DECREASED,DECREASED,LOW,4,1.0,DANGER,"미열, 빈맥"
CAT,3,6.9,39.9,179,24,False,False,False,True,False,NORMAL,DECREASED,LOW,2,0.69,CAUTION,"미열, 빈맥"
CAT,11,5.8,39.7,112,37,False,True,True,True,True,NORMAL,INCREASED,HIGH,6,0.54,CAUTION,"미열, 소화기 이상(구토 및 설사)"
CAT,5,4.3,39.6,147,51,False,False,False,False,True,DECREASED,DECREASED,NORMAL,7,0.67,CAUTION,"미열, 호흡 급증"
DOG,2,11.5,40.0,170,34,True,True,False,True,True,NORMAL,DECREASED,LOW,1,1.0,DANGER,"고열, 빈맥"
CAT,2,2.8,39.4,140,37,True,False,True,False,True,DECREASED,NORMAL,LOW,7,0.68,CAUTION,"미열, 설사"
DOG,4,12.2,38.1,98,16,False,False,False,False,False,NORMAL,DECREASED,NORMAL,0,0.0,NORMAL,이상 없음(정상)
CAT,3,4.4,40.7,175,52,False,False,False,True,True,NONE,DECREASED,LOW,0,1.0,DANGER,"고열, 빈맥"
CAT,8,6.9,38.4,119,20,False,False,False,False,True,NORMAL,NORMAL,NORMAL,2,0.25,NORMAL,이상 없음(정상)
DOG,4,27.8,39.6,175,34,False,True,False,False,False,NORMAL,NORMAL,HIGH,2,0.6,CAUTION,"미열, 빈맥"
CAT,2,4.8,39.6,141,39,True,False,False,False,True,NORMAL,NORMAL,NORMAL,3,0.58,CAUTION,"미열, 설사"
DOG,12,18.2,38.6,128,38,False,True,True,False,False,NORMAL,DECREASED,LOW,4,0.34,WATCH,"피부 징후, 활동량 저하"
CAT,15,2.3,41.0,183,53,True,True,False,False,True,NONE,INCREASED,LOW,2,1.0,DANGER,"고열, 빈맥"
DOG,2,20.3,38.6,105,27,False,False,False,False,False,NORMAL,NORMAL,NORMAL,0,0.02,NORMAL,이상 없음(정상)
DOG,5,24.5,39.1,112,15,False,True,False,False,False,NORMAL,NORMAL,NORMAL,0,0.06,NORMAL,이상 없음(정상)
DOG,1,28.1,37.9,108,20,False,True,False,False,False,NORMAL,NORMAL,NORMAL,0,0.05,NORMAL,이상 없음(정상)
CAT,9,7.3,37.5,126,18,False,False,False,False,False,NORMAL,INCREASED,NORMAL,0,0.07,NORMAL,이상 없음(정상)
CAT,2,5.5,39.5,197,48,False,True,True,False,True,NONE,DECREASED,LOW,5,1.0,DANGER,"미열, 빈맥"
CAT,1,7.2,40.0,148,63,False,False,False,True,True,NONE,NORMAL,LOW,7,1.0,DANGER,"고열, 호흡 급증"
DOG,6,11.5,40.3,193,56,True,False,False,True,False,DECREASED,DECREASED,LOW,3,1.0,DANGER,"고열, 빈맥"
DOG,10,28.7,39.1,152,36,False,False,False,True,False,NORMAL,INCREASED,LOW,4,0.33,WATCH,"구토, 활동량 저하"
CAT,5,5.8,38.5,127,15,False,False,False,False,False,NORMAL,NORMAL,LOW,7,0.23,NORMAL,이상 없음(정상)
DOG,15,28.3,38.4,110,22,False,False,False,False,False,NORMAL,NORMAL,NORMAL,0,0.0,NORMAL,이상 없음(정상)
CAT,13,2.9,40.5,177,38,False,True,False,False,True,NORMAL,DECREASED,LOW,7,0.88,DANGER,"고열, 빈맥"
CAT,8,3.2,38.9,132,30,False,False,False,True,False,NORMAL,NORMAL,NORMAL,5,0.33,WATCH,구토
DOG,1,17.3,39.5,121,42,True,True,False,False,False,DECREASED,DECREASED,LOW,0,0.67,CAUTION,"미열, 호흡 급증"
CAT,15,4.8,38.1,60,36,False,False,False,False,False,NORMAL,NORMAL,NORMAL,0,0.08,NORMAL,이상 없음(정상)
CAT,6,3.8,39.5,169,22,True,False,False,False,False,DECREASED,DECREASED,LOW,6,0.67,CAUTION,"미열, 빈맥"
DOG,10,5.9,40.0,165,34,True,True,False,False,True,DECREASED,DECREASED,NORMAL,0,0.91,DANGER,"고열, 빈맥"
DOG,13,13.7,38.8,93,19,False,False,False,False,False,NORMAL,NORMAL,NORMAL,0,0.07,NORMAL,이상 없음(정상)
CAT,5,3.8,38.6,139,12,False,True,True,False,True,NORMAL,NORMAL,NORMAL,2,0.33,WATCH,"설사, 피부 징후"
CAT,8,7.2,39.6,166,26,False,False,False,False,False,NONE,NORMAL,NORMAL,2,0.57,CAUTION,"미열, 빈맥"
DOG,4,20.0,39.7,139,26,True,False,False,False,True,DECREASED,NORMAL,NORMAL,6,0.65,CAUTION,"미열, 설사"
DOG,8,10.7,39.3,126,41,False,False,False,False,False,DECREASED,NORMAL,LOW,0,0.58,CAUTION,"미열, 호흡 급증"
DOG,15,6.1,40.2,179,40,False,True,False,True,True,NONE,DECREASED,LOW,4,1.0,DANGER,"고열, 빈맥"
DOG,8,15.0,39.0,121,36,True,False,False,True,False,NORMAL,NORMAL,LOW,6,0.4,WATCH,"구토, 피부 징후"
CAT,13,6.7,39.4,120,44,False,False,False,False,False,NORMAL,NORMAL,NORMAL,0,0.45,WATCH,"미열, 호흡 급증"
CAT,10,5.0,39.1,108,30,False,False,False,False,True,NORMAL,NORMAL,NORMAL,3,0.19,NORMAL,이상 없음(정상)
DOG,2,14.1,38.8,141,35,False,False,True,True,False,NORMAL,NORMAL,NORMAL,7,0.33,WATCH,"구토, 피부 징후"
CAT,3,2.5,38.6,139,23,False,False,False,False,False,INCREASED,DECREASED,NORMAL,7,0.02,NORMAL,이상 없음(정상)
DOG,12,19.7,39.5,167,35,False,True,True,False,True,DECREASED,DECREASED,NORMAL,3,0.65,CAUTION,"미열, 빈맥"
CAT,4,7.0,39.8,152,34,True,False,True,True,True,NONE,NORMAL,LOW,7,1.0,DANGER,"미열, 소화기 이상(구토 및 설사)"
DOG,9,26.3,39.4,139,36,True,False,True,False,True,DECREASED,DECREASED,LOW,0,0.65,CAUTION,"미열, 설사"
DOG,6,28.5,39.5,126,27,False,False,False,False,False,NORMAL,NORMAL,HIGH,5,0.3,WATCH,미열
CAT,10,3.3,38.5,108,19,False,False,False,True,False,NORMAL,NORMAL,HIGH,5,0.25,NORMAL,이상 없음(정상)
CAT,2,4.1,39.3,81,22,True,False,False,False,False,NORMAL,NORMAL,NORMAL,3,0.32,WATCH,"미열, 피부 징후"
CAT,13,5.5,41.0,185,43,False,False,False,True,True,DECREASED,DECREASED,NORMAL,7,1.0,DANGER,"고열, 빈맥"
DOG,15,12.7,40.9,208,72,False,False,False,True,True,NONE,DECREASED,LOW,6,1.0,DANGER,"고열, 빈맥"
CAT,7,6.0,39.8,199,52,True,True,False,True,False,NONE,NORMAL,LOW,6,1.0,DANGER,"미열, 빈맥"
DOG,7,20.6,38.6,153,21,False,False,False,False,False,NORMAL,NORMAL,NORMAL,0,0.13,NORMAL,이상 없음(정상)
CAT,11,2.2,38.8,126,31,False,False,True,False,False,DECREASED,NORMAL,NORMAL,7,0.33,WATCH,"피부 징후, 식욕 감소"
CAT,12,3.8,39.6,154,31,True,True,False,False,False,DECREASED,DECREASED,LOW,4,0.62,CAUTION,"미열, 피부 징후"
CAT,9,3.1,38.6,104,42,False,False,False,False,False,NORMAL,NORMAL,NORMAL,0,0.2,NORMAL,이상 없음(정상)
DOG,2,16.8,40.6,152,55,False,False,False,False,True,DECREASED,NORMAL,LOW,2,1.0,DANGER,"고열, 호흡 급증"
CAT,2,4.5,39.8,105,34,False,True,True,False,False,NONE,NORMAL,LOW,1,0.73,CAUTION,"미열, 피부 징후"
CAT,2,7.8,39.2,103,22,True,True,False,True,True,DECREASED,DECREASED,NORMAL,1,0.56,CAUTION,"소화기 이상(구토 및 설사), 피부 징후"
DOG,6,22.7,40.8,155,38,True,False,False,True,True,DECREASED,DECREASED,LOW,7,0.99,DANGER,"고열, 소화기 이상(구토 및 설사)"
DOG,8,15.7,39.9,144,33,False,False,True,True,False,NORMAL,DECREASED,LOW,5,0.58,CAUTION,"미열, 구토"
CAT,13,4.6,39.8,141,31,True,False,False,False,False,DECREASED,DECREASED,LOW,0,0.56,CAUTION,"미열, 피부 징후"
DOG,1,25.2,39.5,163,48,False,False,False,False,True,NONE,DECREASED,LOW,3,1.0,DANGER,"미열, 빈맥"
CAT,1,5.1,38.1,138,19,False,False,False,False,False,NORMAL,NORMAL,NORMAL,0,0.0,NORMAL,이상 없음(정상)
CAT,11,6.3,39.9,151,37,False,False,False,True,True,DECREASED,NORMAL,LOW,7,0.71,CAUTION,"미열, 소화기 이상(구토 및 설사)"
CAT,13,6.5,40.3,130,50,True,True,False,True,True,DECREASED,DECREASED,LOW,1,1.0,DANGER,"고열, 호흡 급증"
DOG,4,7.8,39.1,153,22,False,False,False,True,False,NONE,NORMAL,LOW,7,0.55,CAUTION,"구토, 식욕 절폐"
DOG,8,14.2,40.9,190,51,False,True,True,True,True,DECREASED,NORMAL,LOW,7,1.0,DANGER,"고열, 빈맥"
DOG,1,19.6,39.7,116,22,True,False,False,False,True,DECREASED,INCREASED,LOW,6,0.69,CAUTION,"미열, 설사"
DOG,13,10.9,39.5,146,22,False,True,False,False,True,DECREASED,DECREASED,LOW,4,0.7,CAUTION,"미열, 설사"
CAT,5,6.2,38.7,70,24,True,False,False,False,False,NORMAL,NORMAL,NORMAL,2,0.13,NORMAL,이상 없음(정상)
DOG,9,9.9,38.9,141,25,False,True,False,True,True,NORMAL,NORMAL,LOW,2,0.47,WATCH,"소화기 이상(구토 및 설사), 피부 징후"
CAT,15,7.8,38.8,168,36,True,False,False,False,False,NORMAL,DECREASED,HIGH,2,0.3,WATCH,"빈맥, 피부 징후"
CAT,3,6.0,39.2,149,39,True,False,False,True,True,DECREASED,DECREASED,LOW,4,0.69,CAUTION,"소화기 이상(구토 및 설사), 피부 징후"
CAT,8,5.9,39.7,142,54,False,True,False,False,True,DECREASED,DECREASED,LOW,5,0.87,DANGER,"미열, 호흡 급증"
DOG,13,10.2,38.8,68,33,True,False,False,False,False,NONE,NORMAL,NORMAL,6,0.42,WATCH,"피부 징후, 식욕 절폐"
CAT,12,3.4,37.6,137,28,False,False,False,False,False,NORMAL,NORMAL,NORMAL,0,0.0,NORMAL,이상 없음(정상)
DOG,6,7.4,38.5,108,22,False,True,False,False,False,DECREASED,NORMAL,LOW,7,0.41,WATCH,"피부 징후, 식욕 감소"
DOG,3,17.3,38.8,147,18,False,False,False,False,True,DECREASED,INCREASED,LOW,7,0.43,WATCH,"설사, 식욕 감소"
CAT,8,7.1,38.7,111,29,False,False,False,False,False,NORMAL,DECREASED,NORMAL,0,0.0,NORMAL,이상 없음(정상)
DOG,15,7.6,38.7,131,30,True,True,True,False,True,DECREASED,DECREASED,NORMAL,6,0.39,WATCH,"설사, 피부 징후"
CAT,13,2.7,37.7,122,29,False,False,False,False,False,NORMAL,NORMAL,HIGH,1,0.0,NORMAL,이상 없음(정상)
CAT,6,8.0,39.7,181,24,False,False,False,False,True,DECREASED,DECREASED,NORMAL,0,0.57,CAUTION,"미열, 빈맥"
DOG,15,6.9,39.0,160,26,False,True,False,True,False,NORMAL,DECREASED,NORMAL,6,0.65,CAUTION,"빈맥, 구토"
CAT,11,2.2,40.3,178,50,True,True,True,True,False,NONE,DECREASED,LOW,1,1.0,DANGER,"고열, 빈맥"
DOG,3,23.5,39.8,156,52,True,False,False,True,False,DECREASED,DECREASED,LOW,4,1.0,DANGER,"미열, 호흡 급증"
DOG,10,20.3,39.9,141,37,True,False,True,False,False,DECREASED,DECREASED,LOW,3,0.66,CAUTION,"미열, 피부 징후"
DOG,14,18.2,40.7,130,48,True,False,True,True,True,NORMAL,NORMAL,LOW,6,1.0,DANGER,"고열, 호흡 급증"
DOG,5,3.0,41.0,162,36,False,True,False,True,False,NONE,DECREASED,LOW,5,1.0,DANGER,"고열, 빈맥"
CAT,11,8.0,39.3,144,54,True,False,False,False,False,NORMAL,NORMAL,LOW,1,0.59,CAUTION,"미열, 호흡 급증"
CAT,15,3.6,40.6,168,39,True,True,False,False,True,DECREASED,DECREASED,LOW,3,1.0,DANGER,"고열, 빈맥"
CAT,4,2.3,39.9,107,25,False,True,False,False,False,DECREASED,NORMAL,LOW,2,0.53,CAUTION,"미열, 피부 징후"
DOG,2,27.5,39.2,80,18,False,False,False,False,False,NORMAL,NORMAL,NORMAL,0,0.0,NORMAL,이상 없음(정상)
CAT,13,3.0,39.8,151,44,True,False,False,False,False,DECREASED,NORMAL,HIGH,5,0.73,CAUTION,"미열, 호흡 급증"
CAT,2,3.4,38.8,156,19,True,False,False,False,True,NORMAL,INCREASED,NORMAL,4,0.35,WATCH,"설사, 피부 징후"
DOG,12,20.2,39.4,138,21,False,False,False,False,False,NORMAL,INCREASED,NORMAL,0,0.29,NORMAL,이상 없음(정상)
CAT,11,3.8,38.6,126,27,False,False,False,True,True,NORMAL,NORMAL,NORMAL,3,0.39,WATCH,소화기 이상(구토 및 설사)
CAT,11,6.2,39.5,157,44,True,False,False,False,True,NORMAL,NORMAL,LOW,6,0.69,CAUTION,"미열, 호흡 급증"
DOG,7,20.2,39.5,170,29,False,True,True,False,False,DECREASED,DECREASED,NORMAL,6,0.72,CAUTION,"미열, 빈맥"
CAT,5,6.7,38.6,136,27,False,False,True,True,False,DECREASED,NORMAL,HIGH,0,0.37,WATCH,"구토, 피부 징후"
DOG,2,26.1,39.3,99,34,False,True,False,False,False,NORMAL,INCREASED,LOW,4,0.45,WATCH,"미열, 피부 징후"
CAT,1,4.6,39.6,150,25,True,True,False,False,False,DECREASED,DECREASED,LOW,4,0.54,CAUTION,"미열, 피부 징후"
DOG,10,5.2,39.4,132,15,False,True,False,False,False,NORMAL,NORMAL,NORMAL,0,0.35,WATCH,"미열, 피부 징후"
CAT,3,7.0,38.4,103,33,False,False,False,True,False,DECREASED,NORMAL,HIGH,7,0.36,WATCH,"구토, 식욕 감소"
DOG,1,22.7,38.5,134,37,True,False,False,False,False,DECREASED,DECREASED,LOW,2,0.38,WATCH,"피부 징후, 식욕 감소"
DOG,1,13.0,39.2,112,28,False,True,False,False,False,NORMAL,NORMAL,NORMAL,0,0.21,NORMAL,이상 없음(정상)
CAT,7,6.5,38.8,132,26,False,False,False,False,False,DECREASED,NORMAL,NORMAL,3,0.14,NORMAL,이상 없음(정상)
DOG,8,24.6,39.1,137,55,False,True,False,True,False,DECREASED,INCREASED,NORMAL,0,0.74,CAUTION,"호흡 급증, 구토"
DOG,7,24.4,39.2,100,31,True,False,False,False,False,NORMAL,NORMAL,NORMAL,7,0.16,NORMAL,이상 없음(정상)
CAT,1,7.3,38.4,121,25,False,False,True,True,False,DECREASED,NORMAL,NORMAL,4,0.46,WATCH,"구토, 피부 징후"
DOG,4,25.3,38.1,108,15,False,False,False,False,False,NORMAL,NORMAL,NORMAL,0,0.0,NORMAL,이상 없음(정상)
DOG,6,17.0,39.1,105,26,False,True,False,True,True,DECREASED,DECREASED,NORMAL,0,0.6,CAUTION,"소화기 이상(구토 및 설사), 피부 징후"
CAT,11,4.7,38.9,134,24,True,False,False,True,False,NORMAL,INCREASED,NORMAL,1,0.36,WATCH,"구토, 피부 징후"
DOG,15,18.8,37.6,121,24,False,False,False,False,False,INCREASED,NORMAL,NORMAL,6,0.0,NORMAL,이상 없음(정상)
CAT,12,2.3,39.5,136,33,True,True,False,False,True,INCREASED,NORMAL,LOW,2,0.56,CAUTION,"미열, 설사"
DOG,9,3.0,39.8,197,42,True,False,False,False,False,DECREASED,DECREASED,LOW,4,0.96,DANGER,"미열, 빈맥"
CAT,11,7.7,38.2,113,28,False,False,False,False,False,NORMAL,NORMAL,NORMAL,0,0.08,NORMAL,이상 없음(정상)
CAT,11,7.8,39.9,171,52,False,False,False,True,True,NONE,DECREASED,LOW,6,1.0,DANGER,"미열, 빈맥"
DOG,9,26.8,39.0,167,32,True,False,True,False,True,DECREASED,DECREASED,LOW,5,0.72,CAUTION,"빈맥, 설사"
DOG,14,7.0,37.9,119,20,False,False,False,False,False,NORMAL,NORMAL,NORMAL,0,0.01,NORMAL,이상 없음(정상)
CAT,12,2.8,38.0,81,31,False,False,False,False,False,NORMAL,NORMAL,HIGH,2,0.0,NORMAL,이상 없음(정상)
DOG,4,3.4,39.1,107,13,False,False,False,False,False,NORMAL,NORMAL,LOW,0,0.01,NORMAL,이상 없음(정상)
CAT,5,4.2,38.4,97,25,False,False,False,False,False,NORMAL,NORMAL,NORMAL,0,0.07,NORMAL,이상 없음(정상)
CAT,11,6.1,38.3,90,26,False,False,False,False,False,DECREASED,NORMAL,LOW,3,0.19,NORMAL,이상 없음(정상)
CAT,11,5.0,39.4,114,32,False,False,False,False,False,NORMAL,NORMAL,NORMAL,0,0.18,NORMAL,이상 없음(정상)
CAT,13,2.4,39.9,130,44,True,False,True,False,True,DECREASED,DECREASED,LOW,7,0.95,DANGER,"미열, 호흡 급증"
CAT,12,7.7,39.7,133,28,False,True,False,False,False,DECREASED,DECREASED,LOW,0,0.6,CAUTION,"미열, 피부 징후"
CAT,10,3.9,39.0,152,28,False,False,False,False,False,DECREASED,INCREASED,LOW,4,0.33,WATCH,"식욕 감소, 활동량 저하"
CAT,10,4.8,39.2,121,57,False,True,False,False,True,DECREASED,NORMAL,LOW,0,0.72,CAUTION,"호흡 급증, 설사"
DOG,1,8.1,38.7,129,29,False,False,False,True,False,NORMAL,NORMAL,NORMAL,3,0.37,WATCH,구토
DOG,7,23.7,40.1,178,36,False,False,False,True,False,NONE,DECREASED,LOW,0,1.0,DANGER,"고열, 빈맥"
DOG,15,3.3,38.5,100,15,False,False,False,False,False,DECREASED,NORMAL,NORMAL,3,0.1,NORMAL,이상 없음(정상)
DOG,13,27.0,40.3,148,33,True,True,False,False,True,NORMAL,NORMAL,NORMAL,4,0.58,CAUTION,"고열, 설사"
CAT,1,6.2,39.2,94,22,False,True,False,True,False,NORMAL,DECREASED,LOW,5,0.47,WATCH,"구토, 피부 징후"
CAT,15,5.2,39.2,139,46,False,True,False,False,False,DECREASED,NORMAL,LOW,2,0.72,CAUTION,"호흡 급증, 피부 징후"
DOG,5,4.5,39.4,167,13,False,False,False,False,False,NORMAL,NORMAL,NORMAL,0,0.32,WATCH,"미열, 빈맥"
CAT,14,2.6,38.9,94,21,False,False,False,False,False,NORMAL,NORMAL,NORMAL,0,0.04,NORMAL,이상 없음(정상)
CAT,15,4.3,39.7,145,32,False,True,True,False,True,NORMAL,NORMAL,LOW,5,0.57,CAUTION,"미열, 설사"
CAT,7,2.8,38.6,98,22,False,False,False,False,False,NORMAL,NORMAL,NORMAL,0,0.0,NORMAL,이상 없음(정상)
CAT,6,4.3,38.8,98,23,False,False,False,True,False,DECREASED,NORMAL,NORMAL,0,0.35,WATCH,"구토, 식욕 감소"
CAT,10,3.0,39.8,166,37,False,True,False,False,False,DECREASED,NORMAL,NORMAL,3,0.58,CAUTION,"미열, 빈맥"
DOG,12,22.8,38.3,172,26,False,False,False,True,False,DECREASED,DECREASED,NORMAL,0,0.47,WATCH,"빈맥, 구토"
CAT,4,6.0,39.7,103,36,False,False,False,False,False,NORMAL,NORMAL,NORMAL,0,0.29,NORMAL,이상 없음(정상)
DOG,15,15.2,37.9,104,19,False,False,False,False,True,INCREASED,NORMAL,NORMAL,3,0.14,NORMAL,이상 없음(정상)
DOG,1,16.1,40.6,158,44,False,False,False,True,True,NORMAL,NORMAL,HIGH,4,0.91,DANGER,"고열, 호흡 급증"
CAT,14,7.6,40.0,107,26,False,False,False,False,True,NORMAL,NORMAL,NORMAL,1,0.47,WATCH,"고열, 설사"
CAT,11,4.4,39.8,90,24,True,False,False,True,False,DECREASED,NORMAL,LOW,0,0.71,CAUTION,"미열, 구토"
DOG,1,28.8,39.6,144,30,True,True,False,True,False,DECREASED,DECREASED,LOW,3,0.57,CAUTION,"미열, 구토"
CAT,9,7.4,39.7,109,10,True,False,False,False,False,NORMAL,NORMAL,HIGH,7,0.18,NORMAL,이상 없음(정상)
DOG,13,20.5,41.5,142,72,True,False,True,True,True,NONE,NORMAL,NORMAL,1,1.0,DANGER,"고열, 호흡 급증"
CAT,15,3.8,38.5,128,25,False,False,False,False,False,NORMAL,NORMAL,HIGH,6,0.0,NORMAL,이상 없음(정상)
DOG,15,10.6,39.2,149,19,False,False,True,False,False,NORMAL,NORMAL,LOW,0,0.34,WATCH,"피부 징후, 활동량 저하"
CAT,15,6.3,39.9,146,38,True,False,True,False,True,DECREASED,DECREASED,LOW,5,0.74,CAUTION,"미열, 설사"
DOG,11,19.8,39.6,131,25,False,False,False,False,False,NORMAL,NORMAL,NORMAL,0,0.28,NORMAL,이상 없음(정상)
CAT,14,2.3,40.1,118,28,False,False,False,False,False,INCREASED,NORMAL,NORMAL,5,0.32,WATCH,고열
DOG,3,7.7,39.1,168,25,True,True,True,False,True,DECREASED,DECREASED,LOW,0,0.7,CAUTION,"빈맥, 설사"
CAT,14,7.6,38.4,70,18,False,False,False,False,False,NORMAL,NORMAL,NORMAL,0,0.16,NORMAL,이상 없음(정상)
CAT,15,3.0,40.3,189,36,False,True,False,False,True,DECREASED,DECREASED,LOW,7,0.99,DANGER,"고열, 빈맥"
DOG,7,17.0,40.4,189,50,True,True,False,True,False,NONE,DECREASED,NORMAL,7,1.0,DANGER,"고열, 빈맥"
DOG,8,27.1,39.1,95,20,False,False,False,False,False,NORMAL,NORMAL,NORMAL,0,0.0,NORMAL,이상 없음(정상)
CAT,8,5.1,40.0,166,34,False,True,True,True,True,NORMAL,DECREASED,LOW,7,1.0,DANGER,"고열, 빈맥"
CAT,2,5.1,38.8,150,38,True,False,False,False,True,NONE,DECREASED,NORMAL,6,0.6,CAUTION,"설사, 피부 징후"
DOG,12,12.0,38.2,113,13,False,False,True,False,False,NORMAL,NORMAL,NORMAL,0,0.23,NORMAL,이상 없음(정상)
DOG,10,21.1,39.7,111,21,False,True,False,False,False,NORMAL,NORMAL,LOW,2,0.46,WATCH,"미열, 피부 징후"
CAT,3,6.1,38.3,89,23,False,False,True,False,False,NORMAL,NORMAL,NORMAL,0,0.09,NORMAL,이상 없음(정상)
CAT,8,6.3,38.8,122,38,True,True,True,True,True,DECREASED,NORMAL,LOW,2,0.72,CAUTION,"소화기 이상(구토 및 설사), 피부 징후"
DOG,2,7.6,39.5,202,51,True,True,True,True,True,NORMAL,NORMAL,LOW,0,1.0,DANGER,"미열, 빈맥"
DOG,7,11.5,39.1,92,29,False,False,False,False,False,NORMAL,NORMAL,HIGH,4,0.0,NORMAL,이상 없음(정상)
DOG,7,29.4,40.6,147,49,False,True,True,True,True,NONE,DECREASED,LOW,4,1.0,DANGER,"고열, 호흡 급증"
CAT,5,4.4,38.6,99,15,False,False,False,False,False,NONE,INCREASED,NORMAL,1,0.34,WATCH,식욕 절폐
DOG,15,25.2,38.6,89,22,False,True,False,False,False,NORMAL,NORMAL,LOW,0,0.28,NORMAL,이상 없음(정상)
DOG,6,16.9,38.5,50,25,True,False,False,False,True,NORMAL,NORMAL,NORMAL,3,0.26,NORMAL,이상 없음(정상)
CAT,1,5.7,39.4,159,52,False,False,False,False,False,DECREASED,NORMAL,HIGH,0,0.62,CAUTION,"미열, 호흡 급증"
DOG,7,29.9,38.2,147,20,False,False,False,False,False,NORMAL,NORMAL,NORMAL,0,0.0,NORMAL,이상 없음(정상)
DOG,12,13.2,40.5,136,50,True,True,False,True,True,DECREASED,DECREASED,LOW,6,1.0,DANGER,"고열, 호흡 급증"
DOG,9,9.4,40.0,105,28,False,False,False,False,False,NORMAL,INCREASED,NORMAL,0,0.48,WATCH,고열
DOG,12,6.4,39.8,124,34,True,True,False,False,True,DECREASED,DECREASED,LOW,5,0.72,CAUTION,"미열, 설사"
DOG,14,24.6,39.1,139,42,False,False,False,False,False,DECREASED,NORMAL,NORMAL,3,0.34,WATCH,"호흡 급증, 식욕 감소"
DOG,15,22.2,39.0,104,18,False,False,False,True,False,NORMAL,NORMAL,LOW,6,0.34,WATCH,"구토, 활동량 저하"
DOG,10,16.0,39.4,103,26,False,False,True,False,True,NORMAL,INCREASED,HIGH,2,0.59,CAUTION,"미열, 설사"
CAT,8,4.9,38.8,114,32,False,False,False,False,False,DECREASED,NORMAL,NORMAL,3,0.32,WATCH,식욕 감소
DOG,8,25.3,39.2,133,47,False,True,False,False,True,NORMAL,DECREASED,LOW,4,0.59,CAUTION,"호흡 급증, 설사"
DOG,14,6.8,39.5,156,61,True,False,False,True,False,DECREASED,DECREASED,LOW,1,0.97,DANGER,"미열, 호흡 급증"
CAT,8,2.7,38.8,105,29,False,False,False,True,False,DECREASED,NORMAL,LOW,5,0.43,WATCH,"구토, 식욕 감소"
DOG,8,13.3,38.6,137,25,True,False,True,True,False,INCREASED,INCREASED,NORMAL,1,0.42,WATCH,"구토, 피부 징후"
CAT,9,4.5,38.1,92,18,False,False,False,False,False,NORMAL,NORMAL,NORMAL,0,0.0,NORMAL,이상 없음(정상)
CAT,11,6.6,38.1,58,26,False,False,False,False,False,NORMAL,NORMAL,NORMAL,0,0.0,NORMAL,이상 없음(정상)
CAT,6,3.0,40.7,194,41,True,False,True,True,True,DECREASED,DECREASED,LOW,3,1.0,DANGER,"고열, 빈맥"
CAT,7,3.2,39.6,169,58,True,False,False,True,True,NONE,NORMAL,LOW,3,1.0,DANGER,"미열, 빈맥"
DOG,12,8.0,39.4,155,51,False,False,False,False,False,NORMAL,NORMAL,LOW,2,0.55,CAUTION,"미열, 호흡 급증"
CAT,2,3.6,37.9,93,12,False,False,False,False,True,NORMAL,NORMAL,NORMAL,2,0.29,NORMAL,이상 없음(정상)
CAT,10,6.1,40.2,230,36,True,True,False,True,True,DECREASED,DECREASED,LOW,6,1.0,DANGER,"고열, 빈맥"
DOG,6,21.1,38.9,129,20,False,False,False,False,False,NORMAL,NORMAL,NORMAL,0,0.05,NORMAL,이상 없음(정상)
CAT,12,5.0,40.5,136,34,False,False,False,True,True,NONE,NORMAL,LOW,0,1.0,DANGER,"고열, 소화기 이상(구토 및 설사)"
CAT,2,4.1,40.9,200,51,True,True,True,False,False,NONE,DECREASED,LOW,6,1.0,DANGER,"고열, 빈맥"
CAT,9,2.1,39.5,129,29,True,False,False,False,True,DECREASED,NORMAL,LOW,7,0.72,CAUTION,"미열, 설사"
CAT,13,4.9,40.5,150,47,True,False,False,False,True,NONE,NORMAL,LOW,0,1.0,DANGER,"고열, 호흡 급증"
CAT,4,4.4,37.6,101,21,False,False,False,False,False,NORMAL,NORMAL,NORMAL,0,0.16,NORMAL,이상 없음(정상)
CAT,3,3.3,39.4,95,20,False,True,True,False,True,NORMAL,INCREASED,LOW,1,0.48,WATCH,"미열, 설사"
CAT,14,5.5,40.3,142,34,False,True,False,True,False,NORMAL,INCREASED,LOW,6,0.87,DANGER,"고열, 구토"
CAT,2,7.9,39.1,124,51,True,False,False,False,True,DECREASED,NORMAL,LOW,5,0.74,CAUTION,"호흡 급증, 설사"
DOG,4,3.0,38.6,120,21,False,False,False,False,False,NORMAL,DECREASED,NORMAL,0,0.0,NORMAL,이상 없음(정상)
CAT,6,2.5,40.2,140,42,True,False,False,False,False,NORMAL,NORMAL,NORMAL,1,0.62,CAUTION,"고열, 호흡 급증"
CAT,11,2.5,38.7,86,25,False,False,False,False,False,NORMAL,NORMAL,NORMAL,0,0.03,NORMAL,이상 없음(정상)
CAT,10,5.9,39.9,129,45,False,False,False,False,False,DECREASED,DECREASED,NORMAL,0,0.65,CAUTION,"미열, 호흡 급증"
DOG,7,14.0,37.8,109,23,False,False,False,False,False,NORMAL,DECREASED,NORMAL,0,0.0,NORMAL,이상 없음(정상)
CAT,4,3.1,37.6,80,18,False,True,False,False,False,NORMAL,NORMAL,NORMAL,0,0.13,NORMAL,이상 없음(정상)
CAT,1,4.1,38.4,82,27,False,False,False,False,False,NORMAL,NORMAL,NORMAL,0,0.0,NORMAL,이상 없음(정상)
CAT,9,2.9,38.8,118,33,False,False,False,False,False,NORMAL,INCREASED,NORMAL,0,0.0,NORMAL,이상 없음(정상)
CAT,14,4.7,38.9,114,21,False,False,False,False,False,NORMAL,NORMAL,NORMAL,0,0.0,NORMAL,이상 없음(정상)
DOG,3,8.8,38.1,101,27,False,False,False,False,False,DECREASED,NORMAL,NORMAL,0,0.07,NORMAL,이상 없음(정상)
DOG,2,15.4,38.3,134,43,False,False,False,False,False,DECREASED,NORMAL,NORMAL,0,0.35,WATCH,"호흡 급증, 식욕 감소"
CAT,10,2.3,38.8,79,20,False,True,False,False,False,NORMAL,DECREASED,LOW,6,0.32,WATCH,"피부 징후, 활동량 저하"
DOG,12,22.8,38.8,74,22,False,False,False,False,False,INCREASED,NORMAL,NORMAL,7,0.1,NORMAL,이상 없음(정상)
CAT,14,2.7,40.3,134,49,True,False,True,False,False,DECREASED,DECREASED,LOW,5,0.99,DANGER,"고열, 호흡 급증"
DOG,1,16.1,40.1,175,55,True,True,True,False,False,NONE,DECREASED,LOW,4,1.0,DANGER,"고열, 빈맥"
DOG,2,25.4,38.7,102,18,False,False,False,False,False,INCREASED,NORMAL,NORMAL,4,0.07,NORMAL,이상 없음(정상)
CAT,5,7.1,39.3,146,50,False,False,False,False,True,NORMAL,DECREASED,HIGH,1,0.64,CAUTION,"미열, 호흡 급증"
DOG,3,21.5,39.1,154,32,False,True,False,True,True,NORMAL,NORMAL,NORMAL,1,0.46,WATCH,"소화기 이상(구토 및 설사), 피부 징후"
DOG,7,11.4,39.2,52,21,True,False,False,False,False,NORMAL,NORMAL,LOW,7,0.27,NORMAL,이상 없음(정상)
DOG,15,12.5,39.3,119,38,True,False,True,False,True,DECREASED,DECREASED,NORMAL,4,0.56,CAUTION,"미열, 설사"
CAT,15,4.4,38.5,132,28,False,True,False,False,True,NORMAL,NORMAL,LOW,7,0.4,WATCH,"설사, 피부 징후"
CAT,1,3.0,38.6,133,26,True,True,True,False,False,NONE,DECREASED,LOW,7,0.56,CAUTION,"피부 징후, 식욕 절폐"
CAT,2,6.2,39.1,74,18,False,True,False,False,False,NORMAL,INCREASED,NORMAL,0,0.14,NORMAL,이상 없음(정상)
DOG,5,23.5,41.3,191,34,True,False,False,False,False,NONE,INCREASED,LOW,4,1.0,DANGER,"고열, 빈맥"
CAT,11,3.7,39.4,74,34,False,False,False,True,False,DECREASED,NORMAL,NORMAL,2,0.45,WATCH,"미열, 구토"
CAT,3,2.9,39.6,169,34,False,False,False,False,False,DECREASED,NORMAL,LOW,3,0.62,CAUTION,"미열, 빈맥"
DOG,4,3.1,39.6,200,39,False,False,False,False,False,NONE,DECREASED,NORMAL,3,0.7,CAUTION,"미열, 빈맥"
CAT,3,5.0,39.5,148,54,True,True,False,False,True,DECREASED,NORMAL,LOW,2,0.93,DANGER,"미열, 호흡 급증"
DOG,13,15.5,39.0,120,32,False,False,False,False,False,NORMAL,NORMAL,NORMAL,0,0.12,NORMAL,이상 없음(정상)
DOG,12,22.9,39.2,133,28,False,False,True,True,False,DECREASED,NORMAL,LOW,4,0.49,WATCH,"구토, 피부 징후"
DOG,12,22.3,38.9,110,22,False,False,False,False,False,INCREASED,INCREASED,NORMAL,6,0.0,NORMAL,이상 없음(정상)
CAT,15,3.0,39.2,178,32,False,False,False,True,False,DECREASED,DECREASED,NORMAL,0,0.44,WATCH,"빈맥, 구토"
DOG,9,3.9,37.9,50,31,False,False,False,True,False,INCREASED,NORMAL,HIGH,5,0.2,NORMAL,이상 없음(정상)
DOG,15,6.3,38.9,124,18,False,False,False,False,False,NORMAL,NORMAL,NORMAL,0,0.0,NORMAL,이상 없음(정상)
DOG,9,15.7,39.2,52,38,False,False,False,False,False,DECREASED,NORMAL,NORMAL,6,0.0,NORMAL,이상 없음(정상)
CAT,8,7.9,38.2,129,25,True,False,False,False,False,NORMAL,INCREASED,NORMAL,0,0.06,NORMAL,이상 없음(정상)
DOG,5,13.9,40.3,162,49,False,False,False,False,True,DECREASED,NORMAL,LOW,4,1.0,DANGER,"고열, 빈맥"
CAT,15,3.1,40.5,159,34,True,True,True,True,False,DECREASED,DECREASED,LOW,6,0.99,DANGER,"고열, 구토"
DOG,10,24.5,39.3,60,27,True,True,False,False,False,DECREASED,NORMAL,LOW,1,0.45,WATCH,"미열, 피부 징후"
CAT,3,7.7,38.4,94,33,False,True,False,True,True,NORMAL,NORMAL,NORMAL,7,0.4,WATCH,"소화기 이상(구토 및 설사), 피부 징후"
DOG,5,29.7,39.1,118,25,False,True,False,False,True,DECREASED,NORMAL,NORMAL,5,0.41,WATCH,"설사, 피부 징후"
DOG,12,28.2,38.4,124,25,True,False,False,False,False,NORMAL,NORMAL,NORMAL,3,0.16,NORMAL,이상 없음(정상)
DOG,4,11.7,39.5,134,12,False,True,False,False,False,NORMAL,INCREASED,NORMAL,0,0.45,WATCH,"미열, 피부 징후"
CAT,13,3.0,39.3,148,48,False,False,False,False,True,NORMAL,DECREASED,LOW,5,0.71,CAUTION,"미열, 호흡 급증"
CAT,13,3.4,39.8,125,33,True,True,True,False,False,DECREASED,NORMAL,LOW,1,0.62,CAUTION,"미열, 피부 징후"
DOG,1,20.6,39.0,95,30,False,False,True,False,False,NORMAL,NORMAL,LOW,1,0.35,WATCH,"피부 징후, 활동량 저하"
CAT,9,5.6,39.3,99,12,False,False,True,False,False,DECREASED,NORMAL,NORMAL,2,0.41,WATCH,"미열, 피부 징후"
DOG,13,13.4,39.1,139,31,False,True,False,False,False,DECREASED,NORMAL,NORMAL,4,0.36,WATCH,"피부 징후, 식욕 감소"
CAT,4,6.0,39.8,106,39,False,False,False,False,True,DECREASED,NORMAL,LOW,0,0.61,CAUTION,"미열, 설사"
CAT,8,4.5,39.7,149,35,True,False,False,False,True,DECREASED,INCREASED,LOW,1,0.65,CAUTION,"미열, 설사"
CAT,5,6.7,38.2,100,17,False,False,False,False,False,NORMAL,NORMAL,HIGH,6,0.0,NORMAL,이상 없음(정상)
DOG,5,24.3,38.8,107,23,False,False,False,False,False,NORMAL,NORMAL,NORMAL,0,0.0,NORMAL,이상 없음(정상)
DOG,6,14.9,38.3,154,30,True,True,False,False,True,DECREASED,NORMAL,LOW,1,0.46,WATCH,"설사, 피부 징후"
CAT,15,5.2,39.4,86,22,False,False,False,False,False,INCREASED,NORMAL,HIGH,2,0.24,NORMAL,이상 없음(정상)
DOG,5,25.4,37.9,139,21,False,False,False,True,False,NORMAL,DECREASED,NORMAL,6,0.21,NORMAL,이상 없음(정상)
CAT,9,4.0,39.5,153,26,True,True,True,True,False,NORMAL,DECREASED,NORMAL,5,0.5,CAUTION,"미열, 구토"
DOG,13,6.9,40.1,193,53,False,True,False,True,True,NONE,NORMAL,LOW,6,1.0,DANGER,"고열, 빈맥"
CAT,4,4.7,38.0,123,30,False,False,False,False,False,NORMAL,NORMAL,NORMAL,0,0.0,NORMAL,이상 없음(정상)
CAT,6,3.5,39.1,152,37,False,False,False,False,False,DECREASED,DECREASED,LOW,2,0.3,WATCH,"식욕 감소, 활동량 저하"
CAT,7,4.0,40.5,130,46,True,True,False,True,True,DECREASED,DECREASED,LOW,1,1.0,DANGER,"고열, 호흡 급증"
CAT,4,6.5,39.0,131,20,True,False,False,False,True,DECREASED,DECREASED,NORMAL,0,0.31,WATCH,"설사, 피부 징후"
CAT,8,4.9,39.8,157,31,True,True,False,True,False,NORMAL,NORMAL,LOW,6,0.59,CAUTION,"미열, 구토"
CAT,8,7.3,38.8,68,18,False,True,False,False,False,NORMAL,NORMAL,HIGH,7,0.05,NORMAL,이상 없음(정상)
DOG,6,18.3,40.0,156,34,True,True,False,True,False,NONE,DECREASED,LOW,2,1.0,DANGER,"고열, 구토"
DOG,7,24.2,40.2,177,51,True,False,True,True,False,NONE,DECREASED,LOW,7,1.0,DANGER,"고열, 빈맥"
DOG,15,12.1,38.4,156,18,True,False,False,True,False,DECREASED,NORMAL,NORMAL,1,0.36,WATCH,"구토, 피부 징후"
CAT,13,7.6,39.9,125,13,False,False,False,False,True,NORMAL,NORMAL,LOW,6,0.43,WATCH,"미열, 설사"
CAT,4,5.0,38.8,173,29,True,False,False,False,False,DECREASED,DECREASED,LOW,0,0.55,CAUTION,"빈맥, 피부 징후"
CAT,4,3.6,39.7,116,44,False,False,True,False,False,DECREASED,NORMAL,NORMAL,2,0.69,CAUTION,"미열, 호흡 급증"
CAT,9,5.7,39.3,90,12,True,False,False,False,False,DECREASED,NORMAL,LOW,4,0.47,WATCH,"미열, 피부 징후"
DOG,13,6.9,38.8,121,21,False,False,False,False,False,NORMAL,INCREASED,LOW,7,0.12,NORMAL,이상 없음(정상)
CAT,12,6.5,38.3,138,19,False,False,False,False,False,NORMAL,NORMAL,HIGH,5,0.0,NORMAL,이상 없음(정상)
CAT,3,4.8,37.9,155,28,False,False,True,True,False,NORMAL,NORMAL,LOW,4,0.41,WATCH,"구토, 피부 징후"
CAT,13,5.1,40.1,179,61,True,True,True,True,False,NONE,DECREASED,LOW,2,1.0,DANGER,"고열, 빈맥"
DOG,15,25.7,40.1,157,64,True,False,True,False,False,DECREASED,DECREASED,HIGH,4,1.0,DANGER,"고열, 호흡 급증"
DOG,3,3.6,38.7,133,23,True,False,False,False,False,DECREASED,NORMAL,NORMAL,3,0.41,WATCH,"피부 징후, 식욕 감소"
DOG,1,10.6,38.8,162,26,True,True,False,False,False,DECREASED,NORMAL,LOW,1,0.47,WATCH,"빈맥, 피부 징후"
DOG,6,18.7,40.4,183,70,False,False,True,True,False,DECREASED,DECREASED,LOW,0,1.0,DANGER,"고열, 빈맥"
CAT,6,7.6,40.2,187,41,True,False,True,False,True,DECREASED,DECREASED,LOW,2,1.0,DANGER,"고열, 빈맥"
DOG,15,17.3,38.8,98,26,False,False,False,False,False,NORMAL,NORMAL,HIGH,1,0.0,NORMAL,이상 없음(정상)
DOG,3,24.3,39.4,98,25,False,False,False,False,False,INCREASED,DECREASED,LOW,1,0.31,WATCH,"미열, 활동량 저하"
DOG,11,4.4,39.4,191,27,False,False,False,False,True,DECREASED,INCREASED,LOW,3,0.68,CAUTION,"미열, 빈맥"
CAT,2,4.6,40.6,181,44,False,True,False,True,False,DECREASED,DECREASED,LOW,0,1.0,DANGER,"고열, 빈맥"
DOG,10,13.5,38.7,79,24,True,False,False,True,False,NORMAL,INCREASED,NORMAL,1,0.11,NORMAL,이상 없음(정상)
CAT,13,6.7,38.3,159,21,False,False,False,False,False,NORMAL,NORMAL,NORMAL,0,0.0,NORMAL,이상 없음(정상)
DOG,11,17.2,39.8,182,49,False,True,False,True,True,DECREASED,DECREASED,LOW,6,1.0,DANGER,"미열, 빈맥"
DOG,4,24.3,39.5,153,58,False,False,False,False,False,NONE,NORMAL,LOW,4,0.65,CAUTION,"미열, 호흡 급증"
DOG,1,22.8,40.3,205,41,True,True,False,False,True,DECREASED,DECREASED,NORMAL,4,1.0,DANGER,"고열, 빈맥"
CAT,15,2.1,38.3,111,28,False,False,False,False,False,DECREASED,NORMAL,NORMAL,2,0.0,NORMAL,이상 없음(정상)
CAT,12,3.1,38.4,112,22,False,False,False,False,False,NORMAL,NORMAL,NORMAL,0,0.01,NORMAL,이상 없음(정상)
CAT,2,3.6,38.4,127,21,False,False,False,False,False,NORMAL,NORMAL,NORMAL,0,0.0,NORMAL,이상 없음(정상)
CAT,4,7.7,39.1,90,53,False,False,False,True,False,DECREASED,NORMAL,NORMAL,1,0.63,CAUTION,"호흡 급증, 구토"
DOG,1,9.6,37.5,104,26,True,False,False,False,False,NORMAL,NORMAL,NORMAL,5,0.17,NORMAL,이상 없음(정상)
CAT,13,3.6,38.4,57,21,False,False,False,False,False,NORMAL,DECREASED,NORMAL,0,0.0,NORMAL,이상 없음(정상)
CAT,14,8.0,39.8,137,39,True,False,True,False,False,DECREASED,DECREASED,LOW,0,0.52,CAUTION,"미열, 피부 징후"
CAT,2,5.6,38.1,95,18,False,False,False,False,False,INCREASED,NORMAL,LOW,2,0.05,NORMAL,이상 없음(정상)
CAT,4,8.0,38.7,149,34,False,False,False,True,True,NONE,DECREASED,LOW,2,0.57,CAUTION,"소화기 이상(구토 및 설사), 식욕 절폐"
CAT,12,6.3,39.9,200,26,True,True,True,False,True,NORMAL,DECREASED,NORMAL,6,0.69,CAUTION,"미열, 빈맥"
DOG,13,6.4,39.5,110,31,False,False,True,True,False,DECREASED,DECREASED,NORMAL,1,0.7,CAUTION,"미열, 구토"
CAT,14,5.5,38.3,124,24,False,False,False,False,False,NORMAL,NORMAL,NORMAL,0,0.0,NORMAL,이상 없음(정상)
CAT,5,6.9,38.1,116,31,True,False,False,False,True,NORMAL,NORMAL,NORMAL,1,0.23,NORMAL,이상 없음(정상)
DOG,14,15.9,40.4,196,42,True,False,False,False,False,DECREASED,DECREASED,LOW,5,1.0,DANGER,"고열, 빈맥"
CAT,15,5.1,40.1,168,38,True,False,False,True,True,NONE,DECREASED,LOW,7,1.0,DANGER,"고열, 빈맥"
CAT,14,3.3,38.7,83,20,False,True,False,False,False,NORMAL,NORMAL,NORMAL,0,0.16,NORMAL,이상 없음(정상)
DOG,8,19.0,40.4,164,48,False,True,False,False,True,NONE,NORMAL,LOW,6,1.0,DANGER,"고열, 빈맥"
CAT,5,2.1,40.4,228,42,True,True,True,True,True,NONE,DECREASED,LOW,2,1.0,DANGER,"고열, 빈맥"
DOG,3,26.1,39.6,125,35,True,True,False,False,False,NORMAL,DECREASED,LOW,4,0.52,CAUTION,"미열, 피부 징후"
CAT,13,7.9,39.5,100,25,True,False,False,False,False,DECREASED,NORMAL,HIGH,6,0.41,WATCH,"미열, 피부 징후"
DOG,12,23.1,40.7,188,52,False,True,True,True,False,NONE,DECREASED,NORMAL,3,1.0,DANGER,"고열, 빈맥"
DOG,4,29.5,40.7,230,34,False,False,True,True,False,NONE,NORMAL,NORMAL,4,1.0,DANGER,"고열, 빈맥"
DOG,6,9.9,40.3,143,44,True,False,False,True,False,NONE,INCREASED,NORMAL,2,1.0,DANGER,"고열, 호흡 급증"
CAT,1,7.6,38.8,181,39,True,True,False,False,False,NORMAL,DECREASED,LOW,2,0.55,CAUTION,"빈맥, 피부 징후"
DOG,7,6.1,39.2,120,13,False,False,False,False,False,NORMAL,NORMAL,NORMAL,0,0.0,NORMAL,이상 없음(정상)
CAT,10,6.2,40.6,134,52,True,True,False,True,False,NONE,DECREASED,LOW,5,1.0,DANGER,"고열, 호흡 급증"
DOG,1,8.3,40.6,161,60,True,False,False,True,True,NONE,DECREASED,LOW,7,1.0,DANGER,"고열, 빈맥"
DOG,7,10.7,38.3,147,23,False,False,False,False,False,NORMAL,NORMAL,NORMAL,0,0.03,NORMAL,이상 없음(정상)
CAT,4,4.4,40.6,150,47,True,True,False,False,True,NONE,DECREASED,LOW,3,1.0,DANGER,"고열, 호흡 급증"
DOG,2,21.9,39.3,132,29,True,False,False,False,False,NORMAL,NORMAL,NORMAL,4,0.34,WATCH,"미열, 피부 징후"
DOG,15,18.0,40.5,162,49,False,True,False,True,True,NONE,INCREASED,NORMAL,3,1.0,DANGER,"고열, 빈맥"
DOG,11,24.6,40.1,145,54,True,False,False,True,False,DECREASED,DECREASED,LOW,3,1.0,DANGER,"고열, 호흡 급증"
DOG,14,29.4,38.3,119,33,True,True,False,True,False,NORMAL,NORMAL,NORMAL,3,0.33,WATCH,"구토, 피부 징후"
DOG,12,17.3,39.5,103,15,False,False,False,False,False,NORMAL,NORMAL,HIGH,7,0.32,WATCH,미열
CAT,3,6.2,39.1,172,53,False,False,False,False,False,DECREASED,NORMAL,LOW,0,0.64,CAUTION,"빈맥, 호흡 급증"
CAT,15,7.2,39.9,152,35,False,False,False,True,False,DECREASED,NORMAL,LOW,6,0.64,CAUTION,"미열, 구토"
CAT,5,6.3,38.1,104,34,False,False,False,False,False,NORMAL,INCREASED,NORMAL,0,0.11,NORMAL,이상 없음(정상)
DOG,1,12.7,39.3,128,30,False,False,False,False,True,NORMAL,INCREASED,NORMAL,0,0.3,WATCH,"미열, 설사"
CAT,1,6.5,39.2,63,12,False,False,False,False,False,NORMAL,INCREASED,NORMAL,0,0.0,NORMAL,이상 없음(정상)
CAT,11,5.6,39.5,173,27,False,False,False,False,False,NONE,NORMAL,NORMAL,5,0.62,CAUTION,"미열, 빈맥"
DOG,12,29.2,39.3,108,39,True,False,False,False,True,NORMAL,NORMAL,LOW,0,0.7,CAUTION,"미열, 설사"
DOG,11,23.6,38.0,129,16,False,False,False,False,True,NORMAL,NORMAL,NORMAL,7,0.06,NORMAL,이상 없음(정상)
DOG,7,22.1,38.9,154,41,False,False,True,False,False,DECREASED,NORMAL,HIGH,7,0.59,CAUTION,"호흡 급증, 피부 징후"
DOG,7,23.2,39.0,111,17,False,False,False,False,False,NORMAL,DECREASED,NORMAL,0,0.0,NORMAL,이상 없음(정상)
CAT,15,3.7,39.7,173,34,False,True,False,True,True,DECREASED,INCREASED,LOW,6,0.99,DANGER,"미열, 빈맥"
CAT,15,2.6,39.7,117,28,True,False,False,False,False,DECREASED,NORMAL,LOW,0,0.5,CAUTION,"미열, 피부 징후"
DOG,12,25.4,39.1,124,42,False,False,True,False,False,NONE,DECREASED,NORMAL,7,0.68,CAUTION,"호흡 급증, 피부 징후"
CAT,10,2.8,39.8,153,52,False,False,False,True,True,NONE,DECREASED,LOW,7,1.0,DANGER,"미열, 호흡 급증"
CAT,12,6.2,40.2,126,38,True,False,False,False,False,NORMAL,DECREASED,LOW,3,0.59,CAUTION,"고열, 피부 징후"
CAT,11,3.0,39.8,170,52,False,False,True,False,False,NONE,DECREASED,HIGH,1,0.89,DANGER,"미열, 빈맥"
CAT,8,2.6,40.4,162,52,True,False,True,True,True,DECREASED,DECREASED,LOW,1,1.0,DANGER,"고열, 빈맥"
CAT,15,7.9,39.0,60,29,True,False,False,False,True,NORMAL,INCREASED,LOW,0,0.37,WATCH,"설사, 피부 징후"
DOG,14,19.9,39.0,90,40,True,False,False,False,False,DECREASED,DECREASED,LOW,1,0.62,CAUTION,"호흡 급증, 피부 징후"
DOG,6,7.4,40.8,169,51,True,False,False,True,True,DECREASED,NORMAL,LOW,1,1.0,DANGER,"고열, 빈맥"
DOG,8,3.8,38.0,116,23,False,False,False,False,False,NORMAL,NORMAL,NORMAL,0,0.0,NORMAL,이상 없음(정상)
DOG,12,12.2,39.4,123,22,False,False,True,False,False,DECREASED,DECREASED,HIGH,6,0.49,WATCH,"미열, 피부 징후"
CAT,6,4.9,38.8,90,24,False,False,False,False,False,NORMAL,NORMAL,NORMAL,0,0.0,NORMAL,이상 없음(정상)
DOG,14,22.1,38.0,102,19,False,False,True,False,False,INCREASED,NORMAL,NORMAL,6,0.18,NORMAL,이상 없음(정상)
CAT,1,6.9,38.0,120,25,False,False,False,False,False,NORMAL,NORMAL,NORMAL,0,0.0,NORMAL,이상 없음(정상)
CAT,14,2.2,39.4,127,50,False,False,False,True,False,DECREASED,NORMAL,LOW,3,0.73,CAUTION,"미열, 호흡 급증"
DOG,4,3.5,39.1,181,52,False,False,False,False,False,NONE,DECREASED,NORMAL,5,0.72,CAUTION,"빈맥, 호흡 급증"
DOG,1,7.8,38.5,104,23,False,True,False,False,False,NORMAL,NORMAL,NORMAL,0,0.25,NORMAL,이상 없음(정상)
CAT,4,2.3,38.6,136,21,True,True,False,False,False,INCREASED,NORMAL,NORMAL,5,0.14,NORMAL,이상 없음(정상)
CAT,13,4.3,39.9,202,34,True,True,False,True,True,NONE,DECREASED,HIGH,5,1.0,DANGER,"미열, 빈맥"
CAT,8,3.5,38.4,118,33,False,False,False,False,False,NORMAL,NORMAL,NORMAL,0,0.0,NORMAL,이상 없음(정상)
DOG,10,13.9,40.1,214,57,True,True,True,True,True,NONE,NORMAL,LOW,7,1.0,DANGER,"고열, 빈맥"
CAT,12,6.1,39.1,119,45,False,False,False,False,True,NORMAL,NORMAL,NORMAL,6,0.55,CAUTION,"호흡 급증, 설사"
CAT,13,3.4,39.2,90,24,False,False,False,True,False,NONE,NORMAL,LOW,4,0.48,WATCH,"구토, 식욕 절폐"
DOG,4,11.7,39.1,110,58,False,True,False,False,False,DECREASED,DECREASED,LOW,6,0.62,CAUTION,"호흡 급증, 피부 징후"
DOG,11,17.8,38.4,129,22,False,False,False,False,False,NORMAL,NORMAL,NORMAL,0,0.03,NORMAL,이상 없음(정상)
DOG,9,12.6,39.9,146,30,False,True,False,True,False,DECREASED,DECREASED,LOW,0,0.71,CAUTION,"미열, 구토"
DOG,14,26.8,39.9,98,38,True,True,False,False,False,DECREASED,NORMAL,LOW,2,0.45,WATCH,"미열, 피부 징후"
CAT,8,7.3,38.8,117,39,True,False,False,False,True,DECREASED,NORMAL,LOW,2,0.51,CAUTION,"설사, 피부 징후"
CAT,7,3.7,40.5,198,55,True,True,False,True,True,DECREASED,DECREASED,LOW,4,1.0,DANGER,"고열, 빈맥"
DOG,14,19.7,39.8,198,40,True,True,True,True,True,NONE,INCREASED,NORMAL,7,1.0,DANGER,"미열, 빈맥"
CAT,13,3.8,37.8,118,24,False,False,False,False,False,NORMAL,NORMAL,NORMAL,0,0.06,NORMAL,이상 없음(정상)
DOG,2,22.6,39.9,186,51,True,True,False,True,True,NONE,DECREASED,LOW,7,1.0,DANGER,"미열, 빈맥"
CAT,1,4.2,40.0,124,37,False,False,False,False,True,NORMAL,DECREASED,NORMAL,1,0.55,CAUTION,"고열, 설사"
CAT,12,5.5,38.6,87,24,False,False,False,False,False,INCREASED,NORMAL,NORMAL,0,0.0,NORMAL,이상 없음(정상)
CAT,4,7.6,38.4,98,16,False,False,False,False,True,NORMAL,DECREASED,NORMAL,1,0.12,NORMAL,이상 없음(정상)
CAT,1,6.2,40.5,153,51,False,False,False,True,True,DECREASED,DECREASED,LOW,3,1.0,DANGER,"고열, 호흡 급증"
CAT,7,2.2,38.4,101,23,False,False,False,False,True,INCREASED,NORMAL,NORMAL,7,0.08,NORMAL,이상 없음(정상)
DOG,7,9.5,37.9,73,25,False,False,False,False,False,NORMAL,NORMAL,NORMAL,0,0.0,NORMAL,이상 없음(정상)
CAT,15,3.9,38.1,105,33,True,False,False,False,False,NORMAL,NORMAL,NORMAL,6,0.03,NORMAL,이상 없음(정상)
CAT,2,2.4,39.5,79,29,False,False,False,False,True,NORMAL,NORMAL,NORMAL,5,0.29,NORMAL,이상 없음(정상)
DOG,9,22.3,39.9,132,46,True,False,False,True,True,NONE,DECREASED,LOW,6,1.0,DANGER,"미열, 호흡 급증"
DOG,3,22.2,37.8,88,32,False,False,False,False,False,NORMAL,NORMAL,NORMAL,0,0.0,NORMAL,이상 없음(정상)
DOG,5,16.7,40.1,175,66,False,False,False,False,True,NONE,DECREASED,LOW,2,1.0,DANGER,"고열, 빈맥"
DOG,7,20.4,39.8,105,27,False,False,False,True,True,NORMAL,NORMAL,NORMAL,3,0.46,WATCH,"미열, 소화기 이상(구토 및 설사)"
CAT,9,5.1,38.5,107,24,False,False,False,False,False,INCREASED,NORMAL,NORMAL,0,0.0,NORMAL,이상 없음(정상)
CAT,4,4.7,40.2,189,35,False,False,False,True,False,NORMAL,NORMAL,NORMAL,7,0.73,CAUTION,"고열, 빈맥"
DOG,3,3.0,38.6,54,35,False,True,False,False,False,INCREASED,NORMAL,NORMAL,1,0.19,NORMAL,이상 없음(정상)
CAT,1,3.0,38.3,61,25,False,False,False,False,False,NORMAL,NORMAL,NORMAL,0,0.03,NORMAL,이상 없음(정상)
DOG,15,27.2,38.9,112,23,False,False,True,False,True,DECREASED,NORMAL,NORMAL,6,0.45,WATCH,"설사, 피부 징후"
DOG,9,2.6,38.4,96,16,True,True,False,False,False,NORMAL,INCREASED,NORMAL,0,0.12,NORMAL,이상 없음(정상)
CAT,11,4.1,39.1,158,39,False,False,False,True,True,DECREASED,DECREASED,LOW,3,0.48,WATCH,"소화기 이상(구토 및 설사), 식욕 감소"
CAT,3,7.0,38.5,137,19,False,False,False,False,False,NORMAL,NORMAL,NORMAL,0,0.0,NORMAL,이상 없음(정상)
DOG,10,14.7,39.6,126,31,False,False,False,False,True,DECREASED,NORMAL,NORMAL,4,0.46,WATCH,"미열, 설사"
DOG,13,18.9,39.7,164,33,False,True,True,False,False,NORMAL,DECREASED,LOW,5,0.64,CAUTION,"미열, 빈맥"
DOG,12,13.5,40.1,172,39,False,False,False,False,False,DECREASED,DECREASED,LOW,6,0.72,CAUTION,"고열, 빈맥"
CAT,10,5.8,40.2,190,54,True,True,False,True,True,DECREASED,DECREASED,NORMAL,3,1.0,DANGER,"고열, 빈맥"
DOG,8,19.2,38.9,117,20,False,False,True,False,False,NORMAL,NORMAL,NORMAL,0,0.07,NORMAL,이상 없음(정상)
CAT,13,5.7,40.1,142,56,True,True,True,False,True,NONE,DECREASED,LOW,4,1.0,DANGER,"고열, 호흡 급증"
CAT,10,2.4,39.7,134,31,True,False,False,False,False,DECREASED,DECREASED,LOW,1,0.56,CAUTION,"미열, 피부 징후"
CAT,5,8.0,40.0,160,44,False,True,False,True,True,NONE,DECREASED,LOW,6,1.0,DANGER,"고열, 빈맥"
CAT,9,2.2,38.6,133,19,False,False,False,True,True,DECREASED,NORMAL,NORMAL,4,0.48,WATCH,"소화기 이상(구토 및 설사), 식욕 감소"
DOG,3,17.5,39.4,151,52,False,False,False,False,False,DECREASED,DECREASED,LOW,0,0.61,CAUTION,"미열, 호흡 급증"
CAT,8,2.3,39.6,167,46,True,True,False,False,False,NORMAL,DECREASED,NORMAL,5,0.74,CAUTION,"미열, 빈맥"
CAT,3,6.3,38.2,115,30,False,False,False,False,False,NORMAL,NORMAL,NORMAL,0,0.0,NORMAL,이상 없음(정상)
CAT,15,7.9,40.3,230,54,True,False,True,True,True,NONE,DECREASED,LOW,1,1.0,DANGER,"고열, 빈맥"
CAT,9,6.7,37.7,111,19,False,True,False,False,True,INCREASED,NORMAL,NORMAL,7,0.19,NORMAL,이상 없음(정상)
DOG,13,5.6,39.3,153,38,True,False,False,False,True,NORMAL,NORMAL,LOW,1,0.62,CAUTION,"미열, 설사"
CAT,11,3.0,40.8,185,56,True,True,False,True,True,NONE,DECREASED,HIGH,1,1.0,DANGER,"고열, 빈맥"
CAT,10,4.1,39.0,122,45,False,True,True,False,False,DECREASED,INCREASED,LOW,6,0.49,WATCH,"호흡 급증, 피부 징후"
CAT,14,3.2,39.7,147,27,False,False,False,False,True,DECREASED,INCREASED,LOW,3,0.51,CAUTION,"미열, 설사"
DOG,7,19.4,40.0,130,49,False,True,False,False,True,INCREASED,NORMAL,LOW,3,1.0,DANGER,"고열, 호흡 급증"
DOG,9,12.0,38.3,112,25,False,False,False,False,False,NORMAL,NORMAL,NORMAL,0,0.28,NORMAL,이상 없음(정상)
DOG,4,12.7,39.9,171,31,True,True,False,False,False,NORMAL,NORMAL,NORMAL,3,0.55,CAUTION,"미열, 빈맥"
DOG,14,24.1,39.0,72,24,False,False,False,False,False,NORMAL,NORMAL,NORMAL,0,0.13,NORMAL,이상 없음(정상)
CAT,9,5.8,37.6,134,18,False,False,False,False,False,NORMAL,INCREASED,NORMAL,0,0.01,NORMAL,이상 없음(정상)
DOG,2,24.5,39.5,161,22,False,False,False,False,False,NONE,NORMAL,LOW,5,0.68,CAUTION,"미열, 빈맥"
CAT,1,3.9,40.5,162,41,False,False,False,True,True,NONE,DECREASED,LOW,4,1.0,DANGER,"고열, 빈맥"
CAT,10,2.4,38.5,106,13,False,False,False,False,False,INCREASED,NORMAL,NORMAL,7,0.0,NORMAL,이상 없음(정상)
DOG,8,26.3,38.7,131,30,True,False,False,True,True,DECREASED,NORMAL,LOW,7,0.61,CAUTION,"소화기 이상(구토 및 설사), 피부 징후"
DOG,1,20.2,40.3,144,65,True,True,True,False,True,NONE,DECREASED,LOW,7,1.0,DANGER,"고열, 호흡 급증"
CAT,4,4.3,39.0,179,35,False,False,False,False,False,NONE,NORMAL,NORMAL,7,0.52,CAUTION,"빈맥, 식욕 절폐"
CAT,10,3.1,39.7,149,30,False,True,False,False,True,DECREASED,NORMAL,LOW,3,0.68,CAUTION,"미열, 설사"
CAT,14,7.0,40.2,111,34,False,True,False,False,False,DECREASED,DECREASED,NORMAL,6,0.53,CAUTION,"고열, 피부 징후"
DOG,2,25.5,38.7,134,24,False,True,False,False,False,NORMAL,NORMAL,HIGH,0,0.08,NORMAL,이상 없음(정상)
CAT,9,2.6,38.5,86,40,False,False,False,False,True,NORMAL,DECREASED,NORMAL,1,0.16,NORMAL,이상 없음(정상)
CAT,15,3.5,38.1,107,31,False,False,False,False,False,NORMAL,NORMAL,NORMAL,0,0.0,NORMAL,이상 없음(정상)
CAT,2,4.8,40.0,180,42,True,True,False,False,False,NONE,DECREASED,LOW,0,1.0,DANGER,"고열, 빈맥"
CAT,12,2.9,39.8,154,38,False,False,True,True,True,NORMAL,DECREASED,NORMAL,3,0.67,CAUTION,"미열, 소화기 이상(구토 및 설사)"
CAT,13,6.9,38.6,156,34,False,False,True,True,True,DECREASED,NORMAL,LOW,6,0.64,CAUTION,"소화기 이상(구토 및 설사), 피부 징후"
DOG,6,18.4,40.3,172,52,False,True,False,False,True,NORMAL,DECREASED,LOW,6,1.0,DANGER,"고열, 빈맥"
DOG,3,27.7,39.9,108,37,True,True,True,True,False,DECREASED,NORMAL,LOW,7,0.61,CAUTION,"미열, 구토"
CAT,5,7.9,38.9,120,27,False,False,False,True,False,NORMAL,NORMAL,NORMAL,7,0.2,NORMAL,이상 없음(정상)
DOG,6,6.6,38.3,113,15,False,False,False,False,False,DECREASED,NORMAL,NORMAL,4,0.19,NORMAL,이상 없음(정상)
CAT,2,3.9,38.9,80,25,False,False,False,False,False,NORMAL,NORMAL,NORMAL,0,0.03,NORMAL,이상 없음(정상)
CAT,10,6.5,39.6,178,30,False,True,True,True,False,DECREASED,NORMAL,NORMAL,2,0.68,CAUTION,"미열, 빈맥"
CAT,14,2.8,38.6,80,27,False,False,False,False,False,NORMAL,NORMAL,NORMAL,0,0.0,NORMAL,이상 없음(정상)
CAT,12,3.6,39.0,101,18,False,False,False,False,False,DECREASED,INCREASED,NORMAL,5,0.04,NORMAL,이상 없음(정상)
CAT,10,6.3,38.7,93,29,False,False,False,False,False,INCREASED,NORMAL,NORMAL,0,0.0,NORMAL,이상 없음(정상)
DOG,3,2.6,39.3,109,14,False,False,False,True,False,NORMAL,NORMAL,NORMAL,0,0.48,WATCH,"미열, 구토"
DOG,3,24.4,38.5,71,27,False,False,False,False,False,NORMAL,NORMAL,NORMAL,0,0.0,NORMAL,이상 없음(정상)
CAT,4,7.3,40.1,205,58,False,True,False,True,True,DECREASED,DECREASED,LOW,3,1.0,DANGER,"고열, 빈맥"
DOG,3,16.9,41.0,221,50,False,True,False,True,True,NORMAL,DECREASED,LOW,1,1.0,DANGER,"고열, 빈맥"
CAT,10,6.5,37.7,106,41,False,False,False,False,False,DECREASED,NORMAL,NORMAL,7,0.24,NORMAL,이상 없음(정상)
DOG,1,20.8,38.7,139,20,False,False,False,False,False,INCREASED,NORMAL,NORMAL,2,0.0,NORMAL,이상 없음(정상)
CAT,10,4.9,38.9,77,27,False,False,False,False,False,NORMAL,NORMAL,HIGH,3,0.0,NORMAL,이상 없음(정상)
CAT,8,2.6,39.1,98,25,False,False,False,False,False,NORMAL,INCREASED,HIGH,7,0.0,NORMAL,이상 없음(정상)
CAT,7,7.6,38.1,136,23,True,False,False,False,False,NONE,INCREASED,NORMAL,3,0.49,WATCH,"피부 징후, 식욕 절폐"
CAT,5,3.7,38.1,95,28,False,False,False,False,False,NORMAL,NORMAL,LOW,1,0.09,NORMAL,이상 없음(정상)
DOG,4,6.9,38.5,105,11,False,False,False,False,False,NORMAL,NORMAL,HIGH,1,0.1,NORMAL,이상 없음(정상)
CAT,13,2.4,38.4,82,18,False,False,False,False,False,NORMAL,INCREASED,NORMAL,0,0.0,NORMAL,이상 없음(정상)
DOG,10,12.1,38.5,85,32,False,False,False,False,False,NORMAL,INCREASED,NORMAL,0,0.08,NORMAL,이상 없음(정상)
CAT,14,6.2,39.9,180,46,True,True,False,True,True,NORMAL,DECREASED,LOW,5,1.0,DANGER,"미열, 빈맥"
CAT,15,4.0,39.5,134,12,False,False,False,False,False,NORMAL,NORMAL,LOW,4,0.38,WATCH,"미열, 활동량 저하"
CAT,1,4.4,38.1,112,20,False,False,False,False,False,NORMAL,NORMAL,NORMAL,0,0.15,NORMAL,이상 없음(정상)
CAT,10,3.3,40.3,155,45,True,False,True,True,False,NONE,DECREASED,LOW,2,1.0,DANGER,"고열, 호흡 급증"
CAT,9,3.7,40.3,204,51,False,True,False,True,True,NONE,DECREASED,LOW,4,1.0,DANGER,"고열, 빈맥"
CAT,7,5.0,40.4,130,48,True,True,True,True,False,NORMAL,NORMAL,LOW,7,1.0,DANGER,"고열, 호흡 급증"
DOG,1,2.9,38.1,96,17,False,False,False,False,False,INCREASED,NORMAL,NORMAL,1,0.05,NORMAL,이상 없음(정상)
CAT,1,4.9,38.3,98,14,False,False,False,False,False,NORMAL,NORMAL,NORMAL,0,0.0,NORMAL,이상 없음(정상)
CAT,4,4.5,39.4,101,41,False,False,False,False,False,NORMAL,NORMAL,NORMAL,0,0.5,CAUTION,"미열, 호흡 급증"
CAT,6,3.6,39.1,134,36,True,True,False,False,True,DECREASED,NORMAL,LOW,2,0.51,CAUTION,"설사, 피부 징후"
DOG,3,24.6,38.6,121,12,False,False,False,True,False,NORMAL,DECREASED,LOW,3,0.35,WATCH,"구토, 활동량 저하"
DOG,11,29.2,39.7,130,53,True,False,True,True,True,DECREASED,NORMAL,LOW,5,1.0,DANGER,"미열, 호흡 급증"
CAT,6,2.9,38.6,138,23,False,False,False,False,False,NORMAL,NORMAL,NORMAL,0,0.01,NORMAL,이상 없음(정상)
CAT,15,6.4,39.7,225,46,True,True,False,True,True,NONE,INCREASED,LOW,6,1.0,DANGER,"미열, 빈맥"
CAT,14,4.6,40.8,130,40,True,True,True,True,True,NORMAL,NORMAL,NORMAL,1,1.0,DANGER,"고열, 호흡 급증"
CAT,1,3.1,38.5,93,16,False,False,False,False,False,NORMAL,NORMAL,LOW,3,0.08,NORMAL,이상 없음(정상)
CAT,11,4.1,39.7,90,49,False,False,False,False,True,DECREASED,INCREASED,NORMAL,3,0.71,CAUTION,"미열, 호흡 급증"
CAT,2,7.4,38.5,134,45,False,False,False,False,True,DECREASED,DECREASED,HIGH,5,0.62,CAUTION,"호흡 급증, 설사"
DOG,13,10.0,40.1,210,71,False,False,False,False,True,DECREASED,NORMAL,LOW,1,1.0,DANGER,"고열, 빈맥"
CAT,13,6.8,40.0,130,49,False,True,False,True,True,NONE,DECREASED,LOW,5,1.0,DANGER,"고열, 호흡 급증"
DOG,14,4.0,40.8,156,69,False,False,False,True,True,NONE,DECREASED,LOW,4,1.0,DANGER,"고열, 호흡 급증"
DOG,8,24.3,38.6,50,18,False,False,False,False,False,NORMAL,NORMAL,NORMAL,0,0.06,NORMAL,이상 없음(정상)
DOG,4,26.8,40.2,206,48,False,True,False,True,True,NONE,NORMAL,LOW,2,1.0,DANGER,"고열, 빈맥"
DOG,15,20.2,39.1,137,39,False,False,True,False,False,NONE,DECREASED,LOW,5,0.62,CAUTION,"피부 징후, 식욕 절폐"
CAT,12,6.0,40.6,173,65,True,False,False,True,True,NORMAL,DECREASED,LOW,1,1.0,DANGER,"고열, 빈맥"
DOG,10,24.0,38.9,79,27,False,False,False,False,False,NORMAL,NORMAL,NORMAL,0,0.0,NORMAL,이상 없음(정상)
CAT,9,2.8,40.8,160,37,False,False,True,False,False,DECREASED,DECREASED,LOW,5,0.94,DANGER,"고열, 빈맥"
CAT,14,7.5,38.4,114,28,False,False,False,False,False,NORMAL,NORMAL,NORMAL,0,0.0,NORMAL,이상 없음(정상)
CAT,12,3.3,39.1,178,12,False,False,False,False,True,NORMAL,DECREASED,HIGH,4,0.35,WATCH,"빈맥, 설사"
CAT,3,7.9,39.6,190,39,True,True,False,True,True,NONE,DECREASED,LOW,1,1.0,DANGER,"미열, 빈맥"
DOG,15,25.3,38.9,105,32,True,True,False,True,True,NORMAL,NORMAL,LOW,7,0.45,WATCH,"소화기 이상(구토 및 설사), 피부 징후"
DOG,12,28.9,40.5,167,57,True,True,False,False,True,DECREASED,DECREASED,HIGH,2,1.0,DANGER,"고열, 빈맥"
CAT,14,6.5,39.1,124,23,True,False,False,False,False,DECREASED,NORMAL,LOW,1,0.37,WATCH,"피부 징후, 식욕 감소"
CAT,4,3.5,38.4,90,30,False,False,False,False,False,INCREASED,INCREASED,NORMAL,5,0.01,NORMAL,이상 없음(정상)
DOG,9,4.7,39.9,174,34,False,True,False,False,True,NONE,DECREASED,HIGH,4,0.93,DANGER,"미열, 빈맥"
CAT,2,4.6,38.6,82,16,False,False,False,False,False,NORMAL,NORMAL,NORMAL,0,0.0,NORMAL,이상 없음(정상)
CAT,9,5.3,39.4,110,23,False,False,False,False,False,DECREASED,NORMAL,LOW,5,0.47,WATCH,"미열, 식욕 감소"
DOG,14,29.4,38.8,143,26,False,False,False,False,True,NONE,DECREASED,NORMAL,3,0.41,WATCH,"설사, 식욕 절폐"
CAT,11,7.0,38.3,90,27,True,False,False,False,False,NORMAL,NORMAL,NORMAL,6,0.23,NORMAL,이상 없음(정상)
CAT,11,4.5,37.7,121,21,False,False,False,False,False,NORMAL,NORMAL,NORMAL,0,0.0,NORMAL,이상 없음(정상)
DOG,10,20.9,38.3,82,31,False,False,False,False,False,DECREASED,NORMAL,NORMAL,1,0.14,NORMAL,이상 없음(정상)
DOG,10,24.7,40.4,189,53,True,False,False,True,True,NONE,DECREASED,LOW,1,1.0,DANGER,"고열, 빈맥"
CAT,3,5.0,39.2,173,37,False,True,True,False,False,NORMAL,NORMAL,LOW,5,0.56,CAUTION,"빈맥, 피부 징후"
DOG,14,14.9,39.4,131,27,False,True,False,False,False,NORMAL,NORMAL,NORMAL,0,0.31,WATCH,"미열, 피부 징후"
DOG,7,15.2,40.0,170,55,True,True,True,True,True,DECREASED,NORMAL,LOW,2,1.0,DANGER,"고열, 빈맥"
CAT,11,4.3,39.2,154,37,False,False,False,True,False,NONE,DECREASED,LOW,3,0.51,CAUTION,"구토, 식욕 절폐"
DOG,15,8.9,38.9,103,33,False,True,True,True,False,NORMAL,DECREASED,NORMAL,2,0.46,WATCH,"구토, 피부 징후"
CAT,1,3.0,38.9,140,47,False,True,True,False,False,DECREASED,INCREASED,NORMAL,3,0.55,CAUTION,"호흡 급증, 피부 징후"
DOG,3,14.0,40.1,166,51,True,True,False,False,True,DECREASED,DECREASED,LOW,5,1.0,DANGER,"고열, 빈맥"
CAT,3,5.8,39.6,154,38,False,True,False,False,True,NORMAL,NORMAL,LOW,3,0.62,CAUTION,"미열, 설사"
CAT,5,5.2,38.6,115,20,False,False,False,False,False,NORMAL,NORMAL,LOW,2,0.12,NORMAL,이상 없음(정상)
DOG,6,3.2,40.8,187,38,False,True,False,True,False,DECREASED,DECREASED,LOW,2,1.0,DANGER,"고열, 빈맥"
CAT,14,3.0,39.5,177,57,True,True,False,True,False,NONE,DECREASED,LOW,3,1.0,DANGER,"미열, 빈맥"
CAT,10,7.5,39.0,116,16,False,False,False,False,False,NORMAL,NORMAL,NORMAL,0,0.0,NORMAL,이상 없음(정상)
DOG,9,21.2,41.3,179,50,False,False,False,False,False,NONE,NORMAL,LOW,2,1.0,DANGER,"고열, 빈맥"
CAT,10,2.1,38.3,94,27,False,False,False,False,False,NORMAL,NORMAL,HIGH,6,0.0,NORMAL,이상 없음(정상)
DOG,6,9.4,40.3,163,48,False,False,True,False,True,NONE,NORMAL,LOW,5,1.0,DANGER,"고열, 빈맥"
DOG,2,8.0,39.8,219,68,False,True,False,True,True,NONE,DECREASED,LOW,2,1.0,DANGER,"미열, 빈맥"
CAT,15,7.3,39.0,87,24,False,False,True,False,True,NORMAL,DECREASED,NORMAL,3,0.41,WATCH,"설사, 피부 징후"
CAT,12,7.2,40.4,130,50,True,True,False,True,False,NONE,DECREASED,LOW,3,1.0,DANGER,"고열, 호흡 급증"
CAT,14,4.0,37.6,105,27,False,False,False,False,False,DECREASED,NORMAL,NORMAL,4,0.12,NORMAL,이상 없음(정상)
CAT,9,4.9,38.1,120,22,False,False,False,False,True,INCREASED,NORMAL,NORMAL,6,0.25,NORMAL,이상 없음(정상)
DOG,4,15.0,40.0,141,35,False,False,False,False,False,DECREASED,NORMAL,NORMAL,6,0.39,WATCH,"고열, 식욕 감소"
DOG,14,19.0,39.1,118,37,True,False,True,True,False,NORMAL,INCREASED,HIGH,3,0.48,WATCH,"구토, 피부 징후"
DOG,15,13.4,39.9,130,42,True,True,False,True,True,DECREASED,DECREASED,LOW,1,1.0,DANGER,"미열, 호흡 급증"
DOG,3,4.4,38.6,102,29,False,False,False,False,False,NORMAL,NORMAL,NORMAL,0,0.0,NORMAL,이상 없음(정상)
CAT,7,2.3,40.0,148,37,False,True,False,False,False,NORMAL,NORMAL,HIGH,7,0.52,CAUTION,"고열, 피부 징후"
CAT,8,7.5,40.3,219,54,False,True,True,False,True,DECREASED,DECREASED,LOW,5,1.0,DANGER,"고열, 빈맥"
DOG,12,13.6,39.3,115,30,False,False,False,True,False,NORMAL,INCREASED,NORMAL,6,0.38,WATCH,"미열, 구토"
DOG,15,6.0,38.3,108,25,False,False,False,False,False,DECREASED,NORMAL,NORMAL,0,0.08,NORMAL,이상 없음(정상)
DOG,3,16.4,39.3,152,29,True,False,False,False,False,NORMAL,NORMAL,LOW,3,0.39,WATCH,"미열, 피부 징후"
DOG,5,10.4,39.5,162,34,True,False,False,False,False,INCREASED,DECREASED,LOW,6,0.73,CAUTION,"미열, 빈맥"
CAT,14,3.9,38.9,80,19,False,False,False,False,False,NORMAL,NORMAL,NORMAL,0,0.08,NORMAL,이상 없음(정상)
DOG,3,9.7,39.2,104,17,False,False,False,False,False,NORMAL,INCREASED,HIGH,1,0.0,NORMAL,이상 없음(정상)
CAT,3,6.2,40.7,130,34,True,True,False,True,False,DECREASED,DECREASED,LOW,1,0.94,DANGER,"고열, 구토"
CAT,13,4.4,38.6,178,28,True,False,False,True,False,INCREASED,INCREASED,HIGH,2,0.47,WATCH,"빈맥, 구토"
DOG,11,3.0,38.5,134,48,True,False,True,False,True,DECREASED,DECREASED,LOW,6,0.72,CAUTION,"호흡 급증, 설사"
CAT,12,4.7,39.3,178,33,False,False,False,False,False,DECREASED,NORMAL,NORMAL,2,0.46,WATCH,"미열, 빈맥"
DOG,15,16.0,38.3,59,31,False,False,False,False,False,NORMAL,NORMAL,NORMAL,0,0.03,NORMAL,이상 없음(정상)
CAT,7,4.3,39.1,149,24,True,False,False,True,True,DECREASED,NORMAL,LOW,3,0.7,CAUTION,"소화기 이상(구토 및 설사), 피부 징후"
DOG,6,11.1,40.8,157,34,True,False,False,False,True,NONE,NORMAL,LOW,1,1.0,DANGER,"고열, 설사"
DOG,1,26.7,38.4,102,20,False,False,False,False,False,NORMAL,NORMAL,HIGH,6,0.0,NORMAL,이상 없음(정상)
CAT,1,2.6,39.8,186,34,True,False,False,False,False,NORMAL,NORMAL,LOW,6,0.61,CAUTION,"미열, 빈맥"
CAT,13,3.8,38.2,127,16,False,False,False,False,False,NORMAL,NORMAL,NORMAL,0,0.16,NORMAL,이상 없음(정상)
DOG,4,5.7,39.4,126,28,False,False,False,True,True,DECREASED,NORMAL,HIGH,4,0.63,CAUTION,"미열, 소화기 이상(구토 및 설사)"
DOG,2,2.9,39.5,88,19,True,False,False,False,False,NORMAL,DECREASED,LOW,3,0.4,WATCH,"미열, 피부 징후"
DOG,15,16.0,39.1,118,16,False,False,False,False,False,DECREASED,NORMAL,NORMAL,0,0.25,NORMAL,이상 없음(정상)
CAT,5,7.9,38.2,140,31,False,False,False,False,False,NORMAL,NORMAL,NORMAL,0,0.12,NORMAL,이상 없음(정상)
CAT,9,3.0,38.3,147,19,False,False,False,False,False,INCREASED,INCREASED,NORMAL,7,0.12,NORMAL,이상 없음(정상)
CAT,15,5.6,37.9,94,21,False,False,False,False,False,NORMAL,NORMAL,LOW,4,0.22,NORMAL,이상 없음(정상)
DOG,1,19.9,39.6,210,60,False,False,False,True,False,NONE,DECREASED,LOW,1,1.0,DANGER,"미열, 빈맥"
CAT,5,7.5,40.5,154,40,False,False,True,True,True,NONE,DECREASED,LOW,0,1.0,DANGER,"고열, 호흡 급증"
DOG,15,29.7,39.1,196,37,False,True,True,False,True,NONE,NORMAL,NORMAL,2,0.72,CAUTION,"빈맥, 설사"
DOG,7,13.7,39.3,153,36,True,True,False,False,False,NORMAL,NORMAL,NORMAL,4,0.46,WATCH,"미열, 피부 징후"
DOG,14,20.6,40.3,154,49,True,False,False,True,True,DECREASED,DECREASED,LOW,2,1.0,DANGER,"고열, 호흡 급증"
DOG,5,19.6,38.9,90,35,False,True,False,False,False,DECREASED,DECREASED,NORMAL,6,0.33,WATCH,"피부 징후, 식욕 감소"
DOG,6,4.8,40.6,183,58,True,False,True,False,True,NONE,DECREASED,NORMAL,1,1.0,DANGER,"고열, 빈맥"
DOG,2,9.5,41.3,172,54,True,True,False,True,False,DECREASED,DECREASED,LOW,2,1.0,DANGER,"고열, 빈맥"
CAT,5,5.7,41.0,172,34,False,True,False,True,False,NONE,NORMAL,LOW,7,1.0,DANGER,"고열, 빈맥"
DOG,12,21.3,39.5,143,30,False,False,False,False,True,INCREASED,DECREASED,HIGH,1,0.31,WATCH,"미열, 설사"
DOG,5,3.5,38.8,123,22,True,False,False,False,True,DECREASED,INCREASED,NORMAL,1,0.46,WATCH,"설사, 피부 징후"
CAT,14,8.0,38.8,120,26,True,False,False,False,False,DECREASED,NORMAL,LOW,1,0.36,WATCH,"피부 징후, 식욕 감소"
DOG,15,10.9,38.5,107,39,False,False,False,False,False,NORMAL,NORMAL,NORMAL,0,0.08,NORMAL,이상 없음(정상)
CAT,14,5.7,40.1,186,37,False,False,False,True,True,NONE,DECREASED,LOW,0,1.0,DANGER,"고열, 빈맥"
DOG,4,20.4,37.5,106,21,False,False,False,False,False,INCREASED,NORMAL,NORMAL,0,0.02,NORMAL,이상 없음(정상)
CAT,15,3.2,39.4,113,22,False,False,True,False,False,DECREASED,DECREASED,NORMAL,2,0.35,WATCH,"미열, 피부 징후"
CAT,3,3.8,38.4,91,21,False,False,False,False,False,NORMAL,NORMAL,HIGH,1,0.07,NORMAL,이상 없음(정상)
DOG,12,11.9,38.9,98,38,False,True,False,False,False,DECREASED,NORMAL,LOW,6,0.35,WATCH,"피부 징후, 식욕 감소"
CAT,1,5.4,37.6,112,25,False,False,False,False,False,NORMAL,NORMAL,LOW,7,0.16,NORMAL,이상 없음(정상)
DOG,5,9.9,38.0,61,38,False,False,False,False,False,NORMAL,NORMAL,NORMAL,0,0.0,NORMAL,이상 없음(정상)
CAT,2,3.4,39.7,143,47,False,True,False,True,True,NONE,DECREASED,LOW,7,1.0,DANGER,"미열, 호흡 급증"
CAT,9,7.3,37.2,129,32,False,False,False,False,False,NORMAL,NORMAL,LOW,3,0.0,NORMAL,이상 없음(정상)
CAT,11,5.1,38.6,102,26,False,False,False,False,True,NORMAL,NORMAL,NORMAL,4,0.17,NORMAL,이상 없음(정상)
CAT,6,3.2,39.1,119,43,False,False,False,False,True,DECREASED,NORMAL,NORMAL,7,0.43,WATCH,"호흡 급증, 설사"
CAT,15,3.2,38.5,101,25,False,False,False,False,False,NORMAL,NORMAL,NORMAL,0,0.05,NORMAL,이상 없음(정상)
DOG,13,6.6,38.7,134,25,False,False,False,False,False,NORMAL,NORMAL,NORMAL,0,0.0,NORMAL,이상 없음(정상)
CAT,1,3.4,39.5,152,35,True,False,False,True,False,DECREASED,DECREASED,HIGH,4,0.62,CAUTION,"미열, 구토"
CAT,14,3.1,38.9,68,23,False,True,False,False,False,INCREASED,NORMAL,NORMAL,3,0.13,NORMAL,이상 없음(정상)
DOG,15,11.4,40.6,152,59,True,True,True,False,True,DECREASED,NORMAL,LOW,6,1.0,DANGER,"고열, 호흡 급증"
CAT,1,4.4,39.1,91,37,False,True,False,False,False,DECREASED,NORMAL,LOW,0,0.45,WATCH,"피부 징후, 식욕 감소"
CAT,7,3.6,38.9,101,18,False,True,False,False,False,NORMAL,NORMAL,NORMAL,0,0.13,NORMAL,이상 없음(정상)
DOG,15,16.0,40.8,144,45,True,False,True,False,True,NONE,NORMAL,LOW,5,1.0,DANGER,"고열, 호흡 급증"
CAT,9,2.7,40.1,198,58,True,False,False,True,True,NONE,INCREASED,LOW,2,1.0,DANGER,"고열, 빈맥"
DOG,10,2.7,39.7,173,67,False,True,False,True,True,NONE,DECREASED,LOW,0,1.0,DANGER,"미열, 빈맥"
CAT,8,3.2,39.4,122,36,False,False,True,False,True,DECREASED,NORMAL,LOW,3,0.65,CAUTION,"미열, 설사"
CAT,14,5.8,37.8,86,25,False,False,False,False,False,NORMAL,NORMAL,HIGH,2,0.03,NORMAL,이상 없음(정상)
DOG,9,4.5,38.2,98,21,False,False,False,False,False,NORMAL,NORMAL,NORMAL,0,0.01,NORMAL,이상 없음(정상)
DOG,6,13.8,39.1,152,33,False,False,False,False,True,DECREASED,DECREASED,NORMAL,1,0.35,WATCH,"설사, 식욕 감소"
DOG,13,27.5,38.8,144,32,True,False,True,True,False,NORMAL,NORMAL,LOW,6,0.35,WATCH,"구토, 피부 징후"
DOG,2,25.4,38.9,179,54,False,True,False,False,False,DECREASED,DECREASED,NORMAL,1,0.71,CAUTION,"빈맥, 호흡 급증"
DOG,7,10.5,39.3,123,20,False,True,False,False,False,INCREASED,NORMAL,NORMAL,4,0.24,NORMAL,이상 없음(정상)
DOG,14,6.6,38.2,109,24,False,False,False,False,False,NORMAL,NORMAL,NORMAL,0,0.08,NORMAL,이상 없음(정상)
CAT,15,4.9,39.4,67,27,False,False,False,True,False,DECREASED,NORMAL,NORMAL,1,0.47,WATCH,"미열, 구토"
DOG,1,16.4,39.9,114,28,True,False,False,False,False,NORMAL,INCREASED,NORMAL,1,0.34,WATCH,"미열, 피부 징후"
CAT,11,2.6,39.6,133,44,False,False,False,False,False,NORMAL,DECREASED,LOW,4,0.41,WATCH,"미열, 호흡 급증"
CAT,15,7.4,40.0,130,55,False,True,False,True,True,NONE,DECREASED,LOW,2,1.0,DANGER,"고열, 호흡 급증"
DOG,5,6.5,38.2,146,18,False,True,True,False,False,DECREASED,NORMAL,LOW,6,0.32,WATCH,"피부 징후, 식욕 감소"
CAT,1,3.2,39.4,158,43,False,False,False,True,False,NORMAL,NORMAL,NORMAL,0,0.7,CAUTION,"미열, 호흡 급증"
CAT,8,3.3,38.5,92,14,False,False,False,False,False,NORMAL,NORMAL,NORMAL,0,0.02,NORMAL,이상 없음(정상)
CAT,9,4.0,39.9,121,39,False,True,False,True,True,NORMAL,NORMAL,HIGH,3,0.6,CAUTION,"미열, 소화기 이상(구토 및 설사)"
DOG,13,2.7,40.5,141,51,False,False,True,True,False,NONE,DECREASED,LOW,5,1.0,DANGER,"고열, 호흡 급증"
CAT,1,6.5,38.8,106,22,False,False,False,False,False,NORMAL,INCREASED,NORMAL,0,0.0,NORMAL,이상 없음(정상)
CAT,2,5.9,38.1,130,21,False,False,False,True,False,NORMAL,DECREASED,NORMAL,4,0.1,NORMAL,이상 없음(정상)
CAT,11,6.0,38.7,112,15,False,False,False,False,False,NORMAL,NORMAL,NORMAL,0,0.0,NORMAL,이상 없음(정상)
CAT,11,6.1,39.2,127,52,False,True,True,False,False,DECREASED,DECREASED,NORMAL,6,0.61,CAUTION,"호흡 급증, 피부 징후"
CAT,9,3.8,38.7,99,20,False,False,False,False,False,NORMAL,NORMAL,NORMAL,0,0.0,NORMAL,이상 없음(정상)
DOG,12,27.9,40.1,153,35,True,True,False,False,True,DECREASED,DECREASED,LOW,7,0.92,DANGER,"고열, 설사"
DOG,4,21.8,39.6,173,55,True,False,False,True,False,NORMAL,NORMAL,HIGH,5,1.0,DANGER,"미열, 빈맥"
CAT,1,5.9,38.6,98,20,True,False,False,False,False,NORMAL,INCREASED,NORMAL,7,0.19,NORMAL,이상 없음(정상)
CAT,14,4.7,39.4,134,33,False,False,False,False,False,INCREASED,INCREASED,LOW,6,0.42,WATCH,"미열, 활동량 저하"
DOG,7,17.0,38.5,129,31,False,True,False,False,False,NORMAL,NORMAL,NORMAL,0,0.0,NORMAL,이상 없음(정상)
DOG,11,28.7,39.7,134,37,False,True,False,False,True,NORMAL,NORMAL,LOW,4,0.52,CAUTION,"미열, 설사"
DOG,3,19.4,36.9,113,24,False,False,False,False,False,NORMAL,NORMAL,NORMAL,0,0.0,NORMAL,이상 없음(정상)
CAT,9,4.9,39.0,121,31,False,True,True,False,True,INCREASED,NORMAL,LOW,6,0.49,WATCH,"설사, 피부 징후"
DOG,14,14.1,38.4,92,29,False,False,False,False,False,NORMAL,NORMAL,NORMAL,0,0.1,NORMAL,이상 없음(정상)
CAT,13,3.5,38.4,132,18,False,False,False,False,False,NORMAL,NORMAL,NORMAL,0,0.0,NORMAL,이상 없음(정상)
CAT,15,7.6,39.3,138,38,False,False,False,False,False,DECREASED,DECREASED,LOW,6,0.41,WATCH,"미열, 식욕 감소"
DOG,9,7.2,38.7,146,35,True,False,False,True,False,DECREASED,DECREASED,HIGH,5,0.36,WATCH,"구토, 피부 징후"
CAT,2,4.9,39.2,85,24,False,False,False,False,False,NORMAL,NORMAL,NORMAL,0,0.12,NORMAL,이상 없음(정상)
DOG,5,28.0,38.2,74,15,False,False,False,False,False,NORMAL,NORMAL,LOW,0,0.01,NORMAL,이상 없음(정상)
DOG,11,11.4,39.9,202,59,False,True,False,False,True,DECREASED,DECREASED,LOW,5,1.0,DANGER,"미열, 빈맥"
DOG,4,25.8,38.9,84,24,False,False,False,True,False,NORMAL,NORMAL,NORMAL,3,0.06,NORMAL,이상 없음(정상)
DOG,8,17.8,38.4,96,25,False,False,False,False,False,NORMAL,NORMAL,NORMAL,0,0.0,NORMAL,이상 없음(정상)
DOG,13,21.4,37.6,110,26,False,True,False,False,False,DECREASED,NORMAL,NORMAL,2,0.28,NORMAL,이상 없음(정상)
DOG,7,21.5,39.3,130,35,True,True,True,False,True,NORMAL,NORMAL,LOW,3,0.52,CAUTION,"미열, 설사"
DOG,9,8.5,38.9,128,10,False,False,False,False,False,NORMAL,NORMAL,NORMAL,0,0.0,NORMAL,이상 없음(정상)
DOG,3,16.1,39.4,140,28,False,False,True,False,False,NORMAL,DECREASED,LOW,2,0.36,WATCH,"미열, 피부 징후"
CAT,13,4.0,39.2,93,24,False,False,False,False,False,NORMAL,NORMAL,NORMAL,0,0.0,NORMAL,이상 없음(정상)
DOG,7,25.0,38.6,89,22,False,False,False,True,False,NORMAL,DECREASED,LOW,3,0.21,NORMAL,이상 없음(정상)
CAT,5,5.9,39.8,157,34,False,False,True,False,True,NONE,NORMAL,NORMAL,6,0.7,CAUTION,"미열, 설사"
DOG,6,29.7,38.2,89,25,False,False,False,False,False,NORMAL,NORMAL,HIGH,3,0.07,NORMAL,이상 없음(정상)
CAT,6,4.8,39.0,129,24,False,False,True,True,True,DECREASED,NORMAL,LOW,5,0.68,CAUTION,"소화기 이상(구토 및 설사), 피부 징후"
CAT,11,5.2,39.5,210,56,False,True,True,True,False,NONE,DECREASED,LOW,1,1.0,DANGER,"미열, 빈맥"
CAT,3,6.5,39.0,159,54,False,False,True,True,False,DECREASED,NORMAL,LOW,1,0.73,CAUTION,"호흡 급증, 구토"
CAT,11,6.2,38.9,113,15,False,False,False,True,True,NORMAL,DECREASED,NORMAL,1,0.37,WATCH,소화기 이상(구토 및 설사)
CAT,4,4.7,39.5,186,33,False,True,False,False,False,NORMAL,NORMAL,NORMAL,0,0.69,CAUTION,"미열, 빈맥"
DOG,5,27.2,39.9,130,25,False,True,False,False,False,NORMAL,DECREASED,NORMAL,0,0.37,WATCH,"미열, 피부 징후"
DOG,10,15.3,39.8,71,19,False,False,False,False,False,DECREASED,DECREASED,LOW,2,0.45,WATCH,"미열, 식욕 감소"
CAT,10,6.1,38.5,131,29,True,True,False,True,False,NORMAL,DECREASED,LOW,2,0.48,WATCH,"구토, 피부 징후"
DOG,4,19.7,38.1,78,37,False,False,False,True,False,DECREASED,NORMAL,LOW,2,0.36,WATCH,"구토, 식욕 감소"
CAT,10,5.6,39.9,117,31,True,False,True,False,True,NORMAL,DECREASED,LOW,2,0.57,CAUTION,"미열, 설사"
DOG,15,8.4,38.6,95,24,False,False,False,False,False,INCREASED,NORMAL,HIGH,0,0.04,NORMAL,이상 없음(정상)
DOG,4,22.0,39.7,152,57,False,True,False,False,False,DECREASED,DECREASED,NORMAL,3,0.6,CAUTION,"미열, 호흡 급증"
DOG,5,3.1,39.8,188,43,False,False,False,False,False,DECREASED,DECREASED,NORMAL,0,0.71,CAUTION,"미열, 빈맥"
CAT,5,3.4,38.6,112,20,True,False,False,True,False,NORMAL,NORMAL,NORMAL,2,0.39,WATCH,"구토, 피부 징후"
CAT,14,3.0,40.3,196,64,False,True,False,False,True,NONE,NORMAL,LOW,6,1.0,DANGER,"고열, 빈맥"
CAT,10,4.3,39.4,128,13,False,False,False,False,True,DECREASED,NORMAL,LOW,7,0.49,WATCH,"미열, 설사"
DOG,2,3.0,39.1,90,37,True,True,True,True,False,DECREASED,INCREASED,NORMAL,2,0.52,CAUTION,"구토, 피부 징후"
DOG,5,4.3,38.4,130,40,True,False,False,False,False,NORMAL,NORMAL,NORMAL,3,0.45,WATCH,"호흡 급증, 피부 징후"
DOG,9,5.7,39.1,169,45,False,False,False,False,False,NONE,DECREASED,NORMAL,0,0.59,CAUTION,"빈맥, 호흡 급증"
CAT,2,3.6,39.0,118,30,False,False,False,False,False,NORMAL,INCREASED,NORMAL,0,0.0,NORMAL,이상 없음(정상)
CAT,9,5.1,40.5,140,46,True,False,True,True,True,NONE,DECREASED,LOW,6,1.0,DANGER,"고열, 호흡 급증"
CAT,6,4.2,39.0,133,33,True,False,False,False,True,NORMAL,NORMAL,LOW,3,0.41,WATCH,"설사, 피부 징후"
DOG,5,24.7,38.7,60,20,False,False,False,True,False,NORMAL,NORMAL,NORMAL,6,0.2,NORMAL,이상 없음(정상)
CAT,14,5.6,39.9,144,62,True,False,True,False,False,NONE,NORMAL,LOW,7,1.0,DANGER,"미열, 호흡 급증"
DOG,7,9.7,38.9,90,23,False,False,False,False,False,NORMAL,NORMAL,NORMAL,0,0.0,NORMAL,이상 없음(정상)
DOG,14,3.5,39.6,132,35,True,True,False,False,False,NONE,NORMAL,NORMAL,2,0.7,CAUTION,"미열, 피부 징후"
DOG,15,23.5,36.9,96,23,True,False,False,False,False,NORMAL,NORMAL,NORMAL,2,0.07,NORMAL,이상 없음(정상)
CAT,14,6.9,38.2,108,15,False,False,False,False,False,NORMAL,DECREASED,HIGH,7,0.07,NORMAL,이상 없음(정상)
DOG,8,21.4,38.8,124,29,False,True,False,False,False,NORMAL,NORMAL,NORMAL,0,0.17,NORMAL,이상 없음(정상)
DOG,13,11.0,40.7,190,36,True,False,False,True,True,DECREASED,NORMAL,LOW,6,1.0,DANGER,"고열, 빈맥"
CAT,12,3.0,38.7,83,25,False,False,False,False,True,INCREASED,INCREASED,NORMAL,5,0.19,NORMAL,이상 없음(정상)
DOG,10,12.7,38.4,90,24,False,True,False,False,False,NORMAL,NORMAL,NORMAL,0,0.12,NORMAL,이상 없음(정상)
CAT,8,6.5,39.5,205,47,False,True,False,True,True,DECREASED,NORMAL,LOW,2,1.0,DANGER,"미열, 빈맥"
DOG,4,29.5,38.9,105,25,False,False,False,False,False,NORMAL,NORMAL,NORMAL,0,0.13,NORMAL,이상 없음(정상)
DOG,2,8.7,39.5,109,34,False,True,False,True,False,DECREASED,DECREASED,HIGH,1,0.69,CAUTION,"미열, 구토"
CAT,6,6.9,38.3,58,24,False,False,False,False,False,NORMAL,NORMAL,HIGH,5,0.0,NORMAL,이상 없음(정상)
CAT,8,2.8,38.3,93,22,False,False,False,False,False,NORMAL,INCREASED,NORMAL,0,0.0,NORMAL,이상 없음(정상)
CAT,11,7.2,38.7,93,20,False,False,False,False,False,INCREASED,NORMAL,NORMAL,6,0.0,NORMAL,이상 없음(정상)
CAT,5,2.8,38.9,104,20,False,False,False,False,False,NORMAL,NORMAL,NORMAL,0,0.1,NORMAL,이상 없음(정상)
CAT,12,3.9,39.1,113,17,False,False,False,False,False,NORMAL,NORMAL,HIGH,2,0.0,NORMAL,이상 없음(정상)
DOG,12,23.9,38.9,78,21,True,False,False,False,False,NORMAL,NORMAL,NORMAL,5,0.31,WATCH,피부 징후
DOG,12,7.0,40.5,133,48,False,False,True,False,True,NORMAL,DECREASED,LOW,1,1.0,DANGER,"고열, 호흡 급증"
DOG,9,17.5,38.4,138,36,False,True,False,False,False,DECREASED,NORMAL,LOW,5,0.37,WATCH,"피부 징후, 식욕 감소"
CAT,4,4.7,38.7,112,26,False,False,False,False,False,INCREASED,NORMAL,NORMAL,4,0.01,NORMAL,이상 없음(정상)
DOG,5,6.4,38.5,83,21,False,False,False,False,True,DECREASED,NORMAL,LOW,1,0.45,WATCH,"설사, 식욕 감소"
CAT,6,7.3,39.9,130,35,False,True,False,True,False,DECREASED,NORMAL,LOW,7,0.63,CAUTION,"미열, 구토"
DOG,9,6.3,39.6,185,52,True,True,False,False,True,NONE,NORMAL,LOW,2,1.0,DANGER,"미열, 빈맥"
DOG,3,10.2,39.2,107,26,False,False,False,False,False,INCREASED,NORMAL,NORMAL,3,0.0,NORMAL,이상 없음(정상)
CAT,11,4.3,41.0,181,54,False,True,False,False,True,DECREASED,DECREASED,LOW,0,1.0,DANGER,"고열, 빈맥"
CAT,12,3.2,39.8,138,28,False,True,False,False,False,DECREASED,DECREASED,HIGH,2,0.56,CAUTION,"미열, 피부 징후"
CAT,12,7.6,37.5,75,24,False,False,False,False,False,NORMAL,NORMAL,HIGH,6,0.0,NORMAL,이상 없음(정상)
CAT,11,4.2,39.5,156,38,True,False,False,False,False,DECREASED,INCREASED,LOW,5,0.5,CAUTION,"미열, 피부 징후"
DOG,1,19.8,39.4,103,14,False,True,True,False,False,DECREASED,NORMAL,LOW,0,0.49,WATCH,"미열, 피부 징후"
DOG,8,25.8,39.1,170,24,True,False,False,False,False,NONE,DECREASED,NORMAL,2,0.53,CAUTION,"빈맥, 피부 징후"
CAT,2,5.0,39.7,158,35,True,False,False,True,False,NONE,NORMAL,NORMAL,7,0.97,DANGER,"미열, 구토"
DOG,2,13.4,39.8,166,39,False,False,False,False,True,DECREASED,INCREASED,LOW,5,0.67,CAUTION,"미열, 빈맥"
DOG,10,11.1,38.9,141,30,True,False,False,True,False,DECREASED,NORMAL,LOW,5,0.57,CAUTION,"구토, 피부 징후"
CAT,11,7.1,39.8,194,31,True,False,False,False,False,DECREASED,DECREASED,LOW,0,0.68,CAUTION,"미열, 빈맥"
DOG,7,18.9,38.2,130,33,False,False,False,False,False,NORMAL,NORMAL,NORMAL,0,0.07,NORMAL,이상 없음(정상)
DOG,7,5.5,38.2,88,28,False,False,False,False,False,NORMAL,NORMAL,NORMAL,0,0.1,NORMAL,이상 없음(정상)
DOG,4,8.6,38.5,84,23,False,False,False,False,False,INCREASED,NORMAL,NORMAL,4,0.17,NORMAL,이상 없음(정상)
DOG,15,11.0,39.4,129,29,False,True,False,False,False,NONE,DECREASED,NORMAL,1,0.65,CAUTION,"미열, 피부 징후"
CAT,11,7.6,40.0,90,46,False,True,False,False,False,NORMAL,DECREASED,LOW,5,0.69,CAUTION,"고열, 호흡 급증"
CAT,2,5.9,39.7,156,30,True,False,True,False,True,DECREASED,DECREASED,LOW,1,0.65,CAUTION,"미열, 설사"
CAT,5,6.6,38.8,55,15,False,False,False,False,False,NORMAL,INCREASED,HIGH,0,0.01,NORMAL,이상 없음(정상)
DOG,6,29.1,39.0,119,19,False,False,False,False,False,NONE,NORMAL,LOW,4,0.36,WATCH,"식욕 절폐, 활동량 저하"
CAT,10,2.1,39.9,130,27,True,True,False,False,True,INCREASED,DECREASED,LOW,3,0.58,CAUTION,"미열, 설사"
CAT,9,7.6,39.8,144,41,False,True,True,True,True,DECREASED,NORMAL,LOW,3,1.0,DANGER,"미열, 호흡 급증"
DOG,5,13.4,38.8,87,36,False,False,False,False,False,NORMAL,NORMAL,NORMAL,0,0.0,NORMAL,이상 없음(정상)
DOG,4,21.0,40.5,190,46,False,False,True,True,True,DECREASED,DECREASED,HIGH,5,1.0,DANGER,"고열, 빈맥"
CAT,6,3.9,39.1,127,58,True,False,False,False,False,NONE,NORMAL,LOW,1,0.73,CAUTION,"호흡 급증, 피부 징후"
CAT,15,7.4,38.4,93,17,True,False,False,False,False,NORMAL,INCREASED,NORMAL,3,0.22,NORMAL,이상 없음(정상)
DOG,6,13.1,38.2,96,30,True,True,False,False,False,NORMAL,NORMAL,LOW,7,0.34,WATCH,"피부 징후, 활동량 저하"
CAT,5,3.7,39.6,132,35,False,False,False,False,True,DECREASED,NORMAL,NORMAL,3,0.48,WATCH,"미열, 설사"
DOG,1,27.2,40.4,182,44,True,True,True,True,True,NONE,DECREASED,NORMAL,5,1.0,DANGER,"고열, 빈맥"
DOG,2,6.0,39.7,90,23,False,True,False,True,False,DECREASED,DECREASED,LOW,5,0.74,CAUTION,"미열, 구토"
CAT,2,3.0,38.7,125,30,False,False,False,False,False,NORMAL,NORMAL,HIGH,3,0.13,NORMAL,이상 없음(정상)
CAT,13,6.7,38.1,71,21,False,False,False,False,True,NORMAL,NORMAL,NORMAL,5,0.01,NORMAL,이상 없음(정상)
CAT,8,5.5,39.9,150,58,True,True,False,False,True,INCREASED,DECREASED,LOW,7,0.77,DANGER,"미열, 호흡 급증"
DOG,1,12.5,39.1,88,19,True,False,False,True,False,NORMAL,DECREASED,NORMAL,2,0.34,WATCH,"구토, 피부 징후"
CAT,14,2.7,38.0,69,37,False,False,False,False,False,NORMAL,NORMAL,NORMAL,0,0.0,NORMAL,이상 없음(정상)
CAT,5,5.0,40.2,188,46,True,False,False,True,True,DECREASED,DECREASED,LOW,2,1.0,DANGER,"고열, 빈맥"
CAT,12,4.5,38.2,134,27,False,False,False,False,False,INCREASED,NORMAL,NORMAL,2,0.0,NORMAL,이상 없음(정상)
CAT,12,4.2,41.1,175,34,True,True,True,True,True,NORMAL,DECREASED,NORMAL,2,0.97,DANGER,"고열, 빈맥"
CAT,8,3.1,38.2,74,23,False,False,False,True,False,NORMAL,NORMAL,NORMAL,7,0.21,NORMAL,이상 없음(정상)
DOG,1,13.6,38.6,131,25,False,False,False,True,False,NORMAL,NORMAL,NORMAL,2,0.13,NORMAL,이상 없음(정상)
CAT,2,5.0,39.7,188,55,True,True,False,True,True,NONE,DECREASED,LOW,3,1.0,DANGER,"미열, 빈맥"
CAT,8,7.0,38.8,127,18,True,True,False,False,False,INCREASED,NORMAL,HIGH,6,0.33,WATCH,피부 징후
CAT,2,5.1,39.1,96,22,False,False,False,False,True,NORMAL,NORMAL,HIGH,0,0.06,NORMAL,이상 없음(정상)
CAT,5,6.8,38.3,112,12,False,True,False,False,False,NORMAL,INCREASED,NORMAL,0,0.19,NORMAL,이상 없음(정상)
CAT,11,7.6,38.5,96,22,True,False,False,False,False,NORMAL,NORMAL,NORMAL,1,0.18,NORMAL,이상 없음(정상)
DOG,10,24.5,39.1,139,32,False,True,False,True,True,NORMAL,DECREASED,NORMAL,5,0.61,CAUTION,"소화기 이상(구토 및 설사), 피부 징후"
CAT,6,6.7,39.4,118,45,False,True,False,False,False,DECREASED,NORMAL,NORMAL,6,0.58,CAUTION,"미열, 호흡 급증"
CAT,3,7.1,38.8,127,37,False,False,True,False,False,DECREASED,DECREASED,LOW,5,0.42,WATCH,"피부 징후, 식욕 감소"
DOG,8,17.1,39.4,148,33,False,False,False,True,False,NORMAL,NORMAL,NORMAL,3,0.36,WATCH,"미열, 구토"
CAT,9,5.4,39.5,166,28,False,False,False,False,False,DECREASED,DECREASED,LOW,5,0.54,CAUTION,"미열, 빈맥"
CAT,4,5.3,38.1,100,24,False,False,False,True,False,DECREASED,INCREASED,NORMAL,2,0.45,WATCH,"구토, 식욕 감소"
DOG,13,26.7,38.3,101,27,False,False,False,False,False,NORMAL,DECREASED,NORMAL,0,0.0,NORMAL,이상 없음(정상)
DOG,6,5.2,39.2,119,49,False,False,False,False,True,DECREASED,DECREASED,LOW,4,0.67,CAUTION,"호흡 급증, 설사"
DOG,1,27.1,39.2,186,58,False,False,False,False,True,NONE,NORMAL,NORMAL,4,0.72,CAUTION,"빈맥, 호흡 급증"
CAT,4,4.8,38.5,50,27,False,False,False,False,True,NORMAL,NORMAL,NORMAL,3,0.2,NORMAL,이상 없음(정상)
CAT,8,2.9,39.5,153,47,False,True,True,True,False,DECREASED,DECREASED,NORMAL,6,0.87,DANGER,"미열, 호흡 급증"
DOG,14,29.3,38.9,120,17,False,False,False,False,False,NORMAL,INCREASED,NORMAL,0,0.11,NORMAL,이상 없음(정상)
CAT,11,2.3,40.7,192,41,True,True,True,True,True,NONE,NORMAL,LOW,3,1.0,DANGER,"고열, 빈맥"
CAT,7,6.8,38.5,92,25,False,False,False,False,False,NORMAL,NORMAL,LOW,1,0.18,NORMAL,이상 없음(정상)
CAT,14,6.5,39.9,138,57,False,True,False,False,True,NORMAL,DECREASED,LOW,6,0.92,DANGER,"미열, 호흡 급증"
DOG,9,27.2,39.4,125,29,False,False,False,True,True,NORMAL,DECREASED,HIGH,1,0.54,CAUTION,"미열, 소화기 이상(구토 및 설사)"
CAT,8,7.6,38.5,117,24,True,False,False,False,False,NORMAL,NORMAL,NORMAL,0,0.07,NORMAL,이상 없음(정상)
DOG,5,3.0,39.6,110,25,True,False,False,False,True,DECREASED,NORMAL,NORMAL,5,0.58,CAUTION,"미열, 설사"
CAT,15,6.4,40.0,169,43,True,True,True,True,True,NONE,DECREASED,LOW,5,1.0,DANGER,"고열, 빈맥"
CAT,7,3.5,40.5,201,47,False,True,False,False,True,NONE,NORMAL,NORMAL,2,1.0,DANGER,"고열, 빈맥"
CAT,4,5.9,38.7,157,43,False,False,False,False,False,DECREASED,INCREASED,NORMAL,2,0.35,WATCH,"호흡 급증, 식욕 감소"
CAT,3,7.4,39.2,121,30,False,True,False,False,True,NONE,DECREASED,LOW,3,0.7,CAUTION,"설사, 피부 징후"
DOG,14,6.4,40.0,130,56,False,True,True,True,False,NONE,NORMAL,LOW,7,1.0,DANGER,"고열, 호흡 급증"
CAT,4,4.6,39.2,156,44,True,False,False,True,False,DECREASED,DECREASED,NORMAL,1,0.67,CAUTION,"호흡 급증, 구토"
CAT,15,2.2,39.0,163,28,False,False,False,False,False,NONE,NORMAL,LOW,0,0.45,WATCH,"빈맥, 식욕 절폐"
DOG,8,16.6,39.5,124,22,True,False,False,True,True,DECREASED,NORMAL,HIGH,1,0.74,CAUTION,"미열, 소화기 이상(구토 및 설사)"
DOG,14,24.9,39.3,147,36,False,False,False,False,False,NORMAL,NORMAL,LOW,0,0.35,WATCH,"미열, 활동량 저하"
DOG,14,25.5,39.1,147,26,True,True,True,False,True,DECREASED,DECREASED,LOW,1,0.56,CAUTION,"설사, 피부 징후"
DOG,14,29.2,39.9,205,55,True,False,False,True,True,NONE,DECREASED,LOW,7,1.0,DANGER,"미열, 빈맥"
DOG,12,6.2,38.1,106,25,False,False,False,False,False,NORMAL,NORMAL,NORMAL,0,0.16,NORMAL,이상 없음(정상)
DOG,1,21.6,38.6,93,26,False,False,False,False,False,NORMAL,NORMAL,NORMAL,0,0.0,NORMAL,이상 없음(정상)
CAT,14,2.6,39.5,169,43,True,True,True,True,True,DECREASED,INCREASED,LOW,6,1.0,DANGER,"미열, 빈맥"
CAT,12,2.5,38.4,100,25,False,False,False,False,False,NORMAL,INCREASED,LOW,3,0.15,NORMAL,이상 없음(정상)
CAT,13,7.2,38.9,75,15,False,False,False,False,False,NORMAL,NORMAL,NORMAL,0,0.0,NORMAL,이상 없음(정상)
DOG,13,3.0,39.8,169,39,True,True,True,False,False,DECREASED,NORMAL,LOW,3,0.91,DANGER,"미열, 빈맥"
CAT,2,3.9,40.4,194,42,True,True,True,True,True,NONE,DECREASED,LOW,5,1.0,DANGER,"고열, 빈맥"
CAT,1,2.4,39.1,200,29,True,False,True,False,True,NONE,INCREASED,LOW,1,0.7,CAUTION,"빈맥, 설사"
DOG,2,22.9,39.3,116,20,False,False,False,False,False,NORMAL,NORMAL,NORMAL,0,0.2,NORMAL,이상 없음(정상)
CAT,3,3.8,38.5,110,34,False,False,False,True,False,NONE,NORMAL,NORMAL,6,0.48,WATCH,"구토, 식욕 절폐"
DOG,2,11.7,40.4,150,28,True,False,False,False,False,NORMAL,INCREASED,LOW,1,0.6,CAUTION,"고열, 피부 징후"
CAT,4,2.3,39.0,146,32,True,False,False,True,False,NONE,NORMAL,LOW,0,0.63,CAUTION,"구토, 피부 징후"
DOG,14,11.1,40.0,130,48,False,True,False,False,True,NONE,NORMAL,LOW,4,1.0,DANGER,"고열, 호흡 급증"
DOG,4,17.1,39.5,101,34,False,False,False,False,True,DECREASED,NORMAL,NORMAL,7,0.42,WATCH,"미열, 설사"
CAT,2,4.9,38.6,107,23,False,False,False,False,False,INCREASED,NORMAL,NORMAL,0,0.01,NORMAL,이상 없음(정상)
CAT,5,2.9,39.5,98,23,False,False,False,False,True,NORMAL,NORMAL,LOW,2,0.53,CAUTION,"미열, 설사"
CAT,4,4.3,40.7,165,55,True,False,False,False,True,DECREASED,NORMAL,LOW,1,1.0,DANGER,"고열, 빈맥"
DOG,5,17.0,40.1,162,54,True,False,False,True,True,NONE,DECREASED,LOW,2,1.0,DANGER,"고열, 빈맥"
CAT,6,3.1,40.2,161,44,False,True,True,True,True,NONE,DECREASED,LOW,1,1.0,DANGER,"고열, 빈맥"
DOG,2,26.0,40.0,216,41,True,True,False,False,True,DECREASED,DECREASED,LOW,3,1.0,DANGER,"고열, 빈맥"
DOG,5,13.2,39.8,146,22,True,False,True,False,True,NONE,DECREASED,LOW,6,0.72,CAUTION,"미열, 설사"
CAT,9,5.1,37.5,118,11,False,False,False,False,True,DECREASED,NORMAL,NORMAL,1,0.23,NORMAL,이상 없음(정상)
CAT,7,3.5,39.9,180,34,True,False,False,True,True,NONE,DECREASED,HIGH,3,1.0,DANGER,"미열, 빈맥"
CAT,5,6.5,39.3,146,21,False,False,False,False,True,NORMAL,NORMAL,HIGH,7,0.35,WATCH,"미열, 설사"
DOG,14,15.1,39.1,159,55,False,False,False,False,True,DECREASED,DECREASED,LOW,3,0.52,CAUTION,"호흡 급증, 설사"
DOG,12,6.4,39.5,130,51,False,True,False,True,False,NONE,DECREASED,LOW,4,1.0,DANGER,"미열, 호흡 급증"
DOG,11,26.9,39.8,181,39,True,False,False,True,False,NORMAL,DECREASED,NORMAL,0,0.72,CAUTION,"미열, 빈맥"
DOG,7,11.8,38.7,119,30,False,False,True,False,False,DECREASED,DECREASED,HIGH,1,0.37,WATCH,"피부 징후, 식욕 감소"
CAT,7,7.1,39.2,157,26,False,False,False,True,True,DECREASED,NORMAL,HIGH,7,0.47,WATCH,"소화기 이상(구토 및 설사), 식욕 감소"
CAT,5,4.8,39.8,185,51,False,False,True,True,True,NONE,DECREASED,LOW,0,1.0,DANGER,"미열, 빈맥"
DOG,2,2.5,39.0,110,31,False,False,False,False,False,NORMAL,INCREASED,NORMAL,0,0.0,NORMAL,이상 없음(정상)
CAT,4,3.6,38.8,111,25,False,False,False,False,False,NORMAL,DECREASED,NORMAL,0,0.03,NORMAL,이상 없음(정상)
DOG,10,15.7,38.8,122,32,False,False,False,False,False,NORMAL,NORMAL,NORMAL,0,0.0,NORMAL,이상 없음(정상)
CAT,2,3.2,39.6,127,22,True,True,False,False,False,NORMAL,DECREASED,LOW,0,0.54,CAUTION,"미열, 피부 징후"
CAT,15,6.6,40.5,131,63,True,False,True,False,True,NONE,DECREASED,LOW,5,1.0,DANGER,"고열, 호흡 급증"
CAT,6,5.6,38.6,123,43,False,False,False,False,False,NORMAL,NORMAL,LOW,3,0.49,WATCH,"호흡 급증, 활동량 저하"
DOG,9,10.0,39.7,152,29,False,True,False,False,True,NORMAL,NORMAL,LOW,6,0.7,CAUTION,"미열, 설사"
CAT,11,5.7,39.5,163,54,True,True,False,False,True,DECREASED,DECREASED,HIGH,5,1.0,DANGER,"미열, 빈맥"
CAT,10,5.4,39.8,166,53,True,False,True,False,True,NORMAL,DECREASED,LOW,0,1.0,DANGER,"미열, 빈맥"
CAT,1,6.3,39.3,142,35,True,True,False,False,True,DECREASED,DECREASED,LOW,5,0.61,CAUTION,"미열, 설사"
DOG,3,25.5,39.9,146,60,False,True,False,True,True,NONE,DECREASED,LOW,7,1.0,DANGER,"미열, 호흡 급증"
DOG,12,26.0,38.4,86,20,False,False,False,False,False,NORMAL,NORMAL,NORMAL,0,0.0,NORMAL,이상 없음(정상)
CAT,15,4.6,40.6,133,38,False,False,True,False,False,DECREASED,NORMAL,NORMAL,5,0.66,CAUTION,"고열, 피부 징후"
DOG,6,24.2,39.5,103,19,True,False,False,False,False,NORMAL,NORMAL,NORMAL,3,0.23,NORMAL,이상 없음(정상)
DOG,5,7.6,39.5,120,32,True,True,True,True,True,DECREASED,DECREASED,NORMAL,5,0.73,CAUTION,"미열, 소화기 이상(구토 및 설사)"
DOG,11,3.9,40.4,173,60,True,False,True,True,True,DECREASED,NORMAL,NORMAL,0,1.0,DANGER,"고열, 빈맥"
CAT,3,5.4,38.2,119,28,False,False,True,False,False,INCREASED,DECREASED,NORMAL,2,0.1,NORMAL,이상 없음(정상)
DOG,14,15.0,39.1,92,17,False,False,False,False,True,NORMAL,DECREASED,LOW,6,0.37,WATCH,"설사, 활동량 저하"
DOG,6,6.3,40.1,150,42,True,True,False,True,False,DECREASED,INCREASED,LOW,4,1.0,DANGER,"고열, 호흡 급증"
CAT,4,5.9,38.5,121,18,True,False,False,False,False,NORMAL,DECREASED,NORMAL,0,0.28,NORMAL,이상 없음(정상)
CAT,8,7.5,39.2,130,18,True,False,False,True,False,DECREASED,INCREASED,HIGH,2,0.47,WATCH,"구토, 피부 징후"
DOG,2,3.2,38.8,89,10,False,False,False,False,True,NORMAL,NORMAL,NORMAL,4,0.12,NORMAL,이상 없음(정상)
CAT,3,6.1,39.1,140,33,True,False,False,True,False,NORMAL,NORMAL,LOW,1,0.4,WATCH,"구토, 피부 징후"
DOG,15,28.3,39.8,178,13,False,True,False,False,False,NORMAL,DECREASED,HIGH,4,0.43,WATCH,"미열, 빈맥"
CAT,7,4.9,40.4,163,47,False,False,False,True,True,DECREASED,NORMAL,LOW,0,1.0,DANGER,"고열, 빈맥"
DOG,15,24.6,38.7,114,31,False,True,True,True,False,NORMAL,NORMAL,NORMAL,1,0.37,WATCH,"구토, 피부 징후"
CAT,1,6.9,38.8,110,23,False,True,False,False,True,DECREASED,DECREASED,NORMAL,4,0.5,CAUTION,"설사, 피부 징후"
DOG,6,23.1,38.3,109,24,False,False,False,False,False,NORMAL,DECREASED,NORMAL,0,0.07,NORMAL,이상 없음(정상)
CAT,11,4.3,38.1,136,23,True,False,False,False,True,NORMAL,NORMAL,HIGH,4,0.23,NORMAL,이상 없음(정상)
DOG,7,28.7,40.4,130,52,False,True,False,False,True,DECREASED,DECREASED,LOW,4,0.98,DANGER,"고열, 호흡 급증"
DOG,12,18.6,39.0,138,15,False,False,True,False,False,INCREASED,NORMAL,LOW,0,0.39,WATCH,"피부 징후, 활동량 저하"
CAT,2,3.3,38.7,115,25,False,False,False,False,False,NORMAL,NORMAL,NORMAL,0,0.05,NORMAL,이상 없음(정상)
CAT,1,4.1,39.0,84,13,False,False,True,False,False,DECREASED,NORMAL,NORMAL,1,0.35,WATCH,"피부 징후, 식욕 감소"
DOG,15,15.2,41.1,161,55,True,False,False,True,False,DECREASED,NORMAL,LOW,6,1.0,DANGER,"고열, 빈맥"
DOG,7,14.5,39.6,96,21,False,False,False,False,False,NORMAL,NORMAL,HIGH,7,0.16,NORMAL,이상 없음(정상)
DOG,6,29.4,38.8,87,35,False,False,False,False,False,NORMAL,NORMAL,NORMAL,0,0.0,NORMAL,이상 없음(정상)
CAT,15,2.3,38.7,121,19,False,False,False,False,False,NORMAL,NORMAL,NORMAL,0,0.0,NORMAL,이상 없음(정상)
CAT,9,6.9,39.7,110,42,False,False,False,False,False,DECREASED,INCREASED,NORMAL,7,0.73,CAUTION,"미열, 호흡 급증"
CAT,7,7.8,39.0,175,33,True,False,False,False,True,DECREASED,NORMAL,NORMAL,5,0.41,WATCH,"빈맥, 설사"
CAT,11,5.2,38.9,166,15,False,False,False,False,True,DECREASED,DECREASED,NORMAL,6,0.38,WATCH,"빈맥, 설사"
DOG,9,29.4,40.6,146,36,False,False,False,True,False,NORMAL,NORMAL,NORMAL,7,0.57,CAUTION,"고열, 구토"
CAT,6,7.0,39.2,87,19,False,False,False,False,False,INCREASED,NORMAL,NORMAL,2,0.0,NORMAL,이상 없음(정상)
CAT,6,5.7,40.1,185,34,False,False,True,True,True,DECREASED,DECREASED,LOW,4,1.0,DANGER,"고열, 빈맥"
CAT,14,3.9,37.9,110,10,False,False,False,False,False,NORMAL,NORMAL,NORMAL,0,0.03,NORMAL,이상 없음(정상)
DOG,7,13.4,38.5,70,23,False,False,False,False,False,NORMAL,NORMAL,HIGH,6,0.06,NORMAL,이상 없음(정상)
DOG,10,9.5,38.8,86,26,True,False,False,False,True,NORMAL,DECREASED,NORMAL,4,0.23,NORMAL,이상 없음(정상)
CAT,10,2.4,40.3,208,54,False,False,False,True,True,NONE,NORMAL,LOW,5,1.0,DANGER,"고열, 빈맥"
DOG,2,14.9,38.6,76,24,False,False,False,False,False,NORMAL,NORMAL,NORMAL,0,0.04,NORMAL,이상 없음(정상)
DOG,11,5.6,38.3,91,32,False,False,False,True,False,NORMAL,NORMAL,NORMAL,2,0.24,NORMAL,이상 없음(정상)
CAT,4,6.9,38.7,87,40,False,False,True,False,False,NORMAL,NORMAL,NORMAL,0,0.45,WATCH,"호흡 급증, 피부 징후"
DOG,4,20.1,38.7,118,28,False,False,False,True,True,NORMAL,NORMAL,HIGH,5,0.42,WATCH,소화기 이상(구토 및 설사)
CAT,7,5.0,38.8,71,18,False,False,False,False,False,NORMAL,NORMAL,NORMAL,0,0.11,NORMAL,이상 없음(정상)
DOG,15,3.8,40.1,98,34,False,False,False,True,False,DECREASED,DECREASED,LOW,5,0.7,CAUTION,"고열, 구토"
DOG,5,25.3,40.3,167,60,False,False,False,True,True,NONE,NORMAL,LOW,7,1.0,DANGER,"고열, 빈맥"
CAT,9,6.2,38.1,91,10,False,False,False,True,False,DECREASED,DECREASED,HIGH,5,0.26,NORMAL,이상 없음(정상)
CAT,11,5.0,38.6,123,28,False,False,False,True,False,NORMAL,NORMAL,NORMAL,6,0.25,NORMAL,이상 없음(정상)
CAT,15,7.2,38.7,82,30,False,False,True,False,False,NORMAL,NORMAL,NORMAL,0,0.14,NORMAL,이상 없음(정상)
DOG,1,11.0,38.6,91,31,False,False,False,False,False,DECREASED,INCREASED,NORMAL,6,0.08,NORMAL,이상 없음(정상)
CAT,15,7.5,38.5,108,10,False,False,False,False,False,NORMAL,DECREASED,LOW,4,0.07,NORMAL,이상 없음(정상)
DOG,13,28.1,38.8,119,27,False,True,True,True,False,NORMAL,INCREASED,LOW,7,0.36,WATCH,"구토, 피부 징후"
CAT,2,7.0,39.0,145,35,True,True,False,True,True,DECREASED,DECREASED,LOW,6,0.62,CAUTION,"소화기 이상(구토 및 설사), 피부 징후"
CAT,14,3.2,38.3,129,12,False,True,False,False,False,NONE,NORMAL,NORMAL,0,0.41,WATCH,"피부 징후, 식욕 절폐"
DOG,13,16.5,38.9,118,19,True,False,False,False,False,NORMAL,DECREASED,LOW,6,0.33,WATCH,"피부 징후, 활동량 저하"
DOG,5,17.1,38.8,130,32,False,True,False,True,False,DECREASED,DECREASED,NORMAL,5,0.46,WATCH,"구토, 피부 징후"
CAT,3,5.8,38.8,83,24,False,True,False,False,False,NORMAL,NORMAL,HIGH,5,0.21,NORMAL,이상 없음(정상)
DOG,15,23.8,40.1,84,28,False,False,False,False,False,NORMAL,INCREASED,NORMAL,0,0.37,WATCH,고열
DOG,7,8.8,38.9,96,12,False,False,False,False,False,NORMAL,NORMAL,NORMAL,0,0.0,NORMAL,이상 없음(정상)
DOG,9,9.7,39.4,127,49,True,False,False,False,False,DECREASED,NORMAL,NORMAL,5,0.62,CAUTION,"미열, 호흡 급증"
DOG,12,22.6,38.3,123,19,False,False,False,False,False,INCREASED,NORMAL,LOW,7,0.02,NORMAL,이상 없음(정상)
DOG,11,25.9,39.0,120,38,False,True,False,True,False,DECREASED,INCREASED,NORMAL,5,0.35,WATCH,"구토, 피부 징후"
CAT,1,7.8,39.6,130,42,False,True,True,True,True,DECREASED,DECREASED,LOW,6,1.0,DANGER,"미열, 호흡 급증"
CAT,12,3.9,38.3,87,31,False,False,False,False,False,NORMAL,INCREASED,NORMAL,0,0.0,NORMAL,이상 없음(정상)
CAT,10,6.9,40.2,169,57,True,True,True,False,True,NORMAL,DECREASED,LOW,1,1.0,DANGER,"고열, 빈맥"
DOG,12,13.4,39.2,94,34,False,False,False,True,False,DECREASED,NORMAL,LOW,2,0.4,WATCH,"구토, 식욕 감소"
CAT,10,4.2,38.5,113,26,False,False,False,False,False,INCREASED,INCREASED,NORMAL,0,0.0,NORMAL,이상 없음(정상)
DOG,1,22.7,39.5,147,56,True,True,False,True,False,INCREASED,DECREASED,LOW,7,1.0,DANGER,"미열, 호흡 급증"
CAT,13,7.8,39.8,153,34,False,True,False,False,True,NONE,DECREASED,LOW,5,1.0,DANGER,"미열, 설사"
CAT,9,7.4,38.6,94,26,False,False,False,True,False,NORMAL,NORMAL,NORMAL,6,0.23,NORMAL,이상 없음(정상)
DOG,5,2.8,40.2,155,59,False,False,False,True,True,NONE,NORMAL,LOW,4,1.0,DANGER,"고열, 호흡 급증"
DOG,4,24.3,39.1,83,37,False,False,False,False,False,NORMAL,NORMAL,HIGH,2,0.1,NORMAL,이상 없음(정상)
CAT,3,4.1,39.2,111,16,False,True,False,False,True,DECREASED,NORMAL,NORMAL,0,0.32,WATCH,"설사, 피부 징후"
DOG,7,20.7,38.4,119,25,False,False,False,False,False,NORMAL,NORMAL,NORMAL,0,0.0,NORMAL,이상 없음(정상)
CAT,2,7.4,38.2,111,22,False,False,False,False,False,NORMAL,NORMAL,NORMAL,0,0.0,NORMAL,이상 없음(정상)
CAT,9,6.0,39.9,180,22,False,True,False,False,False,NORMAL,NORMAL,LOW,6,0.65,CAUTION,"미열, 빈맥"
CAT,10,4.6,38.1,126,10,False,False,False,False,False,DECREASED,NORMAL,NORMAL,1,0.0,NORMAL,이상 없음(정상)
DOG,4,8.5,39.6,134,27,True,False,False,False,True,NORMAL,INCREASED,NORMAL,6,0.45,WATCH,"미열, 설사"
DOG,13,20.1,39.5,161,28,False,False,False,False,False,NORMAL,DECREASED,NORMAL,0,0.47,WATCH,"미열, 빈맥"
DOG,4,11.7,37.7,97,35,False,False,False,False,False,NORMAL,INCREASED,NORMAL,0,0.0,NORMAL,이상 없음(정상)
CAT,14,3.4,40.2,222,56,True,False,False,True,True,NONE,DECREASED,LOW,0,1.0,DANGER,"고열, 빈맥"
DOG,4,23.5,38.9,60,25,True,False,False,True,False,DECREASED,NORMAL,NORMAL,7,0.45,WATCH,"구토, 피부 징후"
CAT,11,7.5,39.4,200,36,True,True,True,False,False,DECREASED,DECREASED,LOW,4,0.72,CAUTION,"미열, 빈맥"
CAT,8,6.4,38.9,145,35,True,False,False,False,False,DECREASED,NORMAL,LOW,7,0.39,WATCH,"피부 징후, 식욕 감소"
DOG,2,14.1,38.1,85,36,True,False,False,False,False,NORMAL,DECREASED,NORMAL,3,0.23,NORMAL,이상 없음(정상)
DOG,13,23.6,39.7,125,23,True,True,False,False,False,DECREASED,DECREASED,LOW,5,0.54,CAUTION,"미열, 피부 징후"
DOG,3,13.9,39.0,74,33,False,False,False,False,False,NORMAL,NORMAL,NORMAL,0,0.14,NORMAL,이상 없음(정상)
CAT,6,5.4,39.6,154,57,True,True,False,True,True,NONE,DECREASED,LOW,3,1.0,DANGER,"미열, 호흡 급증"
DOG,4,25.1,39.3,159,36,True,False,False,False,True,DECREASED,DECREASED,LOW,0,0.62,CAUTION,"미열, 설사"
CAT,4,7.8,37.7,130,19,True,False,False,True,False,NORMAL,NORMAL,LOW,3,0.42,WATCH,"구토, 피부 징후"
CAT,5,7.6,38.4,127,27,True,False,False,False,False,NORMAL,NORMAL,NORMAL,5,0.11,NORMAL,이상 없음(정상)
CAT,14,5.9,38.1,139,10,False,False,False,False,False,NORMAL,NORMAL,NORMAL,0,0.0,NORMAL,이상 없음(정상)
CAT,8,3.9,39.7,142,20,False,False,False,False,False,NORMAL,NORMAL,NORMAL,0,0.08,NORMAL,이상 없음(정상)
DOG,9,11.5,38.8,53,20,False,False,False,False,False,INCREASED,NORMAL,NORMAL,7,0.01,NORMAL,이상 없음(정상)
DOG,6,27.6,37.8,116,30,True,False,False,True,False,DECREASED,DECREASED,NORMAL,6,0.36,WATCH,"구토, 피부 징후"
DOG,10,7.8,38.3,108,25,False,False,False,False,False,NORMAL,NORMAL,NORMAL,0,0.15,NORMAL,이상 없음(정상)
DOG,2,14.0,38.1,107,30,False,True,False,False,False,INCREASED,NORMAL,NORMAL,5,0.06,NORMAL,이상 없음(정상)
DOG,1,8.7,38.8,114,19,False,False,True,False,False,DECREASED,NORMAL,NORMAL,2,0.39,WATCH,"피부 징후, 식욕 감소"
CAT,12,6.6,37.9,124,14,False,False,False,False,False,INCREASED,NORMAL,NORMAL,4,0.0,NORMAL,이상 없음(정상)
CAT,8,4.1,39.1,63,30,True,False,False,True,False,NORMAL,NORMAL,NORMAL,3,0.3,WATCH,"구토, 피부 징후"
DOG,5,16.4,38.7,155,30,False,False,False,True,True,DECREASED,DECREASED,LOW,4,0.62,CAUTION,"소화기 이상(구토 및 설사), 식욕 감소"
CAT,1,7.3,38.9,137,37,False,False,False,True,False,DECREASED,NORMAL,NORMAL,3,0.35,WATCH,"구토, 식욕 감소"
DOG,12,28.9,38.7,107,17,False,False,False,False,False,NORMAL,NORMAL,NORMAL,0,0.01,NORMAL,이상 없음(정상)
DOG,10,15.0,38.4,103,32,False,False,False,True,False,NORMAL,NORMAL,NORMAL,7,0.22,NORMAL,이상 없음(정상)
DOG,2,21.1,38.8,143,28,True,True,False,False,False,DECREASED,NORMAL,LOW,3,0.4,WATCH,"피부 징후, 식욕 감소"
CAT,7,6.7,38.8,124,19,False,False,False,False,False,NORMAL,NORMAL,NORMAL,0,0.0,NORMAL,이상 없음(정상)
DOG,10,24.5,39.5,130,34,False,True,False,False,True,DECREASED,DECREASED,LOW,7,0.87,DANGER,"미열, 설사"
DOG,9,5.0,38.7,109,46,False,False,False,False,False,NORMAL,NORMAL,LOW,6,0.49,WATCH,"호흡 급증, 활동량 저하"
DOG,14,13.2,39.1,95,28,False,True,False,True,True,NORMAL,DECREASED,NORMAL,4,0.5,CAUTION,"소화기 이상(구토 및 설사), 피부 징후"
CAT,7,4.9,38.6,105,15,False,True,False,False,False,NORMAL,NORMAL,NORMAL,0,0.07,NORMAL,이상 없음(정상)
CAT,6,5.2,38.7,135,28,False,False,False,False,False,NORMAL,NORMAL,NORMAL,0,0.0,NORMAL,이상 없음(정상)
DOG,9,17.1,38.1,113,29,False,False,False,False,False,NORMAL,NORMAL,NORMAL,0,0.0,NORMAL,이상 없음(정상)
CAT,12,6.0,39.5,143,38,True,False,True,False,False,NORMAL,DECREASED,LOW,6,0.5,CAUTION,"미열, 피부 징후"
DOG,10,24.8,38.5,100,12,False,False,False,False,False,NORMAL,NORMAL,NORMAL,0,0.0,NORMAL,이상 없음(정상)
DOG,15,13.8,38.8,89,32,False,True,False,False,False,NORMAL,NORMAL,NORMAL,0,0.07,NORMAL,이상 없음(정상)
CAT,14,3.1,39.1,132,15,False,True,False,True,False,DECREASED,NORMAL,LOW,1,0.43,WATCH,"구토, 피부 징후"
CAT,5,4.7,38.1,140,16,False,False,False,False,False,NORMAL,NORMAL,HIGH,6,0.0,NORMAL,이상 없음(정상)
DOG,11,10.8,39.2,152,19,False,False,False,True,False,NONE,NORMAL,NORMAL,1,0.45,WATCH,"구토, 식욕 절폐"
CAT,10,6.0,40.7,171,51,False,False,True,False,True,NONE,NORMAL,NORMAL,5,1.0,DANGER,"고열, 빈맥"
CAT,7,6.1,39.0,138,26,True,False,False,False,False,NORMAL,DECREASED,LOW,3,0.31,WATCH,"피부 징후, 활동량 저하"
DOG,12,5.6,39.7,127,38,False,False,False,True,True,DECREASED,NORMAL,LOW,3,0.73,CAUTION,"미열, 소화기 이상(구토 및 설사)"
DOG,13,7.1,38.6,66,26,False,False,False,False,True,NORMAL,DECREASED,NORMAL,0,0.12,NORMAL,이상 없음(정상)
CAT,11,4.7,39.1,108,10,False,False,False,False,False,NORMAL,NORMAL,NORMAL,0,0.0,NORMAL,이상 없음(정상)
DOG,3,11.4,39.1,178,39,False,True,False,False,False,NORMAL,NORMAL,NORMAL,0,0.34,WATCH,"빈맥, 피부 징후"
DOG,11,4.5,38.3,123,16,True,False,False,False,False,NORMAL,NORMAL,NORMAL,0,0.12,NORMAL,이상 없음(정상)
CAT,3,5.7,38.5,162,51,False,False,False,False,False,NONE,NORMAL,NORMAL,4,0.71,CAUTION,"빈맥, 호흡 급증"
CAT,9,6.1,40.2,137,53,True,True,True,True,True,NONE,DECREASED,LOW,0,1.0,DANGER,"고열, 호흡 급증"
CAT,14,3.3,39.5,90,49,False,False,False,False,True,DECREASED,NORMAL,NORMAL,0,0.62,CAUTION,"미열, 호흡 급증"
DOG,8,10.2,38.8,129,18,False,False,False,False,False,NORMAL,NORMAL,NORMAL,0,0.0,NORMAL,이상 없음(정상)
DOG,14,18.0,39.5,192,36,True,True,True,True,True,DECREASED,NORMAL,LOW,7,1.0,DANGER,"미열, 빈맥"
CAT,1,4.4,39.7,166,53,False,False,False,False,True,DECREASED,DECREASED,LOW,3,1.0,DANGER,"미열, 빈맥"
CAT,1,5.6,38.1,118,28,False,False,False,False,False,NORMAL,NORMAL,NORMAL,0,0.14,NORMAL,이상 없음(정상)
DOG,15,27.8,39.7,133,36,True,False,False,False,False,DECREASED,DECREASED,LOW,6,0.51,CAUTION,"미열, 피부 징후"
DOG,9,25.2,40.7,159,36,True,True,False,True,True,DECREASED,DECREASED,LOW,4,1.0,DANGER,"고열, 소화기 이상(구토 및 설사)"
CAT,3,7.1,39.0,57,20,True,False,False,False,False,NORMAL,NORMAL,NORMAL,2,0.01,NORMAL,이상 없음(정상)
DOG,11,20.7,40.4,151,60,False,True,True,True,True,DECREASED,DECREASED,LOW,4,1.0,DANGER,"고열, 호흡 급증"
DOG,9,22.4,39.4,143,37,False,False,False,True,True,DECREASED,DECREASED,LOW,7,0.69,CAUTION,"미열, 소화기 이상(구토 및 설사)"
DOG,10,16.4,40.0,141,55,True,False,False,False,True,NONE,DECREASED,NORMAL,4,1.0,DANGER,"고열, 호흡 급증"
DOG,14,13.0,38.4,115,30,False,True,False,False,False,NORMAL,NORMAL,NORMAL,0,0.18,NORMAL,이상 없음(정상)
DOG,9,11.4,39.2,131,33,True,False,False,True,False,DECREASED,NORMAL,LOW,2,0.66,CAUTION,"구토, 피부 징후"
DOG,1,26.5,40.1,143,40,False,False,False,False,True,DECREASED,DECREASED,LOW,1,0.97,DANGER,"고열, 호흡 급증"
DOG,4,21.8,40.6,171,47,False,True,True,True,True,NORMAL,INCREASED,LOW,7,1.0,DANGER,"고열, 빈맥"
CAT,14,2.2,39.1,94,25,False,False,False,False,True,DECREASED,NORMAL,NORMAL,1,0.34,WATCH,"설사, 식욕 감소"
DOG,14,29.4,39.8,119,48,True,False,False,False,False,NORMAL,DECREASED,NORMAL,7,0.58,CAUTION,"미열, 호흡 급증"
CAT,3,5.6,39.7,83,16,False,False,False,False,False,NORMAL,NORMAL,NORMAL,0,0.14,NORMAL,이상 없음(정상)
CAT,3,5.6,38.3,99,29,True,False,False,False,False,NORMAL,NORMAL,NORMAL,4,0.14,NORMAL,이상 없음(정상)
DOG,4,27.4,39.5,133,40,False,True,False,False,False,NORMAL,NORMAL,NORMAL,0,0.63,CAUTION,"미열, 호흡 급증"
CAT,12,5.6,39.1,140,22,False,True,False,True,False,NONE,DECREASED,HIGH,6,0.58,CAUTION,"구토, 피부 징후"
CAT,3,4.0,37.8,61,25,False,False,False,False,False,INCREASED,NORMAL,NORMAL,7,0.04,NORMAL,이상 없음(정상)
CAT,5,6.8,39.4,156,42,False,False,False,False,False,DECREASED,DECREASED,HIGH,7,0.55,CAUTION,"미열, 호흡 급증"
DOG,3,28.1,39.7,66,21,False,False,False,False,False,NORMAL,NORMAL,NORMAL,0,0.2,NORMAL,이상 없음(정상)
DOG,1,29.1,38.7,118,28,False,False,False,True,False,INCREASED,NORMAL,NORMAL,2,0.23,NORMAL,이상 없음(정상)
CAT,7,6.5,40.8,200,54,True,True,True,True,True,NONE,NORMAL,LOW,6,1.0,DANGER,"고열, 빈맥"
DOG,14,3.1,39.7,170,37,False,False,True,False,False,NORMAL,INCREASED,LOW,4,0.5,CAUTION,"미열, 빈맥"
DOG,2,23.6,39.2,100,24,False,False,False,False,False,NORMAL,INCREASED,LOW,4,0.1,NORMAL,이상 없음(정상)
CAT,14,6.0,39.5,145,27,False,False,False,True,False,DECREASED,NORMAL,NORMAL,1,0.5,CAUTION,"미열, 구토"
CAT,6,3.3,38.8,126,22,True,False,False,True,False,DECREASED,NORMAL,NORMAL,6,0.43,WATCH,"구토, 피부 징후"
CAT,9,4.2,38.6,103,41,True,False,False,False,False,NORMAL,NORMAL,HIGH,5,0.36,WATCH,"호흡 급증, 피부 징후"
CAT,2,3.7,39.5,219,51,False,False,True,True,True,NONE,DECREASED,LOW,0,1.0,DANGER,"미열, 빈맥"
CAT,11,4.6,38.5,57,30,False,False,False,False,False,NORMAL,NORMAL,NORMAL,0,0.06,NORMAL,이상 없음(정상)
CAT,10,6.3,39.0,90,33,False,True,False,False,False,DECREASED,NORMAL,NORMAL,7,0.33,WATCH,"피부 징후, 식욕 감소"
CAT,9,7.1,38.8,119,27,False,True,False,False,False,DECREASED,NORMAL,NORMAL,3,0.3,WATCH,"피부 징후, 식욕 감소"
CAT,10,2.4,39.2,99,26,False,False,False,True,False,DECREASED,NORMAL,LOW,6,0.48,WATCH,"구토, 식욕 감소"
DOG,2,7.1,37.7,115,26,False,False,False,False,False,NORMAL,NORMAL,NORMAL,0,0.09,NORMAL,이상 없음(정상)
DOG,14,18.9,38.3,106,37,False,False,False,False,True,NORMAL,DECREASED,NORMAL,7,0.22,NORMAL,이상 없음(정상)
CAT,5,3.4,39.2,122,19,False,True,False,False,True,DECREASED,NORMAL,LOW,1,0.48,WATCH,"설사, 피부 징후"
CAT,14,2.6,40.7,157,34,False,False,False,False,True,NORMAL,DECREASED,LOW,6,0.52,CAUTION,"고열, 설사"
CAT,14,2.9,39.1,88,22,False,True,False,True,False,NORMAL,INCREASED,LOW,1,0.46,WATCH,"구토, 피부 징후"
CAT,1,6.3,39.3,62,28,False,False,False,False,False,NORMAL,NORMAL,NORMAL,0,0.19,NORMAL,이상 없음(정상)
DOG,12,26.5,39.9,200,44,True,True,False,True,True,NONE,DECREASED,LOW,1,1.0,DANGER,"미열, 빈맥"
DOG,13,14.6,39.3,160,26,False,False,False,False,False,DECREASED,INCREASED,HIGH,5,0.41,WATCH,"미열, 빈맥"
DOG,14,18.2,38.5,101,26,False,False,True,False,False,NORMAL,NORMAL,NORMAL,0,0.21,NORMAL,이상 없음(정상)
DOG,3,13.1,37.9,63,24,False,False,False,False,False,NORMAL,NORMAL,LOW,1,0.14,NORMAL,이상 없음(정상)
DOG,9,3.3,39.8,141,41,False,False,False,False,False,NORMAL,DECREASED,LOW,1,0.65,CAUTION,"미열, 호흡 급증"
CAT,3,4.5,39.3,132,34,True,True,True,False,True,NORMAL,NORMAL,LOW,3,0.56,CAUTION,"미열, 설사"
CAT,5,5.3,38.5,95,36,False,False,False,False,False,NORMAL,NORMAL,NORMAL,0,0.0,NORMAL,이상 없음(정상)
DOG,13,14.0,38.4,98,30,False,True,False,False,False,NORMAL,DECREASED,NORMAL,0,0.19,NORMAL,이상 없음(정상)
CAT,9,3.9,39.7,178,29,False,False,True,False,False,DECREASED,DECREASED,LOW,2,0.66,CAUTION,"미열, 빈맥"
CAT,7,6.0,38.8,123,50,False,True,False,False,True,DECREASED,NORMAL,NORMAL,5,0.7,CAUTION,"호흡 급증, 설사"
CAT,10,3.8,38.1,82,28,False,False,False,False,False,NONE,NORMAL,NORMAL,4,0.27,NORMAL,이상 없음(정상)
CAT,3,7.8,37.4,104,21,True,False,False,False,False,NORMAL,NORMAL,NORMAL,6,0.15,NORMAL,이상 없음(정상)
DOG,1,3.9,39.5,189,45,True,False,False,True,True,DECREASED,DECREASED,NORMAL,7,1.0,DANGER,"미열, 빈맥"
DOG,14,11.8,39.3,160,38,True,False,False,False,False,DECREASED,DECREASED,NORMAL,2,0.71,CAUTION,"미열, 빈맥"
CAT,9,3.3,38.9,129,32,False,False,False,False,True,NORMAL,NORMAL,HIGH,1,0.0,NORMAL,이상 없음(정상)
DOG,15,8.7,39.4,179,33,False,False,True,False,False,DECREASED,DECREASED,LOW,7,0.66,CAUTION,"미열, 빈맥"
DOG,3,25.5,38.8,96,10,False,False,False,True,False,NORMAL,NORMAL,NORMAL,1,0.25,NORMAL,이상 없음(정상)
CAT,15,5.4,38.2,98,14,False,False,False,False,False,NORMAL,NORMAL,NORMAL,0,0.0,NORMAL,이상 없음(정상)
DOG,8,3.3,39.3,108,12,False,True,False,False,False,NORMAL,INCREASED,NORMAL,0,0.44,WATCH,"미열, 피부 징후"
CAT,3,6.7,39.2,107,21,False,False,False,False,False,INCREASED,DECREASED,NORMAL,2,0.01,NORMAL,이상 없음(정상)
DOG,3,6.1,39.7,120,48,True,False,True,False,True,DECREASED,NORMAL,NORMAL,3,0.72,CAUTION,"미열, 호흡 급증"
CAT,13,7.6,38.7,114,35,True,False,False,True,False,NORMAL,INCREASED,NORMAL,6,0.42,WATCH,"구토, 피부 징후"
DOG,1,25.4,38.4,123,15,False,False,False,False,False,NORMAL,NORMAL,NORMAL,0,0.01,NORMAL,이상 없음(정상)
CAT,8,5.7,39.1,101,27,False,False,False,False,False,NORMAL,NORMAL,NORMAL,0,0.07,NORMAL,이상 없음(정상)
DOG,13,16.8,39.5,148,26,False,True,False,False,False,DECREASED,NORMAL,NORMAL,3,0.41,WATCH,"미열, 피부 징후"
CAT,5,3.9,40.3,172,45,True,True,False,True,True,DECREASED,NORMAL,LOW,3,1.0,DANGER,"고열, 빈맥"
CAT,5,7.9,39.1,97,30,False,False,False,False,False,NORMAL,NORMAL,NORMAL,0,0.0,NORMAL,이상 없음(정상)
CAT,4,4.2,39.6,141,54,True,False,True,True,True,NONE,NORMAL,LOW,7,1.0,DANGER,"미열, 호흡 급증"
CAT,14,7.3,39.4,115,15,False,False,False,False,False,NORMAL,NORMAL,NORMAL,0,0.25,NORMAL,이상 없음(정상)
DOG,3,14.1,39.6,151,34,False,True,False,False,True,NORMAL,INCREASED,NORMAL,1,0.47,WATCH,"미열, 설사"
DOG,5,6.1,39.6,91,33,True,True,False,False,False,NORMAL,NORMAL,NORMAL,0,0.4,WATCH,"미열, 피부 징후"
CAT,15,2.5,39.0,112,23,False,False,True,False,False,INCREASED,NORMAL,NORMAL,2,0.28,NORMAL,이상 없음(정상)
CAT,3,3.9,37.9,101,29,False,False,False,True,False,NORMAL,NORMAL,NORMAL,3,0.25,NORMAL,이상 없음(정상)
DOG,7,24.5,38.3,136,21,False,False,False,False,False,NORMAL,NORMAL,NORMAL,0,0.0,NORMAL,이상 없음(정상)
DOG,13,13.5,40.5,130,42,True,False,False,True,True,NONE,DECREASED,NORMAL,0,1.0,DANGER,"고열, 호흡 급증"
CAT,10,3.9,38.7,150,28,False,False,True,False,True,NORMAL,NORMAL,NORMAL,3,0.3,WATCH,"설사, 피부 징후"
CAT,7,7.9,39.7,183,52,False,False,False,True,True,DECREASED,DECREASED,NORMAL,2,1.0,DANGER,"미열, 빈맥"
DOG,14,22.1,38.9,159,29,False,False,False,True,False,DECREASED,NORMAL,LOW,6,0.3,WATCH,"구토, 식욕 감소"
DOG,10,15.2,39.0,91,15,False,False,False,False,False,NORMAL,NORMAL,NORMAL,0,0.0,NORMAL,이상 없음(정상)
CAT,8,6.9,41.3,202,64,False,False,False,False,True,NONE,DECREASED,LOW,6,1.0,DANGER,"고열, 빈맥"
DOG,14,29.1,39.7,148,34,False,False,False,False,True,DECREASED,NORMAL,LOW,0,0.63,CAUTION,"미열, 설사"
DOG,12,9.1,38.3,99,32,False,False,False,False,False,NONE,NORMAL,NORMAL,2,0.19,NORMAL,이상 없음(정상)
CAT,14,6.8,39.5,139,31,False,False,False,False,True,NORMAL,NORMAL,HIGH,7,0.41,WATCH,"미열, 설사"
CAT,5,3.2,38.6,129,45,False,False,False,False,False,DECREASED,INCREASED,LOW,0,0.51,CAUTION,"호흡 급증, 식욕 감소"
CAT,3,3.7,40.3,130,52,True,False,False,True,False,NONE,DECREASED,LOW,5,1.0,DANGER,"고열, 호흡 급증"
CAT,1,2.6,39.7,142,38,False,False,False,False,False,NONE,NORMAL,LOW,0,0.66,CAUTION,"미열, 식욕 절폐"
CAT,9,4.5,38.2,123,24,False,False,False,False,True,NORMAL,NORMAL,NORMAL,2,0.21,NORMAL,이상 없음(정상)
CAT,5,5.4,39.9,197,42,False,True,False,True,False,NONE,DECREASED,LOW,5,1.0,DANGER,"미열, 빈맥"
DOG,13,19.2,39.5,112,38,False,False,False,False,True,NORMAL,NORMAL,LOW,6,0.32,WATCH,"미열, 설사"
CAT,1,5.6,38.9,123,28,False,False,True,False,False,NORMAL,NORMAL,NORMAL,0,0.0,NORMAL,이상 없음(정상)
CAT,7,3.1,38.6,127,33,True,False,False,False,False,NORMAL,NORMAL,NORMAL,2,0.17,NORMAL,이상 없음(정상)
CAT,9,6.7,40.0,157,54,False,False,True,True,True,NONE,NORMAL,LOW,2,1.0,DANGER,"고열, 호흡 급증"
CAT,13,3.6,38.2,93,20,False,False,False,False,True,NORMAL,NORMAL,NORMAL,7,0.13,NORMAL,이상 없음(정상)
DOG,9,16.5,40.6,144,51,False,False,True,True,True,DECREASED,NORMAL,LOW,3,1.0,DANGER,"고열, 호흡 급증"
DOG,1,19.3,40.0,130,50,False,False,True,True,False,NONE,DECREASED,LOW,5,1.0,DANGER,"고열, 호흡 급증"
DOG,3,18.7,39.3,85,25,True,False,False,False,False,NORMAL,NORMAL,NORMAL,3,0.4,WATCH,"미열, 피부 징후"
CAT,6,3.5,39.0,142,44,False,False,True,True,True,NORMAL,NORMAL,NORMAL,3,0.71,CAUTION,"호흡 급증, 소화기 이상(구토 및 설사)"
DOG,1,10.3,37.9,111,30,False,False,False,False,False,NORMAL,NORMAL,NORMAL,0,0.09,NORMAL,이상 없음(정상)
CAT,3,7.8,38.6,109,12,False,False,False,False,True,NONE,INCREASED,HIGH,4,0.47,WATCH,"설사, 식욕 절폐"
CAT,12,4.7,38.5,128,26,False,False,False,False,False,NORMAL,NORMAL,NORMAL,0,0.0,NORMAL,이상 없음(정상)
DOG,2,29.8,40.4,145,46,False,True,False,False,False,DECREASED,NORMAL,LOW,6,1.0,DANGER,"고열, 호흡 급증"
DOG,3,16.2,40.5,190,49,True,False,False,False,True,DECREASED,INCREASED,LOW,3,1.0,DANGER,"고열, 빈맥"
DOG,3,3.8,39.8,143,33,True,True,True,True,False,DECREASED,DECREASED,HIGH,6,0.73,CAUTION,"미열, 구토"
CAT,12,7.0,38.9,128,18,False,False,False,False,False,DECREASED,NORMAL,NORMAL,3,0.03,NORMAL,이상 없음(정상)
DOG,3,25.6,38.2,114,29,False,False,False,False,False,DECREASED,INCREASED,NORMAL,6,0.03,NORMAL,이상 없음(정상)
CAT,10,2.5,38.5,109,33,False,False,False,True,False,NORMAL,NORMAL,NORMAL,6,0.24,NORMAL,이상 없음(정상)
CAT,3,6.2,38.9,117,22,False,False,False,False,False,NORMAL,NORMAL,NORMAL,0,0.0,NORMAL,이상 없음(정상)
DOG,15,5.4,39.5,89,36,False,False,False,False,False,NORMAL,NORMAL,NORMAL,0,0.22,NORMAL,이상 없음(정상)
DOG,11,12.1,39.6,202,37,False,True,True,False,True,NONE,DECREASED,NORMAL,4,1.0,DANGER,"미열, 빈맥"
CAT,3,7.3,37.9,154,31,True,False,False,False,False,NORMAL,NORMAL,HIGH,7,0.14,NORMAL,이상 없음(정상)
DOG,4,28.1,39.4,200,48,False,False,False,False,False,NORMAL,INCREASED,LOW,1,0.73,CAUTION,"미열, 빈맥"
CAT,1,2.4,39.7,126,37,True,True,False,False,True,NORMAL,DECREASED,LOW,6,0.74,CAUTION,"미열, 설사"
DOG,9,28.8,40.7,159,34,True,True,False,True,True,DECREASED,DECREASED,NORMAL,4,0.83,DANGER,"고열, 소화기 이상(구토 및 설사)"
CAT,4,3.3,38.9,137,22,False,False,False,False,False,NORMAL,NORMAL,NORMAL,0,0.0,NORMAL,이상 없음(정상)
CAT,6,4.0,38.8,93,10,False,False,False,False,False,NORMAL,NORMAL,NORMAL,0,0.0,NORMAL,이상 없음(정상)
CAT,2,3.1,39.3,117,15,False,False,False,False,False,DECREASED,NORMAL,LOW,7,0.43,WATCH,"미열, 식욕 감소"
DOG,9,11.4,39.8,101,34,True,False,False,True,True,NORMAL,DECREASED,NORMAL,4,0.68,CAUTION,"미열, 소화기 이상(구토 및 설사)"
DOG,10,22.5,38.6,112,21,False,False,True,False,True,NORMAL,NORMAL,LOW,5,0.32,WATCH,"설사, 피부 징후"
DOG,3,25.2,39.9,197,41,False,True,False,True,True,DECREASED,DECREASED,LOW,7,1.0,DANGER,"미열, 빈맥"
DOG,6,4.9,40.7,162,43,False,True,True,False,True,NONE,DECREASED,LOW,1,1.0,DANGER,"고열, 빈맥"
CAT,1,3.7,40.5,130,61,True,False,False,True,True,NONE,NORMAL,LOW,6,1.0,DANGER,"고열, 호흡 급증"
DOG,13,15.0,39.4,139,41,False,False,False,True,False,NORMAL,DECREASED,LOW,7,0.73,CAUTION,"미열, 호흡 급증"
DOG,15,9.8,39.4,175,22,False,False,False,False,False,DECREASED,NORMAL,LOW,1,0.57,CAUTION,"미열, 빈맥"
CAT,11,6.5,38.8,117,19,False,False,True,False,True,NORMAL,NORMAL,NORMAL,7,0.23,NORMAL,이상 없음(정상)
DOG,6,21.4,40.1,151,41,True,True,True,True,True,NONE,NORMAL,LOW,4,1.0,DANGER,"고열, 호흡 급증"
CAT,14,2.9,39.8,129,37,False,False,False,True,False,DECREASED,DECREASED,LOW,3,0.57,CAUTION,"미열, 구토"
CAT,15,2.2,40.3,177,57,True,False,False,True,True,NONE,NORMAL,LOW,5,1.0,DANGER,"고열, 빈맥"
CAT,14,5.5,38.9,141,29,False,False,False,False,False,NORMAL,NORMAL,NORMAL,0,0.0,NORMAL,이상 없음(정상)
CAT,13,3.0,38.1,88,25,True,True,False,False,False,NORMAL,NORMAL,HIGH,7,0.16,NORMAL,이상 없음(정상)
DOG,7,4.6,39.5,152,36,False,True,True,True,False,DECREASED,NORMAL,NORMAL,3,0.74,CAUTION,"미열, 구토"
DOG,10,20.8,38.5,200,37,False,False,False,True,True,DECREASED,DECREASED,NORMAL,7,0.66,CAUTION,"빈맥, 소화기 이상(구토 및 설사)"
DOG,11,10.6,38.9,137,24,False,False,False,False,False,NORMAL,NORMAL,LOW,0,0.04,NORMAL,이상 없음(정상)
DOG,15,8.3,40.0,181,37,True,False,False,False,False,NONE,NORMAL,LOW,7,1.0,DANGER,"고열, 빈맥"
DOG,13,22.0,40.0,139,36,False,False,False,False,False,DECREASED,NORMAL,LOW,2,0.66,CAUTION,"고열, 식욕 감소"
CAT,1,7.3,39.3,120,29,True,False,False,False,False,NORMAL,NORMAL,LOW,1,0.39,WATCH,"미열, 피부 징후"
CAT,15,2.7,38.7,95,23,False,False,False,True,False,NORMAL,DECREASED,NORMAL,1,0.41,WATCH,구토
DOG,14,27.1,38.7,156,46,False,False,False,False,False,NORMAL,NORMAL,LOW,3,0.39,WATCH,"호흡 급증, 활동량 저하"
CAT,10,4.3,39.1,136,37,True,False,False,False,False,DECREASED,NORMAL,NORMAL,4,0.34,WATCH,"피부 징후, 식욕 감소"
DOG,14,13.3,39.5,129,29,False,False,True,True,False,DECREASED,INCREASED,HIGH,1,0.72,CAUTION,"미열, 구토"
DOG,14,16.2,39.0,156,22,True,False,True,True,False,DECREASED,NORMAL,NORMAL,0,0.52,CAUTION,"구토, 피부 징후"
CAT,4,3.3,40.6,166,47,False,True,False,True,True,DECREASED,DECREASED,LOW,7,1.0,DANGER,"고열, 빈맥"
DOG,15,28.6,39.6,165,36,True,False,False,False,True,DECREASED,DECREASED,LOW,3,0.88,DANGER,"미열, 빈맥"
DOG,5,27.9,39.5,113,37,True,True,True,True,False,DECREASED,NORMAL,NORMAL,2,0.69,CAUTION,"미열, 구토"
DOG,3,29.1,40.0,141,59,True,False,False,True,True,DECREASED,DECREASED,LOW,4,1.0,DANGER,"고열, 호흡 급증"
DOG,14,12.3,39.0,93,19,True,False,True,True,False,DECREASED,INCREASED,HIGH,2,0.49,WATCH,"구토, 피부 징후"
DOG,7,2.7,39.8,128,45,False,True,False,False,False,NORMAL,NORMAL,LOW,0,0.72,CAUTION,"미열, 호흡 급증"
DOG,1,23.6,39.1,107,29,False,False,False,True,False,NORMAL,NORMAL,LOW,3,0.43,WATCH,"구토, 활동량 저하"
CAT,3,6.7,40.7,176,49,True,True,True,True,False,NONE,DECREASED,NORMAL,1,1.0,DANGER,"고열, 빈맥"
DOG,6,11.9,39.8,93,43,False,False,False,False,True,NORMAL,DECREASED,LOW,0,0.7,CAUTION,"미열, 호흡 급증"
DOG,7,28.5,38.9,103,31,False,False,False,True,False,DECREASED,DECREASED,LOW,0,0.32,WATCH,"구토, 식욕 감소"
CAT,9,3.1,39.9,180,44,False,False,True,True,False,DECREASED,NORMAL,LOW,5,1.0,DANGER,"미열, 빈맥"
DOG,9,17.5,39.3,148,41,False,False,False,True,False,DECREASED,DECREASED,NORMAL,1,0.64,CAUTION,"미열, 호흡 급증"
DOG,9,28.6,39.8,174,37,True,False,False,True,False,DECREASED,DECREASED,LOW,2,0.93,DANGER,"미열, 빈맥"
DOG,5,5.1,39.2,143,35,True,True,False,True,True,DECREASED,DECREASED,NORMAL,3,0.6,CAUTION,"소화기 이상(구토 및 설사), 피부 징후"
CAT,2,2.0,39.0,109,29,True,False,False,False,False,NORMAL,NORMAL,NORMAL,5,0.19,NORMAL,이상 없음(정상)
CAT,11,6.4,38.6,123,18,False,False,False,True,True,NORMAL,DECREASED,LOW,6,0.46,WATCH,"소화기 이상(구토 및 설사), 활동량 저하"
DOG,5,9.9,39.0,111,30,False,False,False,True,False,DECREASED,NORMAL,NORMAL,2,0.36,WATCH,"구토, 식욕 감소"
CAT,5,4.9,39.4,147,34,False,False,False,False,False,DECREASED,DECREASED,NORMAL,0,0.39,WATCH,"미열, 식욕 감소"
DOG,13,8.4,39.6,172,22,False,False,False,False,False,NORMAL,NORMAL,NORMAL,0,0.33,WATCH,"미열, 빈맥"
CAT,9,6.6,40.6,204,40,True,True,False,False,False,DECREASED,NORMAL,LOW,0,1.0,DANGER,"고열, 빈맥"
CAT,15,4.0,39.0,82,27,False,False,False,False,False,NORMAL,NORMAL,NORMAL,0,0.0,NORMAL,이상 없음(정상)
DOG,1,21.3,38.6,129,31,False,False,False,False,False,NORMAL,NORMAL,NORMAL,0,0.0,NORMAL,이상 없음(정상)
DOG,14,23.4,39.0,159,25,False,False,False,False,False,NONE,NORMAL,NORMAL,2,0.42,WATCH,식욕 절폐
CAT,12,4.0,39.8,119,37,False,False,False,True,False,DECREASED,DECREASED,LOW,5,0.57,CAUTION,"미열, 구토"
CAT,13,7.1,38.5,127,30,False,False,False,False,False,NORMAL,NORMAL,NORMAL,0,0.06,NORMAL,이상 없음(정상)
CAT,3,5.6,39.5,85,32,True,False,False,False,False,NORMAL,NORMAL,NORMAL,6,0.42,WATCH,"미열, 피부 징후"
DOG,6,15.4,39.3,162,31,False,False,False,True,False,NORMAL,DECREASED,LOW,1,0.6,CAUTION,"미열, 빈맥"
CAT,8,3.7,39.0,70,10,False,False,False,False,False,NORMAL,NORMAL,NORMAL,0,0.05,NORMAL,이상 없음(정상)
DOG,12,26.8,37.8,102,11,False,False,False,False,False,NORMAL,NORMAL,NORMAL,0,0.13,NORMAL,이상 없음(정상)
CAT,14,5.3,38.6,117,34,True,True,False,False,True,INCREASED,NORMAL,LOW,3,0.43,WATCH,"설사, 피부 징후"
DOG,5,24.7,39.8,135,28,True,False,False,False,False,INCREASED,NORMAL,NORMAL,6,0.33,WATCH,"미열, 피부 징후"
CAT,2,4.9,38.7,166,21,False,False,True,False,False,DECREASED,NORMAL,HIGH,1,0.34,WATCH,"빈맥, 피부 징후"
DOG,15,5.5,39.4,142,22,False,True,False,False,True,DECREASED,NORMAL,LOW,4,0.6,CAUTION,"미열, 설사"
CAT,8,3.7,38.9,111,24,False,False,False,False,False,NORMAL,NORMAL,HIGH,6,0.0,NORMAL,이상 없음(정상)
DOG,3,22.0,39.2,156,32,True,True,False,False,False,DECREASED,NORMAL,NORMAL,2,0.45,WATCH,"피부 징후, 식욕 감소"
CAT,3,3.3,38.5,156,12,False,True,False,False,True,NORMAL,INCREASED,LOW,3,0.49,WATCH,"설사, 피부 징후"
DOG,8,28.2,37.0,96,16,False,False,False,False,False,NORMAL,INCREASED,NORMAL,0,0.0,NORMAL,이상 없음(정상)
CAT,15,3.9,38.8,131,21,True,False,False,True,False,DECREASED,INCREASED,NORMAL,0,0.34,WATCH,"구토, 피부 징후"
CAT,11,7.3,37.9,107,33,False,False,False,False,False,NORMAL,NORMAL,NORMAL,0,0.03,NORMAL,이상 없음(정상)
DOG,2,9.0,39.2,89,34,False,False,False,True,False,INCREASED,NORMAL,LOW,4,0.33,WATCH,"구토, 활동량 저하"
DOG,5,9.9,40.1,198,42,False,True,False,False,True,NONE,DECREASED,LOW,2,1.0,DANGER,"고열, 빈맥"
DOG,10,4.6,39.6,92,41,False,True,False,False,False,DECREASED,DECREASED,NORMAL,7,0.59,CAUTION,"미열, 호흡 급증"
DOG,8,22.7,39.3,124,48,False,False,True,False,False,DECREASED,NORMAL,LOW,2,0.65,CAUTION,"미열, 호흡 급증"
DOG,15,27.9,38.5,93,20,False,False,False,False,False,NORMAL,NORMAL,NORMAL,0,0.0,NORMAL,이상 없음(정상)
DOG,15,3.1,38.4,85,12,False,False,False,False,False,NORMAL,NORMAL,NORMAL,0,0.0,NORMAL,이상 없음(정상)
DOG,10,25.5,38.1,135,14,False,False,False,False,False,NORMAL,NORMAL,HIGH,2,0.09,NORMAL,이상 없음(정상)
DOG,13,11.5,38.9,116,29,False,False,False,False,False,NORMAL,NORMAL,NORMAL,0,0.19,NORMAL,이상 없음(정상)
CAT,11,7.9,39.4,146,45,True,True,False,False,False,DECREASED,DECREASED,LOW,3,0.74,CAUTION,"미열, 호흡 급증"
CAT,7,6.0,40.4,199,65,False,False,False,True,True,NONE,INCREASED,LOW,5,1.0,DANGER,"고열, 빈맥"
DOG,12,18.7,40.1,156,38,True,False,False,False,False,DECREASED,NORMAL,NORMAL,0,0.72,CAUTION,"고열, 피부 징후"
DOG,11,2.9,39.9,177,35,True,False,False,True,False,NORMAL,NORMAL,NORMAL,3,0.65,CAUTION,"미열, 빈맥"
DOG,6,18.4,37.9,65,26,False,False,False,False,False,NORMAL,NORMAL,NORMAL,0,0.0,NORMAL,이상 없음(정상)
DOG,10,27.9,38.8,97,32,False,False,False,False,False,NORMAL,NORMAL,NORMAL,0,0.03,NORMAL,이상 없음(정상)
CAT,8,2.4,38.0,73,28,False,False,True,False,False,NORMAL,NORMAL,NORMAL,0,0.2,NORMAL,이상 없음(정상)
CAT,15,8.0,38.7,119,22,False,True,False,False,False,NORMAL,NORMAL,NORMAL,0,0.03,NORMAL,이상 없음(정상)
DOG,1,7.8,40.5,230,57,False,True,False,True,True,NORMAL,DECREASED,LOW,7,1.0,DANGER,"고열, 빈맥"
CAT,15,4.0,38.2,123,30,False,False,False,True,False,NORMAL,NORMAL,NORMAL,0,0.15,NORMAL,이상 없음(정상)
DOG,13,20.7,39.2,88,15,True,True,False,True,False,DECREASED,INCREASED,HIGH,1,0.43,WATCH,"구토, 피부 징후"
DOG,4,8.8,40.2,183,44,False,True,True,False,True,NONE,DECREASED,LOW,2,1.0,DANGER,"고열, 빈맥"
DOG,9,15.0,39.1,94,20,False,False,False,False,False,DECREASED,NORMAL,NORMAL,5,0.09,NORMAL,이상 없음(정상)
DOG,7,16.5,38.7,151,36,False,True,False,True,False,DECREASED,DECREASED,LOW,5,0.49,WATCH,"구토, 피부 징후"
DOG,8,26.3,38.7,112,34,True,False,False,False,False,DECREASED,NORMAL,NORMAL,4,0.33,WATCH,"피부 징후, 식욕 감소"
DOG,6,9.8,39.9,162,34,False,True,True,True,True,NORMAL,DECREASED,LOW,5,1.0,DANGER,"미열, 빈맥"
DOG,8,24.8,39.4,160,28,False,False,False,False,False,NORMAL,NORMAL,NORMAL,0,0.44,WATCH,"미열, 빈맥"
DOG,9,3.4,37.4,129,20,False,False,False,False,False,NORMAL,NORMAL,NORMAL,0,0.0,NORMAL,이상 없음(정상)
DOG,9,12.4,38.7,159,35,True,True,False,False,False,DECREASED,DECREASED,LOW,2,0.34,WATCH,"피부 징후, 식욕 감소"
DOG,10,12.4,38.4,121,24,True,False,False,False,False,NORMAL,NORMAL,NORMAL,6,0.0,NORMAL,이상 없음(정상)
DOG,11,28.5,37.4,132,32,False,False,False,False,False,NORMAL,NORMAL,NORMAL,0,0.0,NORMAL,이상 없음(정상)
DOG,10,20.7,39.5,172,56,True,True,False,True,True,DECREASED,DECREASED,LOW,4,1.0,DANGER,"미열, 빈맥"
DOG,6,29.8,39.2,114,36,False,True,False,True,False,NORMAL,NORMAL,LOW,6,0.61,CAUTION,"구토, 피부 징후"
DOG,9,14.7,40.5,176,39,True,True,True,True,False,DECREASED,DECREASED,NORMAL,0,1.0,DANGER,"고열, 빈맥"
CAT,3,7.8,38.3,120,19,False,False,False,False,False,NORMAL,NORMAL,HIGH,5,0.0,NORMAL,이상 없음(정상)
CAT,3,6.3,39.7,92,31,False,False,False,False,True,DECREASED,DECREASED,LOW,6,0.6,CAUTION,"미열, 설사"
DOG,14,11.2,38.3,169,27,False,False,False,False,True,NORMAL,INCREASED,LOW,7,0.47,WATCH,"빈맥, 설사"
DOG,5,26.5,40.0,172,61,True,False,True,True,True,NONE,DECREASED,LOW,6,1.0,DANGER,"고열, 빈맥"
CAT,6,4.7,39.5,159,38,True,True,False,False,True,NORMAL,NORMAL,NORMAL,1,0.48,WATCH,"미열, 설사"
DOG,5,6.8,40.4,173,34,False,False,False,False,True,NORMAL,DECREASED,LOW,7,0.78,DANGER,"고열, 빈맥"
DOG,4,11.0,39.4,123,38,True,True,False,False,True,DECREASED,NORMAL,NORMAL,3,0.52,CAUTION,"미열, 설사"
DOG,1,8.1,38.9,91,20,False,False,False,False,False,NORMAL,DECREASED,NORMAL,0,0.0,NORMAL,이상 없음(정상)
DOG,2,27.4,39.3,103,15,False,False,True,False,False,NORMAL,NORMAL,HIGH,7,0.26,NORMAL,이상 없음(정상)
CAT,5,2.8,39.0,132,37,False,False,False,False,False,NORMAL,NORMAL,NORMAL,0,0.01,NORMAL,이상 없음(정상)
DOG,14,24.3,39.4,148,17,False,False,True,False,False,DECREASED,INCREASED,NORMAL,7,0.39,WATCH,"미열, 피부 징후"
CAT,11,3.1,39.3,139,35,False,True,False,False,False,INCREASED,NORMAL,HIGH,0,0.31,WATCH,"미열, 피부 징후"
CAT,13,7.3,38.2,140,29,False,True,False,False,False,INCREASED,NORMAL,NORMAL,6,0.22,NORMAL,이상 없음(정상)
CAT,5,4.6,39.8,120,33,False,False,True,False,False,DECREASED,DECREASED,LOW,3,0.59,CAUTION,"미열, 피부 징후"
CAT,8,6.0,38.6,101,22,False,False,False,False,False,NORMAL,NORMAL,NORMAL,0,0.06,NORMAL,이상 없음(정상)
CAT,11,5.9,38.9,106,31,False,False,False,False,False,NORMAL,NORMAL,HIGH,4,0.0,NORMAL,이상 없음(정상)
CAT,12,5.7,39.8,95,29,True,False,True,True,False,DECREASED,NORMAL,NORMAL,2,0.64,CAUTION,"미열, 구토"
DOG,3,4.1,37.6,105,20,True,False,False,False,False,NORMAL,NORMAL,NORMAL,0,0.13,NORMAL,이상 없음(정상)
DOG,6,23.0,38.9,112,14,False,True,False,False,True,NORMAL,NORMAL,NORMAL,0,0.3,WATCH,"설사, 피부 징후"
CAT,15,2.6,38.4,162,31,False,True,False,False,False,NORMAL,NORMAL,NORMAL,0,0.39,WATCH,"빈맥, 피부 징후"
DOG,1,21.3,39.2,189,30,False,False,False,False,True,NONE,DECREASED,NORMAL,5,0.61,CAUTION,"빈맥, 설사"
DOG,5,9.6,38.8,111,27,False,False,False,False,False,INCREASED,DECREASED,NORMAL,2,0.0,NORMAL,이상 없음(정상)
CAT,10,5.0,40.0,195,62,True,True,False,False,False,NONE,DECREASED,LOW,7,1.0,DANGER,"고열, 빈맥"
CAT,8,4.5,38.9,126,26,False,True,False,False,True,DECREASED,INCREASED,NORMAL,5,0.43,WATCH,"설사, 피부 징후"
CAT,1,6.4,40.0,130,35,False,True,True,True,True,DECREASED,DECREASED,LOW,2,1.0,DANGER,"고열, 소화기 이상(구토 및 설사)"
CAT,8,3.4,39.6,147,37,True,False,False,False,False,DECREASED,NORMAL,LOW,4,0.57,CAUTION,"미열, 피부 징후"
DOG,12,27.6,39.0,121,41,False,False,True,False,True,DECREASED,DECREASED,NORMAL,2,0.73,CAUTION,"호흡 급증, 설사"
CAT,10,6.7,40.5,163,53,True,False,False,False,True,NONE,NORMAL,LOW,4,1.0,DANGER,"고열, 빈맥"
CAT,10,7.5,38.2,118,18,True,False,False,False,False,INCREASED,NORMAL,NORMAL,1,0.08,NORMAL,이상 없음(정상)
DOG,8,15.6,40.6,150,57,False,False,True,False,True,NONE,DECREASED,NORMAL,6,0.98,DANGER,"고열, 호흡 급증"
DOG,13,21.6,37.9,123,18,False,False,False,False,False,NORMAL,NORMAL,LOW,0,0.04,NORMAL,이상 없음(정상)
CAT,5,5.7,37.9,74,31,False,False,False,False,False,NORMAL,DECREASED,HIGH,1,0.0,NORMAL,이상 없음(정상)
DOG,3,19.4,39.8,126,36,False,False,False,True,False,DECREASED,NORMAL,HIGH,5,0.49,WATCH,"미열, 구토"
DOG,8,17.9,39.3,159,43,False,False,False,False,False,DECREASED,DECREASED,NORMAL,0,0.5,CAUTION,"미열, 호흡 급증"
DOG,2,16.5,37.8,131,22,False,False,False,False,False,NORMAL,NORMAL,HIGH,5,0.01,NORMAL,이상 없음(정상)
DOG,5,5.9,39.8,120,20,False,False,False,False,False,NONE,NORMAL,NORMAL,7,0.47,WATCH,"미열, 식욕 절폐"
DOG,3,28.2,40.0,130,34,True,True,True,True,False,NONE,DECREASED,LOW,0,0.93,DANGER,"고열, 구토"
DOG,7,16.5,39.5,180,47,False,False,False,True,True,NONE,DECREASED,LOW,4,1.0,DANGER,"미열, 빈맥"
DOG,13,22.9,38.9,88,25,False,False,False,False,False,NORMAL,NORMAL,LOW,7,0.13,NORMAL,이상 없음(정상)
CAT,10,7.2,40.3,204,54,True,True,False,True,True,NORMAL,DECREASED,LOW,5,1.0,DANGER,"고열, 빈맥"
CAT,9,4.6,40.5,130,62,True,False,False,True,True,DECREASED,DECREASED,LOW,3,1.0,DANGER,"고열, 호흡 급증"
CAT,10,6.1,39.2,112,25,False,True,False,False,True,DECREASED,DECREASED,NORMAL,0,0.3,WATCH,"설사, 피부 징후"
DOG,11,5.2,40.0,130,45,True,True,False,False,True,NONE,NORMAL,LOW,2,1.0,DANGER,"고열, 호흡 급증"
CAT,9,4.0,39.0,93,33,False,False,False,False,False,NORMAL,NORMAL,NORMAL,0,0.02,NORMAL,이상 없음(정상)
CAT,5,5.5,39.0,95,27,True,True,False,True,False,DECREASED,DECREASED,LOW,1,0.69,CAUTION,"구토, 피부 징후"
DOG,14,19.5,40.1,168,41,True,False,False,True,True,DECREASED,DECREASED,LOW,6,1.0,DANGER,"고열, 빈맥"
DOG,6,13.0,39.5,173,37,True,True,True,True,True,NONE,INCREASED,LOW,7,1.0,DANGER,"미열, 빈맥"
DOG,5,29.0,38.5,127,27,False,False,True,False,False,NORMAL,NORMAL,NORMAL,0,0.09,NORMAL,이상 없음(정상)
DOG,2,3.3,39.1,103,33,True,True,False,False,True,DECREASED,NORMAL,LOW,3,0.53,CAUTION,"설사, 피부 징후"
DOG,2,14.0,38.2,112,19,False,True,True,False,False,NORMAL,NORMAL,NORMAL,0,0.19,NORMAL,이상 없음(정상)
CAT,7,4.6,38.5,146,14,False,False,False,False,True,NORMAL,INCREASED,HIGH,3,0.09,NORMAL,이상 없음(정상)
DOG,7,5.9,40.3,169,43,True,False,False,False,True,NONE,DECREASED,LOW,3,1.0,DANGER,"고열, 빈맥"
CAT,5,4.5,39.0,76,20,False,False,False,False,False,NORMAL,NORMAL,HIGH,2,0.08,NORMAL,이상 없음(정상)
CAT,15,3.5,38.5,88,37,False,False,False,True,False,DECREASED,NORMAL,LOW,5,0.42,WATCH,"구토, 식욕 감소"
CAT,6,4.0,38.9,130,35,True,True,False,True,True,NORMAL,DECREASED,LOW,0,0.52,CAUTION,"소화기 이상(구토 및 설사), 피부 징후"
DOG,13,7.1,40.1,142,43,False,False,False,False,False,NORMAL,NORMAL,LOW,5,0.69,CAUTION,"고열, 호흡 급증"
CAT,7,5.5,39.3,128,30,False,True,True,False,True,NORMAL,DECREASED,LOW,7,0.58,CAUTION,"미열, 설사"
CAT,11,6.1,39.0,193,39,False,False,False,False,True,DECREASED,DECREASED,LOW,2,0.68,CAUTION,"빈맥, 설사"
CAT,7,5.9,38.1,92,26,False,True,False,False,False,NORMAL,INCREASED,NORMAL,0,0.02,NORMAL,이상 없음(정상)
DOG,8,10.1,40.3,172,45,True,False,False,False,False,DECREASED,DECREASED,LOW,2,1.0,DANGER,"고열, 빈맥"
DOG,10,2.8,38.8,126,42,True,True,True,True,False,DECREASED,DECREASED,NORMAL,7,0.68,CAUTION,"호흡 급증, 구토"
CAT,14,5.0,39.1,172,35,False,False,False,False,False,DECREASED,NORMAL,LOW,6,0.54,CAUTION,"빈맥, 식욕 감소"
DOG,11,27.0,38.7,114,12,False,False,False,True,True,NORMAL,NORMAL,NORMAL,3,0.38,WATCH,소화기 이상(구토 및 설사)
CAT,3,7.3,39.7,149,38,False,False,False,True,True,NORMAL,NORMAL,LOW,5,0.63,CAUTION,"미열, 소화기 이상(구토 및 설사)"
CAT,6,3.1,40.5,91,46,False,False,False,False,True,NORMAL,INCREASED,NORMAL,1,0.74,CAUTION,"고열, 호흡 급증"
DOG,12,6.8,38.4,118,30,True,False,False,False,False,DECREASED,NORMAL,NORMAL,0,0.26,NORMAL,이상 없음(정상)
CAT,8,8.0,38.7,141,53,False,False,False,False,True,NORMAL,DECREASED,LOW,2,0.53,CAUTION,"호흡 급증, 설사"
DOG,5,15.3,39.7,130,48,False,False,True,True,True,NONE,INCREASED,LOW,6,1.0,DANGER,"미열, 호흡 급증"
DOG,4,20.6,39.4,100,23,False,False,False,False,False,NORMAL,NORMAL,NORMAL,0,0.31,WATCH,미열
CAT,9,2.5,39.5,134,31,False,True,False,False,False,NORMAL,NORMAL,NORMAL,0,0.39,WATCH,"미열, 피부 징후"
DOG,12,15.9,38.6,115,27,False,False,False,False,False,NORMAL,NORMAL,NORMAL,0,0.18,NORMAL,이상 없음(정상)
CAT,1,2.1,40.8,200,36,True,True,True,False,True,NONE,INCREASED,LOW,0,1.0,DANGER,"고열, 빈맥"
CAT,8,6.0,39.3,138,32,False,True,True,False,True,NORMAL,NORMAL,NORMAL,6,0.41,WATCH,"미열, 설사"
DOG,13,5.2,38.8,109,23,False,False,False,False,False,DECREASED,NORMAL,NORMAL,4,0.07,NORMAL,이상 없음(정상)
DOG,3,28.6,40.7,179,47,True,True,False,False,False,DECREASED,DECREASED,LOW,1,1.0,DANGER,"고열, 빈맥"
DOG,3,18.5,39.5,154,46,False,False,True,True,True,NONE,DECREASED,LOW,1,1.0,DANGER,"미열, 호흡 급증"
DOG,12,26.7,39.2,66,26,False,False,False,True,False,NORMAL,NORMAL,NORMAL,6,0.11,NORMAL,이상 없음(정상)
DOG,9,11.3,40.6,130,58,False,True,True,True,True,NONE,DECREASED,LOW,0,1.0,DANGER,"고열, 호흡 급증"
CAT,1,7.1,39.2,80,25,False,False,False,False,False,NORMAL,NORMAL,NORMAL,0,0.02,NORMAL,이상 없음(정상)
DOG,3,23.7,39.3,94,31,True,False,True,False,True,DECREASED,DECREASED,NORMAL,0,0.66,CAUTION,"미열, 설사"
DOG,11,30.0,39.1,152,12,False,False,False,False,True,DECREASED,NORMAL,LOW,0,0.37,WATCH,"설사, 식욕 감소"
CAT,15,2.6,39.9,143,30,False,False,False,False,False,DECREASED,NORMAL,LOW,7,0.52,CAUTION,"미열, 식욕 감소"
CAT,12,3.8,39.3,142,29,False,True,False,True,False,DECREASED,NORMAL,LOW,2,0.73,CAUTION,"미열, 구토"
CAT,11,2.7,40.0,216,37,True,True,False,True,False,NONE,NORMAL,LOW,4,1.0,DANGER,"고열, 빈맥"
DOG,11,9.6,40.6,151,54,False,True,False,True,True,NONE,NORMAL,LOW,6,1.0,DANGER,"고열, 호흡 급증"
CAT,1,2.9,39.9,168,36,False,False,False,True,False,NONE,DECREASED,LOW,4,1.0,DANGER,"미열, 빈맥"
DOG,2,12.7,38.3,115,29,False,False,False,False,False,NORMAL,DECREASED,HIGH,4,0.0,NORMAL,이상 없음(정상)
CAT,9,3.1,38.1,100,18,False,False,False,False,False,NORMAL,NORMAL,NORMAL,0,0.01,NORMAL,이상 없음(정상)
DOG,15,12.5,38.6,104,21,False,False,False,False,False,NORMAL,INCREASED,NORMAL,0,0.06,NORMAL,이상 없음(정상)
CAT,10,6.6,39.4,144,44,False,False,False,False,False,NORMAL,INCREASED,NORMAL,0,0.4,WATCH,"미열, 호흡 급증"
CAT,9,6.9,37.5,94,26,False,False,False,False,False,NORMAL,NORMAL,NORMAL,0,0.04,NORMAL,이상 없음(정상)
CAT,9,7.8,39.2,168,39,True,True,True,False,False,DECREASED,DECREASED,LOW,3,0.62,CAUTION,"빈맥, 피부 징후"
DOG,2,5.2,39.9,126,38,True,False,False,False,False,DECREASED,DECREASED,LOW,4,0.58,CAUTION,"미열, 피부 징후"
DOG,9,6.6,38.7,103,35,False,False,False,False,False,INCREASED,INCREASED,NORMAL,6,0.1,NORMAL,이상 없음(정상)
DOG,15,13.2,39.4,117,20,False,False,False,False,False,NORMAL,NORMAL,LOW,6,0.36,WATCH,"미열, 활동량 저하"
CAT,10,2.7,40.1,184,47,False,False,True,True,False,NORMAL,DECREASED,LOW,4,1.0,DANGER,"고열, 빈맥"
CAT,13,3.4,39.4,68,14,False,False,False,False,False,NORMAL,NORMAL,LOW,0,0.27,NORMAL,이상 없음(정상)
CAT,11,3.8,39.9,148,39,False,True,False,True,False,NORMAL,NORMAL,LOW,6,0.67,CAUTION,"미열, 구토"
CAT,4,5.2,41.0,155,53,False,True,False,True,True,DECREASED,DECREASED,LOW,0,1.0,DANGER,"고열, 호흡 급증"
CAT,1,3.5,39.6,128,32,True,False,False,False,True,DECREASED,DECREASED,NORMAL,1,0.59,CAUTION,"미열, 설사"
CAT,15,5.0,39.1,89,17,True,False,False,True,False,NORMAL,NORMAL,LOW,0,0.32,WATCH,"구토, 피부 징후"
DOG,9,18.7,39.7,133,39,True,True,False,True,False,DECREASED,NORMAL,LOW,7,0.7,CAUTION,"미열, 구토"
DOG,5,22.7,39.5,123,16,False,False,False,True,False,NORMAL,DECREASED,LOW,3,0.42,WATCH,"미열, 구토"
CAT,6,4.7,38.9,197,44,False,False,False,True,False,DECREASED,NORMAL,LOW,6,0.72,CAUTION,"빈맥, 호흡 급증"
CAT,5,7.0,38.6,77,26,False,False,False,False,False,DECREASED,NORMAL,NORMAL,5,0.09,NORMAL,이상 없음(정상)
CAT,8,4.1,38.9,90,42,False,True,False,False,False,DECREASED,DECREASED,LOW,5,0.59,CAUTION,"호흡 급증, 피부 징후"
DOG,4,21.3,40.0,187,34,False,False,False,False,True,NONE,NORMAL,LOW,0,1.0,DANGER,"고열, 빈맥"
DOG,3,28.5,38.6,122,24,False,False,False,False,False,NORMAL,NORMAL,NORMAL,0,0.0,NORMAL,이상 없음(정상)
DOG,5,26.7,39.7,163,36,False,False,False,False,True,DECREASED,DECREASED,LOW,4,0.67,CAUTION,"미열, 빈맥"
DOG,1,13.4,38.5,124,25,False,False,False,False,False,DECREASED,DECREASED,HIGH,0,0.32,WATCH,식욕 감소
DOG,8,16.6,39.5,201,55,True,True,False,True,True,NONE,INCREASED,LOW,6,1.0,DANGER,"미열, 빈맥"
DOG,7,6.6,40.5,136,28,False,False,False,False,True,NORMAL,NORMAL,LOW,1,0.64,CAUTION,"고열, 설사"
CAT,15,4.4,39.5,129,34,False,False,False,False,True,NORMAL,NORMAL,NORMAL,2,0.32,WATCH,"미열, 설사"
DOG,8,21.3,39.8,161,34,True,True,False,False,False,DECREASED,INCREASED,HIGH,5,0.75,DANGER,"미열, 빈맥"
CAT,4,4.4,38.9,131,19,False,False,False,True,False,NORMAL,NORMAL,LOW,2,0.29,NORMAL,이상 없음(정상)
CAT,3,4.7,38.8,129,35,True,True,False,False,True,NORMAL,DECREASED,NORMAL,3,0.35,WATCH,"설사, 피부 징후"
DOG,9,19.9,39.0,107,21,True,False,False,False,True,NONE,DECREASED,NORMAL,4,0.46,WATCH,"설사, 피부 징후"
CAT,2,7.8,39.8,115,37,False,False,False,False,False,DECREASED,DECREASED,HIGH,4,0.3,WATCH,"미열, 식욕 감소"
DOG,10,3.8,40.3,171,49,True,False,True,False,True,NONE,DECREASED,LOW,6,1.0,DANGER,"고열, 빈맥"
CAT,15,3.8,39.7,189,69,True,False,False,True,True,NONE,DECREASED,LOW,7,1.0,DANGER,"미열, 빈맥"
DOG,7,20.9,38.9,68,32,False,False,False,False,False,NORMAL,NORMAL,NORMAL,0,0.0,NORMAL,이상 없음(정상)
CAT,1,6.3,40.3,186,46,True,False,False,False,True,NONE,DECREASED,NORMAL,6,1.0,DANGER,"고열, 빈맥"
DOG,10,7.5,38.9,122,20,False,False,False,False,False,NORMAL,NORMAL,NORMAL,0,0.0,NORMAL,이상 없음(정상)
CAT,10,4.7,38.9,142,34,True,False,False,True,False,NORMAL,NORMAL,NORMAL,2,0.36,WATCH,"구토, 피부 징후"
CAT,5,5.4,38.7,115,28,False,False,False,False,False,NORMAL,NORMAL,LOW,6,0.19,NORMAL,이상 없음(정상)
DOG,15,13.7,40.3,161,63,True,True,False,True,True,NONE,DECREASED,LOW,6,1.0,DANGER,"고열, 빈맥"
CAT,11,3.9,39.8,144,41,False,False,True,False,False,NONE,NORMAL,NORMAL,6,0.71,CAUTION,"미열, 호흡 급증"
CAT,10,4.2,38.4,110,21,False,False,False,False,True,NORMAL,NORMAL,NORMAL,1,0.12,NORMAL,이상 없음(정상)
CAT,11,4.9,40.0,151,63,True,False,True,False,True,NONE,DECREASED,NORMAL,6,1.0,DANGER,"고열, 호흡 급증"
DOG,10,21.9,38.6,109,20,False,False,False,True,True,DECREASED,NORMAL,NORMAL,6,0.49,WATCH,"소화기 이상(구토 및 설사), 식욕 감소"
DOG,12,11.9,38.4,140,30,False,True,False,True,False,DECREASED,NORMAL,NORMAL,0,0.48,WATCH,"구토, 피부 징후"
CAT,3,5.8,37.9,122,19,False,False,False,False,False,NORMAL,NORMAL,NORMAL,0,0.07,NORMAL,이상 없음(정상)
CAT,15,3.8,38.7,82,32,False,False,False,True,True,NORMAL,NORMAL,LOW,5,0.41,WATCH,"소화기 이상(구토 및 설사), 활동량 저하"
CAT,9,5.0,39.4,149,29,True,False,False,False,False,NORMAL,DECREASED,LOW,7,0.39,WATCH,"미열, 피부 징후"
CAT,3,7.8,39.2,140,52,True,True,True,False,False,DECREASED,NORMAL,LOW,4,0.59,CAUTION,"호흡 급증, 피부 징후"
DOG,5,15.7,39.6,118,25,False,False,False,False,True,NORMAL,INCREASED,NORMAL,5,0.35,WATCH,"미열, 설사"
CAT,2,5.5,39.6,200,29,False,False,False,False,True,NONE,DECREASED,NORMAL,6,0.71,CAUTION,"미열, 빈맥"
CAT,12,6.9,40.9,148,52,True,True,False,True,True,NONE,DECREASED,LOW,4,1.0,DANGER,"고열, 호흡 급증"
DOG,7,15.5,40.3,134,49,False,True,False,True,True,NONE,DECREASED,LOW,1,1.0,DANGER,"고열, 호흡 급증"
DOG,9,4.7,39.1,93,36,False,False,False,False,True,NONE,NORMAL,HIGH,7,0.43,WATCH,"설사, 식욕 절폐"
DOG,9,3.7,38.7,115,27,False,False,False,True,False,NORMAL,NORMAL,NORMAL,3,0.19,NORMAL,이상 없음(정상)
CAT,14,6.6,40.0,188,54,True,False,True,True,True,NONE,DECREASED,NORMAL,1,1.0,DANGER,"고열, 빈맥"
DOG,9,20.1,39.7,145,44,False,False,False,False,True,DECREASED,NORMAL,NORMAL,6,0.64,CAUTION,"미열, 호흡 급증"
DOG,11,20.3,39.7,103,25,False,False,False,False,False,NORMAL,NORMAL,NORMAL,0,0.28,NORMAL,이상 없음(정상)
DOG,1,27.1,38.4,130,31,False,True,False,False,False,NORMAL,NORMAL,NORMAL,0,0.2,NORMAL,이상 없음(정상)
DOG,5,9.5,39.6,99,31,False,False,False,False,False,NORMAL,NORMAL,LOW,6,0.18,NORMAL,이상 없음(정상)
DOG,8,4.8,38.5,129,33,False,False,False,True,False,DECREASED,NORMAL,NORMAL,7,0.35,WATCH,"구토, 식욕 감소"
DOG,14,3.1,40.6,173,36,False,True,False,True,True,NONE,DECREASED,LOW,3,1.0,DANGER,"고열, 빈맥"
DOG,1,21.4,38.4,65,23,False,False,False,False,False,NORMAL,NORMAL,NORMAL,0,0.01,NORMAL,이상 없음(정상)
CAT,10,2.6,38.0,81,16,False,False,False,False,False,NORMAL,NORMAL,HIGH,6,0.16,NORMAL,이상 없음(정상)
DOG,8,8.5,39.2,151,26,True,True,False,True,False,NONE,DECREASED,LOW,4,0.74,CAUTION,"구토, 피부 징후"
DOG,9,3.4,39.8,149,36,False,False,False,True,True,DECREASED,DECREASED,NORMAL,0,0.64,CAUTION,"미열, 소화기 이상(구토 및 설사)"
DOG,8,19.3,39.5,193,44,False,True,False,True,True,DECREASED,DECREASED,LOW,5,1.0,DANGER,"미열, 빈맥"
CAT,4,4.8,39.5,143,38,False,True,False,False,True,NORMAL,NORMAL,LOW,1,0.64,CAUTION,"미열, 설사"
CAT,4,4.7,39.3,177,35,True,False,False,False,False,NORMAL,NORMAL,LOW,5,0.7,CAUTION,"미열, 빈맥"
DOG,13,28.6,41.2,179,47,True,True,False,False,True,DECREASED,DECREASED,LOW,4,1.0,DANGER,"고열, 빈맥"
CAT,5,7.3,38.9,174,30,False,False,False,False,True,NONE,NORMAL,LOW,3,0.69,CAUTION,"빈맥, 설사"
DOG,5,18.4,39.0,120,30,False,True,False,False,True,NONE,DECREASED,NORMAL,0,0.64,CAUTION,"설사, 피부 징후"
CAT,8,5.5,38.6,107,24,False,False,False,False,False,NORMAL,NORMAL,NORMAL,0,0.0,NORMAL,이상 없음(정상)
DOG,11,22.6,38.5,135,19,False,True,False,False,True,DECREASED,NORMAL,NORMAL,7,0.42,WATCH,"설사, 피부 징후"
DOG,3,17.1,39.9,167,38,True,False,True,False,False,DECREASED,NORMAL,LOW,2,0.74,CAUTION,"미열, 빈맥"
DOG,3,16.4,39.3,71,37,True,False,False,False,False,NORMAL,NORMAL,NORMAL,7,0.35,WATCH,"미열, 피부 징후"
CAT,4,5.0,38.6,124,30,False,False,True,True,False,DECREASED,NORMAL,NORMAL,2,0.4,WATCH,"구토, 피부 징후"
CAT,13,5.5,40.3,168,43,True,False,True,False,False,DECREASED,DECREASED,HIGH,6,1.0,DANGER,"고열, 빈맥"
DOG,13,28.5,39.0,143,25,True,False,False,True,False,NORMAL,DECREASED,LOW,6,0.46,WATCH,"구토, 피부 징후"
DOG,8,26.3,39.1,91,28,False,False,False,True,False,DECREASED,NORMAL,HIGH,2,0.23,NORMAL,이상 없음(정상)
CAT,11,3.0,40.8,147,55,False,True,True,True,False,NONE,DECREASED,LOW,4,1.0,DANGER,"고열, 호흡 급증"
CAT,4,6.6,38.7,163,29,False,True,True,False,True,DECREASED,DECREASED,LOW,7,0.68,CAUTION,"빈맥, 설사"
CAT,7,3.1,38.7,96,25,False,False,True,False,False,INCREASED,NORMAL,NORMAL,7,0.12,NORMAL,이상 없음(정상)
CAT,8,3.7,38.5,98,15,False,False,False,False,False,NORMAL,NORMAL,NORMAL,0,0.0,NORMAL,이상 없음(정상)
CAT,9,2.2,39.2,186,30,True,False,False,False,True,DECREASED,DECREASED,NORMAL,4,0.55,CAUTION,"빈맥, 설사"
DOG,5,6.2,39.4,139,35,False,False,False,True,False,DECREASED,DECREASED,LOW,4,0.73,CAUTION,"미열, 구토"
CAT,13,7.8,40.5,210,39,False,False,True,True,True,NONE,DECREASED,LOW,7,1.0,DANGER,"고열, 빈맥"
DOG,3,14.5,40.2,140,48,True,False,False,True,True,DECREASED,DECREASED,LOW,6,1.0,DANGER,"고열, 호흡 급증"
DOG,14,5.5,39.1,118,18,False,False,False,True,True,NORMAL,DECREASED,HIGH,7,0.39,WATCH,소화기 이상(구토 및 설사)
DOG,13,2.8,39.0,153,17,False,False,False,True,False,DECREASED,NORMAL,LOW,6,0.4,WATCH,"구토, 식욕 감소"
DOG,11,2.8,37.4,104,38,False,False,False,False,False,NORMAL,NORMAL,NORMAL,0,0.0,NORMAL,이상 없음(정상)
CAT,15,3.9,39.8,128,39,False,False,True,False,True,NONE,INCREASED,NORMAL,3,0.71,CAUTION,"미열, 설사"
DOG,7,11.6,39.5,126,30,False,False,False,False,True,NORMAL,NORMAL,NORMAL,4,0.44,WATCH,"미열, 설사"
DOG,10,5.2,38.2,65,29,False,True,False,False,False,NORMAL,DECREASED,NORMAL,0,0.26,NORMAL,이상 없음(정상)
CAT,12,4.1,39.6,189,35,True,True,True,False,True,NORMAL,NORMAL,LOW,2,0.73,CAUTION,"미열, 빈맥"
CAT,3,5.6,39.2,185,38,False,False,True,False,False,DECREASED,NORMAL,NORMAL,5,0.61,CAUTION,"빈맥, 피부 징후"
DOG,3,4.8,39.9,157,42,False,True,False,True,True,NONE,NORMAL,LOW,0,1.0,DANGER,"미열, 호흡 급증"
CAT,3,2.8,39.2,106,41,True,False,False,False,False,DECREASED,DECREASED,LOW,7,0.67,CAUTION,"호흡 급증, 피부 징후"
DOG,5,5.7,40.0,182,49,True,False,True,True,False,NONE,DECREASED,LOW,7,1.0,DANGER,"고열, 빈맥"
DOG,12,2.8,38.8,149,22,False,False,False,False,False,NORMAL,NORMAL,HIGH,1,0.0,NORMAL,이상 없음(정상)
CAT,15,4.8,38.6,122,23,False,False,False,True,False,NORMAL,NORMAL,LOW,6,0.26,NORMAL,이상 없음(정상)
CAT,7,6.1,40.2,130,53,True,False,False,True,True,DECREASED,DECREASED,LOW,4,1.0,DANGER,"고열, 호흡 급증"
CAT,12,3.9,39.7,143,28,True,True,False,False,False,NORMAL,DECREASED,LOW,4,0.61,CAUTION,"미열, 피부 징후"
DOG,4,11.8,39.2,90,53,True,True,False,True,True,DECREASED,NORMAL,HIGH,6,0.68,CAUTION,"호흡 급증, 소화기 이상(구토 및 설사)"
DOG,11,3.5,40.1,166,50,True,False,False,True,True,DECREASED,DECREASED,NORMAL,2,1.0,DANGER,"고열, 빈맥"
DOG,1,12.7,38.9,132,16,False,False,False,False,False,NORMAL,NORMAL,NORMAL,0,0.09,NORMAL,이상 없음(정상)
DOG,9,19.5,40.4,172,49,False,True,False,True,True,NONE,DECREASED,LOW,5,1.0,DANGER,"고열, 빈맥"
CAT,12,5.8,38.4,77,22,True,False,False,False,True,NORMAL,INCREASED,LOW,0,0.46,WATCH,"설사, 피부 징후"
CAT,4,7.1,39.5,105,28,False,False,False,False,False,NORMAL,NORMAL,NORMAL,0,0.08,NORMAL,이상 없음(정상)
DOG,10,21.9,40.2,230,57,True,False,False,True,True,NONE,DECREASED,LOW,0,1.0,DANGER,"고열, 빈맥"
CAT,12,4.9,39.0,89,27,False,False,False,False,False,NORMAL,NORMAL,LOW,0,0.19,NORMAL,이상 없음(정상)
CAT,5,2.4,39.0,110,12,False,False,False,False,True,DECREASED,NORMAL,LOW,2,0.39,WATCH,"설사, 식욕 감소"
CAT,2,5.2,38.6,122,22,False,True,False,False,False,NORMAL,NORMAL,NORMAL,0,0.09,NORMAL,이상 없음(정상)
CAT,14,7.8,38.6,101,32,False,False,False,False,False,NORMAL,NORMAL,LOW,3,0.21,NORMAL,이상 없음(정상)
CAT,3,3.8,38.8,88,43,False,False,False,False,False,DECREASED,NORMAL,NORMAL,0,0.43,WATCH,"호흡 급증, 식욕 감소"
CAT,10,5.5,40.1,179,71,True,True,True,True,True,NONE,DECREASED,LOW,0,1.0,DANGER,"고열, 빈맥"
CAT,1,3.7,40.4,157,50,False,False,False,True,True,NONE,DECREASED,NORMAL,5,1.0,DANGER,"고열, 호흡 급증"
DOG,14,23.8,39.0,146,49,True,False,False,False,True,DECREASED,DECREASED,HIGH,0,0.66,CAUTION,"호흡 급증, 설사"
DOG,13,27.9,40.4,156,59,False,False,False,False,False,NONE,DECREASED,LOW,1,0.88,DANGER,"고열, 호흡 급증"
CAT,6,4.4,40.4,139,55,True,True,False,True,True,DECREASED,NORMAL,LOW,6,1.0,DANGER,"고열, 호흡 급증"
DOG,9,26.0,39.7,146,34,False,True,False,False,False,DECREASED,NORMAL,LOW,1,0.51,CAUTION,"미열, 피부 징후"
CAT,4,4.7,39.5,123,38,False,True,False,False,True,DECREASED,NORMAL,LOW,6,0.65,CAUTION,"미열, 설사"
CAT,8,4.5,39.5,151,29,True,False,True,False,True,DECREASED,DECREASED,NORMAL,7,0.52,CAUTION,"미열, 설사"
DOG,10,17.1,38.8,91,20,False,False,False,False,False,NORMAL,NORMAL,NORMAL,0,0.01,NORMAL,이상 없음(정상)
DOG,4,14.3,38.5,76,22,False,False,False,False,False,NORMAL,NORMAL,NORMAL,0,0.0,NORMAL,이상 없음(정상)
CAT,7,2.7,39.6,110,36,False,True,False,False,True,DECREASED,NORMAL,NORMAL,6,0.67,CAUTION,"미열, 설사"
CAT,14,5.2,39.0,122,36,False,True,False,True,True,NORMAL,NORMAL,NORMAL,5,0.54,CAUTION,"소화기 이상(구토 및 설사), 피부 징후"
CAT,14,2.4,39.0,90,16,True,False,False,False,False,INCREASED,NORMAL,NORMAL,1,0.17,NORMAL,이상 없음(정상)
CAT,6,7.3,39.8,141,52,False,False,True,False,True,DECREASED,DECREASED,LOW,0,0.95,DANGER,"미열, 호흡 급증"
CAT,11,3.7,39.3,119,36,False,True,False,False,True,NORMAL,NORMAL,NORMAL,7,0.4,WATCH,"미열, 설사"
DOG,4,8.2,39.0,102,33,True,True,False,True,False,NORMAL,NORMAL,NORMAL,0,0.39,WATCH,"구토, 피부 징후"
DOG,1,6.2,38.5,102,16,False,False,False,False,False,NORMAL,NORMAL,HIGH,4,0.0,NORMAL,이상 없음(정상)
DOG,8,17.5,40.2,138,63,True,False,False,False,True,NONE,DECREASED,LOW,3,1.0,DANGER,"고열, 호흡 급증"
CAT,3,4.7,38.2,155,28,False,False,False,False,False,NONE,DECREASED,NORMAL,1,0.34,WATCH,식욕 절폐
CAT,15,7.0,39.4,111,23,False,False,False,True,False,NORMAL,NORMAL,LOW,3,0.41,WATCH,"미열, 구토"
DOG,2,18.2,38.9,109,27,False,False,False,False,False,DECREASED,NORMAL,NORMAL,6,0.05,NORMAL,이상 없음(정상)
CAT,3,3.5,38.3,60,34,True,False,False,True,False,NORMAL,DECREASED,LOW,6,0.42,WATCH,"구토, 피부 징후"
DOG,15,9.5,38.7,102,12,False,True,True,True,False,INCREASED,NORMAL,NORMAL,2,0.31,WATCH,"구토, 피부 징후"
DOG,3,17.9,38.4,86,29,False,False,False,False,False,NORMAL,NORMAL,NORMAL,0,0.05,NORMAL,이상 없음(정상)
DOG,12,21.4,39.5,167,46,False,True,False,False,True,NONE,DECREASED,LOW,5,1.0,DANGER,"미열, 빈맥"
CAT,13,5.1,37.5,89,20,False,False,False,False,True,NORMAL,INCREASED,NORMAL,1,0.14,NORMAL,이상 없음(정상)
CAT,8,4.1,39.0,117,33,True,False,False,True,False,NORMAL,NORMAL,NORMAL,1,0.4,WATCH,"구토, 피부 징후"
CAT,14,6.0,40.1,150,30,False,False,False,False,False,DECREASED,NORMAL,LOW,4,0.64,CAUTION,"고열, 식욕 감소"
CAT,4,5.1,39.8,148,58,False,True,True,False,False,DECREASED,NORMAL,NORMAL,1,0.66,CAUTION,"미열, 호흡 급증"
CAT,14,2.7,38.7,95,26,False,False,False,False,False,NORMAL,NORMAL,NORMAL,0,0.0,NORMAL,이상 없음(정상)
DOG,15,12.2,38.4,120,23,True,False,False,False,False,NORMAL,NORMAL,NORMAL,2,0.19,NORMAL,이상 없음(정상)
CAT,9,4.6,38.6,107,19,False,False,False,False,False,NORMAL,NORMAL,NORMAL,0,0.0,NORMAL,이상 없음(정상)
DOG,11,22.6,39.5,209,46,True,False,True,True,True,DECREASED,DECREASED,LOW,1,1.0,DANGER,"미열, 빈맥"
DOG,3,10.6,38.2,86,34,False,False,False,False,True,NORMAL,NORMAL,NORMAL,2,0.16,NORMAL,이상 없음(정상)
DOG,12,4.0,39.4,90,32,False,False,False,False,True,DECREASED,NORMAL,LOW,3,0.53,CAUTION,"미열, 설사"
DOG,8,15.0,40.4,219,46,False,False,True,True,False,NONE,DECREASED,LOW,4,1.0,DANGER,"고열, 빈맥"
CAT,11,4.1,39.0,139,24,False,False,False,True,False,DECREASED,NORMAL,LOW,2,0.41,WATCH,"구토, 식욕 감소"
CAT,9,7.3,39.0,125,27,False,False,True,False,True,DECREASED,NORMAL,LOW,1,0.36,WATCH,"설사, 피부 징후"
DOG,13,15.7,38.1,102,42,False,False,False,False,False,NORMAL,INCREASED,NORMAL,0,0.32,WATCH,호흡 급증
DOG,2,21.4,39.3,92,20,False,False,False,False,False,NORMAL,NORMAL,LOW,2,0.17,NORMAL,이상 없음(정상)
DOG,14,13.5,39.1,100,22,False,True,False,False,False,DECREASED,NORMAL,NORMAL,6,0.31,WATCH,"피부 징후, 식욕 감소"
CAT,7,5.6,39.9,123,26,False,True,False,False,True,NORMAL,NORMAL,LOW,3,0.56,CAUTION,"미열, 설사"
CAT,6,7.2,40.2,194,42,False,True,True,True,True,DECREASED,INCREASED,LOW,6,1.0,DANGER,"고열, 빈맥"
DOG,8,24.3,38.8,76,31,False,False,False,False,False,NORMAL,NORMAL,NORMAL,0,0.0,NORMAL,이상 없음(정상)
DOG,2,12.2,39.3,89,19,False,True,False,False,False,DECREASED,NORMAL,LOW,4,0.47,WATCH,"미열, 피부 징후"
DOG,10,8.8,39.4,153,48,False,True,True,False,False,DECREASED,DECREASED,NORMAL,4,0.62,CAUTION,"미열, 호흡 급증"
CAT,8,4.7,40.3,130,43,True,True,False,True,True,DECREASED,DECREASED,LOW,2,1.0,DANGER,"고열, 호흡 급증"
DOG,5,12.4,39.3,143,34,False,False,True,False,False,DECREASED,DECREASED,LOW,2,0.67,CAUTION,"미열, 피부 징후"
CAT,12,5.0,38.4,108,18,False,False,False,False,False,NORMAL,NORMAL,NORMAL,0,0.02,NORMAL,이상 없음(정상)
DOG,6,10.9,39.4,154,39,True,False,False,False,False,NONE,NORMAL,NORMAL,5,0.6,CAUTION,"미열, 피부 징후"
CAT,7,4.4,39.9,151,42,True,False,False,False,True,NONE,DECREASED,LOW,1,1.0,DANGER,"미열, 호흡 급증"
CAT,10,4.5,38.8,126,36,False,False,False,True,False,DECREASED,INCREASED,NORMAL,5,0.5,CAUTION,"구토, 식욕 감소"
DOG,2,8.0,37.8,114,31,False,False,False,False,False,DECREASED,NORMAL,NORMAL,1,0.15,NORMAL,이상 없음(정상)
CAT,15,5.6,40.2,137,50,True,True,True,True,True,DECREASED,DECREASED,LOW,6,1.0,DANGER,"고열, 호흡 급증"
DOG,9,14.7,39.3,140,26,False,False,False,False,True,NORMAL,NORMAL,HIGH,2,0.41,WATCH,"미열, 설사"
DOG,14,23.8,40.4,202,46,True,True,False,True,True,DECREASED,DECREASED,LOW,6,1.0,DANGER,"고열, 빈맥"
CAT,3,7.0,38.7,131,18,False,True,False,False,False,NORMAL,NORMAL,NORMAL,0,0.11,NORMAL,이상 없음(정상)
CAT,9,3.5,38.7,115,16,False,False,False,True,False,DECREASED,NORMAL,LOW,2,0.39,WATCH,"구토, 식욕 감소"
DOG,15,11.1,38.5,106,26,False,False,False,False,False,NORMAL,DECREASED,LOW,2,0.06,NORMAL,이상 없음(정상)
DOG,9,21.0,39.7,170,38,True,False,False,False,True,NONE,INCREASED,LOW,6,0.97,DANGER,"미열, 빈맥"
DOG,14,6.7,38.4,142,12,False,False,True,False,True,DECREASED,DECREASED,NORMAL,1,0.4,WATCH,"설사, 피부 징후"
DOG,6,8.2,39.2,119,17,False,False,True,False,False,NORMAL,NORMAL,NORMAL,0,0.14,NORMAL,이상 없음(정상)
CAT,15,3.5,37.9,106,27,False,False,False,False,False,NORMAL,NORMAL,NORMAL,0,0.0,NORMAL,이상 없음(정상)
CAT,10,7.4,39.0,101,31,False,False,False,False,False,NORMAL,NORMAL,NORMAL,0,0.0,NORMAL,이상 없음(정상)
CAT,10,7.6,39.7,167,36,False,True,False,False,False,INCREASED,NORMAL,LOW,5,0.62,CAUTION,"미열, 빈맥"
DOG,10,6.0,38.7,129,19,False,False,True,False,False,NORMAL,NORMAL,NORMAL,0,0.12,NORMAL,이상 없음(정상)
CAT,2,4.4,38.9,104,17,False,False,True,False,False,NORMAL,NORMAL,NORMAL,0,0.09,NORMAL,이상 없음(정상)
CAT,1,2.4,38.4,90,25,False,False,False,False,False,NORMAL,NORMAL,NORMAL,0,0.0,NORMAL,이상 없음(정상)
CAT,1,4.2,40.4,135,47,False,True,True,False,True,DECREASED,DECREASED,LOW,2,1.0,DANGER,"고열, 호흡 급증"
CAT,1,3.6,38.1,138,13,False,False,False,True,False,INCREASED,NORMAL,HIGH,2,0.08,NORMAL,이상 없음(정상)
CAT,11,6.9,39.2,117,42,False,True,True,False,False,NORMAL,NORMAL,LOW,6,0.52,CAUTION,"호흡 급증, 피부 징후"
CAT,14,5.9,38.9,118,33,False,False,False,False,True,DECREASED,NORMAL,HIGH,0,0.31,WATCH,"설사, 식욕 감소"
CAT,1,2.7,37.8,125,12,False,True,False,False,False,DECREASED,INCREASED,LOW,6,0.41,WATCH,"피부 징후, 식욕 감소"
DOG,14,18.5,38.5,112,16,True,False,False,False,True,NORMAL,NORMAL,LOW,7,0.35,WATCH,"설사, 피부 징후"
DOG,3,26.2,40.4,176,53,False,True,False,True,True,DECREASED,NORMAL,LOW,4,1.0,DANGER,"고열, 빈맥"
DOG,5,26.3,39.1,116,16,True,True,False,False,False,DECREASED,DECREASED,HIGH,3,0.37,WATCH,"피부 징후, 식욕 감소"
CAT,4,3.4,39.2,200,39,True,True,False,False,True,DECREASED,NORMAL,NORMAL,7,0.6,CAUTION,"빈맥, 설사"
DOG,6,12.6,38.7,166,37,False,False,False,False,True,NORMAL,DECREASED,HIGH,6,0.33,WATCH,"빈맥, 설사"
DOG,9,8.5,38.7,90,35,False,True,False,True,False,NORMAL,NORMAL,NORMAL,7,0.3,WATCH,"구토, 피부 징후"
DOG,10,25.8,40.2,158,53,True,False,True,False,False,NONE,DECREASED,NORMAL,3,1.0,DANGER,"고열, 호흡 급증"
CAT,12,5.5,39.1,128,45,True,False,False,True,False,DECREASED,DECREASED,NORMAL,5,0.68,CAUTION,"호흡 급증, 구토"
DOG,1,25.5,38.2,117,35,False,False,False,False,True,NORMAL,NORMAL,NORMAL,4,0.18,NORMAL,이상 없음(정상)
CAT,9,6.7,38.8,100,24,False,False,False,True,False,DECREASED,NORMAL,NORMAL,5,0.24,NORMAL,이상 없음(정상)
CAT,10,5.8,38.7,83,19,False,True,False,False,False,NORMAL,NORMAL,NORMAL,0,0.0,NORMAL,이상 없음(정상)
DOG,10,13.8,40.9,150,60,False,True,False,False,False,DECREASED,DECREASED,NORMAL,0,0.89,DANGER,"고열, 호흡 급증"
DOG,9,30.0,39.8,170,50,True,True,False,True,True,DECREASED,DECREASED,LOW,7,1.0,DANGER,"미열, 빈맥"
DOG,14,6.9,40.4,178,47,True,True,False,False,True,DECREASED,DECREASED,LOW,2,1.0,DANGER,"고열, 빈맥"
DOG,5,16.7,38.8,127,12,False,False,False,True,True,NORMAL,NORMAL,NORMAL,3,0.4,WATCH,소화기 이상(구토 및 설사)
CAT,13,7.8,38.5,88,25,False,False,False,False,False,NORMAL,INCREASED,NORMAL,0,0.0,NORMAL,이상 없음(정상)
DOG,10,29.8,40.0,152,42,True,True,False,False,True,NONE,NORMAL,LOW,4,1.0,DANGER,"고열, 호흡 급증"
DOG,5,23.1,41.0,171,59,False,True,False,True,True,NORMAL,NORMAL,LOW,2,1.0,DANGER,"고열, 빈맥"
CAT,7,6.7,39.7,134,28,False,False,False,False,False,NORMAL,NORMAL,NORMAL,0,0.13,NORMAL,이상 없음(정상)
CAT,14,6.6,39.0,130,30,True,False,False,False,False,NORMAL,DECREASED,LOW,0,0.31,WATCH,"피부 징후, 활동량 저하"
DOG,1,24.9,39.2,137,26,False,False,False,False,True,DECREASED,NORMAL,LOW,3,0.34,WATCH,"설사, 식욕 감소"
CAT,15,4.5,37.9,107,12,False,False,False,False,False,INCREASED,NORMAL,NORMAL,2,0.07,NORMAL,이상 없음(정상)
CAT,12,2.3,39.7,191,61,False,False,False,False,True,NONE,NORMAL,LOW,2,1.0,DANGER,"미열, 빈맥"
CAT,4,5.5,39.1,160,36,True,True,False,True,False,DECREASED,DECREASED,LOW,5,0.6,CAUTION,"빈맥, 구토"
CAT,1,3.7,39.0,142,34,False,False,False,False,False,DECREASED,INCREASED,LOW,2,0.34,WATCH,"식욕 감소, 활동량 저하"
CAT,6,7.3,38.6,105,21,False,False,False,False,False,INCREASED,NORMAL,NORMAL,3,0.02,NORMAL,이상 없음(정상)
CAT,9,7.3,40.0,121,35,False,False,False,False,True,DECREASED,NORMAL,LOW,2,0.71,CAUTION,"고열, 설사"
CAT,1,4.7,39.4,149,30,True,False,False,True,False,NORMAL,NORMAL,LOW,5,0.64,CAUTION,"미열, 구토"
CAT,10,2.7,38.9,75,31,True,False,False,False,False,DECREASED,DECREASED,LOW,6,0.39,WATCH,"피부 징후, 식욕 감소"
DOG,7,13.3,38.4,120,24,False,True,False,False,False,INCREASED,NORMAL,NORMAL,5,0.11,NORMAL,이상 없음(정상)
DOG,15,18.0,40.8,196,58,True,False,False,True,False,DECREASED,INCREASED,LOW,3,1.0,DANGER,"고열, 빈맥"
CAT,10,5.3,39.1,151,34,True,False,False,False,True,DECREASED,DECREASED,LOW,6,0.52,CAUTION,"설사, 피부 징후"
DOG,4,19.2,38.5,84,10,False,False,True,False,False,NORMAL,INCREASED,NORMAL,0,0.06,NORMAL,이상 없음(정상)
DOG,9,27.6,39.6,142,31,False,False,False,False,True,NONE,NORMAL,LOW,5,0.61,CAUTION,"미열, 설사"
DOG,13,10.1,40.1,150,34,False,True,False,True,False,NONE,DECREASED,LOW,6,1.0,DANGER,"고열, 구토"
CAT,13,3.6,38.7,60,40,False,True,False,False,False,NORMAL,DECREASED,LOW,7,0.47,WATCH,"호흡 급증, 피부 징후"
DOG,1,5.8,39.1,169,26,False,True,False,False,False,DECREASED,DECREASED,NORMAL,5,0.57,CAUTION,"빈맥, 피부 징후"
DOG,7,14.3,39.7,60,16,False,False,False,False,True,DECREASED,DECREASED,NORMAL,1,0.39,WATCH,"미열, 설사"
DOG,8,24.4,40.4,147,50,False,True,False,False,True,NONE,DECREASED,LOW,2,1.0,DANGER,"고열, 호흡 급증"
CAT,2,3.7,38.3,103,43,False,False,False,False,False,DECREASED,NORMAL,LOW,0,0.36,WATCH,"호흡 급증, 식욕 감소"
DOG,8,13.0,40.4,130,44,False,False,False,False,False,NONE,DECREASED,LOW,2,1.0,DANGER,"고열, 호흡 급증"
DOG,8,15.1,38.9,114,14,True,False,False,False,True,NORMAL,NORMAL,LOW,7,0.42,WATCH,"설사, 피부 징후"
CAT,4,7.9,38.5,178,41,False,False,False,False,False,NONE,NORMAL,LOW,4,0.68,CAUTION,"빈맥, 호흡 급증"
DOG,6,20.8,38.9,91,17,False,True,False,True,False,NORMAL,INCREASED,LOW,4,0.3,WATCH,"구토, 피부 징후"
DOG,5,16.3,39.1,90,46,True,False,True,True,False,DECREASED,DECREASED,LOW,6,0.73,CAUTION,"호흡 급증, 구토"
DOG,8,4.2,39.8,99,32,True,True,False,False,True,DECREASED,NORMAL,LOW,5,0.56,CAUTION,"미열, 설사"
DOG,4,11.2,39.5,133,42,True,False,False,False,False,DECREASED,DECREASED,LOW,1,0.63,CAUTION,"미열, 호흡 급증"
DOG,4,28.1,38.2,96,23,False,False,False,False,False,NORMAL,INCREASED,LOW,2,0.0,NORMAL,이상 없음(정상)
DOG,4,17.8,40.4,154,51,False,True,False,True,True,DECREASED,NORMAL,LOW,4,1.0,DANGER,"고열, 호흡 급증"
CAT,7,2.4,39.9,129,30,False,True,True,True,True,DECREASED,NORMAL,NORMAL,4,0.72,CAUTION,"미열, 소화기 이상(구토 및 설사)"
CAT,13,2.4,39.9,152,48,False,False,False,True,False,DECREASED,NORMAL,LOW,2,0.83,DANGER,"미열, 호흡 급증"
CAT,10,4.0,40.1,139,51,False,True,True,True,True,NONE,DECREASED,NORMAL,2,1.0,DANGER,"고열, 호흡 급증"
CAT,9,5.1,38.3,76,22,False,False,False,False,False,NORMAL,NORMAL,LOW,2,0.17,NORMAL,이상 없음(정상)
DOG,9,19.7,38.1,65,29,False,False,False,False,False,NORMAL,NORMAL,NORMAL,0,0.0,NORMAL,이상 없음(정상)
DOG,7,16.5,39.6,139,36,False,True,False,True,False,NORMAL,DECREASED,NORMAL,6,0.65,CAUTION,"미열, 구토"
CAT,13,6.3,38.5,178,12,False,True,False,False,False,DECREASED,INCREASED,NORMAL,2,0.4,WATCH,"빈맥, 피부 징후"
DOG,3,23.7,40.5,153,65,False,False,False,True,False,DECREASED,DECREASED,LOW,6,1.0,DANGER,"고열, 호흡 급증"
CAT,9,6.5,38.3,75,26,False,False,False,False,False,NORMAL,NORMAL,NORMAL,0,0.0,NORMAL,이상 없음(정상)
DOG,12,6.7,38.5,127,23,True,True,False,False,False,NORMAL,NORMAL,LOW,1,0.45,WATCH,"피부 징후, 활동량 저하"
DOG,10,8.6,38.9,178,39,False,False,False,True,False,DECREASED,DECREASED,HIGH,1,0.44,WATCH,"빈맥, 구토"
CAT,12,3.1,38.8,95,14,False,False,False,False,False,INCREASED,NORMAL,LOW,7,0.12,NORMAL,이상 없음(정상)
CAT,10,2.8,39.2,139,31,True,True,False,True,False,DECREASED,NORMAL,LOW,6,0.65,CAUTION,"구토, 피부 징후"
DOG,3,21.0,38.9,122,30,False,False,False,True,True,NORMAL,NORMAL,NORMAL,4,0.31,WATCH,소화기 이상(구토 및 설사)
DOG,6,18.2,39.1,88,12,True,True,False,False,False,DECREASED,NORMAL,LOW,6,0.42,WATCH,"피부 징후, 식욕 감소"
DOG,1,4.2,40.4,170,40,False,True,False,True,True,DECREASED,DECREASED,LOW,7,1.0,DANGER,"고열, 빈맥"
DOG,7,28.4,41.1,176,47,True,True,True,True,False,NONE,DECREASED,LOW,2,1.0,DANGER,"고열, 빈맥"
DOG,5,23.2,37.7,97,30,False,False,False,False,False,NORMAL,NORMAL,LOW,6,0.23,NORMAL,이상 없음(정상)
CAT,8,2.7,40.3,135,47,False,True,False,False,True,DECREASED,DECREASED,LOW,5,1.0,DANGER,"고열, 호흡 급증"
CAT,10,3.6,39.0,82,22,False,False,False,False,False,NORMAL,NORMAL,NORMAL,0,0.0,NORMAL,이상 없음(정상)
CAT,5,4.0,40.5,200,45,False,False,False,True,True,NONE,NORMAL,LOW,7,1.0,DANGER,"고열, 빈맥"
CAT,3,3.4,39.0,144,12,False,False,False,False,True,DECREASED,INCREASED,LOW,5,0.4,WATCH,"설사, 식욕 감소"
DOG,6,3.7,38.1,112,30,False,False,False,False,False,NORMAL,NORMAL,NORMAL,0,0.0,NORMAL,이상 없음(정상)
DOG,6,9.7,39.1,71,14,False,True,False,False,False,DECREASED,NORMAL,NORMAL,3,0.23,NORMAL,이상 없음(정상)
DOG,12,18.6,40.1,129,39,False,False,True,False,True,DECREASED,DECREASED,HIGH,2,0.74,CAUTION,"고열, 설사"
DOG,6,21.6,40.4,190,39,True,True,True,False,True,DECREASED,NORMAL,LOW,5,1.0,DANGER,"고열, 빈맥"
CAT,11,5.5,40.1,194,65,True,False,True,True,False,DECREASED,NORMAL,HIGH,5,1.0,DANGER,"고열, 빈맥"
DOG,9,20.9,39.7,127,35,True,True,True,False,True,DECREASED,NORMAL,LOW,1,0.5,CAUTION,"미열, 설사"
DOG,11,12.0,38.3,71,33,False,False,False,False,False,DECREASED,NORMAL,NORMAL,2,0.21,NORMAL,이상 없음(정상)
DOG,11,6.1,40.0,185,49,True,True,False,False,False,NONE,NORMAL,LOW,2,1.0,DANGER,"고열, 빈맥"
DOG,10,26.4,39.4,102,24,False,False,False,False,False,NORMAL,NORMAL,NORMAL,0,0.18,NORMAL,이상 없음(정상)
DOG,6,12.2,40.3,205,34,True,True,True,True,True,DECREASED,DECREASED,LOW,1,1.0,DANGER,"고열, 빈맥"
DOG,9,8.8,38.9,111,31,False,False,False,True,True,INCREASED,NORMAL,NORMAL,2,0.33,WATCH,소화기 이상(구토 및 설사)
DOG,12,12.5,37.6,135,33,False,False,False,False,False,NORMAL,NORMAL,HIGH,1,0.0,NORMAL,이상 없음(정상)
DOG,8,28.6,39.8,121,19,True,True,False,False,False,DECREASED,NORMAL,LOW,2,0.49,WATCH,"미열, 피부 징후"
DOG,12,23.0,40.0,139,23,True,False,False,False,False,NORMAL,DECREASED,LOW,6,0.58,CAUTION,"고열, 피부 징후"
CAT,3,3.0,38.0,92,34,False,False,False,False,False,NORMAL,NORMAL,NORMAL,0,0.0,NORMAL,이상 없음(정상)
CAT,9,6.2,38.5,133,20,False,False,False,False,False,INCREASED,NORMAL,NORMAL,4,0.03,NORMAL,이상 없음(정상)
DOG,8,7.3,38.3,67,10,False,False,False,False,True,NORMAL,NORMAL,NORMAL,4,0.17,NORMAL,이상 없음(정상)
DOG,13,28.5,38.7,86,33,False,False,False,True,False,NORMAL,NORMAL,NORMAL,4,0.26,NORMAL,이상 없음(정상)
DOG,11,27.3,39.3,62,26,True,False,False,False,True,NORMAL,NORMAL,NORMAL,0,0.49,WATCH,"미열, 설사"
DOG,15,15.4,38.4,110,32,False,False,False,False,False,NORMAL,INCREASED,NORMAL,0,0.0,NORMAL,이상 없음(정상)
DOG,11,6.4,40.5,138,45,False,False,True,True,True,NONE,NORMAL,NORMAL,0,1.0,DANGER,"고열, 호흡 급증"
CAT,1,3.5,38.7,127,36,False,True,True,False,True,NORMAL,NORMAL,NORMAL,4,0.35,WATCH,"설사, 피부 징후"
CAT,7,2.2,39.4,104,22,False,False,False,False,True,NORMAL,INCREASED,NORMAL,6,0.41,WATCH,"미열, 설사"
CAT,5,6.0,38.5,86,27,False,False,True,False,False,NORMAL,NORMAL,NORMAL,0,0.14,NORMAL,이상 없음(정상)
CAT,10,3.8,40.0,141,39,False,False,False,True,False,NORMAL,NORMAL,LOW,0,0.71,CAUTION,"고열, 구토"
DOG,5,29.5,39.8,164,47,False,False,False,False,False,NONE,NORMAL,LOW,4,0.99,DANGER,"미열, 빈맥"
CAT,2,4.3,40.4,156,59,True,False,False,True,True,NONE,DECREASED,LOW,6,1.0,DANGER,"고열, 호흡 급증"
DOG,15,16.4,39.1,71,23,False,False,False,False,True,DECREASED,NORMAL,NORMAL,3,0.28,NORMAL,이상 없음(정상)
CAT,6,5.5,39.4,173,24,False,False,False,False,False,DECREASED,INCREASED,LOW,1,0.61,CAUTION,"미열, 빈맥"
CAT,8,5.4,39.0,108,20,False,False,False,False,False,NORMAL,NORMAL,LOW,3,0.06,NORMAL,이상 없음(정상)
DOG,10,6.4,38.6,84,17,False,False,False,False,False,NORMAL,NORMAL,NORMAL,0,0.03,NORMAL,이상 없음(정상)
CAT,3,4.6,39.6,143,62,True,False,False,True,True,DECREASED,DECREASED,LOW,2,1.0,DANGER,"미열, 호흡 급증"
CAT,5,4.0,38.1,98,16,False,False,False,False,False,NORMAL,DECREASED,NORMAL,0,0.0,NORMAL,이상 없음(정상)
CAT,8,6.9,41.2,197,49,False,False,True,True,True,NONE,DECREASED,LOW,1,1.0,DANGER,"고열, 빈맥"
CAT,15,2.6,39.7,173,53,False,True,False,True,True,NONE,DECREASED,LOW,5,1.0,DANGER,"미열, 빈맥"
DOG,5,6.0,39.8,130,32,False,False,False,True,False,NONE,DECREASED,NORMAL,1,0.5,CAUTION,"미열, 구토"
DOG,10,18.9,39.7,67,39,True,False,False,False,True,INCREASED,INCREASED,NORMAL,3,0.39,WATCH,"미열, 설사"
CAT,11,5.8,39.5,157,46,False,False,False,True,True,DECREASED,NORMAL,LOW,5,1.0,DANGER,"미열, 호흡 급증"
CAT,13,3.7,38.5,131,16,False,False,False,False,False,NORMAL,NORMAL,NORMAL,0,0.0,NORMAL,이상 없음(정상)
DOG,7,15.1,39.9,184,58,False,True,False,True,True,DECREASED,DECREASED,NORMAL,6,1.0,DANGER,"미열, 빈맥"
DOG,4,12.9,40.6,162,40,True,True,True,False,False,NONE,NORMAL,NORMAL,6,1.0,DANGER,"고열, 빈맥"
DOG,3,6.9,41.2,134,40,False,True,False,True,False,DECREASED,NORMAL,LOW,0,1.0,DANGER,"고열, 호흡 급증"
DOG,4,4.2,38.3,72,32,True,False,True,False,False,INCREASED,INCREASED,NORMAL,7,0.13,NORMAL,이상 없음(정상)
DOG,1,23.9,40.7,182,51,False,True,False,False,False,DECREASED,DECREASED,LOW,4,1.0,DANGER,"고열, 빈맥"
DOG,3,27.9,38.9,74,16,False,False,False,False,False,NORMAL,NORMAL,LOW,0,0.04,NORMAL,이상 없음(정상)
CAT,10,5.8,38.0,86,27,False,False,False,False,True,NORMAL,NORMAL,NORMAL,2,0.13,NORMAL,이상 없음(정상)
CAT,10,3.1,40.4,226,57,True,True,True,True,True,NONE,DECREASED,LOW,0,1.0,DANGER,"고열, 빈맥"
CAT,9,2.8,39.7,137,27,False,True,False,False,False,NORMAL,NORMAL,LOW,4,0.38,WATCH,"미열, 피부 징후"
DOG,14,18.4,40.4,130,41,True,True,False,False,True,DECREASED,DECREASED,LOW,2,1.0,DANGER,"고열, 호흡 급증"
DOG,14,25.4,38.5,144,20,False,False,False,False,False,NORMAL,INCREASED,NORMAL,0,0.05,NORMAL,이상 없음(정상)
CAT,8,7.1,38.6,95,33,False,False,False,False,False,NORMAL,NORMAL,NORMAL,0,0.06,NORMAL,이상 없음(정상)
DOG,15,2.8,40.3,157,64,False,False,True,False,True,DECREASED,DECREASED,LOW,1,1.0,DANGER,"고열, 호흡 급증"
CAT,1,3.4,38.1,58,14,True,False,False,False,False,NORMAL,NORMAL,NORMAL,1,0.16,NORMAL,이상 없음(정상)
CAT,8,8.0,39.2,131,26,True,False,False,False,True,NORMAL,NORMAL,LOW,3,0.42,WATCH,"설사, 피부 징후"
CAT,7,6.7,40.8,141,57,True,False,False,True,True,NONE,DECREASED,NORMAL,3,1.0,DANGER,"고열, 호흡 급증"
CAT,4,7.0,39.6,105,54,True,False,True,False,False,DECREASED,INCREASED,LOW,2,0.71,CAUTION,"미열, 호흡 급증"
CAT,10,6.2,40.0,167,42,False,False,False,True,False,DECREASED,NORMAL,LOW,7,1.0,DANGER,"고열, 빈맥"
CAT,8,7.0,39.8,195,48,False,True,False,True,True,NONE,DECREASED,LOW,0,1.0,DANGER,"미열, 빈맥"
CAT,8,4.5,39.5,109,15,False,False,True,False,False,NORMAL,NORMAL,HIGH,1,0.37,WATCH,"미열, 피부 징후"
CAT,2,3.1,38.8,105,29,False,False,False,False,False,NORMAL,DECREASED,NORMAL,0,0.0,NORMAL,이상 없음(정상)
DOG,1,21.6,38.4,135,26,False,False,False,False,False,DECREASED,NORMAL,NORMAL,5,0.16,NORMAL,이상 없음(정상)
DOG,10,10.8,40.2,149,39,False,False,False,True,True,NORMAL,NORMAL,LOW,1,0.88,DANGER,"고열, 소화기 이상(구토 및 설사)"
CAT,4,5.3,39.0,129,27,True,False,True,False,False,DECREASED,DECREASED,NORMAL,5,0.31,WATCH,"피부 징후, 식욕 감소"
CAT,15,5.2,40.6,197,54,True,False,True,True,True,NONE,DECREASED,LOW,4,1.0,DANGER,"고열, 빈맥"
DOG,13,5.9,40.6,106,22,False,False,False,False,True,NONE,DECREASED,NORMAL,6,0.68,CAUTION,"고열, 설사"
CAT,9,4.3,38.9,178,18,True,False,False,False,False,DECREASED,NORMAL,NORMAL,3,0.47,WATCH,"빈맥, 피부 징후"
DOG,4,22.2,40.3,186,48,True,False,True,True,False,DECREASED,NORMAL,LOW,3,1.0,DANGER,"고열, 빈맥"
CAT,15,3.8,39.3,200,31,True,False,False,False,False,INCREASED,DECREASED,LOW,5,0.68,CAUTION,"미열, 빈맥"
DOG,4,22.8,39.6,70,23,False,False,False,False,False,NORMAL,NORMAL,NORMAL,0,0.11,NORMAL,이상 없음(정상)
DOG,1,9.4,39.6,144,49,True,False,False,True,True,DECREASED,DECREASED,LOW,2,1.0,DANGER,"미열, 호흡 급증"
CAT,3,5.9,39.2,108,35,False,False,False,False,True,DECREASED,INCREASED,LOW,1,0.3,WATCH,"설사, 식욕 감소"
DOG,11,18.5,37.7,65,28,False,False,False,False,False,NORMAL,NORMAL,NORMAL,0,0.0,NORMAL,이상 없음(정상)
DOG,8,14.5,38.3,79,16,False,False,False,False,True,NORMAL,NORMAL,NORMAL,3,0.02,NORMAL,이상 없음(정상)
DOG,14,7.7,38.8,104,25,False,False,False,False,False,NORMAL,NORMAL,HIGH,6,0.08,NORMAL,이상 없음(정상)
CAT,11,7.7,40.4,209,44,True,False,False,False,False,DECREASED,DECREASED,LOW,7,1.0,DANGER,"고열, 빈맥"
CAT,7,2.5,40.3,156,35,True,False,True,False,False,NORMAL,NORMAL,LOW,1,0.57,CAUTION,"고열, 피부 징후"
CAT,13,5.5,38.9,153,38,False,False,False,True,False,DECREASED,NORMAL,LOW,7,0.38,WATCH,"구토, 식욕 감소"
CAT,6,5.9,38.9,135,22,False,True,False,True,False,DECREASED,NORMAL,NORMAL,7,0.38,WATCH,"구토, 피부 징후"
DOG,13,13.2,39.2,97,31,False,False,False,True,False,NORMAL,NORMAL,HIGH,5,0.17,NORMAL,이상 없음(정상)
DOG,2,21.2,39.6,64,38,False,True,False,False,False,NORMAL,NORMAL,NORMAL,0,0.44,WATCH,"미열, 피부 징후"
DOG,12,10.2,38.9,147,48,False,False,False,False,True,INCREASED,DECREASED,LOW,5,0.65,CAUTION,"호흡 급증, 설사"
CAT,10,7.2,40.4,130,45,True,True,True,True,True,DECREASED,DECREASED,LOW,7,1.0,DANGER,"고열, 호흡 급증"
DOG,5,18.2,38.3,113,34,True,False,False,False,True,NORMAL,NORMAL,NORMAL,2,0.26,NORMAL,이상 없음(정상)
DOG,13,16.4,39.9,179,44,False,False,False,False,False,NORMAL,NORMAL,LOW,6,0.68,CAUTION,"미열, 빈맥"
CAT,9,3.9,39.9,199,43,True,False,False,False,True,DECREASED,DECREASED,LOW,5,1.0,DANGER,"미열, 빈맥"
CAT,6,2.7,38.5,116,15,False,False,False,False,False,INCREASED,NORMAL,NORMAL,2,0.03,NORMAL,이상 없음(정상)
DOG,2,22.3,38.6,131,20,True,False,False,False,False,DECREASED,NORMAL,LOW,1,0.21,NORMAL,이상 없음(정상)
CAT,12,2.2,38.0,114,22,False,False,False,False,False,NORMAL,NORMAL,NORMAL,0,0.08,NORMAL,이상 없음(정상)
DOG,14,6.8,39.5,202,62,True,True,False,True,False,NONE,DECREASED,LOW,3,1.0,DANGER,"미열, 빈맥"
DOG,3,11.9,38.9,90,30,False,False,False,True,False,DECREASED,NORMAL,NORMAL,2,0.43,WATCH,"구토, 식욕 감소"
CAT,5,5.5,39.9,119,16,False,False,False,False,False,DECREASED,NORMAL,NORMAL,5,0.35,WATCH,"미열, 식욕 감소"
DOG,5,4.4,38.6,110,22,False,True,False,False,False,NORMAL,DECREASED,NORMAL,0,0.13,NORMAL,이상 없음(정상)
CAT,8,5.8,39.2,114,15,False,False,False,False,True,DECREASED,NORMAL,LOW,1,0.39,WATCH,"설사, 식욕 감소"
CAT,11,2.5,38.5,149,37,True,True,False,True,False,DECREASED,DECREASED,LOW,1,0.73,CAUTION,"구토, 피부 징후"
CAT,1,7.9,39.4,117,18,False,False,False,False,False,NORMAL,NORMAL,NORMAL,0,0.22,NORMAL,이상 없음(정상)
CAT,3,4.9,39.1,128,30,False,False,False,False,False,NORMAL,NORMAL,NORMAL,0,0.0,NORMAL,이상 없음(정상)
CAT,2,2.2,39.3,123,24,False,False,False,False,True,NORMAL,DECREASED,HIGH,3,0.33,WATCH,"미열, 설사"
CAT,11,5.7,40.2,138,45,True,True,False,False,True,DECREASED,DECREASED,LOW,3,1.0,DANGER,"고열, 호흡 급증"
DOG,8,15.6,38.9,111,36,False,True,True,True,False,DECREASED,NORMAL,LOW,4,0.49,WATCH,"구토, 피부 징후"
CAT,5,7.2,38.2,101,29,True,False,False,False,False,NORMAL,NORMAL,HIGH,2,0.15,NORMAL,이상 없음(정상)
CAT,4,4.9,37.7,105,32,False,False,False,False,False,NORMAL,NORMAL,NORMAL,0,0.09,NORMAL,이상 없음(정상)
DOG,13,4.1,39.5,202,57,False,True,True,True,True,DECREASED,DECREASED,HIGH,3,1.0,DANGER,"미열, 빈맥"
CAT,5,3.2,39.5,142,32,True,True,False,True,False,NONE,NORMAL,NORMAL,4,0.69,CAUTION,"미열, 구토"
CAT,11,3.2,39.6,60,39,False,False,False,True,False,DECREASED,DECREASED,NORMAL,6,0.46,WATCH,"미열, 구토"
CAT,3,3.3,39.5,174,51,True,False,True,True,True,DECREASED,DECREASED,LOW,5,1.0,DANGER,"미열, 빈맥"
CAT,5,5.3,37.8,116,37,False,False,False,False,False,NORMAL,NORMAL,NORMAL,0,0.03,NORMAL,이상 없음(정상)
CAT,2,4.0,38.1,120,19,False,False,False,False,False,INCREASED,NORMAL,NORMAL,6,0.04,NORMAL,이상 없음(정상)
DOG,3,28.7,39.7,138,40,True,False,False,False,False,NORMAL,DECREASED,LOW,1,0.71,CAUTION,"미열, 호흡 급증"
CAT,2,6.8,39.8,136,42,False,False,True,False,True,NONE,DECREASED,LOW,3,1.0,DANGER,"미열, 호흡 급증"
DOG,6,4.3,39.6,89,32,True,False,False,False,False,DECREASED,DECREASED,LOW,4,0.48,WATCH,"미열, 피부 징후"
DOG,13,3.5,39.0,68,12,False,False,False,True,True,DECREASED,DECREASED,NORMAL,7,0.45,WATCH,"소화기 이상(구토 및 설사), 식욕 감소"
CAT,8,7.4,40.3,157,40,True,True,False,True,False,DECREASED,DECREASED,LOW,4,1.0,DANGER,"고열, 호흡 급증"
DOG,3,6.0,38.9,178,25,False,False,False,False,False,DECREASED,NORMAL,NORMAL,5,0.35,WATCH,"빈맥, 식욕 감소"
DOG,8,9.2,40.3,159,55,True,False,False,True,False,DECREASED,DECREASED,LOW,4,1.0,DANGER,"고열, 호흡 급증"
CAT,12,5.8,39.6,107,24,False,False,False,False,False,DECREASED,NORMAL,LOW,3,0.39,WATCH,"미열, 식욕 감소"
DOG,11,10.3,38.9,71,31,False,True,False,False,True,DECREASED,NORMAL,NORMAL,4,0.35,WATCH,"설사, 피부 징후"
CAT,5,7.8,39.3,155,43,True,True,False,False,False,NORMAL,DECREASED,NORMAL,2,0.68,CAUTION,"미열, 호흡 급증"
CAT,6,5.9,38.6,134,26,False,True,True,False,False,NORMAL,NORMAL,NORMAL,0,0.11,NORMAL,이상 없음(정상)
CAT,12,6.2,38.6,118,31,False,False,False,False,False,NORMAL,DECREASED,NORMAL,0,0.0,NORMAL,이상 없음(정상)
DOG,8,28.3,38.7,100,20,False,False,False,False,False,NORMAL,DECREASED,NORMAL,0,0.01,NORMAL,이상 없음(정상)
CAT,15,7.9,39.5,184,32,True,False,False,True,False,NORMAL,DECREASED,NORMAL,3,0.72,CAUTION,"미열, 빈맥"
CAT,13,7.1,38.7,123,19,True,False,False,True,False,NORMAL,NORMAL,NORMAL,0,0.35,WATCH,"구토, 피부 징후"
DOG,13,20.4,39.6,139,26,False,False,True,False,False,NONE,DECREASED,LOW,5,0.69,CAUTION,"미열, 피부 징후"
CAT,10,7.3,39.9,134,29,True,False,False,False,False,DECREASED,DECREASED,NORMAL,1,0.4,WATCH,"미열, 피부 징후"
CAT,11,6.2,39.2,80,46,False,False,False,True,False,DECREASED,INCREASED,NORMAL,7,0.4,WATCH,"호흡 급증, 구토"
DOG,13,10.0,38.6,78,11,False,False,False,False,False,NORMAL,INCREASED,NORMAL,0,0.17,NORMAL,이상 없음(정상)
CAT,3,4.8,40.1,134,47,False,False,True,False,False,DECREASED,DECREASED,LOW,7,1.0,DANGER,"고열, 호흡 급증"
CAT,8,3.4,40.9,175,53,True,True,False,True,True,NONE,DECREASED,LOW,6,1.0,DANGER,"고열, 빈맥"
DOG,4,24.3,39.5,181,31,True,True,True,False,False,DECREASED,NORMAL,LOW,6,0.69,CAUTION,"미열, 빈맥"
CAT,13,4.4,39.5,139,53,False,True,True,True,False,NONE,DECREASED,LOW,3,1.0,DANGER,"미열, 호흡 급증"
DOG,5,24.9,39.5,192,41,False,False,True,True,False,DECREASED,DECREASED,LOW,3,1.0,DANGER,"미열, 빈맥"
CAT,5,5.0,39.1,117,27,False,False,False,False,False,NORMAL,NORMAL,LOW,4,0.08,NORMAL,이상 없음(정상)
DOG,4,8.5,39.4,146,21,False,True,False,False,True,NORMAL,NORMAL,HIGH,5,0.49,WATCH,"미열, 설사"
CAT,13,4.3,39.9,194,43,False,False,False,True,False,NONE,DECREASED,NORMAL,7,1.0,DANGER,"미열, 빈맥"
CAT,10,3.1,39.4,162,45,False,False,False,False,False,DECREASED,NORMAL,NORMAL,4,0.67,CAUTION,"미열, 빈맥"
DOG,13,9.8,38.7,87,19,False,False,False,False,False,INCREASED,NORMAL,NORMAL,7,0.0,NORMAL,이상 없음(정상)
CAT,4,5.8,40.6,155,53,False,True,False,False,True,DECREASED,NORMAL,LOW,3,1.0,DANGER,"고열, 호흡 급증"
CAT,1,3.1,39.6,176,55,True,False,True,True,True,NONE,DECREASED,LOW,1,1.0,DANGER,"미열, 빈맥"
DOG,1,28.5,38.4,79,20,False,False,False,False,False,NORMAL,NORMAL,NORMAL,0,0.0,NORMAL,이상 없음(정상)
CAT,7,5.5,39.0,110,26,False,False,False,True,False,DECREASED,NORMAL,NORMAL,1,0.36,WATCH,"구토, 식욕 감소"
DOG,2,20.9,39.0,164,34,False,False,False,False,False,NORMAL,NORMAL,LOW,1,0.3,WATCH,"빈맥, 활동량 저하"
CAT,13,6.0,39.0,132,20,False,False,False,True,False,DECREASED,NORMAL,LOW,1,0.43,WATCH,"구토, 식욕 감소"
CAT,6,2.8,38.5,117,45,False,False,False,True,False,DECREASED,NORMAL,NORMAL,1,0.57,CAUTION,"호흡 급증, 구토"
DOG,14,15.8,38.5,76,28,False,False,False,False,False,DECREASED,NORMAL,LOW,5,0.0,NORMAL,이상 없음(정상)
CAT,14,4.6,38.3,143,19,False,True,True,False,False,NORMAL,NORMAL,HIGH,5,0.13,NORMAL,이상 없음(정상)
CAT,12,7.0,38.7,129,34,False,False,False,False,False,NORMAL,NORMAL,NORMAL,0,0.0,NORMAL,이상 없음(정상)
DOG,1,20.6,38.8,102,24,False,False,False,False,False,NORMAL,NORMAL,NORMAL,0,0.05,NORMAL,이상 없음(정상)
DOG,1,3.5,38.9,101,30,False,False,False,False,False,INCREASED,NORMAL,NORMAL,3,0.16,NORMAL,이상 없음(정상)
DOG,4,10.1,38.2,87,28,False,True,True,False,False,NORMAL,NORMAL,LOW,6,0.33,WATCH,"피부 징후, 활동량 저하"
CAT,9,3.0,39.4,146,12,True,False,False,False,False,NORMAL,NORMAL,NORMAL,7,0.35,WATCH,"미열, 피부 징후"
DOG,10,4.5,38.6,115,45,False,False,False,False,False,NORMAL,NORMAL,LOW,5,0.31,WATCH,"호흡 급증, 활동량 저하"
CAT,14,6.6,38.9,137,31,False,False,False,False,False,NORMAL,NORMAL,HIGH,1,0.04,NORMAL,이상 없음(정상)
DOG,7,16.4,38.8,75,20,False,False,False,False,False,NORMAL,DECREASED,NORMAL,0,0.0,NORMAL,이상 없음(정상)
CAT,6,2.9,39.8,111,24,False,False,True,False,False,DECREASED,DECREASED,HIGH,7,0.39,WATCH,"미열, 피부 징후"
DOG,9,22.8,38.1,103,21,False,False,False,False,False,NORMAL,NORMAL,NORMAL,0,0.0,NORMAL,이상 없음(정상)
CAT,15,6.2,38.5,127,36,False,True,False,False,False,NORMAL,INCREASED,LOW,4,0.3,WATCH,"피부 징후, 활동량 저하"
CAT,12,2.7,38.4,128,31,False,False,False,False,True,DECREASED,DECREASED,LOW,6,0.3,WATCH,"설사, 식욕 감소"
DOG,7,22.1,38.1,103,22,False,False,False,False,False,NORMAL,NORMAL,LOW,4,0.07,NORMAL,이상 없음(정상)
CAT,7,7.7,38.7,108,21,False,False,False,False,False,NORMAL,NORMAL,NORMAL,0,0.0,NORMAL,이상 없음(정상)
DOG,2,17.7,39.8,161,56,True,True,False,False,True,NONE,NORMAL,NORMAL,1,1.0,DANGER,"미열, 빈맥"
CAT,13,5.3,37.3,87,28,False,False,False,False,True,NORMAL,INCREASED,NORMAL,5,0.13,NORMAL,이상 없음(정상)
DOG,1,12.5,40.2,124,32,False,True,False,False,False,DECREASED,NORMAL,NORMAL,7,0.59,CAUTION,"고열, 피부 징후"
DOG,2,25.2,38.4,144,21,True,False,False,False,False,NORMAL,NORMAL,NORMAL,1,0.25,NORMAL,이상 없음(정상)
CAT,13,6.6,39.6,130,39,False,False,False,True,False,NONE,INCREASED,LOW,3,0.73,CAUTION,"미열, 구토"
CAT,15,7.4,38.7,172,37,False,False,False,True,False,DECREASED,NORMAL,LOW,7,0.66,CAUTION,"빈맥, 구토"
CAT,4,5.8,38.6,121,33,False,True,False,False,False,NORMAL,NORMAL,NORMAL,0,0.18,NORMAL,이상 없음(정상)
CAT,4,6.4,38.6,73,24,False,False,False,False,False,NORMAL,NORMAL,LOW,4,0.14,NORMAL,이상 없음(정상)
CAT,7,7.4,39.0,127,30,False,False,False,False,False,NORMAL,NORMAL,LOW,6,0.06,NORMAL,이상 없음(정상)
CAT,6,7.2,38.8,97,14,False,False,False,False,False,NORMAL,NORMAL,HIGH,1,0.03,NORMAL,이상 없음(정상)
CAT,3,7.6,39.0,123,25,False,True,True,False,True,NORMAL,DECREASED,HIGH,4,0.34,WATCH,"설사, 피부 징후"
CAT,10,6.7,39.4,148,49,False,False,False,False,True,DECREASED,NORMAL,LOW,4,0.72,CAUTION,"미열, 호흡 급증"
DOG,10,6.8,38.5,106,14,False,False,False,False,False,NORMAL,NORMAL,NORMAL,0,0.0,NORMAL,이상 없음(정상)
DOG,15,16.7,39.5,142,36,False,False,True,True,False,NORMAL,DECREASED,LOW,7,0.62,CAUTION,"미열, 구토"
CAT,15,2.7,38.8,109,36,False,False,False,True,False,NORMAL,NORMAL,NORMAL,4,0.2,NORMAL,이상 없음(정상)
CAT,1,4.4,39.3,161,25,False,True,False,False,True,NORMAL,DECREASED,LOW,7,0.71,CAUTION,"미열, 빈맥"
DOG,2,13.2,39.5,132,36,False,False,True,False,False,NORMAL,NORMAL,LOW,5,0.48,WATCH,"미열, 피부 징후"
CAT,2,7.2,38.9,100,20,False,True,False,False,True,NORMAL,NORMAL,LOW,0,0.4,WATCH,"설사, 피부 징후"
DOG,6,19.3,38.5,94,15,False,True,False,False,True,DECREASED,NORMAL,NORMAL,6,0.34,WATCH,"설사, 피부 징후"
CAT,14,7.3,40.9,158,62,True,False,False,False,True,DECREASED,DECREASED,LOW,4,1.0,DANGER,"고열, 호흡 급증"
DOG,6,10.4,41.2,185,48,False,False,True,False,False,NONE,DECREASED,LOW,7,1.0,DANGER,"고열, 빈맥"
CAT,9,2.4,39.3,142,43,False,False,False,False,False,DECREASED,INCREASED,LOW,4,0.69,CAUTION,"미열, 호흡 급증"
DOG,8,15.8,39.7,168,59,True,True,True,True,False,DECREASED,DECREASED,NORMAL,3,1.0,DANGER,"미열, 빈맥"
DOG,1,13.3,39.2,143,38,True,False,False,False,False,NONE,DECREASED,LOW,2,0.5,CAUTION,"피부 징후, 식욕 절폐"
CAT,14,2.7,39.2,146,41,False,False,False,False,True,DECREASED,NORMAL,NORMAL,0,0.58,CAUTION,"호흡 급증, 설사"
DOG,8,13.2,40.4,153,38,True,True,True,False,True,DECREASED,DECREASED,LOW,4,0.97,DANGER,"고열, 설사"
DOG,9,7.1,39.3,155,35,False,True,False,False,False,INCREASED,NORMAL,LOW,6,0.49,WATCH,"미열, 피부 징후"
DOG,12,29.2,38.1,94,20,False,False,False,False,False,NORMAL,NORMAL,HIGH,6,0.01,NORMAL,이상 없음(정상)
CAT,14,4.1,40.2,137,41,False,True,False,False,False,DECREASED,DECREASED,LOW,7,0.96,DANGER,"고열, 호흡 급증"
DOG,3,28.5,39.7,102,34,False,False,False,False,True,NONE,DECREASED,LOW,6,0.62,CAUTION,"미열, 설사"
DOG,4,6.9,40.2,147,47,True,False,True,True,True,NONE,DECREASED,LOW,6,1.0,DANGER,"고열, 호흡 급증"
DOG,1,24.3,40.4,164,41,True,False,False,True,True,NONE,DECREASED,LOW,2,1.0,DANGER,"고열, 빈맥"
DOG,5,5.8,38.9,153,27,False,True,False,False,False,DECREASED,NORMAL,NORMAL,7,0.31,WATCH,"피부 징후, 식욕 감소"
DOG,2,15.8,39.3,90,29,True,False,False,False,False,NORMAL,DECREASED,NORMAL,4,0.39,WATCH,"미열, 피부 징후"
DOG,13,19.2,39.9,87,31,False,True,False,False,False,INCREASED,NORMAL,NORMAL,6,0.35,WATCH,"미열, 피부 징후"
CAT,3,4.1,38.2,149,27,False,True,False,False,True,DECREASED,NORMAL,LOW,4,0.46,WATCH,"설사, 피부 징후"
DOG,13,14.8,40.6,130,50,True,True,False,True,True,NONE,DECREASED,LOW,4,1.0,DANGER,"고열, 호흡 급증"
CAT,6,4.4,38.1,97,34,True,False,False,False,False,DECREASED,NORMAL,NORMAL,4,0.28,NORMAL,이상 없음(정상)
DOG,1,28.9,39.8,140,44,False,True,False,False,False,NORMAL,NORMAL,LOW,1,0.62,CAUTION,"미열, 호흡 급증"
DOG,4,7.7,39.8,146,55,False,True,True,True,True,DECREASED,INCREASED,NORMAL,2,1.0,DANGER,"미열, 호흡 급증"
DOG,7,26.0,40.4,130,47,True,False,True,False,True,NONE,DECREASED,LOW,2,1.0,DANGER,"고열, 호흡 급증"
DOG,2,8.8,38.8,60,34,True,False,False,False,True,NORMAL,INCREASED,LOW,3,0.32,WATCH,"설사, 피부 징후"
DOG,4,14.2,39.0,174,52,False,False,False,False,True,DECREASED,DECREASED,NORMAL,5,0.58,CAUTION,"빈맥, 호흡 급증"
CAT,5,3.7,40.3,159,45,True,True,False,True,True,DECREASED,NORMAL,LOW,2,1.0,DANGER,"고열, 호흡 급증"
CAT,12,4.2,40.3,144,34,True,True,True,True,True,NONE,DECREASED,LOW,3,1.0,DANGER,"고열, 소화기 이상(구토 및 설사)"
CAT,4,6.0,38.7,112,55,False,False,False,False,True,NORMAL,DECREASED,LOW,6,0.63,CAUTION,"호흡 급증, 설사"
DOG,4,12.6,37.9,113,13,False,False,False,False,False,NORMAL,NORMAL,NORMAL,0,0.18,NORMAL,이상 없음(정상)
DOG,9,17.2,38.5,152,47,True,False,False,True,False,DECREASED,DECREASED,NORMAL,6,0.66,CAUTION,"호흡 급증, 구토"
CAT,3,5.4,38.6,148,24,True,True,True,True,False,DECREASED,NORMAL,LOW,0,0.52,CAUTION,"구토, 피부 징후"
CAT,9,7.3,38.5,134,25,False,True,False,True,False,INCREASED,NORMAL,LOW,1,0.45,WATCH,"구토, 피부 징후"
DOG,11,6.0,39.7,178,34,False,False,True,True,True,DECREASED,DECREASED,LOW,4,1.0,DANGER,"미열, 빈맥"
CAT,14,2.2,39.2,114,27,False,True,False,False,False,NORMAL,NORMAL,NORMAL,0,0.24,NORMAL,이상 없음(정상)
DOG,9,12.6,40.5,198,53,False,False,False,True,True,NONE,NORMAL,LOW,3,1.0,DANGER,"고열, 빈맥"
CAT,5,3.8,38.7,132,25,False,False,False,False,False,NORMAL,NORMAL,NORMAL,0,0.0,NORMAL,이상 없음(정상)
DOG,11,4.9,38.2,147,22,False,False,False,False,False,DECREASED,NORMAL,HIGH,3,0.12,NORMAL,이상 없음(정상)
CAT,11,4.1,39.7,123,33,True,False,False,False,True,NORMAL,DECREASED,LOW,5,0.57,CAUTION,"미열, 설사"
CAT,11,5.2,38.5,171,25,False,True,False,True,False,NORMAL,DECREASED,LOW,3,0.68,CAUTION,"빈맥, 구토"
DOG,9,3.2,39.9,151,53,False,True,True,True,True,NONE,DECREASED,LOW,5,1.0,DANGER,"미열, 호흡 급증"
DOG,9,12.2,38.7,157,13,False,True,False,True,False,DECREASED,NORMAL,NORMAL,4,0.31,WATCH,"구토, 피부 징후"
CAT,10,4.5,39.8,170,58,False,False,True,True,True,DECREASED,NORMAL,HIGH,2,1.0,DANGER,"미열, 빈맥"
DOG,8,26.0,38.7,112,28,False,False,False,False,False,INCREASED,NORMAL,NORMAL,5,0.0,NORMAL,이상 없음(정상)
CAT,11,7.6,38.6,97,34,False,False,False,False,False,NORMAL,NORMAL,NORMAL,0,0.21,NORMAL,이상 없음(정상)
CAT,15,7.7,39.0,95,14,True,False,False,False,True,NORMAL,NORMAL,NORMAL,3,0.32,WATCH,"설사, 피부 징후"
CAT,7,2.2,39.5,133,37,True,False,False,False,True,NORMAL,DECREASED,NORMAL,0,0.54,CAUTION,"미열, 설사"
CAT,5,2.7,39.8,133,24,False,False,False,False,True,NORMAL,NORMAL,NORMAL,3,0.34,WATCH,"미열, 설사"
CAT,5,6.8,39.0,123,19,True,False,False,False,False,NORMAL,DECREASED,LOW,5,0.39,WATCH,"피부 징후, 활동량 저하"
DOG,14,14.8,38.2,88,22,False,False,False,False,False,DECREASED,NORMAL,LOW,5,0.21,NORMAL,이상 없음(정상)
DOG,10,14.9,39.2,139,40,False,False,False,True,False,DECREASED,NORMAL,LOW,5,0.64,CAUTION,"호흡 급증, 구토"
CAT,3,2.5,39.8,141,30,True,True,False,True,True,NORMAL,INCREASED,LOW,5,0.71,CAUTION,"미열, 소화기 이상(구토 및 설사)"
CAT,3,4.4,39.3,139,22,False,True,True,True,False,NORMAL,NORMAL,NORMAL,2,0.4,WATCH,"미열, 구토"
DOG,2,18.3,39.5,188,37,False,False,False,False,False,DECREASED,DECREASED,HIGH,2,0.57,CAUTION,"미열, 빈맥"
DOG,6,10.6,39.6,134,68,False,True,False,True,True,NONE,NORMAL,LOW,2,1.0,DANGER,"미열, 호흡 급증"
DOG,15,2.9,40.3,153,32,False,True,False,False,False,DECREASED,DECREASED,LOW,3,0.63,CAUTION,"고열, 피부 징후"
DOG,4,13.0,38.6,160,22,False,False,False,False,False,NORMAL,NORMAL,LOW,4,0.2,NORMAL,이상 없음(정상)
CAT,11,2.5,39.6,117,37,True,False,False,False,False,DECREASED,NORMAL,NORMAL,3,0.38,WATCH,"미열, 피부 징후"
DOG,2,8.3,38.8,110,31,False,True,False,False,False,NORMAL,INCREASED,NORMAL,0,0.17,NORMAL,이상 없음(정상)
CAT,14,2.7,40.3,130,56,False,False,True,True,False,DECREASED,NORMAL,LOW,4,1.0,DANGER,"고열, 호흡 급증"
CAT,11,2.3,40.5,166,37,True,False,True,False,True,DECREASED,NORMAL,LOW,0,1.0,DANGER,"고열, 빈맥"
CAT,1,7.3,39.1,117,34,False,True,False,False,True,NORMAL,INCREASED,NORMAL,5,0.34,WATCH,"설사, 피부 징후"
DOG,11,16.9,39.6,147,35,False,True,False,False,False,DECREASED,NORMAL,LOW,1,0.53,CAUTION,"미열, 피부 징후"
DOG,1,19.1,38.1,85,21,False,False,False,False,True,INCREASED,NORMAL,HIGH,2,0.16,NORMAL,이상 없음(정상)
CAT,13,7.4,40.6,213,40,True,True,True,True,False,DECREASED,DECREASED,NORMAL,4,1.0,DANGER,"고열, 빈맥"
CAT,8,5.9,38.7,120,25,False,True,False,False,False,NORMAL,INCREASED,NORMAL,0,0.1,NORMAL,이상 없음(정상)
DOG,9,5.3,38.4,97,17,False,True,False,False,False,NORMAL,NORMAL,LOW,2,0.14,NORMAL,이상 없음(정상)
DOG,15,22.6,38.4,116,23,False,False,False,False,False,NORMAL,NORMAL,NORMAL,0,0.03,NORMAL,이상 없음(정상)
CAT,13,2.8,38.5,160,25,False,False,False,False,False,NORMAL,NORMAL,NORMAL,0,0.0,NORMAL,이상 없음(정상)
CAT,10,3.5,39.1,104,17,True,False,False,False,False,NORMAL,NORMAL,NORMAL,0,0.11,NORMAL,이상 없음(정상)
DOG,9,23.3,38.5,109,30,False,True,False,False,False,DECREASED,INCREASED,LOW,4,0.39,WATCH,"피부 징후, 식욕 감소"
CAT,6,3.9,38.9,79,22,False,False,False,False,False,NORMAL,NORMAL,NORMAL,0,0.0,NORMAL,이상 없음(정상)
DOG,7,3.9,39.5,117,32,True,False,False,True,True,NORMAL,NORMAL,NORMAL,1,0.67,CAUTION,"미열, 소화기 이상(구토 및 설사)"
CAT,10,7.3,38.2,81,25,False,False,False,True,False,DECREASED,NORMAL,NORMAL,1,0.27,NORMAL,이상 없음(정상)
DOG,10,29.0,39.0,138,27,False,True,False,False,True,DECREASED,INCREASED,HIGH,3,0.41,WATCH,"설사, 피부 징후"
CAT,1,2.8,39.7,148,32,False,False,False,True,True,DECREASED,DECREASED,NORMAL,6,0.63,CAUTION,"미열, 소화기 이상(구토 및 설사)"
DOG,9,16.1,39.6,122,37,True,False,True,True,False,NORMAL,DECREASED,NORMAL,1,0.55,CAUTION,"미열, 구토"
DOG,3,10.6,37.2,82,19,False,False,False,False,False,DECREASED,NORMAL,NORMAL,4,0.09,NORMAL,이상 없음(정상)
CAT,2,7.0,39.3,123,39,True,False,False,True,False,NORMAL,NORMAL,NORMAL,6,0.42,WATCH,"미열, 구토"
CAT,5,6.7,38.2,89,27,True,False,False,False,False,NORMAL,NORMAL,HIGH,2,0.15,NORMAL,이상 없음(정상)
CAT,3,3.3,39.7,175,49,True,True,True,False,True,NONE,DECREASED,LOW,7,1.0,DANGER,"미열, 빈맥"
CAT,15,6.5,38.9,96,27,False,False,False,False,False,NORMAL,INCREASED,NORMAL,0,0.0,NORMAL,이상 없음(정상)
DOG,12,5.4,38.9,176,34,True,False,False,False,False,DECREASED,DECREASED,LOW,7,0.71,CAUTION,"빈맥, 피부 징후"
CAT,1,7.5,38.1,83,27,False,True,False,False,False,NORMAL,NORMAL,HIGH,4,0.06,NORMAL,이상 없음(정상)
CAT,11,4.3,38.8,122,18,False,False,False,False,False,NORMAL,NORMAL,NORMAL,0,0.0,NORMAL,이상 없음(정상)
DOG,1,7.8,37.7,126,17,False,False,False,False,False,NORMAL,NORMAL,NORMAL,0,0.06,NORMAL,이상 없음(정상)
CAT,5,5.4,37.7,120,13,False,False,False,False,False,INCREASED,NORMAL,NORMAL,4,0.0,NORMAL,이상 없음(정상)
CAT,4,3.3,39.3,96,44,False,False,False,False,False,DECREASED,DECREASED,HIGH,1,0.64,CAUTION,"미열, 호흡 급증"
CAT,9,4.2,39.2,168,36,False,False,False,False,False,NONE,NORMAL,LOW,1,0.62,CAUTION,"빈맥, 식욕 절폐"
DOG,7,29.2,38.6,100,34,False,False,False,False,False,NORMAL,NORMAL,HIGH,7,0.06,NORMAL,이상 없음(정상)
CAT,4,7.0,39.1,140,31,False,False,False,False,False,NONE,NORMAL,NORMAL,5,0.32,WATCH,식욕 절폐
CAT,14,4.4,39.9,158,55,True,False,True,True,True,DECREASED,NORMAL,LOW,4,1.0,DANGER,"미열, 호흡 급증"
CAT,6,4.7,39.6,135,38,False,True,False,False,True,DECREASED,DECREASED,LOW,7,0.66,CAUTION,"미열, 설사"
CAT,12,7.1,38.5,96,37,False,False,False,False,False,NORMAL,NORMAL,NORMAL,0,0.01,NORMAL,이상 없음(정상)
DOG,9,7.4,37.9,137,14,False,False,False,False,False,NORMAL,DECREASED,NORMAL,0,0.11,NORMAL,이상 없음(정상)
DOG,1,28.3,38.0,99,21,False,False,False,False,False,NORMAL,NORMAL,HIGH,5,0.04,NORMAL,이상 없음(정상)
CAT,6,2.2,38.1,80,20,False,False,False,False,False,NORMAL,INCREASED,NORMAL,0,0.0,NORMAL,이상 없음(정상)
CAT,12,6.6,38.5,108,32,False,False,False,False,False,INCREASED,NORMAL,HIGH,6,0.0,NORMAL,이상 없음(정상)
CAT,9,5.9,39.4,128,24,True,True,False,False,False,NORMAL,NORMAL,NORMAL,6,0.31,WATCH,"미열, 피부 징후"
CAT,5,3.4,39.4,144,29,False,False,True,False,True,DECREASED,DECREASED,LOW,2,0.61,CAUTION,"미열, 설사"
CAT,13,5.7,38.7,89,33,True,True,False,False,True,DECREASED,DECREASED,NORMAL,7,0.37,WATCH,"설사, 피부 징후"
DOG,10,8.3,40.6,174,48,False,True,False,False,True,DECREASED,DECREASED,LOW,2,1.0,DANGER,"고열, 빈맥"
CAT,3,5.8,38.5,109,19,False,False,False,False,False,NORMAL,NORMAL,LOW,6,0.08,NORMAL,이상 없음(정상)
DOG,15,27.0,40.8,173,58,True,True,False,True,True,DECREASED,DECREASED,LOW,3,1.0,DANGER,"고열, 빈맥"
CAT,15,3.9,39.2,76,21,True,False,False,False,False,DECREASED,DECREASED,LOW,7,0.38,WATCH,"피부 징후, 식욕 감소"
DOG,2,3.2,37.6,94,22,False,False,False,False,False,NORMAL,NORMAL,HIGH,2,0.0,NORMAL,이상 없음(정상)
DOG,9,20.0,39.7,134,53,True,True,False,True,True,DECREASED,NORMAL,LOW,0,1.0,DANGER,"미열, 호흡 급증"
DOG,7,14.4,38.9,111,21,True,False,False,False,True,NORMAL,INCREASED,NORMAL,3,0.46,WATCH,"설사, 피부 징후"
DOG,9,7.6,39.2,105,24,False,False,False,False,False,NORMAL,NORMAL,NORMAL,0,0.0,NORMAL,이상 없음(정상)
CAT,1,7.0,38.0,139,25,True,True,False,False,False,NORMAL,NORMAL,HIGH,3,0.15,NORMAL,이상 없음(정상)
CAT,7,4.3,38.2,70,30,True,False,False,False,False,NORMAL,NORMAL,NORMAL,2,0.26,NORMAL,이상 없음(정상)
DOG,14,18.2,38.3,93,31,False,False,False,False,False,NORMAL,DECREASED,LOW,0,0.2,NORMAL,이상 없음(정상)
DOG,2,12.4,39.9,192,54,True,True,True,True,True,NONE,NORMAL,LOW,5,1.0,DANGER,"미열, 빈맥"
DOG,2,26.2,38.5,125,25,False,False,False,False,False,NORMAL,NORMAL,NORMAL,0,0.11,NORMAL,이상 없음(정상)
DOG,2,21.0,40.2,181,35,False,False,False,False,False,NORMAL,NORMAL,LOW,7,0.71,CAUTION,"고열, 빈맥"
CAT,6,2.2,40.0,158,36,True,False,True,False,False,NORMAL,DECREASED,NORMAL,3,0.68,CAUTION,"고열, 피부 징후"
CAT,1,5.0,40.3,133,48,False,False,False,True,True,DECREASED,DECREASED,LOW,7,1.0,DANGER,"고열, 호흡 급증"
DOG,13,4.3,39.1,143,33,False,True,True,False,False,DECREASED,NORMAL,NORMAL,3,0.37,WATCH,"피부 징후, 식욕 감소"
DOG,3,29.1,38.6,124,46,False,False,False,True,True,NORMAL,NORMAL,LOW,3,0.73,CAUTION,"호흡 급증, 소화기 이상(구토 및 설사)"
DOG,13,23.1,37.9,110,19,False,False,False,False,False,NORMAL,NORMAL,NORMAL,0,0.09,NORMAL,이상 없음(정상)
DOG,8,6.9,39.1,139,35,False,False,False,True,False,DECREASED,NORMAL,HIGH,5,0.48,WATCH,"구토, 식욕 감소"
CAT,9,7.3,40.6,147,47,True,False,False,False,True,NONE,DECREASED,LOW,6,1.0,DANGER,"고열, 호흡 급증"
CAT,4,7.7,39.0,158,12,False,True,False,True,True,NORMAL,NORMAL,NORMAL,3,0.43,WATCH,"소화기 이상(구토 및 설사), 피부 징후"
CAT,12,4.0,39.6,139,35,False,False,False,True,True,DECREASED,DECREASED,LOW,7,0.72,CAUTION,"미열, 소화기 이상(구토 및 설사)"
DOG,12,14.6,38.9,111,27,False,False,False,True,False,DECREASED,NORMAL,HIGH,6,0.26,NORMAL,이상 없음(정상)
DOG,5,21.7,38.7,114,30,False,False,True,True,False,NORMAL,NORMAL,LOW,2,0.48,WATCH,"구토, 피부 징후"
DOG,14,16.8,38.8,145,12,True,False,False,True,False,NORMAL,NORMAL,LOW,4,0.49,WATCH,"구토, 피부 징후"
DOG,12,20.3,38.9,141,40,False,False,False,False,False,DECREASED,NORMAL,LOW,2,0.57,CAUTION,"호흡 급증, 식욕 감소"
DOG,3,15.4,40.3,171,48,True,True,True,True,False,DECREASED,NORMAL,LOW,1,1.0,DANGER,"고열, 빈맥"
DOG,2,26.3,38.3,87,25,False,False,False,False,False,NORMAL,NORMAL,NORMAL,0,0.0,NORMAL,이상 없음(정상)
CAT,12,2.9,38.7,132,18,False,False,False,False,True,NORMAL,NORMAL,NORMAL,0,0.1,NORMAL,이상 없음(정상)
CAT,13,4.9,38.1,174,32,False,False,True,False,False,NORMAL,NORMAL,NORMAL,0,0.35,WATCH,"빈맥, 피부 징후"
DOG,6,14.4,39.9,191,65,True,True,False,True,True,NONE,DECREASED,LOW,6,1.0,DANGER,"미열, 빈맥"
CAT,15,7.3,39.1,92,14,True,True,False,True,True,DECREASED,INCREASED,NORMAL,7,0.45,WATCH,"소화기 이상(구토 및 설사), 피부 징후"
CAT,11,2.2,39.4,173,29,True,False,True,True,True,NORMAL,NORMAL,HIGH,0,0.7,CAUTION,"미열, 빈맥"
CAT,5,3.7,38.6,111,35,True,False,True,False,False,NORMAL,NORMAL,LOW,0,0.2,NORMAL,이상 없음(정상)
CAT,15,4.5,37.6,107,12,True,False,False,False,False,NORMAL,NORMAL,NORMAL,2,0.0,NORMAL,이상 없음(정상)
DOG,8,19.2,39.1,130,14,False,True,False,False,False,NORMAL,NORMAL,NORMAL,0,0.21,NORMAL,이상 없음(정상)
CAT,8,7.4,39.3,93,22,False,False,True,False,False,DECREASED,NORMAL,NORMAL,7,0.48,WATCH,"미열, 피부 징후"
CAT,6,4.9,39.5,137,32,True,False,False,False,True,DECREASED,INCREASED,NORMAL,4,0.46,WATCH,"미열, 설사"
CAT,14,6.0,38.1,113,18,False,True,False,False,False,NORMAL,NORMAL,NORMAL,0,0.22,NORMAL,이상 없음(정상)
DOG,13,9.3,39.6,130,57,False,False,False,True,False,NONE,DECREASED,NORMAL,1,0.92,DANGER,"미열, 호흡 급증"
DOG,6,28.8,39.2,90,22,False,False,False,False,False,NORMAL,NORMAL,NORMAL,0,0.04,NORMAL,이상 없음(정상)
DOG,13,20.4,38.2,122,11,True,False,False,False,False,NORMAL,NORMAL,NORMAL,2,0.12,NORMAL,이상 없음(정상)
DOG,10,24.4,37.7,109,25,False,True,False,False,False,NORMAL,NORMAL,NORMAL,0,0.28,NORMAL,이상 없음(정상)
CAT,3,7.5,40.0,174,34,True,True,True,True,True,DECREASED,DECREASED,LOW,4,1.0,DANGER,"고열, 빈맥"
DOG,6,12.4,38.5,101,13,False,False,False,False,False,NORMAL,NORMAL,NORMAL,0,0.0,NORMAL,이상 없음(정상)
CAT,3,5.1,39.9,166,69,True,False,False,True,True,NONE,NORMAL,LOW,0,1.0,DANGER,"미열, 빈맥"
CAT,10,3.7,38.9,141,37,True,False,False,False,True,NORMAL,NORMAL,LOW,5,0.34,WATCH,"설사, 피부 징후"
CAT,13,7.9,39.3,139,12,False,True,False,False,False,NORMAL,NORMAL,HIGH,2,0.31,WATCH,"미열, 피부 징후"
DOG,9,28.9,38.3,90,22,False,True,False,False,False,NORMAL,NORMAL,NORMAL,0,0.12,NORMAL,이상 없음(정상)
DOG,15,23.2,39.8,130,42,True,False,False,False,False,NONE,NORMAL,LOW,1,1.0,DANGER,"미열, 호흡 급증"
CAT,15,7.6,39.1,91,28,False,False,False,False,False,NORMAL,NORMAL,NORMAL,0,0.14,NORMAL,이상 없음(정상)
CAT,1,3.1,39.7,115,24,False,False,False,False,False,NORMAL,NORMAL,HIGH,0,0.19,NORMAL,이상 없음(정상)
DOG,8,16.0,38.5,158,47,True,False,False,False,True,NORMAL,DECREASED,LOW,5,0.67,CAUTION,"호흡 급증, 설사"
CAT,5,3.7,39.4,98,37,False,True,False,False,True,DECREASED,DECREASED,LOW,1,0.74,CAUTION,"미열, 설사"
CAT,13,7.0,39.0,137,20,False,False,False,True,True,INCREASED,NORMAL,NORMAL,4,0.34,WATCH,소화기 이상(구토 및 설사)
CAT,6,3.3,40.8,213,56,False,True,True,True,False,NONE,NORMAL,LOW,1,1.0,DANGER,"고열, 빈맥"
DOG,10,4.9,39.0,128,22,False,False,False,False,False,NORMAL,NORMAL,NORMAL,0,0.0,NORMAL,이상 없음(정상)
CAT,15,2.2,38.3,75,25,True,True,True,False,False,DECREASED,NORMAL,LOW,7,0.38,WATCH,"피부 징후, 식욕 감소"
DOG,10,23.1,38.4,83,24,False,False,False,False,False,NORMAL,NORMAL,LOW,0,0.21,NORMAL,이상 없음(정상)
DOG,5,9.8,39.9,156,43,True,False,False,True,False,DECREASED,DECREASED,LOW,4,1.0,DANGER,"미열, 호흡 급증"
DOG,5,9.8,37.5,124,19,False,False,False,False,False,INCREASED,NORMAL,NORMAL,7,0.0,NORMAL,이상 없음(정상)
DOG,14,20.2,38.4,77,14,False,True,False,False,True,NORMAL,INCREASED,NORMAL,7,0.28,NORMAL,이상 없음(정상)
DOG,3,26.2,39.6,167,36,False,False,False,False,False,NORMAL,INCREASED,NORMAL,0,0.37,WATCH,"미열, 빈맥"
DOG,2,20.9,40.0,137,32,True,False,False,False,False,NORMAL,NORMAL,LOW,0,0.65,CAUTION,"고열, 피부 징후"
CAT,12,4.3,38.7,91,27,False,False,False,False,False,NORMAL,NORMAL,NORMAL,0,0.0,NORMAL,이상 없음(정상)
CAT,7,4.5,38.7,129,30,False,False,False,False,False,NORMAL,INCREASED,NORMAL,0,0.05,NORMAL,이상 없음(정상)
CAT,11,5.3,38.6,90,22,False,False,False,True,False,NORMAL,NORMAL,LOW,3,0.31,WATCH,"구토, 활동량 저하"
DOG,6,10.5,38.7,76,25,True,True,False,False,False,DECREASED,DECREASED,LOW,6,0.31,WATCH,"피부 징후, 식욕 감소"
DOG,13,13.2,39.5,141,30,False,False,False,False,False,NORMAL,NORMAL,NORMAL,0,0.15,NORMAL,이상 없음(정상)
CAT,4,2.1,39.8,205,46,False,False,False,False,True,NONE,DECREASED,LOW,2,1.0,DANGER,"미열, 빈맥"
CAT,12,2.9,39.6,141,14,False,False,False,False,True,NORMAL,NORMAL,NORMAL,7,0.34,WATCH,"미열, 설사"
DOG,8,27.0,39.9,127,36,False,True,False,False,False,DECREASED,NORMAL,LOW,7,0.62,CAUTION,"미열, 피부 징후"
CAT,12,5.7,39.1,105,29,False,False,False,False,False,NORMAL,NORMAL,NORMAL,0,0.03,NORMAL,이상 없음(정상)
DOG,10,23.6,38.1,111,20,False,False,False,False,False,NORMAL,NORMAL,HIGH,3,0.08,NORMAL,이상 없음(정상)
CAT,14,5.4,39.2,68,31,False,False,False,False,False,NORMAL,NORMAL,NORMAL,0,0.09,NORMAL,이상 없음(정상)
CAT,15,4.5,39.5,174,45,True,False,False,True,False,DECREASED,NORMAL,LOW,4,1.0,DANGER,"미열, 빈맥"
CAT,4,3.6,40.1,184,43,False,True,False,True,True,NORMAL,DECREASED,LOW,0,1.0,DANGER,"고열, 빈맥"
CAT,9,2.8,40.1,179,52,False,True,False,True,True,NORMAL,DECREASED,LOW,5,1.0,DANGER,"고열, 빈맥"
CAT,1,6.7,39.0,132,21,False,False,True,False,False,NORMAL,NORMAL,LOW,6,0.31,WATCH,"피부 징후, 활동량 저하"
DOG,6,8.9,39.5,159,30,True,False,False,True,True,DECREASED,DECREASED,LOW,5,0.74,CAUTION,"미열, 소화기 이상(구토 및 설사)"
DOG,7,11.8,40.5,184,61,False,False,False,True,True,NONE,DECREASED,LOW,3,1.0,DANGER,"고열, 빈맥"
CAT,7,7.5,38.8,106,23,False,False,False,False,False,NORMAL,NORMAL,NORMAL,0,0.0,NORMAL,이상 없음(정상)
CAT,7,6.6,39.7,161,48,True,False,False,True,True,DECREASED,DECREASED,LOW,6,1.0,DANGER,"미열, 빈맥"
CAT,11,6.7,38.4,127,21,False,True,False,False,False,DECREASED,NORMAL,NORMAL,7,0.3,WATCH,"피부 징후, 식욕 감소"
CAT,3,7.3,37.9,146,13,True,False,False,False,False,INCREASED,DECREASED,HIGH,1,0.24,NORMAL,이상 없음(정상)
DOG,14,9.4,40.9,130,34,False,False,False,True,False,DECREASED,DECREASED,LOW,4,0.8,DANGER,"고열, 구토"
DOG,5,15.2,37.8,135,17,False,False,False,False,False,NORMAL,NORMAL,NORMAL,0,0.07,NORMAL,이상 없음(정상)
DOG,8,26.1,39.2,90,26,True,True,False,False,True,NONE,NORMAL,NORMAL,7,0.55,CAUTION,"설사, 피부 징후"
CAT,6,4.4,39.7,151,44,True,True,False,False,True,NORMAL,NORMAL,NORMAL,1,0.66,CAUTION,"미열, 호흡 급증"
DOG,14,10.2,39.5,154,47,False,False,False,False,True,DECREASED,DECREASED,HIGH,5,0.64,CAUTION,"미열, 호흡 급증"
DOG,8,12.4,40.7,160,61,False,True,True,True,False,DECREASED,DECREASED,LOW,0,1.0,DANGER,"고열, 빈맥"
CAT,15,7.3,38.2,136,28,False,False,False,False,False,NORMAL,NORMAL,NORMAL,0,0.0,NORMAL,이상 없음(정상)
CAT,2,6.7,39.4,60,23,False,False,False,False,False,DECREASED,NORMAL,NORMAL,4,0.39,WATCH,"미열, 식욕 감소"
DOG,1,22.7,40.5,182,57,False,False,False,True,True,NORMAL,DECREASED,LOW,7,1.0,DANGER,"고열, 빈맥"
DOG,10,12.0,40.6,194,57,True,True,False,True,True,DECREASED,DECREASED,LOW,2,1.0,DANGER,"고열, 빈맥"
CAT,9,4.1,38.6,114,13,False,False,False,False,False,NORMAL,NORMAL,NORMAL,0,0.11,NORMAL,이상 없음(정상)
DOG,12,19.0,39.9,181,42,False,False,False,True,True,NONE,NORMAL,LOW,6,1.0,DANGER,"미열, 빈맥"
DOG,6,16.6,38.2,99,35,False,False,False,False,False,NORMAL,NORMAL,NORMAL,0,0.0,NORMAL,이상 없음(정상)
DOG,13,17.3,38.7,94,19,False,False,False,True,False,INCREASED,NORMAL,NORMAL,7,0.05,NORMAL,이상 없음(정상)
CAT,5,6.6,41.0,131,51,False,True,False,False,True,DECREASED,NORMAL,LOW,2,1.0,DANGER,"고열, 호흡 급증"
DOG,3,14.9,39.2,125,44,False,True,True,True,False,DECREASED,NORMAL,LOW,2,0.69,CAUTION,"호흡 급증, 구토"
DOG,9,15.5,40.8,187,61,True,True,False,True,True,NONE,DECREASED,LOW,1,1.0,DANGER,"고열, 빈맥"
DOG,1,25.0,39.1,109,29,False,False,False,False,False,DECREASED,NORMAL,HIGH,1,0.1,NORMAL,이상 없음(정상)
DOG,10,22.0,39.1,147,33,False,False,False,True,False,NORMAL,NORMAL,LOW,0,0.31,WATCH,"구토, 활동량 저하"
DOG,9,16.0,39.8,90,41,False,False,False,False,False,NONE,NORMAL,LOW,3,0.68,CAUTION,"미열, 호흡 급증"
DOG,5,12.5,39.3,121,31,True,False,False,True,False,NORMAL,NORMAL,LOW,0,0.64,CAUTION,"미열, 구토"
DOG,14,7.9,38.7,153,33,False,False,False,True,True,NORMAL,INCREASED,NORMAL,1,0.43,WATCH,소화기 이상(구토 및 설사)
CAT,8,5.5,38.4,72,33,False,False,False,False,False,NORMAL,DECREASED,LOW,6,0.08,NORMAL,이상 없음(정상)
CAT,11,7.2,39.7,137,43,False,False,False,False,True,DECREASED,DECREASED,HIGH,0,0.63,CAUTION,"미열, 호흡 급증"
DOG,8,19.9,38.4,83,28,True,False,False,False,False,NORMAL,NORMAL,NORMAL,6,0.12,NORMAL,이상 없음(정상)
CAT,7,3.7,39.3,138,37,False,True,True,True,True,DECREASED,NORMAL,HIGH,4,0.73,CAUTION,"미열, 소화기 이상(구토 및 설사)"
DOG,4,6.6,38.1,118,46,False,True,False,False,False,DECREASED,NORMAL,NORMAL,4,0.41,WATCH,"호흡 급증, 피부 징후"
CAT,13,5.4,39.3,79,26,False,False,False,False,False,NORMAL,NORMAL,HIGH,7,0.14,NORMAL,이상 없음(정상)
DOG,14,29.2,39.6,127,45,False,False,False,False,True,NORMAL,DECREASED,NORMAL,3,0.52,CAUTION,"미열, 호흡 급증"
DOG,1,5.4,39.1,116,31,False,False,False,False,False,NORMAL,DECREASED,NORMAL,0,0.0,NORMAL,이상 없음(정상)
CAT,2,2.8,39.1,113,42,False,False,False,False,True,DECREASED,DECREASED,NORMAL,1,0.51,CAUTION,"호흡 급증, 설사"
DOG,8,28.4,39.1,167,20,False,False,False,False,True,NORMAL,DECREASED,NORMAL,5,0.33,WATCH,"빈맥, 설사"
DOG,13,13.9,38.4,122,17,True,False,False,True,False,NORMAL,INCREASED,NORMAL,5,0.34,WATCH,"구토, 피부 징후"
DOG,9,25.9,39.0,130,23,False,False,False,False,False,NORMAL,NORMAL,NORMAL,0,0.0,NORMAL,이상 없음(정상)
CAT,8,5.8,39.3,142,51,False,False,False,False,True,NORMAL,INCREASED,LOW,5,0.74,CAUTION,"미열, 호흡 급증"
DOG,7,18.4,38.2,133,23,False,False,False,False,False,DECREASED,NORMAL,NORMAL,2,0.0,NORMAL,이상 없음(정상)
DOG,11,23.0,38.3,108,28,False,False,False,False,False,INCREASED,NORMAL,NORMAL,1,0.0,NORMAL,이상 없음(정상)
DOG,15,15.6,39.1,161,23,False,False,True,False,False,DECREASED,DECREASED,LOW,5,0.51,CAUTION,"빈맥, 피부 징후"
DOG,15,14.4,39.2,159,34,True,True,False,True,True,DECREASED,NORMAL,LOW,1,0.63,CAUTION,"소화기 이상(구토 및 설사), 피부 징후"
DOG,2,11.6,39.0,93,36,False,False,False,False,False,DECREASED,DECREASED,NORMAL,3,0.0,NORMAL,이상 없음(정상)
CAT,4,6.8,39.1,110,19,False,False,False,False,False,NORMAL,NORMAL,HIGH,6,0.02,NORMAL,이상 없음(정상)
DOG,8,7.0,40.0,148,47,False,False,False,True,True,NONE,DECREASED,LOW,0,1.0,DANGER,"고열, 호흡 급증"
DOG,10,22.3,39.8,138,34,True,True,True,False,False,DECREASED,NORMAL,LOW,7,0.6,CAUTION,"미열, 피부 징후"
CAT,8,4.1,39.2,122,44,False,False,False,True,False,DECREASED,NORMAL,LOW,1,0.65,CAUTION,"호흡 급증, 구토"
CAT,9,5.8,39.1,123,22,True,True,False,True,True,NORMAL,DECREASED,LOW,5,0.57,CAUTION,"소화기 이상(구토 및 설사), 피부 징후"
CAT,11,6.7,40.2,143,24,False,False,False,False,False,NORMAL,NORMAL,LOW,1,0.42,WATCH,"고열, 활동량 저하"
CAT,10,2.1,39.0,124,13,False,False,True,False,False,NORMAL,NORMAL,LOW,4,0.44,WATCH,"피부 징후, 활동량 저하"
CAT,8,6.0,37.9,84,22,False,False,False,True,False,NORMAL,NORMAL,NORMAL,3,0.19,NORMAL,이상 없음(정상)
DOG,1,4.4,38.1,88,32,False,False,False,False,False,NORMAL,INCREASED,NORMAL,0,0.0,NORMAL,이상 없음(정상)
CAT,10,3.7,38.4,115,20,True,False,False,False,True,NORMAL,NORMAL,NORMAL,1,0.24,NORMAL,이상 없음(정상)
DOG,3,24.5,39.4,150,31,True,False,False,False,False,DECREASED,DECREASED,NORMAL,7,0.39,WATCH,"미열, 피부 징후"
DOG,5,3.4,39.0,138,21,True,True,False,False,False,NORMAL,NORMAL,LOW,0,0.42,WATCH,"피부 징후, 활동량 저하"
CAT,3,2.1,38.7,137,26,False,False,False,False,False,NORMAL,NORMAL,NORMAL,0,0.01,NORMAL,이상 없음(정상)
CAT,11,2.8,39.4,121,29,True,True,False,False,False,DECREASED,NORMAL,LOW,0,0.52,CAUTION,"미열, 피부 징후"
DOG,2,8.3,39.3,154,35,False,True,True,False,True,DECREASED,DECREASED,NORMAL,3,0.64,CAUTION,"미열, 설사"
DOG,6,14.6,40.3,131,53,False,False,False,True,False,NONE,NORMAL,LOW,3,1.0,DANGER,"고열, 호흡 급증"
DOG,5,16.5,38.3,80,21,False,False,False,False,False,NORMAL,NORMAL,HIGH,1,0.0,NORMAL,이상 없음(정상)
DOG,2,2.6,38.5,93,31,False,True,False,True,False,INCREASED,NORMAL,NORMAL,2,0.39,WATCH,"구토, 피부 징후"
DOG,6,11.6,39.2,137,22,True,False,False,True,True,NORMAL,NORMAL,LOW,6,0.47,WATCH,"소화기 이상(구토 및 설사), 피부 징후"
CAT,10,6.1,40.0,189,49,True,True,False,True,False,NONE,DECREASED,LOW,1,1.0,DANGER,"고열, 빈맥"
DOG,12,27.2,38.9,157,41,False,False,True,True,False,DECREASED,DECREASED,LOW,3,0.72,CAUTION,"호흡 급증, 구토"
CAT,11,7.8,39.2,115,43,True,False,False,False,False,NONE,NORMAL,HIGH,5,0.63,CAUTION,"호흡 급증, 피부 징후"
CAT,5,6.8,39.9,183,47,True,True,False,True,True,NORMAL,DECREASED,LOW,6,1.0,DANGER,"미열, 빈맥"
CAT,5,2.9,37.9,84,21,False,False,False,False,False,NORMAL,INCREASED,NORMAL,0,0.0,NORMAL,이상 없음(정상)
CAT,15,3.2,39.1,168,40,False,False,True,True,False,DECREASED,INCREASED,HIGH,3,0.73,CAUTION,"빈맥, 호흡 급증"
DOG,4,3.4,39.3,150,30,True,False,False,True,False,NORMAL,DECREASED,LOW,7,0.62,CAUTION,"미열, 구토"
CAT,6,4.6,39.2,122,34,False,False,False,True,True,DECREASED,DECREASED,LOW,2,0.57,CAUTION,"소화기 이상(구토 및 설사), 식욕 감소"
DOG,10,5.4,40.7,189,57,True,True,True,True,True,NONE,NORMAL,LOW,3,1.0,DANGER,"고열, 빈맥"
DOG,12,15.1,38.1,123,27,False,False,True,True,False,NORMAL,DECREASED,NORMAL,4,0.31,WATCH,"구토, 피부 징후"
DOG,1,18.8,40.7,181,59,False,True,False,True,False,NONE,DECREASED,LOW,7,1.0,DANGER,"고열, 빈맥"
DOG,2,15.8,39.8,109,22,True,False,True,False,False,NORMAL,NORMAL,LOW,6,0.42,WATCH,"미열, 피부 징후"
CAT,9,5.9,39.1,129,40,False,False,False,False,False,NORMAL,INCREASED,HIGH,1,0.34,WATCH,호흡 급증
DOG,13,21.8,39.7,128,39,False,True,False,True,False,DECREASED,NORMAL,NORMAL,7,0.63,CAUTION,"미열, 구토"
CAT,12,7.8,39.8,177,38,True,True,False,True,True,NONE,NORMAL,LOW,7,1.0,DANGER,"미열, 빈맥"
DOG,5,28.3,37.6,95,26,False,False,False,False,False,NORMAL,INCREASED,NORMAL,0,0.0,NORMAL,이상 없음(정상)
CAT,6,5.4,37.9,87,42,False,False,False,False,False,NORMAL,NORMAL,NORMAL,0,0.28,NORMAL,이상 없음(정상)
DOG,4,19.3,38.5,105,15,False,False,True,False,False,NORMAL,NORMAL,NORMAL,0,0.07,NORMAL,이상 없음(정상)
CAT,2,3.4,39.5,147,28,True,False,True,False,False,DECREASED,NORMAL,LOW,7,0.67,CAUTION,"미열, 피부 징후"
DOG,2,11.4,38.5,123,23,False,True,False,False,False,DECREASED,NORMAL,LOW,1,0.4,WATCH,"피부 징후, 식욕 감소"
DOG,12,4.4,39.2,145,53,False,True,False,False,True,DECREASED,NORMAL,LOW,3,0.65,CAUTION,"호흡 급증, 설사"
DOG,5,12.3,38.5,131,21,False,False,False,False,False,NORMAL,NORMAL,NORMAL,0,0.0,NORMAL,이상 없음(정상)
DOG,13,9.6,39.3,123,27,True,False,False,True,False,NORMAL,DECREASED,NORMAL,0,0.49,WATCH,"미열, 구토"
CAT,3,4.2,38.0,115,23,False,False,False,False,False,NORMAL,INCREASED,NORMAL,0,0.0,NORMAL,이상 없음(정상)
DOG,4,22.4,37.4,119,19,False,True,False,False,False,NORMAL,NORMAL,NORMAL,0,0.11,NORMAL,이상 없음(정상)
CAT,13,2.2,38.9,133,29,False,False,False,False,False,INCREASED,NORMAL,NORMAL,7,0.07,NORMAL,이상 없음(정상)
CAT,4,6.3,38.7,88,22,False,False,False,False,False,NORMAL,NORMAL,NORMAL,0,0.0,NORMAL,이상 없음(정상)
CAT,3,2.6,38.2,112,26,False,False,False,False,False,NORMAL,NORMAL,HIGH,1,0.0,NORMAL,이상 없음(정상)
DOG,11,20.4,40.9,143,43,False,True,False,True,True,DECREASED,DECREASED,LOW,5,1.0,DANGER,"고열, 호흡 급증"
CAT,12,6.7,40.5,173,34,True,True,False,True,True,DECREASED,NORMAL,LOW,1,1.0,DANGER,"고열, 빈맥"
DOG,8,28.4,38.0,122,29,False,False,False,False,False,NORMAL,NORMAL,HIGH,6,0.0,NORMAL,이상 없음(정상)
DOG,3,20.6,40.2,196,59,True,False,True,False,False,DECREASED,DECREASED,LOW,3,1.0,DANGER,"고열, 빈맥"
CAT,1,2.4,39.9,150,40,True,False,False,True,True,NONE,DECREASED,LOW,6,1.0,DANGER,"미열, 호흡 급증"
DOG,10,25.3,39.7,148,37,False,True,True,False,False,NONE,DECREASED,LOW,2,0.7,CAUTION,"미열, 피부 징후"
DOG,9,28.2,37.3,155,14,False,False,False,False,False,NORMAL,NORMAL,NORMAL,0,0.0,NORMAL,이상 없음(정상)
DOG,12,30.0,39.9,170,46,True,True,False,True,False,DECREASED,NORMAL,LOW,5,1.0,DANGER,"미열, 빈맥"
DOG,6,15.2,39.9,162,54,True,False,False,True,True,NONE,DECREASED,NORMAL,0,1.0,DANGER,"미열, 빈맥"
CAT,6,7.7,37.4,107,30,False,False,False,False,True,NORMAL,NORMAL,HIGH,0,0.08,NORMAL,이상 없음(정상)
DOG,10,25.2,39.4,132,37,True,True,False,True,False,NORMAL,NORMAL,LOW,2,0.62,CAUTION,"미열, 구토"
CAT,12,6.0,38.7,100,40,False,False,False,False,False,DECREASED,DECREASED,NORMAL,6,0.41,WATCH,"호흡 급증, 식욕 감소"
CAT,12,6.7,38.8,90,23,False,False,False,False,True,NORMAL,NORMAL,NORMAL,1,0.08,NORMAL,이상 없음(정상)
DOG,11,11.0,38.5,95,25,False,False,False,False,False,NORMAL,INCREASED,NORMAL,0,0.13,NORMAL,이상 없음(정상)
DOG,12,13.9,39.1,134,52,True,True,False,False,False,DECREASED,NORMAL,LOW,3,0.69,CAUTION,"호흡 급증, 피부 징후"
DOG,13,6.6,39.8,154,34,False,False,False,True,True,DECREASED,DECREASED,LOW,5,0.75,DANGER,"미열, 소화기 이상(구토 및 설사)"
CAT,9,6.1,37.8,100,28,False,False,True,False,False,NORMAL,DECREASED,NORMAL,0,0.17,NORMAL,이상 없음(정상)
CAT,10,7.8,40.2,190,46,True,True,True,True,False,DECREASED,DECREASED,NORMAL,6,1.0,DANGER,"고열, 빈맥"
DOG,7,7.7,39.3,153,26,False,False,False,False,False,NORMAL,NORMAL,NORMAL,0,0.18,NORMAL,이상 없음(정상)
CAT,2,4.7,37.9,100,23,False,False,False,False,False,NORMAL,NORMAL,NORMAL,0,0.0,NORMAL,이상 없음(정상)
CAT,13,6.0,40.8,144,56,True,False,False,True,False,NONE,DECREASED,LOW,6,1.0,DANGER,"고열, 호흡 급증"
DOG,1,2.8,39.0,110,22,False,False,True,True,False,NORMAL,NORMAL,HIGH,6,0.37,WATCH,"구토, 피부 징후"
CAT,5,6.4,40.2,138,45,False,False,False,False,False,NORMAL,NORMAL,LOW,5,0.6,CAUTION,"고열, 호흡 급증"
DOG,5,8.9,38.5,85,27,False,False,False,False,False,NORMAL,NORMAL,NORMAL,0,0.05,NORMAL,이상 없음(정상)
CAT,2,6.8,38.4,63,16,False,False,False,False,True,NORMAL,NORMAL,NORMAL,4,0.21,NORMAL,이상 없음(정상)
DOG,10,7.6,40.9,155,44,True,True,False,True,False,NONE,NORMAL,LOW,3,1.0,DANGER,"고열, 호흡 급증"
CAT,13,4.8,39.6,153,25,False,False,False,False,False,NONE,NORMAL,LOW,1,0.44,WATCH,"미열, 식욕 절폐"
CAT,10,6.3,38.9,129,39,False,False,False,False,True,DECREASED,INCREASED,LOW,7,0.37,WATCH,"설사, 식욕 감소"
CAT,3,2.5,39.2,138,27,False,False,False,False,True,DECREASED,NORMAL,LOW,7,0.44,WATCH,"설사, 식욕 감소"
DOG,15,6.2,38.2,109,38,False,False,False,False,False,INCREASED,NORMAL,NORMAL,1,0.0,NORMAL,이상 없음(정상)
CAT,3,5.2,39.2,171,30,False,False,True,False,False,DECREASED,NORMAL,LOW,2,0.61,CAUTION,"빈맥, 피부 징후"
DOG,13,25.0,39.6,218,59,True,True,False,False,True,DECREASED,DECREASED,LOW,7,1.0,DANGER,"미열, 빈맥"
CAT,12,2.0,40.7,147,34,True,False,True,True,True,DECREASED,NORMAL,NORMAL,4,0.89,DANGER,"고열, 소화기 이상(구토 및 설사)"
DOG,7,6.2,39.0,107,20,False,False,False,False,False,NORMAL,NORMAL,NORMAL,0,0.0,NORMAL,이상 없음(정상)
CAT,14,7.7,38.4,94,24,False,False,False,False,False,DECREASED,NORMAL,NORMAL,4,0.05,NORMAL,이상 없음(정상)
CAT,9,3.9,39.2,78,22,False,False,True,False,False,NORMAL,NORMAL,NORMAL,0,0.04,NORMAL,이상 없음(정상)
DOG,14,25.2,39.6,179,52,False,False,False,False,False,NORMAL,NORMAL,LOW,0,0.74,CAUTION,"미열, 빈맥"
DOG,9,28.3,39.1,175,34,False,True,False,False,False,NONE,DECREASED,NORMAL,4,0.64,CAUTION,"빈맥, 피부 징후"
CAT,6,7.8,38.5,61,30,True,False,False,False,False,DECREASED,INCREASED,LOW,1,0.43,WATCH,"피부 징후, 식욕 감소"
CAT,13,3.5,38.8,77,36,True,False,False,True,False,NORMAL,DECREASED,NORMAL,0,0.45,WATCH,"구토, 피부 징후"
CAT,6,7.7,38.6,89,24,False,False,False,False,False,NORMAL,INCREASED,NORMAL,0,0.07,NORMAL,이상 없음(정상)
DOG,7,27.2,39.5,145,32,True,False,False,False,False,DECREASED,DECREASED,NORMAL,7,0.47,WATCH,"미열, 피부 징후"
DOG,12,6.9,39.3,127,44,False,True,False,False,True,DECREASED,DECREASED,NORMAL,1,0.67,CAUTION,"미열, 호흡 급증"
CAT,6,2.1,38.6,61,28,False,False,False,False,False,DECREASED,NORMAL,NORMAL,2,0.16,NORMAL,이상 없음(정상)
CAT,4,7.1,39.4,133,38,False,True,False,False,True,NORMAL,INCREASED,NORMAL,3,0.34,WATCH,"미열, 설사"
CAT,4,7.8,39.5,118,48,False,False,False,False,True,NORMAL,INCREASED,LOW,6,0.65,CAUTION,"미열, 호흡 급증"
CAT,12,2.2,38.9,123,24,False,False,False,True,True,NORMAL,NORMAL,NORMAL,2,0.46,WATCH,소화기 이상(구토 및 설사)
CAT,9,6.5,37.9,99,18,False,False,False,False,False,NORMAL,NORMAL,NORMAL,0,0.0,NORMAL,이상 없음(정상)
CAT,14,3.6,40.1,142,49,False,False,True,True,True,NONE,INCREASED,LOW,2,1.0,DANGER,"고열, 호흡 급증"
DOG,13,18.7,39.3,155,38,False,True,False,False,True,DECREASED,DECREASED,NORMAL,1,0.67,CAUTION,"미열, 설사"
CAT,11,2.5,37.9,65,18,False,False,False,False,False,NORMAL,NORMAL,NORMAL,0,0.03,NORMAL,이상 없음(정상)
DOG,15,14.0,39.5,130,50,False,True,False,False,True,NONE,DECREASED,LOW,7,1.0,DANGER,"미열, 호흡 급증"
CAT,1,7.6,38.8,112,19,False,False,False,False,False,NORMAL,DECREASED,HIGH,7,0.0,NORMAL,이상 없음(정상)
DOG,7,23.1,40.0,188,46,True,True,False,False,False,DECREASED,NORMAL,LOW,2,1.0,DANGER,"고열, 빈맥"
CAT,9,4.8,39.1,134,53,True,False,False,False,False,NONE,INCREASED,LOW,0,0.73,CAUTION,"호흡 급증, 피부 징후"
DOG,7,15.5,38.9,95,27,False,False,False,False,False,NORMAL,NORMAL,NORMAL,0,0.0,NORMAL,이상 없음(정상)
CAT,12,6.1,40.6,141,34,True,True,False,True,True,NONE,NORMAL,NORMAL,2,1.0,DANGER,"고열, 소화기 이상(구토 및 설사)"
CAT,11,3.3,39.7,132,30,False,True,False,False,False,DECREASED,DECREASED,LOW,2,0.59,CAUTION,"미열, 피부 징후"
CAT,4,2.3,38.8,95,27,True,True,False,False,True,DECREASED,INCREASED,LOW,7,0.45,WATCH,"설사, 피부 징후"
CAT,11,5.9,38.5,103,21,False,False,False,False,True,NORMAL,NORMAL,NORMAL,7,0.12,NORMAL,이상 없음(정상)
DOG,6,24.3,38.9,148,34,False,True,False,False,True,NONE,DECREASED,HIGH,6,0.55,CAUTION,"설사, 피부 징후"
CAT,7,6.4,39.8,134,41,True,True,False,False,False,NORMAL,NORMAL,LOW,7,0.6,CAUTION,"미열, 호흡 급증"
CAT,10,2.9,39.8,123,54,False,False,False,True,True,NORMAL,DECREASED,NORMAL,5,0.72,CAUTION,"미열, 호흡 급증"
DOG,4,9.9,39.9,142,23,True,False,True,True,False,NORMAL,DECREASED,LOW,3,0.57,CAUTION,"미열, 구토"
DOG,6,27.2,39.2,107,29,False,False,False,False,False,INCREASED,NORMAL,NORMAL,6,0.1,NORMAL,이상 없음(정상)
CAT,1,7.0,38.1,178,31,False,True,False,False,False,NORMAL,DECREASED,NORMAL,0,0.41,WATCH,"빈맥, 피부 징후"
CAT,12,2.9,39.5,162,53,True,True,False,False,True,NONE,DECREASED,NORMAL,1,1.0,DANGER,"미열, 빈맥"
CAT,2,3.0,39.3,102,24,False,False,False,False,False,DECREASED,INCREASED,NORMAL,6,0.32,WATCH,"미열, 식욕 감소"
DOG,4,25.1,39.0,127,10,False,False,False,False,False,NORMAL,NORMAL,HIGH,1,0.0,NORMAL,이상 없음(정상)
CAT,15,2.7,38.7,110,16,True,False,True,False,False,DECREASED,INCREASED,NORMAL,5,0.38,WATCH,"피부 징후, 식욕 감소"
DOG,11,22.3,40.9,130,43,False,False,False,False,True,DECREASED,NORMAL,LOW,5,1.0,DANGER,"고열, 호흡 급증"
CAT,5,4.5,38.9,103,14,False,False,True,False,False,INCREASED,NORMAL,HIGH,1,0.18,NORMAL,이상 없음(정상)
CAT,10,3.0,39.9,174,29,False,False,False,False,False,NONE,NORMAL,NORMAL,5,0.59,CAUTION,"미열, 빈맥"
DOG,12,7.1,39.4,132,40,False,True,True,False,False,NONE,NORMAL,NORMAL,0,0.73,CAUTION,"미열, 호흡 급증"
DOG,1,10.3,38.0,110,19,False,False,False,False,False,NORMAL,NORMAL,LOW,2,0.12,NORMAL,이상 없음(정상)
CAT,7,7.3,38.6,115,23,False,False,False,False,False,NORMAL,NORMAL,HIGH,4,0.02,NORMAL,이상 없음(정상)
CAT,2,2.5,39.0,155,55,False,False,True,True,False,DECREASED,DECREASED,NORMAL,0,0.61,CAUTION,"호흡 급증, 구토"
CAT,5,5.8,39.5,190,53,False,True,False,True,False,DECREASED,NORMAL,NORMAL,2,1.0,DANGER,"미열, 빈맥"
DOG,13,17.0,38.3,120,29,False,False,False,False,True,NORMAL,NORMAL,NORMAL,7,0.08,NORMAL,이상 없음(정상)
CAT,4,3.4,40.5,209,38,False,True,False,False,True,NONE,INCREASED,LOW,4,1.0,DANGER,"고열, 빈맥"
CAT,13,3.6,39.7,164,54,True,True,False,False,False,NONE,DECREASED,LOW,1,1.0,DANGER,"미열, 빈맥"
CAT,12,6.6,39.8,145,34,False,False,False,True,False,NONE,NORMAL,LOW,2,0.7,CAUTION,"미열, 구토"
DOG,9,15.6,39.5,138,42,False,False,False,False,True,DECREASED,DECREASED,LOW,2,0.85,DANGER,"미열, 호흡 급증"
CAT,12,6.4,39.9,166,55,False,False,True,True,True,NONE,NORMAL,LOW,3,1.0,DANGER,"미열, 빈맥"
CAT,9,2.1,39.9,130,46,True,True,True,True,True,DECREASED,DECREASED,LOW,0,1.0,DANGER,"미열, 호흡 급증"
DOG,7,28.6,39.0,166,24,False,True,False,False,True,NORMAL,NORMAL,LOW,6,0.61,CAUTION,"빈맥, 설사"
CAT,10,3.4,38.9,121,37,False,False,False,True,True,DECREASED,NORMAL,NORMAL,1,0.45,WATCH,"소화기 이상(구토 및 설사), 식욕 감소"
CAT,14,2.6,38.9,117,32,False,False,False,False,False,NORMAL,INCREASED,NORMAL,0,0.0,NORMAL,이상 없음(정상)
DOG,1,4.6,39.8,95,20,False,False,False,False,False,NORMAL,NORMAL,LOW,7,0.34,WATCH,"미열, 활동량 저하"
DOG,4,25.6,39.5,141,39,False,True,False,False,True,DECREASED,NORMAL,LOW,3,0.63,CAUTION,"미열, 설사"
CAT,2,6.9,39.0,126,23,False,False,True,False,False,DECREASED,DECREASED,NORMAL,5,0.3,WATCH,"피부 징후, 식욕 감소"
DOG,7,3.3,38.9,91,30,True,False,False,False,False,DECREASED,NORMAL,LOW,5,0.34,WATCH,"피부 징후, 식욕 감소"
CAT,8,6.8,38.9,110,32,False,False,False,False,False,NORMAL,NORMAL,NORMAL,0,0.03,NORMAL,이상 없음(정상)
DOG,5,12.3,38.3,124,21,False,False,False,False,True,NORMAL,NORMAL,NORMAL,1,0.17,NORMAL,이상 없음(정상)
CAT,10,7.1,39.6,161,31,False,False,True,False,True,NORMAL,DECREASED,NORMAL,5,0.59,CAUTION,"미열, 빈맥"
CAT,12,7.6,38.3,77,15,False,False,False,False,True,NORMAL,NORMAL,NORMAL,7,0.0,NORMAL,이상 없음(정상)
CAT,6,6.9,39.4,131,25,False,True,False,True,False,DECREASED,NORMAL,LOW,4,0.53,CAUTION,"미열, 구토"
CAT,10,3.9,38.4,133,15,False,False,False,False,False,NORMAL,NORMAL,NORMAL,0,0.09,NORMAL,이상 없음(정상)
DOG,12,14.4,38.4,77,38,False,False,False,False,False,NORMAL,NORMAL,NORMAL,0,0.13,NORMAL,이상 없음(정상)
CAT,5,4.4,40.3,184,63,True,False,True,False,True,DECREASED,NORMAL,LOW,3,1.0,DANGER,"고열, 빈맥"
CAT,5,6.3,40.6,188,62,True,False,False,False,True,NONE,DECREASED,LOW,6,1.0,DANGER,"고열, 빈맥"
DOG,10,18.4,38.8,112,22,False,False,False,False,False,NORMAL,NORMAL,NORMAL,0,0.0,NORMAL,이상 없음(정상)
DOG,15,4.3,40.0,147,36,True,True,False,True,True,NONE,NORMAL,LOW,4,1.0,DANGER,"고열, 소화기 이상(구토 및 설사)"
CAT,13,7.4,38.8,148,33,False,False,True,True,False,NORMAL,NORMAL,NORMAL,5,0.36,WATCH,"구토, 피부 징후"
DOG,6,12.5,38.3,117,28,True,True,True,False,False,DECREASED,NORMAL,NORMAL,0,0.31,WATCH,"피부 징후, 식욕 감소"
CAT,4,5.8,40.0,206,68,False,True,False,False,False,NONE,DECREASED,LOW,6,1.0,DANGER,"고열, 빈맥"
DOG,4,24.7,38.4,76,30,True,False,False,False,True,NORMAL,NORMAL,LOW,1,0.35,WATCH,"설사, 피부 징후"
CAT,2,4.1,40.1,130,34,False,False,True,True,True,NORMAL,NORMAL,LOW,5,1.0,DANGER,"고열, 소화기 이상(구토 및 설사)"
CAT,1,7.1,38.8,50,25,True,False,False,False,False,INCREASED,NORMAL,NORMAL,4,0.11,NORMAL,이상 없음(정상)
CAT,1,2.3,40.0,145,61,False,False,False,True,True,NONE,NORMAL,NORMAL,5,1.0,DANGER,"고열, 호흡 급증"
CAT,13,7.0,38.9,79,32,False,False,False,False,False,INCREASED,INCREASED,NORMAL,0,0.12,NORMAL,이상 없음(정상)
DOG,10,6.4,38.7,122,19,False,True,False,True,False,NORMAL,NORMAL,NORMAL,4,0.43,WATCH,"구토, 피부 징후"
CAT,13,7.1,40.3,192,48,False,False,False,True,True,NONE,NORMAL,LOW,7,1.0,DANGER,"고열, 빈맥"
CAT,5,6.2,38.0,80,33,False,False,False,False,False,DECREASED,NORMAL,NORMAL,0,0.08,NORMAL,이상 없음(정상)
CAT,9,2.2,40.4,184,56,True,True,False,True,True,NORMAL,INCREASED,NORMAL,7,1.0,DANGER,"고열, 빈맥"
DOG,10,25.0,40.4,206,61,True,False,False,True,True,NONE,NORMAL,LOW,0,1.0,DANGER,"고열, 빈맥"
DOG,7,21.9,38.8,156,46,False,True,True,False,False,NONE,INCREASED,LOW,4,0.74,CAUTION,"호흡 급증, 피부 징후"
CAT,11,7.4,40.0,159,43,True,False,False,False,False,NONE,DECREASED,LOW,3,1.0,DANGER,"고열, 호흡 급증"
DOG,14,23.1,38.9,78,12,False,False,False,False,False,DECREASED,NORMAL,LOW,6,0.36,WATCH,"식욕 감소, 활동량 저하"
DOG,6,17.7,37.9,128,28,False,False,False,False,False,NORMAL,NORMAL,NORMAL,0,0.0,NORMAL,이상 없음(정상)
CAT,12,3.5,38.4,95,31,False,False,False,False,False,NORMAL,NORMAL,NORMAL,0,0.0,NORMAL,이상 없음(정상)
CAT,6,7.1,39.4,150,25,True,True,False,False,False,DECREASED,NORMAL,NORMAL,0,0.33,WATCH,"미열, 피부 징후"
DOG,8,6.5,37.4,83,24,False,False,False,False,False,INCREASED,NORMAL,NORMAL,6,0.01,NORMAL,이상 없음(정상)
CAT,14,7.3,38.3,116,35,False,False,False,False,False,DECREASED,NORMAL,NORMAL,3,0.0,NORMAL,이상 없음(정상)
CAT,11,7.4,40.5,157,38,False,False,False,True,True,DECREASED,DECREASED,LOW,5,1.0,DANGER,"고열, 소화기 이상(구토 및 설사)"
CAT,6,4.1,39.9,152,24,True,False,False,False,False,NONE,NORMAL,LOW,3,0.6,CAUTION,"미열, 피부 징후"
DOG,8,27.4,37.8,119,36,False,False,False,False,False,INCREASED,NORMAL,HIGH,2,0.04,NORMAL,이상 없음(정상)
CAT,4,5.2,39.2,119,25,True,False,False,False,True,NONE,DECREASED,LOW,3,0.66,CAUTION,"설사, 피부 징후"
CAT,4,5.9,39.0,90,33,False,False,True,False,True,NORMAL,NORMAL,NORMAL,5,0.31,WATCH,"설사, 피부 징후"
CAT,11,5.7,39.6,167,38,False,False,False,False,False,DECREASED,NORMAL,NORMAL,0,0.5,CAUTION,"미열, 빈맥"
DOG,2,11.4,39.3,152,36,True,True,False,False,True,DECREASED,DECREASED,LOW,6,0.59,CAUTION,"미열, 설사"
CAT,8,5.2,39.0,93,22,False,False,False,False,False,NORMAL,DECREASED,NORMAL,0,0.0,NORMAL,이상 없음(정상)
CAT,11,2.4,38.6,109,42,False,False,False,False,False,NORMAL,NORMAL,NORMAL,0,0.07,NORMAL,이상 없음(정상)
CAT,7,5.9,39.6,156,23,False,False,False,False,True,NORMAL,DECREASED,LOW,0,0.53,CAUTION,"미열, 설사"
CAT,5,5.3,38.5,138,28,False,False,False,False,False,NORMAL,NORMAL,NORMAL,0,0.0,NORMAL,이상 없음(정상)
CAT,1,3.9,40.9,193,41,False,True,False,False,False,DECREASED,DECREASED,LOW,6,1.0,DANGER,"고열, 빈맥"
DOG,3,15.1,39.2,74,26,False,False,False,False,False,NORMAL,NORMAL,NORMAL,0,0.04,NORMAL,이상 없음(정상)
DOG,1,3.1,38.7,107,18,False,False,False,True,True,NORMAL,INCREASED,NORMAL,3,0.41,WATCH,소화기 이상(구토 및 설사)
CAT,5,6.2,38.6,89,29,False,False,True,False,False,NORMAL,NORMAL,NORMAL,0,0.17,NORMAL,이상 없음(정상)
CAT,6,2.4,37.9,120,22,False,False,False,False,True,NORMAL,NORMAL,LOW,4,0.22,NORMAL,이상 없음(정상)
CAT,7,4.3,37.9,123,25,False,False,False,False,False,NORMAL,NORMAL,HIGH,3,0.0,NORMAL,이상 없음(정상)
DOG,5,26.6,40.0,130,48,True,True,False,False,False,DECREASED,DECREASED,HIGH,2,0.84,DANGER,"고열, 호흡 급증"
CAT,2,2.1,39.0,151,34,True,False,True,True,True,DECREASED,DECREASED,NORMAL,2,0.63,CAUTION,"소화기 이상(구토 및 설사), 피부 징후"
DOG,4,7.2,38.4,105,25,False,True,False,False,False,NORMAL,NORMAL,LOW,6,0.09,NORMAL,이상 없음(정상)
CAT,7,3.3,38.7,73,23,False,False,False,False,False,NORMAL,NORMAL,NORMAL,0,0.08,NORMAL,이상 없음(정상)
DOG,10,8.3,40.7,178,55,True,True,True,False,True,NONE,NORMAL,LOW,1,1.0,DANGER,"고열, 빈맥"
CAT,5,5.4,38.0,116,30,False,False,False,False,False,NORMAL,NORMAL,NORMAL,0,0.01,NORMAL,이상 없음(정상)
DOG,1,5.4,39.8,200,36,False,False,False,False,False,DECREASED,NORMAL,NORMAL,5,0.54,CAUTION,"미열, 빈맥"
DOG,15,12.6,38.2,90,20,False,False,False,False,False,NORMAL,NORMAL,NORMAL,0,0.09,NORMAL,이상 없음(정상)
CAT,9,5.8,40.1,163,37,False,False,True,False,False,DECREASED,DECREASED,LOW,2,0.93,DANGER,"고열, 빈맥"
DOG,5,11.5,38.3,124,32,False,False,False,True,True,NORMAL,INCREASED,NORMAL,5,0.29,NORMAL,이상 없음(정상)
CAT,10,6.8,38.9,121,37,False,True,False,False,True,DECREASED,NORMAL,LOW,6,0.59,CAUTION,"설사, 피부 징후"
CAT,4,3.5,38.9,108,16,False,False,False,False,False,NORMAL,NORMAL,NORMAL,0,0.0,NORMAL,이상 없음(정상)
CAT,11,2.2,39.1,156,30,True,True,False,True,False,NORMAL,DECREASED,LOW,0,0.41,WATCH,"구토, 피부 징후"
CAT,13,4.0,38.6,89,31,False,False,False,False,False,DECREASED,NORMAL,NORMAL,1,0.15,NORMAL,이상 없음(정상)
CAT,2,5.8,39.1,126,30,False,False,False,True,False,DECREASED,NORMAL,LOW,2,0.47,WATCH,"구토, 식욕 감소"
CAT,12,3.7,38.7,141,10,False,False,False,False,False,NORMAL,INCREASED,NORMAL,0,0.07,NORMAL,이상 없음(정상)
DOG,2,26.7,40.5,230,46,True,True,False,True,True,NONE,NORMAL,LOW,5,1.0,DANGER,"고열, 빈맥"
DOG,8,13.0,38.9,131,30,True,False,False,False,True,NORMAL,NORMAL,NORMAL,6,0.3,WATCH,"설사, 피부 징후"
DOG,12,13.1,39.9,136,48,True,False,False,True,True,DECREASED,NORMAL,LOW,4,1.0,DANGER,"미열, 호흡 급증"
CAT,12,5.3,39.3,59,32,False,False,False,False,False,INCREASED,NORMAL,NORMAL,7,0.13,NORMAL,이상 없음(정상)
CAT,11,6.3,39.3,155,12,False,True,False,False,False,NORMAL,NORMAL,LOW,3,0.45,WATCH,"미열, 피부 징후"
CAT,6,2.7,40.9,193,46,False,True,True,False,True,NONE,DECREASED,LOW,4,1.0,DANGER,"고열, 빈맥"
DOG,1,8.1,39.2,152,37,False,True,False,True,False,DECREASED,DECREASED,LOW,5,0.61,CAUTION,"구토, 피부 징후"
DOG,5,20.7,38.6,123,24,True,False,False,False,False,NORMAL,INCREASED,NORMAL,1,0.15,NORMAL,이상 없음(정상)
CAT,12,3.1,40.0,130,39,False,True,False,True,False,NONE,NORMAL,LOW,1,1.0,DANGER,"고열, 구토"
DOG,11,26.5,39.3,120,36,False,True,True,False,False,NORMAL,DECREASED,NORMAL,0,0.44,WATCH,"미열, 피부 징후"
DOG,9,11.5,39.5,201,40,False,False,False,False,False,INCREASED,DECREASED,LOW,7,0.87,DANGER,"미열, 빈맥"
DOG,15,16.1,38.1,130,21,False,False,False,True,False,DECREASED,INCREASED,LOW,5,0.49,WATCH,"구토, 식욕 감소"
DOG,3,17.2,38.6,110,33,True,True,False,False,True,DECREASED,INCREASED,NORMAL,6,0.31,WATCH,"설사, 피부 징후"
DOG,6,20.0,37.9,89,23,False,False,False,False,True,NORMAL,NORMAL,NORMAL,7,0.06,NORMAL,이상 없음(정상)
DOG,4,22.7,38.3,72,21,False,False,False,True,False,NORMAL,INCREASED,NORMAL,7,0.09,NORMAL,이상 없음(정상)
CAT,3,5.8,39.2,117,43,False,True,False,False,False,NORMAL,NORMAL,NORMAL,0,0.47,WATCH,"호흡 급증, 피부 징후"
CAT,1,2.6,39.5,164,44,False,True,False,True,False,DECREASED,INCREASED,LOW,2,1.0,DANGER,"미열, 빈맥"
DOG,6,19.9,38.5,119,17,False,False,False,False,False,NORMAL,NORMAL,NORMAL,0,0.0,NORMAL,이상 없음(정상)
CAT,13,4.7,38.8,176,34,False,False,False,True,False,NORMAL,NORMAL,HIGH,3,0.45,WATCH,"빈맥, 구토"
CAT,7,4.4,37.8,133,24,False,False,False,True,False,NORMAL,NORMAL,HIGH,3,0.18,NORMAL,이상 없음(정상)
DOG,6,19.0,37.9,121,10,False,False,False,False,False,NORMAL,NORMAL,NORMAL,0,0.0,NORMAL,이상 없음(정상)
DOG,7,11.6,38.4,93,22,False,False,False,False,False,DECREASED,DECREASED,NORMAL,1,0.16,NORMAL,이상 없음(정상)
CAT,11,5.8,38.8,154,20,True,False,False,False,True,NORMAL,NORMAL,LOW,4,0.37,WATCH,"설사, 피부 징후"
CAT,10,5.7,38.4,82,21,False,False,False,False,False,NORMAL,NORMAL,NORMAL,0,0.0,NORMAL,이상 없음(정상)
CAT,1,6.6,39.4,175,38,False,False,False,False,False,DECREASED,NORMAL,LOW,0,0.69,CAUTION,"미열, 빈맥"
CAT,3,7.1,38.8,136,33,False,False,False,True,True,NORMAL,DECREASED,NORMAL,6,0.33,WATCH,소화기 이상(구토 및 설사)
DOG,10,23.2,39.4,93,24,False,False,False,False,True,NORMAL,DECREASED,NORMAL,3,0.44,WATCH,"미열, 설사"
DOG,2,28.4,38.4,109,17,False,False,False,False,False,NORMAL,NORMAL,NORMAL,0,0.0,NORMAL,이상 없음(정상)
CAT,11,3.0,39.7,164,48,False,False,True,False,True,NONE,INCREASED,NORMAL,0,1.0,DANGER,"미열, 빈맥"
CAT,14,6.3,39.0,94,20,False,False,False,True,True,NORMAL,NORMAL,NORMAL,7,0.42,WATCH,소화기 이상(구토 및 설사)
DOG,9,26.7,38.9,122,38,False,False,False,True,True,DECREASED,NORMAL,HIGH,5,0.41,WATCH,"소화기 이상(구토 및 설사), 식욕 감소"
DOG,7,28.0,38.6,62,30,False,False,False,False,False,NORMAL,NORMAL,HIGH,6,0.0,NORMAL,이상 없음(정상)
DOG,10,6.1,39.7,160,39,False,False,False,False,False,NONE,NORMAL,LOW,6,0.63,CAUTION,"미열, 빈맥"
DOG,11,5.0,40.2,182,55,False,False,True,True,True,NONE,NORMAL,LOW,4,1.0,DANGER,"고열, 빈맥"
DOG,3,22.6,38.7,115,27,False,False,False,False,False,NORMAL,NORMAL,NORMAL,0,0.04,NORMAL,이상 없음(정상)
DOG,5,5.2,38.3,100,19,False,False,False,False,False,NORMAL,NORMAL,HIGH,5,0.0,NORMAL,이상 없음(정상)
DOG,2,10.6,39.1,104,34,False,True,False,False,False,DECREASED,NORMAL,LOW,3,0.35,WATCH,"피부 징후, 식욕 감소"
CAT,1,7.9,39.8,144,56,False,False,False,False,True,DECREASED,NORMAL,NORMAL,0,0.74,CAUTION,"미열, 호흡 급증"
DOG,4,13.2,38.2,102,23,False,False,False,False,False,NORMAL,NORMAL,NORMAL,0,0.0,NORMAL,이상 없음(정상)
CAT,13,2.4,38.6,93,33,False,False,False,False,False,NORMAL,NORMAL,NORMAL,0,0.0,NORMAL,이상 없음(정상)
DOG,6,22.2,39.3,97,53,False,False,False,False,False,DECREASED,NORMAL,LOW,2,0.62,CAUTION,"미열, 호흡 급증"
DOG,11,28.7,40.4,178,47,True,True,False,True,True,NONE,DECREASED,LOW,0,1.0,DANGER,"고열, 빈맥"
CAT,15,2.6,39.2,130,31,False,True,False,True,False,DECREASED,DECREASED,LOW,0,0.57,CAUTION,"구토, 피부 징후"
CAT,8,6.8,39.3,88,31,False,False,False,True,False,NORMAL,NORMAL,LOW,5,0.46,WATCH,"미열, 구토"
CAT,1,7.6,39.0,157,34,False,True,False,False,True,NORMAL,NORMAL,NORMAL,2,0.48,WATCH,"설사, 피부 징후"
DOG,4,10.8,39.1,134,43,False,False,False,False,False,DECREASED,INCREASED,HIGH,2,0.35,WATCH,"호흡 급증, 식욕 감소"
CAT,14,7.0,38.8,110,29,False,False,True,False,True,DECREASED,DECREASED,NORMAL,4,0.43,WATCH,"설사, 피부 징후"
DOG,2,17.7,39.0,160,30,False,False,True,True,False,NORMAL,NORMAL,LOW,2,0.68,CAUTION,"빈맥, 구토"
DOG,15,3.8,39.6,160,39,False,True,True,True,True,DECREASED,DECREASED,LOW,0,1.0,DANGER,"미열, 빈맥"
DOG,5,3.7,40.7,221,46,True,True,False,True,False,NORMAL,NORMAL,LOW,6,1.0,DANGER,"고열, 빈맥"
DOG,10,19.7,39.8,146,34,True,False,False,True,True,NONE,DECREASED,LOW,1,1.0,DANGER,"미열, 소화기 이상(구토 및 설사)"
CAT,11,7.7,40.4,168,48,False,True,False,True,True,DECREASED,DECREASED,NORMAL,5,1.0,DANGER,"고열, 빈맥"
CAT,10,3.6,40.5,142,54,False,False,True,False,True,NONE,DECREASED,LOW,0,1.0,DANGER,"고열, 호흡 급증"
DOG,9,7.5,40.8,185,54,True,False,False,False,True,NONE,DECREASED,LOW,7,1.0,DANGER,"고열, 빈맥"
DOG,14,18.6,41.0,167,43,True,True,False,True,True,NONE,DECREASED,LOW,6,1.0,DANGER,"고열, 빈맥"
DOG,14,29.8,39.2,96,24,True,False,False,True,False,NORMAL,NORMAL,LOW,7,0.35,WATCH,"구토, 피부 징후"
CAT,10,7.0,38.8,102,22,True,True,False,False,False,NONE,NORMAL,NORMAL,6,0.41,WATCH,"피부 징후, 식욕 절폐"
DOG,14,25.9,39.3,112,26,False,True,False,False,False,NORMAL,INCREASED,NORMAL,0,0.37,WATCH,"미열, 피부 징후"
CAT,5,3.1,40.4,183,65,False,True,True,True,True,DECREASED,DECREASED,LOW,6,1.0,DANGER,"고열, 빈맥"
CAT,6,2.0,39.5,111,19,True,True,False,False,False,NORMAL,INCREASED,HIGH,1,0.35,WATCH,"미열, 피부 징후"
DOG,4,12.4,39.9,136,28,False,False,False,True,False,NORMAL,NORMAL,LOW,0,0.55,CAUTION,"미열, 구토"
DOG,9,26.0,38.3,61,20,False,False,False,False,False,NORMAL,NORMAL,NORMAL,0,0.0,NORMAL,이상 없음(정상)
CAT,10,6.4,39.2,90,58,False,False,False,False,True,NORMAL,DECREASED,LOW,6,0.5,CAUTION,"호흡 급증, 설사"
DOG,11,12.5,39.4,96,13,False,True,False,False,False,NORMAL,NORMAL,LOW,7,0.37,WATCH,"미열, 피부 징후"
DOG,8,27.2,38.5,150,15,False,True,False,False,False,NORMAL,NORMAL,NORMAL,0,0.14,NORMAL,이상 없음(정상)
DOG,15,14.5,39.7,104,27,True,True,False,False,False,DECREASED,INCREASED,LOW,4,0.52,CAUTION,"미열, 피부 징후"
CAT,2,2.3,38.5,69,24,False,False,False,False,False,NORMAL,NORMAL,NORMAL,0,0.01,NORMAL,이상 없음(정상)
CAT,11,7.9,39.2,175,38,False,False,True,False,False,DECREASED,NORMAL,LOW,5,0.56,CAUTION,"빈맥, 피부 징후"
DOG,9,25.4,38.6,142,33,False,False,False,False,True,NORMAL,NORMAL,NORMAL,7,0.23,NORMAL,이상 없음(정상)
CAT,4,4.1,38.8,97,36,False,False,False,False,False,NORMAL,INCREASED,NORMAL,0,0.02,NORMAL,이상 없음(정상)
CAT,8,6.4,39.4,132,19,False,False,False,False,False,NORMAL,DECREASED,LOW,3,0.33,WATCH,"미열, 활동량 저하"
CAT,11,3.8,40.2,91,46,False,False,False,False,False,NORMAL,DECREASED,HIGH,6,0.53,CAUTION,"고열, 호흡 급증"
DOG,1,11.3,41.3,161,42,True,True,False,True,True,DECREASED,DECREASED,LOW,1,1.0,DANGER,"고열, 빈맥"
DOG,9,21.2,40.3,142,48,True,True,False,True,True,NONE,DECREASED,LOW,7,1.0,DANGER,"고열, 호흡 급증"
DOG,2,29.0,39.3,131,35,False,False,True,True,False,DECREASED,INCREASED,LOW,1,0.73,CAUTION,"미열, 구토"
DOG,5,22.2,39.8,133,38,False,False,False,False,False,DECREASED,DECREASED,LOW,1,0.51,CAUTION,"미열, 식욕 감소"
DOG,5,11.9,39.8,148,37,False,False,False,True,False,NORMAL,NORMAL,NORMAL,6,0.36,WATCH,"미열, 구토"
CAT,5,4.2,39.0,149,30,True,True,False,True,False,DECREASED,NORMAL,LOW,3,0.53,CAUTION,"구토, 피부 징후"
CAT,8,3.9,40.0,172,66,False,True,False,False,False,DECREASED,DECREASED,LOW,2,1.0,DANGER,"고열, 빈맥"
CAT,4,7.8,38.0,78,32,False,False,False,False,False,INCREASED,DECREASED,NORMAL,2,0.06,NORMAL,이상 없음(정상)
CAT,3,6.7,39.9,114,33,False,True,False,True,False,DECREASED,NORMAL,LOW,6,0.7,CAUTION,"미열, 구토"
DOG,3,11.5,39.8,202,44,True,True,False,True,True,INCREASED,DECREASED,LOW,0,1.0,DANGER,"미열, 빈맥"
CAT,13,3.1,38.1,88,20,False,False,False,False,False,NORMAL,NORMAL,NORMAL,0,0.02,NORMAL,이상 없음(정상)
DOG,4,26.2,39.3,115,23,False,False,False,False,False,NORMAL,INCREASED,LOW,7,0.32,WATCH,"미열, 활동량 저하"
DOG,15,5.3,38.7,111,47,False,False,False,False,True,DECREASED,DECREASED,LOW,1,0.59,CAUTION,"호흡 급증, 설사"
CAT,3,5.0,40.0,130,44,False,False,False,True,False,DECREASED,DECREASED,LOW,4,1.0,DANGER,"고열, 호흡 급증"
DOG,3,3.1,39.4,155,50,False,False,False,False,False,DECREASED,NORMAL,LOW,7,0.67,CAUTION,"미열, 호흡 급증"
CAT,1,5.5,40.7,164,50,True,True,True,False,True,NONE,NORMAL,LOW,2,1.0,DANGER,"고열, 빈맥"
CAT,5,3.5,38.5,127,26,True,False,False,False,False,NORMAL,NORMAL,NORMAL,7,0.27,NORMAL,이상 없음(정상)
CAT,15,2.7,38.7,100,31,False,False,False,False,True,INCREASED,NORMAL,NORMAL,1,0.02,NORMAL,이상 없음(정상)
CAT,10,5.8,40.1,172,49,True,False,False,False,True,NORMAL,DECREASED,LOW,0,1.0,DANGER,"고열, 빈맥"
DOG,13,10.7,39.7,194,55,True,True,False,False,True,DECREASED,DECREASED,LOW,2,1.0,DANGER,"미열, 빈맥"
DOG,14,9.0,39.4,119,17,False,True,False,False,False,NORMAL,NORMAL,NORMAL,0,0.35,WATCH,"미열, 피부 징후"
CAT,3,2.8,39.5,109,24,False,False,False,False,False,NORMAL,NORMAL,NORMAL,0,0.27,NORMAL,이상 없음(정상)
CAT,2,4.9,40.4,128,41,False,False,False,False,False,DECREASED,NORMAL,NORMAL,3,0.73,CAUTION,"고열, 호흡 급증"
DOG,7,17.5,38.9,133,18,False,False,False,True,False,DECREASED,NORMAL,HIGH,5,0.36,WATCH,"구토, 식욕 감소"
DOG,7,6.4,38.2,116,20,False,False,False,False,True,NORMAL,NORMAL,NORMAL,3,0.16,NORMAL,이상 없음(정상)
CAT,14,6.5,39.3,145,16,True,False,False,False,True,NORMAL,NORMAL,NORMAL,2,0.41,WATCH,"미열, 설사"
CAT,8,3.4,39.4,154,28,True,True,False,False,False,NORMAL,NORMAL,LOW,7,0.47,WATCH,"미열, 피부 징후"
CAT,10,3.9,40.0,178,34,False,False,False,True,True,DECREASED,DECREASED,LOW,2,1.0,DANGER,"고열, 빈맥"
CAT,8,4.7,38.8,111,29,False,False,False,True,False,DECREASED,NORMAL,LOW,6,0.36,WATCH,"구토, 식욕 감소"
CAT,15,4.9,39.4,137,44,False,False,False,False,True,DECREASED,DECREASED,NORMAL,5,0.58,CAUTION,"미열, 호흡 급증"
CAT,7,6.7,40.8,181,37,False,True,False,True,False,DECREASED,DECREASED,LOW,1,1.0,DANGER,"고열, 빈맥"
CAT,15,6.7,38.3,124,21,False,False,False,False,False,NORMAL,NORMAL,NORMAL,0,0.0,NORMAL,이상 없음(정상)
CAT,12,7.5,38.9,140,25,False,True,False,False,True,DECREASED,DECREASED,HIGH,6,0.45,WATCH,"설사, 피부 징후"
CAT,5,7.6,38.2,129,24,False,False,False,False,False,INCREASED,NORMAL,NORMAL,1,0.07,NORMAL,이상 없음(정상)
CAT,2,5.2,40.0,171,63,True,False,False,True,True,NONE,INCREASED,LOW,6,1.0,DANGER,"고열, 빈맥"
CAT,10,7.5,38.4,118,22,False,False,False,True,False,NORMAL,NORMAL,NORMAL,5,0.2,NORMAL,이상 없음(정상)
CAT,9,2.4,38.8,109,25,False,False,False,False,False,NORMAL,NORMAL,NORMAL,0,0.03,NORMAL,이상 없음(정상)
DOG,4,18.0,38.0,119,42,True,False,False,False,False,NORMAL,NORMAL,NORMAL,0,0.48,WATCH,"호흡 급증, 피부 징후"
DOG,8,7.3,39.2,112,41,False,True,False,True,False,DECREASED,NORMAL,LOW,1,0.68,CAUTION,"호흡 급증, 구토"
CAT,15,5.7,39.1,151,34,True,False,True,True,True,NORMAL,DECREASED,LOW,3,0.67,CAUTION,"소화기 이상(구토 및 설사), 피부 징후"
DOG,12,3.4,39.7,130,55,True,True,False,False,True,NONE,DECREASED,LOW,2,1.0,DANGER,"미열, 호흡 급증"
DOG,13,27.6,37.6,113,19,False,True,False,False,False,NORMAL,NORMAL,NORMAL,0,0.08,NORMAL,이상 없음(정상)
DOG,14,14.1,39.0,129,40,False,False,False,True,False,DECREASED,NORMAL,NORMAL,0,0.46,WATCH,"호흡 급증, 구토"
CAT,13,3.8,40.1,130,34,True,False,True,True,True,NONE,DECREASED,LOW,0,1.0,DANGER,"고열, 소화기 이상(구토 및 설사)"
DOG,11,19.2,39.5,106,26,False,False,False,True,False,NORMAL,DECREASED,NORMAL,6,0.42,WATCH,"미열, 구토"
CAT,12,6.2,39.8,161,35,False,False,False,True,False,DECREASED,NORMAL,LOW,0,0.67,CAUTION,"미열, 빈맥"
CAT,2,8.0,39.7,112,37,False,True,True,False,False,NORMAL,NORMAL,NORMAL,0,0.34,WATCH,"미열, 피부 징후"
CAT,8,2.6,38.3,123,22,False,False,False,False,False,NORMAL,NORMAL,LOW,7,0.1,NORMAL,이상 없음(정상)
CAT,7,5.5,38.9,131,28,False,False,False,False,False,NORMAL,NORMAL,HIGH,7,0.02,NORMAL,이상 없음(정상)
DOG,9,5.4,39.6,133,38,True,True,False,True,False,DECREASED,DECREASED,LOW,4,0.7,CAUTION,"미열, 구토"
CAT,4,2.6,38.3,100,21,False,False,False,False,False,NORMAL,NORMAL,NORMAL,0,0.12,NORMAL,이상 없음(정상)
DOG,6,12.3,38.3,74,30,False,False,False,False,False,NORMAL,NORMAL,NORMAL,0,0.0,NORMAL,이상 없음(정상)
DOG,12,26.8,38.3,103,26,False,False,False,False,False,NORMAL,NORMAL,NORMAL,0,0.02,NORMAL,이상 없음(정상)
CAT,13,7.1,38.9,90,27,False,False,True,False,True,DECREASED,NORMAL,LOW,2,0.46,WATCH,"설사, 피부 징후"
DOG,6,29.5,40.0,176,46,False,True,True,True,True,DECREASED,DECREASED,LOW,1,1.0,DANGER,"고열, 빈맥"
DOG,2,14.2,38.0,97,16,False,False,False,False,False,NORMAL,NORMAL,NORMAL,0,0.0,NORMAL,이상 없음(정상)
CAT,2,6.0,39.7,157,43,True,False,False,True,False,NORMAL,DECREASED,HIGH,1,0.72,CAUTION,"미열, 호흡 급증"
CAT,6,7.2,37.7,124,27,False,False,False,False,False,NORMAL,NORMAL,NORMAL,0,0.02,NORMAL,이상 없음(정상)
CAT,10,4.1,38.4,102,33,False,False,False,False,False,NORMAL,NORMAL,NORMAL,0,0.01,NORMAL,이상 없음(정상)
DOG,15,3.7,38.2,148,24,False,False,False,False,False,NORMAL,NORMAL,NORMAL,0,0.0,NORMAL,이상 없음(정상)
CAT,3,2.9,40.0,105,37,False,True,False,False,True,NORMAL,DECREASED,LOW,2,0.7,CAUTION,"고열, 설사"
CAT,14,4.2,39.8,151,41,False,False,True,False,True,DECREASED,DECREASED,LOW,1,0.95,DANGER,"미열, 호흡 급증"
CAT,8,2.4,40.0,140,31,False,True,False,False,True,NORMAL,DECREASED,LOW,0,0.68,CAUTION,"고열, 설사"
DOG,15,18.4,38.4,129,16,False,False,False,False,True,DECREASED,DECREASED,LOW,1,0.32,WATCH,"설사, 식욕 감소"
DOG,11,11.4,40.9,161,49,False,True,False,False,True,NONE,NORMAL,LOW,5,1.0,DANGER,"고열, 빈맥"
DOG,9,29.7,38.9,104,31,True,False,True,True,False,DECREASED,NORMAL,NORMAL,6,0.48,WATCH,"구토, 피부 징후"
CAT,12,5.7,38.9,80,21,False,False,False,False,False,NORMAL,INCREASED,NORMAL,0,0.0,NORMAL,이상 없음(정상)
CAT,12,7.2,38.1,94,21,False,False,False,False,True,NORMAL,INCREASED,NORMAL,6,0.11,NORMAL,이상 없음(정상)
DOG,12,18.7,38.2,113,14,False,True,False,True,False,NORMAL,DECREASED,NORMAL,4,0.39,WATCH,"구토, 피부 징후"
CAT,11,2.5,37.4,77,32,False,False,False,True,False,NORMAL,NORMAL,NORMAL,1,0.27,NORMAL,이상 없음(정상)
DOG,5,27.2,39.2,98,29,False,False,False,True,False,DECREASED,NORMAL,LOW,2,0.32,WATCH,"구토, 식욕 감소"
CAT,10,7.4,39.7,168,26,False,False,False,False,True,DECREASED,NORMAL,NORMAL,6,0.57,CAUTION,"미열, 빈맥"
DOG,3,12.7,38.8,154,33,False,False,False,False,True,DECREASED,DECREASED,LOW,3,0.44,WATCH,"설사, 식욕 감소"
CAT,13,7.4,39.0,172,35,False,True,False,False,True,INCREASED,DECREASED,LOW,2,0.54,CAUTION,"빈맥, 설사"
DOG,8,8.3,39.9,147,26,True,False,True,False,False,DECREASED,DECREASED,LOW,7,0.66,CAUTION,"미열, 피부 징후"
DOG,11,15.9,39.4,117,24,False,False,True,False,False,INCREASED,DECREASED,LOW,1,0.34,WATCH,"미열, 피부 징후"
DOG,11,5.5,39.9,159,58,True,False,False,False,False,DECREASED,NORMAL,LOW,4,0.66,CAUTION,"미열, 호흡 급증"
DOG,14,20.6,40.4,130,48,False,True,False,True,True,NONE,DECREASED,LOW,0,1.0,DANGER,"고열, 호흡 급증"
DOG,14,29.8,39.4,108,21,True,False,False,False,False,NORMAL,NORMAL,NORMAL,0,0.32,WATCH,"미열, 피부 징후"
DOG,11,27.8,38.3,59,37,False,False,False,False,False,NORMAL,NORMAL,NORMAL,0,0.0,NORMAL,이상 없음(정상)
DOG,7,27.2,39.5,163,35,True,False,False,False,False,NORMAL,DECREASED,LOW,2,0.53,CAUTION,"미열, 빈맥"
CAT,4,7.0,38.1,99,28,False,False,False,False,False,NORMAL,NORMAL,NORMAL,0,0.01,NORMAL,이상 없음(정상)
DOG,10,22.1,40.9,130,57,False,True,True,False,True,NONE,DECREASED,LOW,1,1.0,DANGER,"고열, 호흡 급증"
CAT,3,7.0,39.1,141,35,True,False,False,False,False,DECREASED,NORMAL,LOW,6,0.4,WATCH,"피부 징후, 식욕 감소"
CAT,15,7.1,38.9,110,16,False,True,False,False,False,DECREASED,NORMAL,NORMAL,4,0.33,WATCH,"피부 징후, 식욕 감소"
CAT,14,6.9,39.6,155,30,True,True,True,False,False,NORMAL,DECREASED,NORMAL,4,0.3,WATCH,"미열, 피부 징후"
DOG,11,13.0,39.5,141,35,False,True,True,True,False,NORMAL,DECREASED,NORMAL,3,0.45,WATCH,"미열, 구토"
DOG,11,23.2,38.9,123,24,False,False,False,True,False,INCREASED,NORMAL,NORMAL,0,0.29,NORMAL,이상 없음(정상)
CAT,2,2.9,39.1,113,17,False,True,False,False,True,DECREASED,NORMAL,NORMAL,1,0.36,WATCH,"설사, 피부 징후"
CAT,13,7.5,38.5,56,19,False,False,False,False,False,INCREASED,NORMAL,NORMAL,6,0.0,NORMAL,이상 없음(정상)
CAT,8,2.2,38.2,93,24,False,False,False,False,False,NORMAL,NORMAL,NORMAL,0,0.03,NORMAL,이상 없음(정상)
CAT,5,2.6,40.4,174,56,True,True,True,False,True,DECREASED,NORMAL,NORMAL,3,1.0,DANGER,"고열, 빈맥"
CAT,15,7.3,39.9,91,40,True,False,False,False,True,NORMAL,NORMAL,NORMAL,0,0.69,CAUTION,"미열, 호흡 급증"
DOG,3,27.0,38.9,171,38,True,False,False,True,False,NORMAL,NORMAL,LOW,4,0.69,CAUTION,"빈맥, 구토"
CAT,8,4.3,38.5,109,38,True,False,False,False,False,NORMAL,NORMAL,NORMAL,2,0.15,NORMAL,이상 없음(정상)
DOG,15,29.2,39.6,109,46,False,False,False,False,False,DECREASED,INCREASED,NORMAL,3,0.45,WATCH,"미열, 호흡 급증"
CAT,14,3.9,40.0,161,53,False,False,True,True,True,NONE,DECREASED,NORMAL,0,1.0,DANGER,"고열, 빈맥"
DOG,11,2.5,39.7,165,36,False,False,False,False,False,DECREASED,DECREASED,LOW,1,0.61,CAUTION,"미열, 빈맥"
CAT,4,6.5,39.1,75,25,False,False,False,False,False,NORMAL,INCREASED,NORMAL,0,0.02,NORMAL,이상 없음(정상)
DOG,11,12.1,39.8,143,40,False,True,False,False,True,NORMAL,DECREASED,NORMAL,3,0.74,CAUTION,"미열, 호흡 급증"
CAT,2,4.4,39.1,94,34,True,True,False,True,False,DECREASED,NORMAL,NORMAL,4,0.49,WATCH,"구토, 피부 징후"
DOG,6,13.6,39.8,133,27,True,True,True,True,True,NORMAL,NORMAL,LOW,4,0.72,CAUTION,"미열, 소화기 이상(구토 및 설사)"
DOG,7,25.3,39.4,128,26,False,False,False,False,True,NORMAL,NORMAL,NORMAL,4,0.33,WATCH,"미열, 설사"
DOG,10,12.9,39.4,137,39,False,True,False,False,True,INCREASED,NORMAL,HIGH,4,0.33,WATCH,"미열, 설사"
DOG,12,20.2,39.7,106,40,True,True,False,False,False,NORMAL,INCREASED,HIGH,4,0.52,CAUTION,"미열, 호흡 급증"
DOG,8,3.6,37.9,99,36,False,False,False,False,False,DECREASED,NORMAL,NORMAL,1,0.24,NORMAL,이상 없음(정상)
DOG,8,27.9,38.4,81,23,False,False,False,False,False,NORMAL,DECREASED,NORMAL,0,0.0,NORMAL,이상 없음(정상)
DOG,12,16.4,39.1,98,41,True,True,False,False,False,NORMAL,DECREASED,LOW,0,0.54,CAUTION,"호흡 급증, 피부 징후"
DOG,15,23.7,38.4,161,37,False,False,False,False,True,NORMAL,INCREASED,LOW,5,0.46,WATCH,"빈맥, 설사"
CAT,15,6.4,39.9,152,40,True,True,True,False,False,NORMAL,DECREASED,NORMAL,2,0.63,CAUTION,"미열, 호흡 급증"
DOG,8,29.9,38.0,119,16,False,False,False,False,False,NORMAL,NORMAL,NORMAL,0,0.04,NORMAL,이상 없음(정상)
CAT,1,2.8,39.4,152,12,False,False,False,False,False,NORMAL,DECREASED,LOW,5,0.43,WATCH,"미열, 활동량 저하"
DOG,14,26.1,39.0,120,25,False,True,True,True,True,NORMAL,NORMAL,NORMAL,4,0.46,WATCH,"소화기 이상(구토 및 설사), 피부 징후"
CAT,5,2.3,39.4,101,12,False,True,False,False,True,NORMAL,NORMAL,NORMAL,5,0.48,WATCH,"미열, 설사"
CAT,1,4.8,37.9,114,33,False,False,True,False,False,DECREASED,NORMAL,NORMAL,0,0.31,WATCH,"피부 징후, 식욕 감소"
CAT,13,2.2,38.5,123,16,False,False,False,False,False,DECREASED,NORMAL,NORMAL,4,0.1,NORMAL,이상 없음(정상)
CAT,12,3.1,39.1,134,42,False,False,False,False,False,NONE,NORMAL,LOW,1,0.54,CAUTION,"호흡 급증, 식욕 절폐"
CAT,10,7.3,39.5,127,15,False,False,False,False,False,DECREASED,DECREASED,NORMAL,0,0.31,WATCH,"미열, 식욕 감소"
DOG,3,16.4,40.0,173,58,False,False,False,True,True,DECREASED,DECREASED,LOW,4,1.0,DANGER,"고열, 빈맥"
CAT,9,3.4,38.0,150,24,False,False,True,False,True,NORMAL,NORMAL,LOW,4,0.44,WATCH,"설사, 피부 징후"
DOG,13,7.1,40.2,153,45,True,False,False,True,True,NONE,DECREASED,LOW,2,1.0,DANGER,"고열, 호흡 급증"
DOG,5,8.0,38.7,101,20,False,False,False,False,True,NORMAL,NORMAL,HIGH,5,0.02,NORMAL,이상 없음(정상)
DOG,3,20.1,39.7,123,30,True,True,False,False,False,NORMAL,NORMAL,LOW,4,0.58,CAUTION,"미열, 피부 징후"
DOG,15,16.7,39.5,117,30,False,False,True,False,True,NORMAL,NORMAL,NORMAL,3,0.32,WATCH,"미열, 설사"
CAT,11,7.6,38.6,143,29,False,False,False,True,False,DECREASED,NORMAL,NORMAL,0,0.35,WATCH,"구토, 식욕 감소"
CAT,14,6.2,39.3,148,34,False,False,False,False,True,NORMAL,NORMAL,NORMAL,2,0.37,WATCH,"미열, 설사"
CAT,1,2.2,39.6,130,47,False,True,False,True,True,DECREASED,NORMAL,LOW,0,1.0,DANGER,"미열, 호흡 급증"
CAT,14,2.8,39.6,147,44,True,True,True,False,False,DECREASED,DECREASED,NORMAL,1,0.74,CAUTION,"미열, 호흡 급증"
CAT,2,3.2,39.1,193,40,False,False,False,False,False,NORMAL,DECREASED,LOW,7,0.63,CAUTION,"빈맥, 호흡 급증"
CAT,12,7.3,38.6,73,31,False,False,False,True,False,NORMAL,NORMAL,NORMAL,4,0.21,NORMAL,이상 없음(정상)
CAT,3,7.3,40.6,226,50,True,False,False,True,True,NONE,NORMAL,LOW,3,1.0,DANGER,"고열, 빈맥"
DOG,12,9.8,40.2,164,38,False,False,False,False,True,NONE,DECREASED,NORMAL,6,1.0,DANGER,"고열, 빈맥"
CAT,5,6.7,39.6,128,20,False,False,False,True,False,DECREASED,DECREASED,NORMAL,5,0.39,WATCH,"미열, 구토"
DOG,1,10.4,40.9,166,58,True,False,False,True,True,NONE,DECREASED,LOW,7,1.0,DANGER,"고열, 빈맥"
DOG,9,5.9,39.3,178,15,False,False,False,False,False,DECREASED,NORMAL,NORMAL,7,0.4,WATCH,"미열, 빈맥"
CAT,12,2.9,37.3,111,32,False,True,False,False,False,NORMAL,NORMAL,NORMAL,0,0.17,NORMAL,이상 없음(정상)
DOG,6,23.4,38.6,110,15,False,False,False,False,False,NORMAL,NORMAL,NORMAL,0,0.01,NORMAL,이상 없음(정상)
CAT,4,6.8,38.1,128,24,True,False,False,False,False,NORMAL,NORMAL,HIGH,4,0.07,NORMAL,이상 없음(정상)
DOG,2,19.0,39.2,132,27,False,True,False,True,False,NORMAL,DECREASED,NORMAL,2,0.35,WATCH,"구토, 피부 징후"
CAT,8,4.4,38.9,141,31,False,True,False,True,True,DECREASED,NORMAL,NORMAL,0,0.61,CAUTION,"소화기 이상(구토 및 설사), 피부 징후"
DOG,1,27.2,40.6,161,50,False,False,True,False,True,NONE,DECREASED,LOW,3,1.0,DANGER,"고열, 빈맥"
CAT,1,5.2,39.2,137,38,True,False,True,True,False,NONE,INCREASED,NORMAL,6,0.6,CAUTION,"구토, 피부 징후"
CAT,11,4.2,39.6,154,56,True,True,False,True,False,NONE,DECREASED,LOW,1,1.0,DANGER,"미열, 호흡 급증"
CAT,12,6.9,38.7,75,26,False,False,False,False,False,NORMAL,NORMAL,NORMAL,0,0.01,NORMAL,이상 없음(정상)
DOG,8,10.6,38.9,113,33,False,False,True,False,False,NORMAL,DECREASED,HIGH,3,0.2,NORMAL,이상 없음(정상)
DOG,13,2.8,38.3,156,34,False,False,False,False,False,NORMAL,NORMAL,NORMAL,0,0.04,NORMAL,이상 없음(정상)
CAT,14,5.6,39.1,167,42,True,True,False,False,False,NORMAL,DECREASED,HIGH,2,0.53,CAUTION,"빈맥, 호흡 급증"
DOG,2,21.2,39.7,100,20,False,False,False,False,False,DECREASED,NORMAL,NORMAL,7,0.31,WATCH,"미열, 식욕 감소"
CAT,7,4.6,39.8,147,25,False,False,False,False,False,NONE,DECREASED,LOW,5,0.51,CAUTION,"미열, 식욕 절폐"
CAT,13,7.0,39.4,147,22,True,True,False,False,True,NONE,DECREASED,NORMAL,5,0.56,CAUTION,"미열, 설사"
CAT,11,5.1,38.3,123,29,False,False,False,True,True,INCREASED,NORMAL,NORMAL,5,0.28,NORMAL,이상 없음(정상)
CAT,8,4.3,40.4,151,58,False,True,False,True,True,NONE,NORMAL,LOW,1,1.0,DANGER,"고열, 호흡 급증"
CAT,5,4.4,40.6,204,40,False,True,False,True,True,DECREASED,DECREASED,LOW,1,1.0,DANGER,"고열, 빈맥"
DOG,10,17.9,40.3,188,52,True,True,False,True,True,DECREASED,DECREASED,LOW,1,1.0,DANGER,"고열, 빈맥"
CAT,4,7.7,39.5,198,48,True,True,True,True,False,DECREASED,DECREASED,NORMAL,5,1.0,DANGER,"미열, 빈맥"
DOG,3,17.9,41.0,179,40,True,True,False,True,True,NONE,DECREASED,LOW,0,1.0,DANGER,"고열, 빈맥"
DOG,8,9.6,37.6,92,12,False,False,False,False,False,NORMAL,NORMAL,NORMAL,0,0.18,NORMAL,이상 없음(정상)
DOG,15,8.2,39.8,102,38,True,True,False,False,True,NONE,DECREASED,NORMAL,7,0.71,CAUTION,"미열, 설사"
DOG,5,25.8,38.4,116,20,True,False,False,False,False,NORMAL,NORMAL,LOW,2,0.31,WATCH,"피부 징후, 활동량 저하"
CAT,4,4.8,38.0,109,26,False,False,False,False,False,NORMAL,NORMAL,LOW,1,0.07,NORMAL,이상 없음(정상)
DOG,6,14.4,39.8,155,20,False,False,False,False,True,DECREASED,INCREASED,NORMAL,7,0.35,WATCH,"미열, 설사"
CAT,1,3.3,38.6,107,16,False,False,False,False,False,DECREASED,NORMAL,NORMAL,4,0.12,NORMAL,이상 없음(정상)
DOG,3,8.2,39.7,114,35,False,False,False,False,False,NORMAL,NORMAL,NORMAL,0,0.29,NORMAL,이상 없음(정상)
CAT,1,5.4,39.4,116,30,True,True,False,True,False,DECREASED,DECREASED,HIGH,7,0.53,CAUTION,"미열, 구토"
DOG,1,22.3,38.4,172,33,True,False,False,False,False,NORMAL,NORMAL,NORMAL,3,0.43,WATCH,"빈맥, 피부 징후"
CAT,1,4.2,38.8,129,29,False,False,False,False,False,INCREASED,INCREASED,NORMAL,3,0.04,NORMAL,이상 없음(정상)
CAT,6,4.1,38.1,94,22,False,True,False,False,False,NORMAL,NORMAL,NORMAL,0,0.27,NORMAL,이상 없음(정상)
CAT,13,2.0,40.4,170,55,True,True,True,False,True,DECREASED,NORMAL,LOW,7,1.0,DANGER,"고열, 빈맥"
CAT,15,7.9,39.1,105,29,True,False,False,False,False,NORMAL,NORMAL,HIGH,7,0.21,NORMAL,이상 없음(정상)
CAT,6,5.8,38.1,88,24,False,False,False,False,False,NORMAL,NORMAL,NORMAL,0,0.0,NORMAL,이상 없음(정상)
DOG,13,26.1,40.7,147,48,False,False,False,True,True,DECREASED,DECREASED,LOW,1,1.0,DANGER,"고열, 호흡 급증"
CAT,3,5.3,39.2,113,19,False,False,False,False,False,NORMAL,NORMAL,HIGH,0,0.0,NORMAL,이상 없음(정상)
DOG,10,28.4,38.8,95,19,False,False,False,False,False,NORMAL,NORMAL,NORMAL,0,0.11,NORMAL,이상 없음(정상)
CAT,4,3.9,39.4,105,33,False,True,False,False,False,NORMAL,DECREASED,LOW,7,0.38,WATCH,"미열, 피부 징후"
CAT,1,5.0,39.3,137,24,False,False,False,True,False,NORMAL,NORMAL,NORMAL,4,0.49,WATCH,"미열, 구토"
CAT,4,4.7,39.7,153,39,True,True,False,False,True,NORMAL,INCREASED,LOW,6,0.52,CAUTION,"미열, 설사"
CAT,12,7.5,38.6,102,26,False,False,False,False,False,INCREASED,NORMAL,HIGH,4,0.05,NORMAL,이상 없음(정상)
CAT,2,5.1,39.7,168,35,True,True,True,False,False,DECREASED,DECREASED,NORMAL,1,0.68,CAUTION,"미열, 빈맥"
DOG,7,7.4,38.1,112,14,False,False,False,False,True,NORMAL,NORMAL,NORMAL,0,0.2,NORMAL,이상 없음(정상)
CAT,10,7.6,38.0,116,24,False,False,False,False,True,NORMAL,NORMAL,NORMAL,1,0.11,NORMAL,이상 없음(정상)
CAT,14,8.0,40.0,198,53,True,False,False,True,False,NONE,DECREASED,LOW,4,1.0,DANGER,"고열, 빈맥"
CAT,8,6.3,40.2,137,42,False,False,False,False,False,NORMAL,NORMAL,LOW,7,0.59,CAUTION,"고열, 호흡 급증"
CAT,1,5.2,39.2,162,36,True,True,True,False,True,DECREASED,NORMAL,NORMAL,0,0.54,CAUTION,"빈맥, 설사"
CAT,14,4.2,40.3,132,43,True,True,True,True,True,NORMAL,NORMAL,LOW,2,1.0,DANGER,"고열, 호흡 급증"
DOG,2,26.3,40.3,151,34,False,True,True,False,True,NONE,DECREASED,LOW,6,1.0,DANGER,"고열, 설사"
CAT,4,6.2,39.5,202,48,True,False,False,False,True,NONE,DECREASED,NORMAL,5,1.0,DANGER,"미열, 빈맥"
CAT,4,2.1,40.5,223,53,False,True,False,False,True,NONE,DECREASED,LOW,6,1.0,DANGER,"고열, 빈맥"
CAT,13,5.5,38.7,107,19,False,False,False,False,False,NORMAL,INCREASED,LOW,1,0.17,NORMAL,이상 없음(정상)
CAT,11,3.8,39.5,172,13,False,True,False,False,False,NORMAL,INCREASED,HIGH,7,0.41,WATCH,"미열, 빈맥"
CAT,11,2.2,39.2,96,23,False,False,False,False,False,NORMAL,NORMAL,NORMAL,0,0.0,NORMAL,이상 없음(정상)
DOG,12,14.4,39.6,138,32,False,False,True,False,True,DECREASED,NORMAL,NORMAL,5,0.58,CAUTION,"미열, 설사"
CAT,11,6.5,39.5,106,23,False,False,False,True,False,NORMAL,INCREASED,LOW,6,0.48,WATCH,"미열, 구토"
DOG,15,17.2,38.2,101,34,True,False,False,False,True,DECREASED,NORMAL,LOW,5,0.47,WATCH,"설사, 피부 징후"
CAT,2,7.8,38.6,103,20,False,False,False,False,False,NORMAL,NORMAL,LOW,4,0.02,NORMAL,이상 없음(정상)
DOG,12,20.9,39.2,85,27,False,False,False,False,False,NORMAL,NORMAL,NORMAL,0,0.0,NORMAL,이상 없음(정상)
DOG,14,4.4,38.7,138,34,False,False,False,False,False,NORMAL,NORMAL,NORMAL,0,0.05,NORMAL,이상 없음(정상)
DOG,15,13.9,40.1,186,47,True,True,False,True,False,NONE,DECREASED,LOW,1,1.0,DANGER,"고열, 빈맥"
DOG,11,2.6,40.0,130,48,False,True,False,True,True,DECREASED,DECREASED,LOW,2,1.0,DANGER,"고열, 호흡 급증"
DOG,8,20.1,40.3,131,58,True,True,True,True,True,NONE,DECREASED,LOW,7,1.0,DANGER,"고열, 호흡 급증"
DOG,15,18.7,38.0,134,26,False,False,False,False,False,NORMAL,NORMAL,NORMAL,0,0.0,NORMAL,이상 없음(정상)
DOG,4,18.6,38.7,151,31,False,True,False,False,False,NONE,NORMAL,NORMAL,3,0.35,WATCH,"피부 징후, 식욕 절폐"
CAT,15,6.0,38.5,120,25,False,False,False,False,False,INCREASED,NORMAL,NORMAL,7,0.0,NORMAL,이상 없음(정상)
DOG,5,9.9,38.9,123,26,False,False,False,False,False,NORMAL,NORMAL,NORMAL,0,0.0,NORMAL,이상 없음(정상)
DOG,9,12.6,38.5,112,39,False,False,False,False,False,NORMAL,NORMAL,NORMAL,0,0.2,NORMAL,이상 없음(정상)
DOG,7,18.0,39.1,111,43,False,False,False,False,True,NONE,DECREASED,NORMAL,3,0.61,CAUTION,"호흡 급증, 설사"
CAT,8,3.5,39.3,99,24,False,True,False,False,True,DECREASED,DECREASED,LOW,2,0.7,CAUTION,"미열, 설사"
CAT,11,3.9,40.1,165,40,False,False,True,True,True,NONE,DECREASED,LOW,7,1.0,DANGER,"고열, 빈맥"
DOG,8,4.5,40.3,183,54,False,False,False,False,True,NONE,DECREASED,LOW,3,1.0,DANGER,"고열, 빈맥"
DOG,2,28.0,37.8,91,10,False,True,False,False,False,NORMAL,INCREASED,NORMAL,0,0.11,NORMAL,이상 없음(정상)
CAT,5,4.8,39.6,200,31,False,False,False,False,True,DECREASED,DECREASED,NORMAL,7,0.67,CAUTION,"미열, 빈맥"
CAT,5,3.8,38.3,84,35,False,False,False,False,False,NORMAL,NORMAL,LOW,0,0.03,NORMAL,이상 없음(정상)
CAT,13,7.2,39.1,190,34,True,True,False,False,True,DECREASED,NORMAL,NORMAL,3,0.5,CAUTION,"빈맥, 설사"
CAT,1,2.8,38.1,98,25,False,False,False,False,False,NORMAL,NORMAL,NORMAL,0,0.0,NORMAL,이상 없음(정상)
CAT,14,3.3,38.8,164,46,False,False,False,False,False,NORMAL,NORMAL,NORMAL,0,0.42,WATCH,"빈맥, 호흡 급증"
DOG,15,25.2,38.0,118,18,False,False,False,False,False,NORMAL,DECREASED,HIGH,4,0.1,NORMAL,이상 없음(정상)
DOG,2,15.6,38.8,91,26,False,False,False,False,False,NORMAL,NORMAL,NORMAL,0,0.0,NORMAL,이상 없음(정상)
CAT,1,5.2,38.5,76,13,True,False,False,False,False,NORMAL,NORMAL,HIGH,2,0.19,NORMAL,이상 없음(정상)
DOG,12,24.6,40.2,132,45,True,False,True,True,False,DECREASED,NORMAL,LOW,4,1.0,DANGER,"고열, 호흡 급증"
DOG,10,4.6,37.7,113,31,False,False,False,False,False,NORMAL,NORMAL,NORMAL,0,0.0,NORMAL,이상 없음(정상)
CAT,2,6.9,38.8,88,27,False,False,False,False,False,NORMAL,NORMAL,NORMAL,0,0.01,NORMAL,이상 없음(정상)
CAT,10,2.9,39.2,90,44,False,False,True,False,False,DECREASED,DECREASED,LOW,4,0.63,CAUTION,"호흡 급증, 피부 징후"
CAT,11,6.6,40.8,137,44,False,False,True,False,False,NONE,DECREASED,LOW,0,1.0,DANGER,"고열, 호흡 급증"
DOG,1,14.7,38.2,74,26,False,False,False,False,False,NORMAL,NORMAL,NORMAL,0,0.0,NORMAL,이상 없음(정상)
DOG,8,21.1,38.9,200,48,True,False,False,False,False,NORMAL,NORMAL,LOW,0,0.67,CAUTION,"빈맥, 호흡 급증"
CAT,14,4.2,38.5,118,21,False,False,False,False,False,NORMAL,NORMAL,NORMAL,0,0.0,NORMAL,이상 없음(정상)
DOG,13,4.4,40.3,141,35,True,False,True,False,True,DECREASED,DECREASED,LOW,6,0.93,DANGER,"고열, 설사"
DOG,1,15.6,39.0,155,40,False,False,False,False,False,NONE,DECREASED,LOW,7,0.58,CAUTION,"호흡 급증, 식욕 절폐"
DOG,1,17.4,39.1,172,25,False,False,False,True,False,NORMAL,NORMAL,LOW,3,0.48,WATCH,"빈맥, 구토"
CAT,10,2.3,39.2,83,20,False,True,False,False,False,DECREASED,NORMAL,LOW,0,0.36,WATCH,"피부 징후, 식욕 감소"
CAT,10,3.5,39.2,158,38,False,True,False,True,True,NORMAL,INCREASED,LOW,7,0.67,CAUTION,"소화기 이상(구토 및 설사), 피부 징후"
CAT,13,7.0,39.8,130,65,True,False,True,True,True,NONE,NORMAL,LOW,1,1.0,DANGER,"미열, 호흡 급증"
CAT,5,6.5,38.6,115,31,False,False,False,False,True,DECREASED,NORMAL,LOW,4,0.35,WATCH,"설사, 식욕 감소"
CAT,9,2.7,39.3,120,33,False,False,False,True,False,DECREASED,DECREASED,LOW,7,0.53,CAUTION,"미열, 구토"
CAT,10,5.5,39.5,168,60,True,False,False,True,True,NONE,DECREASED,LOW,1,1.0,DANGER,"미열, 빈맥"
DOG,9,16.2,38.8,100,32,False,False,False,False,False,NORMAL,NORMAL,LOW,3,0.12,NORMAL,이상 없음(정상)
DOG,1,19.2,39.1,96,29,False,False,False,False,False,NORMAL,NORMAL,NORMAL,0,0.04,NORMAL,이상 없음(정상)
CAT,4,6.5,40.3,206,58,True,False,True,False,False,DECREASED,NORMAL,LOW,3,1.0,DANGER,"고열, 빈맥"
DOG,15,27.1,40.4,158,46,True,True,False,True,True,NONE,DECREASED,LOW,6,1.0,DANGER,"고열, 호흡 급증"
DOG,2,24.1,39.7,189,37,True,False,False,True,True,DECREASED,NORMAL,LOW,6,1.0,DANGER,"미열, 빈맥"
DOG,2,19.1,37.8,111,19,False,False,False,False,False,NORMAL,NORMAL,NORMAL,0,0.0,NORMAL,이상 없음(정상)
DOG,2,22.7,39.6,158,28,False,False,False,False,True,DECREASED,DECREASED,LOW,5,0.53,CAUTION,"미열, 설사"
DOG,1,5.8,39.5,113,28,False,False,False,True,False,NORMAL,NORMAL,NORMAL,2,0.28,NORMAL,이상 없음(정상)
DOG,3,11.2,39.5,118,34,False,False,False,False,True,NONE,INCREASED,LOW,1,0.59,CAUTION,"미열, 설사"
CAT,11,2.2,38.0,150,34,False,False,False,True,False,DECREASED,DECREASED,LOW,3,0.42,WATCH,"구토, 식욕 감소"
CAT,9,4.0,38.8,117,26,False,False,False,True,True,DECREASED,NORMAL,NORMAL,4,0.44,WATCH,"소화기 이상(구토 및 설사), 식욕 감소"
CAT,8,3.3,38.7,152,41,False,False,False,False,True,DECREASED,NORMAL,NORMAL,3,0.33,WATCH,"호흡 급증, 설사"
CAT,3,6.0,39.6,73,11,False,False,False,False,False,NORMAL,NORMAL,HIGH,4,0.26,NORMAL,이상 없음(정상)
DOG,4,11.6,38.9,160,46,False,False,False,False,False,DECREASED,DECREASED,LOW,6,0.57,CAUTION,"빈맥, 호흡 급증"
DOG,15,20.5,39.9,141,52,False,False,True,True,False,NONE,NORMAL,NORMAL,2,1.0,DANGER,"미열, 호흡 급증"
CAT,13,5.5,40.3,194,60,True,True,True,True,False,DECREASED,DECREASED,LOW,6,1.0,DANGER,"고열, 빈맥"
DOG,11,22.8,40.6,201,39,True,False,True,True,False,NONE,INCREASED,LOW,6,1.0,DANGER,"고열, 빈맥"
CAT,2,2.8,39.1,77,15,True,False,False,False,True,DECREASED,DECREASED,NORMAL,5,0.46,WATCH,"설사, 피부 징후"
DOG,11,6.0,39.5,83,27,False,False,False,False,False,NORMAL,NORMAL,LOW,5,0.25,NORMAL,이상 없음(정상)
CAT,12,4.6,39.1,76,27,True,True,False,False,False,DECREASED,NORMAL,NORMAL,4,0.39,WATCH,"피부 징후, 식욕 감소"
DOG,3,4.2,38.5,60,43,False,False,False,False,False,DECREASED,NORMAL,LOW,2,0.49,WATCH,"호흡 급증, 식욕 감소"
CAT,12,7.7,39.5,110,57,False,False,False,True,True,NORMAL,DECREASED,NORMAL,7,0.71,CAUTION,"미열, 호흡 급증"
CAT,8,3.1,40.0,88,28,False,True,False,False,False,NORMAL,NORMAL,NORMAL,0,0.4,WATCH,"고열, 피부 징후"
DOG,6,16.8,38.9,92,21,False,False,False,False,False,NORMAL,NORMAL,NORMAL,0,0.0,NORMAL,이상 없음(정상)
CAT,15,4.9,38.2,96,14,False,False,False,False,False,NORMAL,NORMAL,NORMAL,0,0.06,NORMAL,이상 없음(정상)
DOG,15,10.2,40.8,141,35,True,True,False,True,True,NORMAL,DECREASED,LOW,1,1.0,DANGER,"고열, 소화기 이상(구토 및 설사)"
DOG,5,27.4,38.8,94,30,False,False,False,False,False,NORMAL,NORMAL,NORMAL,0,0.1,NORMAL,이상 없음(정상)
CAT,15,2.4,39.1,85,22,False,False,False,False,False,NORMAL,NORMAL,NORMAL,0,0.0,NORMAL,이상 없음(정상)
CAT,14,6.7,39.5,82,23,True,True,False,False,False,NORMAL,NORMAL,NORMAL,7,0.4,WATCH,"미열, 피부 징후"
CAT,13,7.2,40.5,172,35,True,True,True,False,True,DECREASED,NORMAL,LOW,3,1.0,DANGER,"고열, 빈맥"
CAT,10,7.7,39.5,136,31,False,False,False,False,True,NORMAL,INCREASED,HIGH,5,0.31,WATCH,"미열, 설사"
CAT,3,6.7,38.9,137,40,False,False,False,False,False,DECREASED,NORMAL,LOW,7,0.5,CAUTION,"호흡 급증, 식욕 감소"
DOG,3,25.8,38.5,156,26,False,False,False,True,False,NORMAL,NORMAL,NORMAL,1,0.18,NORMAL,이상 없음(정상)
DOG,7,29.6,38.9,109,39,True,False,False,False,False,NORMAL,NORMAL,NORMAL,6,0.09,NORMAL,이상 없음(정상)
DOG,9,3.4,39.4,134,17,False,True,False,False,False,INCREASED,DECREASED,NORMAL,4,0.46,WATCH,"미열, 피부 징후"
DOG,13,9.4,40.3,193,64,False,True,True,True,True,DECREASED,NORMAL,NORMAL,4,1.0,DANGER,"고열, 빈맥"
DOG,11,29.1,38.8,76,18,True,False,False,False,False,DECREASED,NORMAL,HIGH,1,0.2,NORMAL,이상 없음(정상)
DOG,15,5.8,38.7,103,31,False,False,False,False,False,NORMAL,NORMAL,HIGH,0,0.02,NORMAL,이상 없음(정상)
CAT,10,3.1,38.8,104,28,False,False,False,False,False,NORMAL,NORMAL,NORMAL,0,0.0,NORMAL,이상 없음(정상)
DOG,13,28.8,38.1,105,28,False,False,False,False,False,NORMAL,INCREASED,LOW,0,0.0,NORMAL,이상 없음(정상)
DOG,4,2.7,37.7,145,27,False,False,False,False,False,NORMAL,INCREASED,LOW,6,0.06,NORMAL,이상 없음(정상)
DOG,13,3.5,39.7,157,34,True,True,False,True,True,NONE,DECREASED,LOW,7,1.0,DANGER,"미열, 소화기 이상(구토 및 설사)"
CAT,3,6.8,38.8,76,14,False,False,False,False,False,NORMAL,NORMAL,LOW,4,0.29,NORMAL,이상 없음(정상)
DOG,5,29.7,38.9,90,15,False,False,False,True,True,NORMAL,NORMAL,NORMAL,3,0.27,NORMAL,이상 없음(정상)
DOG,13,17.4,39.3,124,40,False,False,False,False,False,NORMAL,NORMAL,NORMAL,0,0.43,WATCH,"미열, 호흡 급증"
DOG,11,15.0,39.1,112,24,False,False,False,False,False,NORMAL,NORMAL,HIGH,7,0.0,NORMAL,이상 없음(정상)
CAT,9,3.6,38.5,114,14,False,True,False,False,True,INCREASED,NORMAL,HIGH,6,0.18,NORMAL,이상 없음(정상)
DOG,9,5.6,40.0,170,72,False,True,True,True,True,DECREASED,DECREASED,LOW,5,1.0,DANGER,"고열, 빈맥"
CAT,1,2.7,39.7,147,33,False,False,False,True,False,DECREASED,NORMAL,LOW,2,0.64,CAUTION,"미열, 구토"
CAT,3,7.0,39.0,149,49,False,True,False,False,False,NORMAL,NORMAL,NORMAL,0,0.54,CAUTION,"호흡 급증, 피부 징후"
DOG,5,28.5,37.4,109,26,True,False,False,False,False,DECREASED,NORMAL,NORMAL,5,0.26,NORMAL,이상 없음(정상)
DOG,15,30.0,38.8,111,25,False,False,False,False,True,NORMAL,DECREASED,NORMAL,0,0.17,NORMAL,이상 없음(정상)
CAT,6,5.0,39.5,144,38,False,True,False,False,False,DECREASED,DECREASED,LOW,3,0.63,CAUTION,"미열, 피부 징후"
CAT,8,7.6,39.5,165,34,False,True,True,False,True,NONE,NORMAL,LOW,5,1.0,DANGER,"미열, 빈맥"
CAT,9,3.5,40.6,143,56,False,True,True,True,False,NORMAL,DECREASED,NORMAL,1,0.87,DANGER,"고열, 호흡 급증"
DOG,13,28.3,40.1,136,29,False,False,False,True,False,NORMAL,DECREASED,LOW,2,0.73,CAUTION,"고열, 구토"
DOG,9,13.7,38.9,64,11,True,False,False,False,False,NORMAL,INCREASED,NORMAL,1,0.04,NORMAL,이상 없음(정상)
CAT,4,2.8,39.5,90,36,False,True,True,True,False,NONE,DECREASED,NORMAL,3,0.71,CAUTION,"미열, 구토"
DOG,7,10.3,40.1,146,66,True,True,False,False,False,DECREASED,NORMAL,LOW,6,0.93,DANGER,"고열, 호흡 급증"
CAT,2,3.6,38.9,117,25,False,False,False,False,False,NORMAL,NORMAL,NORMAL,0,0.0,NORMAL,이상 없음(정상)
DOG,5,14.5,39.8,113,34,False,True,True,False,False,NORMAL,NORMAL,LOW,2,0.36,WATCH,"미열, 피부 징후"
DOG,11,24.6,39.2,177,29,False,False,False,False,True,NONE,NORMAL,NORMAL,3,0.64,CAUTION,"빈맥, 설사"
CAT,10,5.3,39.0,178,30,False,False,False,False,True,NORMAL,INCREASED,NORMAL,5,0.35,WATCH,"빈맥, 설사"
DOG,8,24.2,39.0,124,43,True,False,False,False,False,DECREASED,DECREASED,LOW,3,0.69,CAUTION,"호흡 급증, 피부 징후"
CAT,15,6.7,37.9,137,27,False,False,False,False,False,NORMAL,NORMAL,NORMAL,0,0.0,NORMAL,이상 없음(정상)
CAT,4,7.1,39.0,155,25,True,False,True,True,False,NONE,DECREASED,LOW,2,0.62,CAUTION,"구토, 피부 징후"
DOG,10,17.5,38.9,120,22,False,False,False,False,False,NORMAL,DECREASED,NORMAL,0,0.03,NORMAL,이상 없음(정상)
CAT,8,4.9,40.2,194,64,False,True,True,False,True,NONE,DECREASED,LOW,1,1.0,DANGER,"고열, 빈맥"
DOG,2,27.7,39.0,117,23,True,False,False,False,False,NORMAL,NORMAL,LOW,3,0.36,WATCH,"피부 징후, 활동량 저하"
CAT,2,6.1,38.1,94,25,False,False,True,False,False,NORMAL,NORMAL,NORMAL,0,0.22,NORMAL,이상 없음(정상)
CAT,8,7.9,38.8,136,22,False,False,False,False,False,INCREASED,DECREASED,NORMAL,0,0.0,NORMAL,이상 없음(정상)
DOG,7,7.4,41.0,139,41,True,False,False,False,True,NONE,NORMAL,LOW,4,1.0,DANGER,"고열, 호흡 급증"
DOG,10,27.7,39.8,134,34,False,True,False,False,False,INCREASED,NORMAL,HIGH,3,0.36,WATCH,"미열, 피부 징후"
CAT,13,6.2,40.1,167,42,False,False,False,True,True,NORMAL,DECREASED,LOW,7,1.0,DANGER,"고열, 빈맥"
CAT,7,5.8,38.8,108,27,False,False,False,False,False,DECREASED,NORMAL,NORMAL,3,0.04,NORMAL,이상 없음(정상)
CAT,7,4.3,39.1,144,32,False,True,False,False,False,NORMAL,NORMAL,LOW,5,0.32,WATCH,"피부 징후, 활동량 저하"
CAT,1,7.3,39.1,136,20,False,False,True,True,False,DECREASED,INCREASED,NORMAL,4,0.41,WATCH,"구토, 피부 징후"
DOG,4,7.4,39.0,96,28,False,False,False,False,False,NORMAL,NORMAL,HIGH,5,0.11,NORMAL,이상 없음(정상)
DOG,1,6.5,39.1,119,49,True,True,False,False,False,DECREASED,NORMAL,LOW,1,0.61,CAUTION,"호흡 급증, 피부 징후"
CAT,9,3.1,38.2,131,12,False,True,False,True,True,NORMAL,NORMAL,LOW,5,0.49,WATCH,"소화기 이상(구토 및 설사), 피부 징후"
CAT,3,5.1,39.2,123,41,False,True,False,False,False,DECREASED,NORMAL,LOW,4,0.66,CAUTION,"호흡 급증, 피부 징후"
DOG,10,29.0,39.1,183,31,True,False,False,True,False,NORMAL,DECREASED,LOW,6,0.67,CAUTION,"빈맥, 구토"
CAT,13,3.4,38.7,162,34,False,False,False,False,True,DECREASED,DECREASED,NORMAL,2,0.49,WATCH,"빈맥, 설사"
CAT,10,5.1,39.5,112,20,False,False,False,True,False,DECREASED,NORMAL,NORMAL,5,0.38,WATCH,"미열, 구토"
DOG,4,17.0,39.2,162,32,False,True,False,True,True,DECREASED,INCREASED,NORMAL,2,0.72,CAUTION,"빈맥, 소화기 이상(구토 및 설사)"
CAT,13,6.3,38.7,79,34,True,False,False,False,True,DECREASED,NORMAL,NORMAL,7,0.43,WATCH,"설사, 피부 징후"
CAT,13,4.2,38.9,119,23,False,False,False,False,False,DECREASED,NORMAL,NORMAL,5,0.02,NORMAL,이상 없음(정상)
CAT,11,3.1,39.2,127,39,False,False,False,True,False,NONE,NORMAL,LOW,2,0.46,WATCH,"구토, 식욕 절폐"
CAT,6,6.6,39.5,162,58,False,True,True,True,True,DECREASED,DECREASED,LOW,3,1.0,DANGER,"미열, 빈맥"
CAT,6,3.0,39.2,111,38,False,False,False,True,False,NORMAL,NORMAL,NORMAL,5,0.29,NORMAL,이상 없음(정상)
CAT,15,6.0,37.9,133,30,False,False,False,False,False,NORMAL,DECREASED,NORMAL,0,0.03,NORMAL,이상 없음(정상)
CAT,8,7.2,40.0,130,40,True,False,False,False,True,NONE,NORMAL,HIGH,1,1.0,DANGER,"고열, 호흡 급증"
CAT,9,4.0,39.7,200,39,False,True,False,False,False,NORMAL,DECREASED,LOW,6,0.61,CAUTION,"미열, 빈맥"
CAT,3,7.1,38.9,138,10,False,False,False,False,False,NORMAL,NORMAL,LOW,0,0.15,NORMAL,이상 없음(정상)
DOG,5,4.0,39.5,78,32,False,False,False,False,False,NORMAL,NORMAL,NORMAL,0,0.29,NORMAL,이상 없음(정상)
DOG,2,5.2,40.2,130,36,False,True,True,True,False,NONE,NORMAL,LOW,5,1.0,DANGER,"고열, 구토"
CAT,13,3.8,39.5,93,28,True,False,False,True,False,DECREASED,NORMAL,NORMAL,7,0.57,CAUTION,"미열, 구토"
DOG,12,13.5,40.3,199,52,True,False,True,True,True,INCREASED,DECREASED,LOW,3,1.0,DANGER,"고열, 빈맥"
DOG,1,3.7,39.9,60,35,True,False,False,False,False,DECREASED,DECREASED,HIGH,3,0.38,WATCH,"미열, 피부 징후"
CAT,14,4.7,38.5,118,31,False,False,True,False,False,NONE,DECREASED,NORMAL,3,0.48,WATCH,"피부 징후, 식욕 절폐"
CAT,12,7.0,40.3,169,35,True,True,True,False,True,DECREASED,DECREASED,LOW,7,1.0,DANGER,"고열, 빈맥"
CAT,2,3.7,38.8,106,25,False,False,False,False,False,DECREASED,NORMAL,LOW,0,0.31,WATCH,"식욕 감소, 활동량 저하"
CAT,10,2.9,39.1,138,33,False,False,False,True,True,NONE,DECREASED,NORMAL,1,0.73,CAUTION,"소화기 이상(구토 및 설사), 식욕 절폐"
DOG,13,14.0,38.5,128,21,False,False,False,False,False,NORMAL,NORMAL,NORMAL,0,0.0,NORMAL,이상 없음(정상)
CAT,6,4.8,38.4,105,27,False,False,False,False,False,NORMAL,NORMAL,NORMAL,0,0.0,NORMAL,이상 없음(정상)
CAT,1,3.5,38.3,149,14,False,False,False,False,False,NORMAL,NORMAL,HIGH,3,0.02,NORMAL,이상 없음(정상)
DOG,8,27.1,39.7,124,25,False,False,False,True,False,NONE,DECREASED,LOW,1,0.65,CAUTION,"미열, 구토"
CAT,7,5.4,38.3,94,27,False,False,False,True,True,NORMAL,NORMAL,HIGH,4,0.23,NORMAL,이상 없음(정상)
DOG,13,21.5,38.3,78,17,False,False,False,False,False,INCREASED,INCREASED,NORMAL,2,0.0,NORMAL,이상 없음(정상)
DOG,13,9.3,39.8,173,22,False,False,False,True,False,DECREASED,NORMAL,NORMAL,4,0.6,CAUTION,"미열, 빈맥"
CAT,13,6.6,39.2,143,30,False,False,False,True,False,DECREASED,INCREASED,HIGH,0,0.35,WATCH,"구토, 식욕 감소"
DOG,10,21.0,38.3,71,26,False,False,False,True,False,INCREASED,DECREASED,LOW,4,0.34,WATCH,"구토, 활동량 저하"
CAT,8,7.2,40.4,175,49,True,False,True,True,True,DECREASED,INCREASED,LOW,7,1.0,DANGER,"고열, 빈맥"
CAT,3,4.6,38.4,119,30,False,False,False,False,False,NORMAL,NORMAL,HIGH,4,0.0,NORMAL,이상 없음(정상)
CAT,7,4.3,38.7,108,20,False,False,False,False,False,NORMAL,NORMAL,NORMAL,0,0.05,NORMAL,이상 없음(정상)
CAT,10,4.0,38.5,151,20,False,False,False,False,True,NORMAL,NORMAL,LOW,5,0.36,WATCH,"설사, 활동량 저하"
DOG,6,22.2,37.9,90,21,False,False,False,False,False,INCREASED,NORMAL,NORMAL,4,0.0,NORMAL,이상 없음(정상)
DOG,10,22.2,37.9,114,36,False,False,False,False,False,INCREASED,NORMAL,NORMAL,2,0.0,NORMAL,이상 없음(정상)
DOG,13,25.8,39.1,148,21,False,False,True,True,False,NORMAL,DECREASED,LOW,2,0.38,WATCH,"구토, 피부 징후"
DOG,4,29.7,38.6,107,30,False,True,False,False,False,NORMAL,NORMAL,NORMAL,0,0.05,NORMAL,이상 없음(정상)
DOG,10,18.5,39.7,124,30,False,False,False,True,False,NONE,DECREASED,NORMAL,3,0.51,CAUTION,"미열, 구토"
DOG,10,24.7,39.3,137,16,False,True,False,False,False,DECREASED,NORMAL,NORMAL,1,0.35,WATCH,"미열, 피부 징후"
CAT,4,3.8,38.5,86,20,False,False,False,False,False,NONE,NORMAL,NORMAL,7,0.23,NORMAL,이상 없음(정상)
DOG,5,12.6,37.5,98,30,False,True,False,False,False,NORMAL,NORMAL,NORMAL,0,0.19,NORMAL,이상 없음(정상)
CAT,2,4.1,40.3,160,37,True,True,True,True,False,NONE,NORMAL,LOW,0,1.0,DANGER,"고열, 빈맥"
CAT,7,7.7,39.1,110,44,True,True,False,True,False,INCREASED,DECREASED,NORMAL,5,0.55,CAUTION,"호흡 급증, 구토"
DOG,13,24.9,38.6,98,39,False,False,False,False,True,NORMAL,NORMAL,LOW,4,0.3,WATCH,"설사, 활동량 저하"
CAT,1,2.4,40.7,215,48,True,False,False,True,True,NONE,DECREASED,LOW,7,1.0,DANGER,"고열, 빈맥"
DOG,12,9.9,38.2,81,18,False,False,False,False,False,NORMAL,NORMAL,HIGH,7,0.02,NORMAL,이상 없음(정상)
CAT,7,4.4,38.2,136,14,False,False,False,False,False,NORMAL,NORMAL,NORMAL,0,0.0,NORMAL,이상 없음(정상)
CAT,11,5.3,40.6,214,51,False,True,False,True,True,NONE,DECREASED,LOW,7,1.0,DANGER,"고열, 빈맥"
DOG,8,18.7,38.4,108,23,False,False,False,False,False,INCREASED,NORMAL,NORMAL,6,0.06,NORMAL,이상 없음(정상)
CAT,6,4.9,39.5,149,35,False,True,False,True,False,NONE,NORMAL,HIGH,5,0.74,CAUTION,"미열, 구토"
CAT,10,5.3,38.4,83,30,False,False,False,False,True,NONE,DECREASED,NORMAL,3,0.48,WATCH,"설사, 식욕 절폐"
CAT,1,6.6,38.8,123,32,False,False,False,False,False,NORMAL,NORMAL,NORMAL,0,0.0,NORMAL,이상 없음(정상)
DOG,14,14.9,37.1,123,30,True,False,False,False,False,DECREASED,NORMAL,NORMAL,3,0.22,NORMAL,이상 없음(정상)
CAT,4,6.0,39.3,101,28,False,True,False,False,True,NORMAL,INCREASED,HIGH,4,0.43,WATCH,"미열, 설사"
CAT,9,7.7,38.2,89,23,False,False,False,True,True,NORMAL,NORMAL,NORMAL,3,0.33,WATCH,소화기 이상(구토 및 설사)
DOG,8,3.0,40.1,150,44,False,True,True,True,True,NONE,DECREASED,LOW,5,1.0,DANGER,"고열, 호흡 급증"
CAT,8,6.8,38.2,94,19,False,False,False,False,False,NORMAL,NORMAL,NORMAL,0,0.0,NORMAL,이상 없음(정상)
DOG,8,13.5,39.7,200,37,False,True,True,False,False,DECREASED,NORMAL,NORMAL,7,0.56,CAUTION,"미열, 빈맥"
DOG,13,16.0,39.2,134,12,True,False,False,False,False,NONE,DECREASED,LOW,2,0.45,WATCH,"피부 징후, 식욕 절폐"
CAT,2,7.2,39.1,138,24,False,False,False,True,False,DECREASED,NORMAL,LOW,5,0.42,WATCH,"구토, 식욕 감소"
CAT,9,6.6,38.9,71,33,False,False,False,False,False,NORMAL,NORMAL,NORMAL,0,0.0,NORMAL,이상 없음(정상)
DOG,2,16.0,40.3,200,36,False,True,False,False,False,NORMAL,NORMAL,NORMAL,0,0.66,CAUTION,"고열, 빈맥"
DOG,11,7.1,38.4,121,26,False,True,False,True,False,NORMAL,NORMAL,NORMAL,1,0.31,WATCH,"구토, 피부 징후"
DOG,9,27.0,38.6,155,23,True,False,False,False,True,NORMAL,NORMAL,LOW,0,0.46,WATCH,"설사, 피부 징후"
DOG,3,25.6,38.0,108,30,False,False,False,False,False,NORMAL,NORMAL,NORMAL,0,0.13,NORMAL,이상 없음(정상)
CAT,9,5.6,39.8,154,37,False,True,False,True,False,NORMAL,DECREASED,LOW,2,0.66,CAUTION,"미열, 구토"
CAT,10,3.9,39.4,146,35,False,True,False,True,False,NORMAL,DECREASED,LOW,2,0.56,CAUTION,"미열, 구토"
DOG,13,12.2,40.2,197,38,True,False,False,True,True,NONE,NORMAL,LOW,7,1.0,DANGER,"고열, 빈맥"
CAT,9,7.4,40.5,149,58,False,True,True,False,True,DECREASED,NORMAL,LOW,5,1.0,DANGER,"고열, 호흡 급증"
CAT,14,3.9,39.1,114,17,True,False,False,False,False,INCREASED,NORMAL,NORMAL,6,0.0,NORMAL,이상 없음(정상)
CAT,14,2.9,39.1,111,49,False,False,False,True,True,DECREASED,DECREASED,LOW,3,0.74,CAUTION,"호흡 급증, 소화기 이상(구토 및 설사)"
DOG,9,7.2,39.5,135,43,False,False,False,False,True,INCREASED,DECREASED,LOW,1,0.53,CAUTION,"미열, 호흡 급증"
CAT,15,7.3,40.0,176,40,True,True,True,False,True,DECREASED,DECREASED,LOW,7,1.0,DANGER,"고열, 빈맥"
DOG,2,13.9,39.2,124,15,True,True,False,False,False,DECREASED,INCREASED,HIGH,7,0.32,WATCH,"피부 징후, 식욕 감소"
DOG,5,24.0,39.0,140,32,False,False,False,True,True,DECREASED,NORMAL,LOW,0,0.58,CAUTION,"소화기 이상(구토 및 설사), 식욕 감소"
DOG,12,29.3,39.0,141,43,False,False,False,False,True,NORMAL,NORMAL,NORMAL,2,0.41,WATCH,"호흡 급증, 설사"
CAT,13,3.6,40.1,172,46,True,False,False,True,False,NONE,DECREASED,LOW,5,1.0,DANGER,"고열, 빈맥"
CAT,8,6.4,39.0,129,28,False,True,False,True,False,DECREASED,NORMAL,LOW,1,0.64,CAUTION,"구토, 피부 징후"
DOG,10,15.8,40.5,159,52,False,False,False,False,True,NONE,NORMAL,LOW,4,0.99,DANGER,"고열, 호흡 급증"
DOG,10,29.4,39.1,112,30,False,True,False,False,True,NORMAL,INCREASED,LOW,3,0.46,WATCH,"설사, 피부 징후"
DOG,13,19.7,39.9,166,70,True,True,False,True,True,NORMAL,DECREASED,LOW,5,1.0,DANGER,"미열, 빈맥"
CAT,8,6.7,39.6,139,50,False,False,False,False,True,NORMAL,DECREASED,NORMAL,6,0.52,CAUTION,"미열, 호흡 급증"
CAT,3,4.1,40.4,188,49,True,False,False,False,True,DECREASED,DECREASED,LOW,4,1.0,DANGER,"고열, 빈맥"
CAT,15,4.9,38.9,84,20,False,False,False,True,True,NORMAL,DECREASED,NORMAL,7,0.35,WATCH,소화기 이상(구토 및 설사)
CAT,4,4.1,38.0,126,25,False,False,False,False,False,NORMAL,NORMAL,NORMAL,0,0.1,NORMAL,이상 없음(정상)
DOG,8,17.9,39.3,103,28,False,False,True,False,False,DECREASED,INCREASED,NORMAL,7,0.44,WATCH,"미열, 피부 징후"
CAT,3,7.4,39.3,105,42,False,False,False,True,False,DECREASED,NORMAL,LOW,1,0.71,CAUTION,"미열, 호흡 급증"
DOG,15,17.5,39.3,90,17,False,True,False,False,False,NORMAL,DECREASED,NORMAL,0,0.32,WATCH,"미열, 피부 징후"
DOG,4,10.9,39.9,132,37,True,False,False,False,True,DECREASED,DECREASED,NORMAL,2,0.66,CAUTION,"미열, 설사"
DOG,11,12.1,39.4,132,36,False,True,False,False,False,NONE,NORMAL,NORMAL,6,0.67,CAUTION,"미열, 피부 징후"
DOG,8,8.5,39.6,134,46,False,False,True,False,True,DECREASED,DECREASED,NORMAL,2,0.7,CAUTION,"미열, 호흡 급증"
CAT,4,3.7,40.2,220,47,False,True,False,False,False,NONE,DECREASED,LOW,1,1.0,DANGER,"고열, 빈맥"
DOG,4,4.9,37.8,64,28,False,False,False,False,False,NORMAL,NORMAL,NORMAL,0,0.0,NORMAL,이상 없음(정상)
CAT,12,2.6,39.4,139,22,False,False,False,False,False,DECREASED,NORMAL,NORMAL,4,0.36,WATCH,"미열, 식욕 감소"
DOG,3,20.3,38.3,120,28,False,False,False,False,False,NORMAL,INCREASED,NORMAL,0,0.02,NORMAL,이상 없음(정상)
CAT,14,7.1,39.4,153,25,False,False,False,True,True,DECREASED,NORMAL,LOW,5,0.68,CAUTION,"미열, 소화기 이상(구토 및 설사)"
DOG,13,26.3,39.3,114,31,False,False,False,True,False,NORMAL,NORMAL,NORMAL,3,0.34,WATCH,"미열, 구토"
CAT,13,4.2,37.5,94,13,False,False,True,False,False,DECREASED,NORMAL,NORMAL,4,0.06,NORMAL,이상 없음(정상)
CAT,3,7.7,40.0,183,43,True,True,False,True,True,NONE,DECREASED,LOW,5,1.0,DANGER,"고열, 빈맥"
DOG,10,27.5,38.3,90,14,False,False,False,False,True,NORMAL,DECREASED,NORMAL,3,0.1,NORMAL,이상 없음(정상)
DOG,14,27.5,38.7,165,25,False,False,False,True,False,NORMAL,NORMAL,NORMAL,5,0.37,WATCH,"빈맥, 구토"
DOG,2,20.6,38.7,108,29,True,False,False,False,False,INCREASED,NORMAL,NORMAL,1,0.18,NORMAL,이상 없음(정상)
DOG,14,7.2,38.9,94,39,False,True,False,False,False,INCREASED,NORMAL,NORMAL,1,0.17,NORMAL,이상 없음(정상)
CAT,7,4.1,38.6,153,50,False,False,False,True,False,DECREASED,DECREASED,LOW,0,0.54,CAUTION,"호흡 급증, 구토"
DOG,2,19.4,38.9,111,35,False,False,False,False,False,DECREASED,NORMAL,NORMAL,3,0.08,NORMAL,이상 없음(정상)
DOG,6,23.7,39.4,186,31,True,False,False,True,False,DECREASED,DECREASED,NORMAL,7,0.73,CAUTION,"미열, 빈맥"
CAT,8,7.9,40.1,148,62,False,False,False,True,True,NONE,DECREASED,LOW,6,1.0,DANGER,"고열, 호흡 급증"
DOG,1,7.1,38.7,83,14,False,False,False,False,False,NORMAL,NORMAL,NORMAL,0,0.04,NORMAL,이상 없음(정상)
CAT,12,3.1,39.3,135,22,True,False,False,False,False,NORMAL,INCREASED,NORMAL,7,0.43,WATCH,"미열, 피부 징후"
DOG,6,9.3,41.4,164,42,True,True,False,True,True,NONE,NORMAL,LOW,1,1.0,DANGER,"고열, 빈맥"
CAT,13,5.0,39.5,134,25,False,True,False,False,False,DECREASED,DECREASED,LOW,0,0.45,WATCH,"미열, 피부 징후"
CAT,9,4.2,39.7,113,37,False,False,True,True,False,NORMAL,DECREASED,HIGH,1,0.7,CAUTION,"미열, 구토"
DOG,2,15.0,39.5,96,18,False,True,False,False,False,NORMAL,DECREASED,NORMAL,0,0.26,NORMAL,이상 없음(정상)
CAT,1,2.4,38.8,166,33,False,True,False,False,False,DECREASED,NORMAL,HIGH,6,0.38,WATCH,"빈맥, 피부 징후"
CAT,5,7.3,38.9,134,40,True,True,False,False,False,DECREASED,NORMAL,LOW,7,0.46,WATCH,"호흡 급증, 피부 징후"
DOG,2,9.5,38.2,153,29,False,True,False,False,False,NORMAL,INCREASED,HIGH,5,0.07,NORMAL,이상 없음(정상)
DOG,5,23.4,39.7,110,12,False,False,False,True,False,DECREASED,INCREASED,HIGH,3,0.48,WATCH,"미열, 구토"
CAT,4,7.2,38.2,91,26,False,False,False,False,False,NORMAL,NORMAL,NORMAL,0,0.02,NORMAL,이상 없음(정상)
CAT,13,3.4,38.3,116,39,True,False,False,False,False,NORMAL,NORMAL,NORMAL,2,0.16,NORMAL,이상 없음(정상)
DOG,6,16.8,38.0,133,25,True,True,False,False,False,DECREASED,NORMAL,NORMAL,1,0.33,WATCH,"피부 징후, 식욕 감소"
DOG,10,23.8,39.6,176,35,False,False,False,False,False,DECREASED,NORMAL,NORMAL,5,0.6,CAUTION,"미열, 빈맥"
CAT,4,2.6,38.4,162,37,False,False,False,False,True,NORMAL,NORMAL,NORMAL,0,0.38,WATCH,"빈맥, 설사"
DOG,12,20.5,38.9,132,25,False,False,False,True,False,NORMAL,DECREASED,LOW,3,0.34,WATCH,"구토, 활동량 저하"
CAT,2,3.5,40.0,174,45,False,True,False,False,False,NONE,DECREASED,LOW,4,1.0,DANGER,"고열, 빈맥"
DOG,7,24.9,38.0,121,33,False,False,False,False,False,NORMAL,NORMAL,HIGH,5,0.06,NORMAL,이상 없음(정상)
CAT,13,5.4,40.3,130,67,False,True,False,True,False,NONE,NORMAL,LOW,3,1.0,DANGER,"고열, 호흡 급증"
CAT,3,5.7,39.7,97,34,False,True,False,True,False,DECREASED,NORMAL,NORMAL,5,0.72,CAUTION,"미열, 구토"
DOG,3,18.8,39.0,108,51,False,False,False,False,True,NONE,INCREASED,LOW,4,0.68,CAUTION,"호흡 급증, 설사"
DOG,14,16.0,39.0,97,24,False,False,True,False,False,NORMAL,DECREASED,NORMAL,0,0.22,NORMAL,이상 없음(정상)
DOG,14,21.3,38.7,99,13,False,False,False,False,False,NORMAL,NORMAL,NORMAL,0,0.0,NORMAL,이상 없음(정상)
CAT,5,6.7,39.6,139,30,False,True,False,False,True,NORMAL,DECREASED,LOW,1,0.57,CAUTION,"미열, 설사"
DOG,6,8.5,38.5,77,26,False,False,False,False,False,NORMAL,NORMAL,NORMAL,0,0.02,NORMAL,이상 없음(정상)
DOG,2,9.7,39.5,101,31,False,False,False,False,False,NORMAL,NORMAL,LOW,0,0.2,NORMAL,이상 없음(정상)
DOG,11,6.2,40.3,130,52,True,True,True,False,True,NONE,DECREASED,LOW,2,1.0,DANGER,"고열, 호흡 급증"
CAT,15,2.6,40.4,133,48,True,False,True,True,False,DECREASED,INCREASED,LOW,2,1.0,DANGER,"고열, 호흡 급증"
CAT,6,6.3,38.2,113,25,False,True,False,False,True,NORMAL,NORMAL,NORMAL,7,0.22,NORMAL,이상 없음(정상)
DOG,6,5.7,37.7,77,24,False,False,False,False,False,NORMAL,NORMAL,NORMAL,0,0.0,NORMAL,이상 없음(정상)
DOG,10,5.9,39.8,130,41,True,True,False,True,False,DECREASED,DECREASED,LOW,3,0.96,DANGER,"미열, 호흡 급증"
CAT,10,5.3,40.7,201,55,True,True,False,True,True,DECREASED,DECREASED,NORMAL,6,1.0,DANGER,"고열, 빈맥"
CAT,7,2.3,39.2,152,30,False,False,False,False,True,DECREASED,DECREASED,LOW,3,0.4,WATCH,"설사, 식욕 감소"
CAT,7,5.0,40.8,130,52,False,True,False,True,True,DECREASED,NORMAL,LOW,5,1.0,DANGER,"고열, 호흡 급증"
DOG,13,7.7,39.2,148,31,False,False,False,False,False,NORMAL,NORMAL,NORMAL,0,0.13,NORMAL,이상 없음(정상)
CAT,4,7.1,39.9,188,24,True,False,False,False,False,DECREASED,DECREASED,NORMAL,2,0.71,CAUTION,"미열, 빈맥"
DOG,1,12.1,39.7,152,29,True,False,False,True,True,NORMAL,NORMAL,NORMAL,5,0.73,CAUTION,"미열, 소화기 이상(구토 및 설사)"
CAT,3,6.0,39.8,115,51,False,False,False,False,False,DECREASED,NORMAL,LOW,2,0.5,CAUTION,"미열, 호흡 급증"
CAT,10,7.1,38.1,126,22,False,False,False,True,False,NORMAL,INCREASED,NORMAL,2,0.08,NORMAL,이상 없음(정상)
CAT,3,3.0,38.0,111,13,False,False,False,False,False,NORMAL,NORMAL,NORMAL,0,0.08,NORMAL,이상 없음(정상)
CAT,1,2.6,40.7,171,47,False,True,False,False,True,NONE,NORMAL,LOW,4,1.0,DANGER,"고열, 빈맥"
CAT,7,4.8,38.8,113,46,True,False,False,True,False,NORMAL,NORMAL,NORMAL,7,0.58,CAUTION,"호흡 급증, 구토"
CAT,13,2.7,39.6,153,50,False,True,False,False,False,NORMAL,INCREASED,NORMAL,0,0.55,CAUTION,"미열, 호흡 급증"
CAT,15,5.8,39.8,181,50,True,False,False,True,False,NONE,DECREASED,LOW,1,1.0,DANGER,"미열, 빈맥"
DOG,9,12.4,39.3,162,25,False,False,False,False,False,DECREASED,DECREASED,NORMAL,7,0.58,CAUTION,"미열, 빈맥"
CAT,6,6.8,39.7,158,31,True,False,False,False,False,NORMAL,NORMAL,LOW,3,0.51,CAUTION,"미열, 피부 징후"
DOG,12,9.7,40.4,188,66,True,True,True,False,True,NONE,NORMAL,LOW,3,1.0,DANGER,"고열, 빈맥"
DOG,14,22.7,39.0,114,32,False,False,False,False,False,NORMAL,NORMAL,HIGH,3,0.0,NORMAL,이상 없음(정상)
DOG,10,20.1,40.2,171,34,False,False,True,True,True,DECREASED,INCREASED,LOW,3,1.0,DANGER,"고열, 빈맥"
DOG,3,4.4,40.3,194,37,True,False,False,True,True,NONE,DECREASED,LOW,5,1.0,DANGER,"고열, 빈맥"
CAT,12,6.2,39.1,93,16,False,False,False,True,False,NORMAL,NORMAL,HIGH,4,0.16,NORMAL,이상 없음(정상)
DOG,10,20.4,38.5,119,16,False,False,False,False,False,NORMAL,NORMAL,LOW,1,0.13,NORMAL,이상 없음(정상)
DOG,7,16.3,38.6,105,34,True,False,False,False,True,NORMAL,NORMAL,LOW,2,0.48,WATCH,"설사, 피부 징후"
CAT,8,5.2,37.3,128,27,False,False,False,False,True,NORMAL,NORMAL,NORMAL,6,0.13,NORMAL,이상 없음(정상)
DOG,3,3.0,38.7,163,33,False,True,False,False,True,NORMAL,INCREASED,LOW,2,0.53,CAUTION,"빈맥, 설사"
CAT,3,6.1,39.5,159,54,False,False,False,True,True,DECREASED,DECREASED,LOW,2,0.96,DANGER,"미열, 호흡 급증"
CAT,12,5.9,37.9,143,30,False,False,False,False,False,NORMAL,INCREASED,NORMAL,0,0.1,NORMAL,이상 없음(정상)
DOG,13,26.9,40.3,203,57,True,True,True,True,True,NONE,DECREASED,LOW,6,1.0,DANGER,"고열, 빈맥"
CAT,2,5.3,39.5,213,53,True,True,False,True,False,NONE,DECREASED,LOW,4,1.0,DANGER,"미열, 빈맥"
DOG,10,8.5,40.5,189,44,False,False,False,False,True,NONE,DECREASED,LOW,6,1.0,DANGER,"고열, 빈맥"
DOG,11,8.8,40.7,132,44,False,False,True,True,True,DECREASED,NORMAL,LOW,6,1.0,DANGER,"고열, 호흡 급증"
DOG,8,8.3,38.1,73,16,False,False,False,False,False,INCREASED,NORMAL,NORMAL,3,0.06,NORMAL,이상 없음(정상)
CAT,13,6.1,38.4,101,26,False,True,False,False,True,NORMAL,INCREASED,NORMAL,4,0.38,WATCH,"설사, 피부 징후"
DOG,10,22.2,38.9,101,27,False,False,False,False,False,NORMAL,NORMAL,NORMAL,0,0.0,NORMAL,이상 없음(정상)
DOG,12,17.0,38.3,121,26,False,False,False,False,False,NORMAL,NORMAL,NORMAL,0,0.0,NORMAL,이상 없음(정상)
CAT,13,7.1,38.1,173,15,False,False,False,False,False,DECREASED,NORMAL,NORMAL,3,0.45,WATCH,"빈맥, 식욕 감소"
CAT,3,4.1,38.5,123,55,False,False,False,False,True,NONE,NORMAL,LOW,0,0.73,CAUTION,"호흡 급증, 설사"
DOG,15,8.5,39.9,198,47,True,False,True,True,True,DECREASED,DECREASED,LOW,6,1.0,DANGER,"미열, 빈맥"
CAT,1,6.8,38.4,105,20,False,False,False,False,False,NORMAL,NORMAL,NORMAL,0,0.07,NORMAL,이상 없음(정상)
CAT,7,2.4,40.0,135,53,False,True,False,False,False,DECREASED,DECREASED,LOW,7,1.0,DANGER,"고열, 호흡 급증"
DOG,15,24.6,39.2,173,31,False,True,True,True,False,DECREASED,NORMAL,NORMAL,0,0.63,CAUTION,"빈맥, 구토"
CAT,10,2.9,38.7,105,43,True,False,False,False,False,INCREASED,NORMAL,NORMAL,0,0.35,WATCH,"호흡 급증, 피부 징후"
CAT,12,5.2,39.9,140,40,False,False,True,False,False,DECREASED,NORMAL,NORMAL,4,0.63,CAUTION,"미열, 호흡 급증"
CAT,1,7.6,38.9,135,14,True,False,False,True,False,DECREASED,NORMAL,NORMAL,1,0.33,WATCH,"구토, 피부 징후"
CAT,12,4.8,37.0,134,22,False,False,False,True,False,NORMAL,NORMAL,NORMAL,2,0.21,NORMAL,이상 없음(정상)
CAT,7,6.8,39.2,173,31,True,False,True,False,False,DECREASED,NORMAL,LOW,2,0.55,CAUTION,"빈맥, 피부 징후"
DOG,11,24.9,38.5,142,32,False,False,False,False,False,NORMAL,INCREASED,NORMAL,0,0.0,NORMAL,이상 없음(정상)
CAT,9,5.7,40.9,172,56,True,True,False,True,True,NORMAL,NORMAL,LOW,7,1.0,DANGER,"고열, 빈맥"
DOG,4,25.8,39.4,137,47,False,False,False,False,False,DECREASED,NORMAL,LOW,0,0.66,CAUTION,"미열, 호흡 급증"
CAT,9,2.6,37.9,77,15,False,False,False,True,False,NORMAL,NORMAL,NORMAL,0,0.24,NORMAL,이상 없음(정상)
DOG,10,23.7,38.1,99,28,False,False,False,False,False,NORMAL,NORMAL,NORMAL,0,0.0,NORMAL,이상 없음(정상)
DOG,7,13.2,38.6,96,19,False,False,False,False,False,NORMAL,NORMAL,NORMAL,0,0.11,NORMAL,이상 없음(정상)
DOG,13,23.5,38.4,63,20,False,False,False,False,False,DECREASED,DECREASED,NORMAL,5,0.02,NORMAL,이상 없음(정상)
CAT,7,3.8,39.8,124,40,True,True,False,False,True,DECREASED,DECREASED,NORMAL,4,0.71,CAUTION,"미열, 호흡 급증"
CAT,6,3.9,39.8,155,49,False,False,False,False,False,DECREASED,DECREASED,LOW,5,0.66,CAUTION,"미열, 호흡 급증"
DOG,6,12.9,39.0,116,23,True,False,True,False,False,NORMAL,INCREASED,LOW,7,0.31,WATCH,"피부 징후, 활동량 저하"
CAT,7,7.9,40.8,171,62,False,True,False,True,True,NONE,DECREASED,LOW,3,1.0,DANGER,"고열, 빈맥"
DOG,8,16.7,39.4,153,12,False,True,True,False,False,NORMAL,INCREASED,LOW,4,0.38,WATCH,"미열, 피부 징후"
CAT,1,7.5,38.6,72,22,False,False,False,False,False,INCREASED,NORMAL,NORMAL,6,0.0,NORMAL,이상 없음(정상)
DOG,4,21.3,39.1,120,24,False,True,False,False,False,NORMAL,NORMAL,NORMAL,0,0.28,NORMAL,이상 없음(정상)
CAT,10,5.9,38.1,93,20,False,False,False,False,False,INCREASED,DECREASED,NORMAL,0,0.0,NORMAL,이상 없음(정상)
CAT,2,4.5,40.7,148,56,False,True,True,False,True,NONE,DECREASED,LOW,4,1.0,DANGER,"고열, 호흡 급증"
CAT,9,3.1,39.1,135,43,False,True,False,False,False,NONE,DECREASED,LOW,3,0.67,CAUTION,"호흡 급증, 피부 징후"
DOG,15,5.1,40.9,159,46,False,True,False,True,True,NONE,DECREASED,LOW,4,1.0,DANGER,"고열, 호흡 급증"
CAT,2,2.5,39.2,111,12,True,False,False,True,False,DECREASED,DECREASED,NORMAL,0,0.49,WATCH,"구토, 피부 징후"
DOG,3,14.6,38.9,92,25,False,False,False,False,False,NORMAL,NORMAL,NORMAL,0,0.0,NORMAL,이상 없음(정상)
DOG,6,25.6,39.4,144,15,True,False,True,False,False,NORMAL,NORMAL,NORMAL,4,0.4,WATCH,"미열, 피부 징후"
CAT,5,5.9,38.3,56,18,False,False,False,False,False,NORMAL,NORMAL,NORMAL,0,0.0,NORMAL,이상 없음(정상)
DOG,8,4.4,39.2,136,30,True,False,False,False,False,NORMAL,NORMAL,NORMAL,4,0.06,NORMAL,이상 없음(정상)
DOG,14,24.9,39.1,126,20,False,True,False,False,False,DECREASED,DECREASED,NORMAL,6,0.34,WATCH,"피부 징후, 식욕 감소"
CAT,10,2.7,38.9,112,20,False,False,False,False,True,NORMAL,NORMAL,NORMAL,6,0.07,NORMAL,이상 없음(정상)
DOG,8,29.3,38.7,87,28,False,False,False,False,True,DECREASED,NORMAL,LOW,7,0.32,WATCH,"설사, 식욕 감소"
CAT,15,4.9,40.2,160,46,True,True,True,False,False,DECREASED,INCREASED,LOW,3,1.0,DANGER,"고열, 빈맥"
CAT,4,7.2,37.9,107,39,False,False,False,False,True,NORMAL,NORMAL,NORMAL,2,0.0,NORMAL,이상 없음(정상)
DOG,4,19.5,40.3,202,52,False,True,False,True,True,NONE,DECREASED,LOW,1,1.0,DANGER,"고열, 빈맥"
DOG,15,27.4,38.6,130,18,True,False,False,False,False,NORMAL,NORMAL,NORMAL,1,0.13,NORMAL,이상 없음(정상)
CAT,14,6.6,39.7,116,29,True,False,True,False,False,NONE,DECREASED,NORMAL,1,0.55,CAUTION,"미열, 피부 징후"
DOG,2,12.2,40.2,170,39,False,False,True,True,False,NONE,DECREASED,LOW,5,1.0,DANGER,"고열, 빈맥"
CAT,12,7.5,38.4,77,35,False,False,False,False,False,INCREASED,NORMAL,HIGH,5,0.0,NORMAL,이상 없음(정상)
DOG,5,24.9,38.7,167,39,False,False,False,False,True,DECREASED,NORMAL,NORMAL,0,0.52,CAUTION,"빈맥, 설사"
CAT,13,3.0,38.9,150,26,True,False,False,False,False,DECREASED,NORMAL,NORMAL,4,0.37,WATCH,"피부 징후, 식욕 감소"
CAT,14,5.4,38.2,93,20,False,False,False,False,False,NORMAL,NORMAL,NORMAL,0,0.03,NORMAL,이상 없음(정상)
DOG,10,20.0,39.5,223,35,False,False,False,True,True,NONE,INCREASED,HIGH,2,0.97,DANGER,"미열, 빈맥"
DOG,14,3.6,39.6,109,39,False,False,True,False,False,NONE,NORMAL,LOW,1,0.74,CAUTION,"미열, 피부 징후"
CAT,13,4.5,38.8,88,22,False,False,False,False,False,NORMAL,NORMAL,NORMAL,0,0.0,NORMAL,이상 없음(정상)
DOG,2,17.0,40.3,184,42,False,False,False,True,False,NORMAL,DECREASED,LOW,3,1.0,DANGER,"고열, 빈맥"
CAT,7,3.6,38.6,90,15,False,False,False,False,False,NORMAL,NORMAL,NORMAL,0,0.0,NORMAL,이상 없음(정상)
DOG,5,23.5,38.2,137,23,False,False,False,False,False,NORMAL,NORMAL,NORMAL,0,0.1,NORMAL,이상 없음(정상)
CAT,6,3.8,38.9,81,10,True,False,False,False,False,INCREASED,NORMAL,LOW,6,0.26,NORMAL,이상 없음(정상)
DOG,1,22.2,39.1,92,28,False,False,False,False,False,DECREASED,NORMAL,NORMAL,4,0.06,NORMAL,이상 없음(정상)
CAT,12,4.1,39.9,144,48,False,True,True,True,True,DECREASED,NORMAL,LOW,5,1.0,DANGER,"미열, 호흡 급증"
DOG,15,12.4,38.7,119,20,False,False,False,False,False,NORMAL,NORMAL,NORMAL,0,0.13,NORMAL,이상 없음(정상)
CAT,13,4.3,39.7,163,32,False,False,False,True,False,NORMAL,DECREASED,LOW,3,0.63,CAUTION,"미열, 빈맥"
CAT,14,8.0,39.0,134,26,False,True,False,False,True,DECREASED,NORMAL,NORMAL,0,0.57,CAUTION,"설사, 피부 징후"
DOG,3,29.1,38.8,112,18,False,False,True,True,False,NORMAL,NORMAL,LOW,6,0.44,WATCH,"구토, 피부 징후"
DOG,2,4.3,38.2,108,12,False,False,False,False,False,NORMAL,NORMAL,NORMAL,0,0.0,NORMAL,이상 없음(정상)
DOG,14,13.8,40.2,161,37,True,True,True,True,True,DECREASED,NORMAL,NORMAL,5,1.0,DANGER,"고열, 빈맥"
DOG,3,5.5,40.2,203,49,False,False,False,False,True,NONE,NORMAL,LOW,6,1.0,DANGER,"고열, 빈맥"
CAT,4,7.6,38.9,111,20,False,False,True,False,False,DECREASED,NORMAL,LOW,5,0.38,WATCH,"피부 징후, 식욕 감소"
CAT,3,2.1,39.5,89,23,False,False,False,False,False,NORMAL,NORMAL,LOW,7,0.28,NORMAL,이상 없음(정상)
DOG,2,8.8,38.7,157,30,False,False,False,False,True,DECREASED,NORMAL,LOW,6,0.33,WATCH,"설사, 식욕 감소"
DOG,7,3.4,39.2,96,27,False,False,False,False,False,DECREASED,NORMAL,NORMAL,3,0.12,NORMAL,이상 없음(정상)
CAT,13,7.1,38.1,96,14,False,False,False,False,False,NORMAL,NORMAL,NORMAL,0,0.11,NORMAL,이상 없음(정상)
DOG,2,14.3,38.7,106,31,False,False,False,False,False,NORMAL,NORMAL,NORMAL,0,0.0,NORMAL,이상 없음(정상)
DOG,15,13.9,39.1,133,43,True,True,True,False,False,NORMAL,NORMAL,NORMAL,4,0.56,CAUTION,"호흡 급증, 피부 징후"
CAT,3,2.1,40.3,137,51,True,True,False,True,True,NONE,NORMAL,LOW,2,1.0,DANGER,"고열, 호흡 급증"
DOG,3,23.6,39.7,145,18,True,True,False,False,False,DECREASED,NORMAL,NORMAL,6,0.47,WATCH,"미열, 피부 징후"
CAT,10,4.1,39.5,133,29,False,False,False,False,True,DECREASED,NORMAL,LOW,5,0.54,CAUTION,"미열, 설사"
CAT,10,3.7,38.5,129,36,True,False,False,False,False,NORMAL,NORMAL,NORMAL,1,0.13,NORMAL,이상 없음(정상)
DOG,15,19.8,39.1,90,18,False,False,False,False,False,NORMAL,INCREASED,HIGH,5,0.0,NORMAL,이상 없음(정상)
CAT,3,3.3,38.9,135,47,False,False,False,True,False,NONE,NORMAL,NORMAL,1,0.74,CAUTION,"호흡 급증, 구토"
CAT,6,3.1,38.4,89,16,True,False,False,False,False,NORMAL,NORMAL,LOW,5,0.23,NORMAL,이상 없음(정상)
CAT,11,5.7,40.4,178,34,True,False,False,True,False,DECREASED,DECREASED,LOW,6,1.0,DANGER,"고열, 빈맥"
CAT,3,2.3,38.6,158,29,False,True,False,False,True,DECREASED,NORMAL,NORMAL,4,0.42,WATCH,"설사, 피부 징후"
CAT,1,7.6,38.7,106,30,False,False,False,False,False,NORMAL,NORMAL,NORMAL,0,0.01,NORMAL,이상 없음(정상)
CAT,15,3.9,39.2,168,34,True,False,False,True,True,DECREASED,INCREASED,NORMAL,2,0.72,CAUTION,"빈맥, 소화기 이상(구토 및 설사)"
CAT,7,4.6,39.8,165,47,True,False,True,True,False,DECREASED,NORMAL,LOW,0,1.0,DANGER,"미열, 빈맥"
DOG,9,22.8,38.9,130,42,False,False,False,False,False,DECREASED,DECREASED,NORMAL,4,0.32,WATCH,"호흡 급증, 식욕 감소"
DOG,10,26.1,39.1,94,40,False,False,False,False,False,DECREASED,NORMAL,NORMAL,5,0.39,WATCH,"호흡 급증, 식욕 감소"
CAT,13,6.7,38.8,126,28,True,False,False,False,False,DECREASED,INCREASED,LOW,0,0.37,WATCH,"피부 징후, 식욕 감소"
DOG,7,25.8,37.9,97,29,False,False,False,False,False,INCREASED,NORMAL,NORMAL,4,0.0,NORMAL,이상 없음(정상)
CAT,13,7.0,39.4,97,24,True,True,False,True,True,DECREASED,NORMAL,NORMAL,4,0.71,CAUTION,"미열, 소화기 이상(구토 및 설사)"
CAT,4,5.0,39.3,100,15,False,False,False,False,False,NORMAL,NORMAL,NORMAL,0,0.15,NORMAL,이상 없음(정상)
CAT,3,3.2,40.6,188,45,False,True,False,True,True,NONE,DECREASED,LOW,6,1.0,DANGER,"고열, 빈맥"
CAT,15,4.5,39.1,193,39,True,False,False,True,False,DECREASED,NORMAL,NORMAL,2,0.74,CAUTION,"빈맥, 구토"
CAT,3,4.9,39.8,200,31,False,False,False,False,True,DECREASED,DECREASED,LOW,0,0.7,CAUTION,"미열, 빈맥"
CAT,5,6.9,39.1,140,44,False,True,False,False,True,DECREASED,INCREASED,NORMAL,4,0.69,CAUTION,"호흡 급증, 설사"
DOG,12,19.6,39.0,138,22,False,False,True,False,False,DECREASED,INCREASED,NORMAL,2,0.4,WATCH,"피부 징후, 식욕 감소"
DOG,6,25.3,38.8,130,42,False,False,False,True,False,DECREASED,NORMAL,LOW,4,0.59,CAUTION,"호흡 급증, 구토"
DOG,7,10.2,39.0,132,36,True,True,False,False,True,NORMAL,NORMAL,LOW,4,0.3,WATCH,"설사, 피부 징후"
CAT,14,3.9,38.4,164,37,False,False,False,True,False,DECREASED,INCREASED,NORMAL,1,0.45,WATCH,"빈맥, 구토"
CAT,15,2.0,39.9,133,33,False,False,False,False,True,NORMAL,NORMAL,LOW,0,0.38,WATCH,"미열, 설사"
DOG,2,15.2,39.9,155,34,False,True,True,False,False,NONE,NORMAL,LOW,1,0.72,CAUTION,"미열, 피부 징후"
CAT,2,4.7,38.1,113,20,False,False,False,False,False,INCREASED,NORMAL,NORMAL,7,0.14,NORMAL,이상 없음(정상)
DOG,3,12.6,38.8,89,22,False,False,True,False,False,DECREASED,NORMAL,NORMAL,5,0.17,NORMAL,이상 없음(정상)
CAT,15,2.2,38.3,122,25,False,False,False,False,False,NORMAL,NORMAL,NORMAL,0,0.0,NORMAL,이상 없음(정상)
DOG,7,23.5,39.1,127,42,True,False,False,True,False,DECREASED,NORMAL,LOW,3,0.72,CAUTION,"호흡 급증, 구토"
CAT,6,7.0,39.5,176,50,True,False,True,False,True,NONE,DECREASED,LOW,0,1.0,DANGER,"미열, 빈맥"
DOG,7,9.9,38.7,107,27,False,False,False,False,False,NORMAL,NORMAL,HIGH,1,0.02,NORMAL,이상 없음(정상)
CAT,8,5.2,38.4,115,29,False,False,False,False,False,NORMAL,NORMAL,HIGH,0,0.0,NORMAL,이상 없음(정상)
CAT,5,4.3,39.2,143,34,False,True,False,False,False,DECREASED,DECREASED,LOW,2,0.33,WATCH,"피부 징후, 식욕 감소"
DOG,10,4.4,39.5,171,56,True,False,False,True,False,NONE,NORMAL,LOW,4,1.0,DANGER,"미열, 빈맥"
DOG,11,14.8,39.4,149,32,False,False,False,True,True,DECREASED,NORMAL,LOW,5,0.62,CAUTION,"미열, 소화기 이상(구토 및 설사)"
CAT,15,7.0,38.0,147,15,False,False,False,False,False,NORMAL,NORMAL,NORMAL,0,0.02,NORMAL,이상 없음(정상)
CAT,9,5.3,40.9,141,50,True,False,False,True,True,NONE,NORMAL,LOW,7,1.0,DANGER,"고열, 호흡 급증"
CAT,11,3.8,39.9,160,40,False,False,False,False,True,DECREASED,DECREASED,NORMAL,1,0.92,DANGER,"미열, 빈맥"
DOG,9,19.8,38.6,99,36,False,False,False,False,False,NORMAL,INCREASED,NORMAL,0,0.07,NORMAL,이상 없음(정상)
CAT,3,5.4,41.3,218,63,False,True,True,True,True,NONE,NORMAL,LOW,2,1.0,DANGER,"고열, 빈맥"
DOG,7,6.7,39.4,136,55,True,False,False,True,False,NORMAL,NORMAL,NORMAL,1,0.7,CAUTION,"미열, 호흡 급증"
CAT,9,2.4,39.2,118,40,True,False,False,False,True,DECREASED,DECREASED,LOW,0,0.67,CAUTION,"호흡 급증, 설사"
DOG,12,12.8,39.9,157,29,False,False,True,False,False,NONE,NORMAL,NORMAL,1,0.55,CAUTION,"미열, 피부 징후"
DOG,7,5.7,39.9,124,33,True,False,False,False,True,DECREASED,INCREASED,NORMAL,2,0.7,CAUTION,"미열, 설사"
CAT,12,6.7,39.7,142,29,True,False,False,False,False,NORMAL,NORMAL,NORMAL,5,0.32,WATCH,"미열, 피부 징후"
DOG,10,26.7,40.1,189,62,False,True,False,True,False,NONE,DECREASED,LOW,5,1.0,DANGER,"고열, 빈맥"
CAT,8,5.1,38.7,123,42,False,True,False,False,False,DECREASED,NORMAL,LOW,0,0.58,CAUTION,"호흡 급증, 피부 징후"
DOG,14,21.6,38.7,128,34,True,False,False,False,False,INCREASED,DECREASED,NORMAL,3,0.08,NORMAL,이상 없음(정상)
DOG,13,23.5,38.4,113,18,False,True,True,True,False,NORMAL,NORMAL,LOW,6,0.35,WATCH,"구토, 피부 징후"
CAT,1,7.6,39.1,123,24,False,False,True,False,False,INCREASED,NORMAL,NORMAL,6,0.29,NORMAL,이상 없음(정상)
CAT,1,6.4,38.8,77,24,False,False,False,False,False,NORMAL,NORMAL,NORMAL,0,0.0,NORMAL,이상 없음(정상)
CAT,9,3.2,39.2,121,31,False,True,False,True,False,DECREASED,DECREASED,NORMAL,5,0.38,WATCH,"구토, 피부 징후"
CAT,14,4.5,38.0,111,34,True,False,False,False,False,NORMAL,NORMAL,NORMAL,7,0.09,NORMAL,이상 없음(정상)
DOG,3,14.6,39.1,150,57,True,True,True,False,True,DECREASED,NORMAL,LOW,4,0.67,CAUTION,"호흡 급증, 설사"
DOG,15,17.3,39.5,178,61,True,False,True,True,True,DECREASED,DECREASED,LOW,6,1.0,DANGER,"미열, 빈맥"
DOG,2,18.4,39.6,147,34,True,False,False,False,True,NORMAL,INCREASED,LOW,6,0.62,CAUTION,"미열, 설사"
DOG,2,27.2,38.7,97,29,False,False,False,False,False,NORMAL,NORMAL,LOW,7,0.03,NORMAL,이상 없음(정상)
CAT,1,2.3,39.0,174,13,False,False,True,False,False,DECREASED,INCREASED,NORMAL,3,0.45,WATCH,"빈맥, 피부 징후"
CAT,12,5.9,41.1,187,39,True,True,False,False,False,NONE,DECREASED,LOW,4,0.96,DANGER,"고열, 빈맥"
CAT,9,5.0,40.9,163,51,False,False,True,False,True,NONE,NORMAL,LOW,1,1.0,DANGER,"고열, 빈맥"
CAT,14,8.0,37.9,125,31,False,False,False,False,False,NORMAL,NORMAL,NORMAL,0,0.0,NORMAL,이상 없음(정상)
CAT,5,4.4,39.3,105,33,False,False,False,False,False,NORMAL,INCREASED,NORMAL,0,0.16,NORMAL,이상 없음(정상)
DOG,4,26.0,39.7,133,27,False,False,False,True,False,NORMAL,DECREASED,NORMAL,5,0.42,WATCH,"미열, 구토"
CAT,6,7.7,38.9,200,35,False,True,True,False,True,NONE,DECREASED,NORMAL,1,0.74,CAUTION,"빈맥, 설사"
DOG,13,16.0,38.5,92,45,True,False,False,False,False,DECREASED,NORMAL,NORMAL,3,0.45,WATCH,"호흡 급증, 피부 징후"
CAT,8,5.2,38.6,101,32,False,False,False,False,False,NORMAL,NORMAL,NORMAL,0,0.0,NORMAL,이상 없음(정상)
CAT,3,2.6,40.1,140,44,False,False,False,True,False,NONE,NORMAL,LOW,6,1.0,DANGER,"고열, 호흡 급증"
CAT,6,3.1,40.1,115,21,False,False,False,False,False,NORMAL,DECREASED,NORMAL,0,0.39,WATCH,고열
CAT,8,7.9,37.8,99,21,False,False,False,False,False,NORMAL,NORMAL,HIGH,3,0.05,NORMAL,이상 없음(정상)
CAT,3,2.4,39.5,130,52,True,True,True,False,True,NONE,DECREASED,LOW,3,1.0,DANGER,"미열, 호흡 급증"
CAT,14,4.9,40.6,130,42,True,True,True,True,False,DECREASED,NORMAL,LOW,0,1.0,DANGER,"고열, 호흡 급증"
DOG,5,12.3,38.3,108,24,False,False,False,False,False,NORMAL,NORMAL,NORMAL,0,0.0,NORMAL,이상 없음(정상)
CAT,10,3.7,40.2,179,34,True,True,False,True,False,NONE,DECREASED,LOW,5,1.0,DANGER,"고열, 빈맥"
DOG,3,9.6,40.3,142,29,True,True,False,False,False,NORMAL,NORMAL,LOW,5,0.58,CAUTION,"고열, 피부 징후"
CAT,14,6.1,39.8,151,34,True,True,False,False,True,DECREASED,DECREASED,LOW,6,0.69,CAUTION,"미열, 설사"
CAT,15,3.0,37.9,128,30,True,False,False,False,False,NORMAL,NORMAL,NORMAL,2,0.27,NORMAL,이상 없음(정상)
CAT,4,7.1,39.7,130,34,True,False,False,True,False,DECREASED,DECREASED,LOW,0,0.84,DANGER,"미열, 구토"
CAT,7,3.2,38.7,136,31,False,False,False,False,False,NORMAL,NORMAL,NORMAL,0,0.0,NORMAL,이상 없음(정상)
CAT,3,7.7,39.7,143,50,False,True,False,False,False,DECREASED,DECREASED,NORMAL,6,0.64,CAUTION,"미열, 호흡 급증"
CAT,13,4.6,39.9,149,53,True,False,True,False,False,NORMAL,NORMAL,LOW,0,0.65,CAUTION,"미열, 호흡 급증"
DOG,12,14.0,38.4,92,38,False,False,False,False,False,NORMAL,NORMAL,NORMAL,0,0.0,NORMAL,이상 없음(정상)
CAT,13,7.4,40.0,190,36,False,False,False,False,False,DECREASED,NORMAL,NORMAL,1,0.66,CAUTION,"고열, 빈맥"
DOG,14,13.3,40.3,196,60,True,False,True,True,True,NONE,DECREASED,LOW,0,1.0,DANGER,"고열, 빈맥"
DOG,13,2.8,40.0,123,26,False,False,False,False,False,NORMAL,DECREASED,NORMAL,0,0.52,CAUTION,고열
CAT,1,5.8,38.8,83,35,False,False,True,True,False,NORMAL,NORMAL,NORMAL,1,0.46,WATCH,"구토, 피부 징후"
DOG,13,11.0,39.2,170,42,False,False,False,False,False,DECREASED,NORMAL,NORMAL,5,0.65,CAUTION,"빈맥, 호흡 급증"
CAT,6,4.7,38.8,125,35,False,False,False,True,True,DECREASED,NORMAL,HIGH,0,0.45,WATCH,"소화기 이상(구토 및 설사), 식욕 감소"
CAT,3,5.0,40.6,150,45,True,True,False,True,True,NONE,NORMAL,LOW,0,1.0,DANGER,"고열, 호흡 급증"
CAT,7,5.5,39.4,120,19,False,False,True,False,False,NORMAL,DECREASED,NORMAL,0,0.36,WATCH,"미열, 피부 징후"
CAT,5,6.2,39.5,108,40,True,False,False,False,False,NORMAL,NORMAL,HIGH,0,0.43,WATCH,"미열, 호흡 급증"
CAT,6,7.3,38.4,57,31,False,False,False,False,False,NORMAL,NORMAL,NORMAL,0,0.03,NORMAL,이상 없음(정상)
DOG,13,26.6,39.4,124,28,True,True,False,False,False,DECREASED,NORMAL,NORMAL,7,0.43,WATCH,"미열, 피부 징후"
CAT,13,2.4,38.2,115,17,False,False,False,False,False,INCREASED,NORMAL,NORMAL,6,0.02,NORMAL,이상 없음(정상)
CAT,2,4.4,39.8,137,51,False,True,True,False,False,DECREASED,DECREASED,LOW,5,0.73,CAUTION,"미열, 호흡 급증"
CAT,1,7.6,39.8,127,39,False,False,True,False,True,DECREASED,NORMAL,LOW,7,0.68,CAUTION,"미열, 설사"
CAT,10,4.9,40.8,160,44,True,False,False,True,True,NORMAL,DECREASED,LOW,2,1.0,DANGER,"고열, 빈맥"
DOG,2,8.5,39.1,131,43,True,False,False,False,False,DECREASED,DECREASED,LOW,7,0.61,CAUTION,"호흡 급증, 피부 징후"
DOG,12,8.3,40.2,131,50,False,False,False,True,False,DECREASED,DECREASED,LOW,1,1.0,DANGER,"고열, 호흡 급증"
CAT,6,4.5,38.9,105,12,False,False,True,False,False,INCREASED,INCREASED,NORMAL,0,0.24,NORMAL,이상 없음(정상)
CAT,13,2.4,39.3,155,32,True,False,False,False,True,NONE,INCREASED,LOW,6,0.74,CAUTION,"미열, 설사"
DOG,9,14.2,39.3,96,25,False,False,True,True,False,NORMAL,NORMAL,NORMAL,0,0.41,WATCH,"미열, 구토"
DOG,9,19.3,40.1,149,34,False,True,False,True,True,DECREASED,NORMAL,LOW,7,1.0,DANGER,"고열, 소화기 이상(구토 및 설사)"
CAT,3,3.4,39.9,162,35,False,True,False,True,True,DECREASED,DECREASED,LOW,5,1.0,DANGER,"미열, 빈맥"
DOG,5,29.0,38.9,137,39,True,True,True,True,False,NORMAL,DECREASED,LOW,6,0.39,WATCH,"구토, 피부 징후"
CAT,9,3.7,39.8,179,35,False,False,True,False,False,NORMAL,DECREASED,LOW,5,0.65,CAUTION,"미열, 빈맥"
DOG,1,21.6,39.2,178,32,False,False,False,False,True,DECREASED,NORMAL,NORMAL,6,0.39,WATCH,"빈맥, 설사"
CAT,9,2.5,39.0,178,16,True,False,False,False,False,NORMAL,DECREASED,NORMAL,1,0.42,WATCH,"빈맥, 피부 징후"
CAT,10,5.9,39.4,190,22,True,True,False,False,False,NORMAL,NORMAL,LOW,0,0.6,CAUTION,"미열, 빈맥"
DOG,7,9.4,38.8,139,29,False,False,True,False,True,DECREASED,NORMAL,NORMAL,7,0.32,WATCH,"설사, 피부 징후"
CAT,1,6.1,39.9,167,37,False,True,True,False,False,DECREASED,NORMAL,LOW,3,0.64,CAUTION,"미열, 빈맥"
DOG,12,24.7,38.8,91,22,False,False,False,False,True,NORMAL,NORMAL,NORMAL,7,0.04,NORMAL,이상 없음(정상)
DOG,14,29.5,38.6,97,26,False,False,False,True,False,NORMAL,NORMAL,NORMAL,0,0.18,NORMAL,이상 없음(정상)
CAT,14,3.0,40.2,172,65,True,False,False,True,True,NONE,DECREASED,LOW,5,1.0,DANGER,"고열, 빈맥"
DOG,1,19.1,38.6,114,22,True,False,False,False,False,NORMAL,NORMAL,NORMAL,5,0.11,NORMAL,이상 없음(정상)
CAT,1,6.6,39.9,178,34,True,False,True,False,False,NORMAL,INCREASED,NORMAL,5,0.58,CAUTION,"미열, 빈맥"
DOG,1,18.7,38.7,143,40,False,True,False,False,False,NORMAL,NORMAL,NORMAL,0,0.49,WATCH,"호흡 급증, 피부 징후"
CAT,15,2.0,38.1,111,22,False,False,False,False,True,NORMAL,NORMAL,NORMAL,3,0.06,NORMAL,이상 없음(정상)
DOG,12,28.1,40.4,163,49,False,True,False,True,False,DECREASED,DECREASED,LOW,5,1.0,DANGER,"고열, 빈맥"
DOG,9,5.3,39.4,152,37,True,True,True,True,True,NORMAL,NORMAL,LOW,4,0.6,CAUTION,"미열, 소화기 이상(구토 및 설사)"
CAT,14,7.2,40.6,171,50,False,True,True,True,True,NONE,NORMAL,LOW,2,1.0,DANGER,"고열, 빈맥"
CAT,3,3.6,40.9,147,49,False,True,True,False,True,NONE,NORMAL,LOW,0,1.0,DANGER,"고열, 호흡 급증"
CAT,15,3.5,38.0,101,22,False,False,False,False,False,DECREASED,NORMAL,NORMAL,5,0.11,NORMAL,이상 없음(정상)
DOG,13,23.1,38.6,131,17,False,False,False,False,True,NORMAL,NORMAL,NORMAL,3,0.24,NORMAL,이상 없음(정상)
CAT,6,2.7,38.9,108,29,False,False,False,False,False,INCREASED,NORMAL,NORMAL,0,0.0,NORMAL,이상 없음(정상)
DOG,6,14.5,37.7,94,27,False,False,False,False,False,NORMAL,NORMAL,NORMAL,0,0.0,NORMAL,이상 없음(정상)
CAT,6,7.0,39.3,90,32,True,True,False,True,False,DECREASED,DECREASED,NORMAL,1,0.7,CAUTION,"미열, 구토"
CAT,12,6.9,39.0,136,16,False,False,False,False,False,NORMAL,NORMAL,HIGH,6,0.0,NORMAL,이상 없음(정상)
DOG,3,29.2,40.2,144,51,False,True,False,True,False,DECREASED,DECREASED,LOW,2,1.0,DANGER,"고열, 호흡 급증"
CAT,12,4.6,38.1,90,29,False,False,False,False,False,NORMAL,NORMAL,HIGH,3,0.0,NORMAL,이상 없음(정상)
DOG,9,6.7,39.2,133,29,False,False,True,False,True,DECREASED,NORMAL,NORMAL,1,0.44,WATCH,"설사, 피부 징후"
DOG,3,13.1,38.9,151,56,True,False,False,False,True,DECREASED,DECREASED,LOW,5,0.66,CAUTION,"호흡 급증, 설사"
CAT,15,7.4,40.1,179,44,False,False,False,False,True,NONE,DECREASED,NORMAL,4,1.0,DANGER,"고열, 빈맥"
CAT,2,2.5,38.2,101,34,True,True,False,True,False,NORMAL,DECREASED,LOW,5,0.43,WATCH,"구토, 피부 징후"
CAT,2,6.9,37.8,105,22,False,False,False,False,False,INCREASED,DECREASED,NORMAL,5,0.0,NORMAL,이상 없음(정상)
CAT,9,2.9,38.6,111,43,False,True,False,False,False,NORMAL,NORMAL,NORMAL,0,0.32,WATCH,"호흡 급증, 피부 징후"
CAT,10,3.5,38.7,171,39,True,False,False,False,False,DECREASED,INCREASED,NORMAL,5,0.37,WATCH,"빈맥, 피부 징후"
CAT,1,7.7,40.0,159,54,False,True,False,True,False,NONE,DECREASED,LOW,3,1.0,DANGER,"고열, 호흡 급증"
DOG,10,17.9,39.7,135,60,False,True,True,True,True,NONE,NORMAL,LOW,6,1.0,DANGER,"미열, 호흡 급증"
DOG,13,5.1,38.6,109,23,False,False,False,False,False,NORMAL,INCREASED,NORMAL,0,0.0,NORMAL,이상 없음(정상)
DOG,10,16.0,39.7,159,34,False,False,True,False,True,NONE,NORMAL,LOW,4,1.0,DANGER,"미열, 설사"
DOG,12,17.1,39.4,148,28,True,True,False,False,True,DECREASED,DECREASED,LOW,7,0.56,CAUTION,"미열, 설사"
CAT,1,7.7,39.4,185,24,False,False,False,False,False,DECREASED,DECREASED,LOW,6,0.7,CAUTION,"미열, 빈맥"
CAT,5,3.2,39.0,92,27,False,False,False,False,True,DECREASED,NORMAL,NORMAL,6,0.31,WATCH,"설사, 식욕 감소"
CAT,12,2.0,38.9,148,37,False,False,True,False,True,DECREASED,DECREASED,NORMAL,7,0.39,WATCH,"설사, 피부 징후"
CAT,10,6.2,39.4,65,29,False,False,False,False,False,INCREASED,INCREASED,NORMAL,1,0.23,NORMAL,이상 없음(정상)
DOG,10,14.9,40.1,158,33,True,True,False,False,False,DECREASED,NORMAL,LOW,1,0.64,CAUTION,"고열, 피부 징후"
CAT,15,7.3,39.4,151,36,False,True,False,False,True,DECREASED,NORMAL,HIGH,1,0.53,CAUTION,"미열, 설사"
CAT,1,6.0,39.8,166,72,True,False,False,False,True,INCREASED,DECREASED,LOW,5,1.0,DANGER,"미열, 빈맥"
DOG,3,15.5,38.0,115,21,False,False,False,False,False,NORMAL,NORMAL,NORMAL,0,0.09,NORMAL,이상 없음(정상)
DOG,5,18.2,39.9,158,55,False,False,False,True,True,DECREASED,INCREASED,LOW,3,0.93,DANGER,"미열, 호흡 급증"
DOG,1,14.2,38.4,131,19,False,False,False,False,False,NORMAL,NORMAL,NORMAL,0,0.05,NORMAL,이상 없음(정상)
CAT,7,4.5,39.4,122,38,True,False,False,False,True,DECREASED,NORMAL,NORMAL,1,0.71,CAUTION,"미열, 설사"
DOG,9,28.6,38.4,136,25,False,False,False,False,True,NORMAL,DECREASED,NORMAL,3,0.15,NORMAL,이상 없음(정상)
DOG,8,12.2,39.5,149,28,False,True,True,False,False,NORMAL,NORMAL,LOW,5,0.47,WATCH,"미열, 피부 징후"
CAT,4,6.4,39.2,154,25,False,False,False,True,True,DECREASED,NORMAL,LOW,1,0.56,CAUTION,"소화기 이상(구토 및 설사), 식욕 감소"
DOG,12,21.6,38.9,55,25,False,False,False,False,False,NORMAL,NORMAL,LOW,4,0.18,NORMAL,이상 없음(정상)
DOG,12,17.2,38.4,113,10,False,False,False,False,False,NORMAL,NORMAL,NORMAL,0,0.0,NORMAL,이상 없음(정상)
DOG,6,25.9,39.6,114,25,True,True,False,False,True,DECREASED,NORMAL,LOW,6,0.7,CAUTION,"미열, 설사"
DOG,3,6.4,40.5,199,59,True,False,False,False,True,NONE,DECREASED,LOW,2,1.0,DANGER,"고열, 빈맥"
CAT,4,8.0,39.1,146,33,False,True,False,False,True,NORMAL,NORMAL,LOW,1,0.42,WATCH,"설사, 피부 징후"
CAT,7,4.6,38.5,124,29,False,False,False,False,False,NORMAL,INCREASED,NORMAL,0,0.0,NORMAL,이상 없음(정상)
DOG,4,27.4,40.2,151,34,True,True,True,True,False,NONE,DECREASED,LOW,0,1.0,DANGER,"고열, 구토"
CAT,12,7.0,39.6,199,35,False,True,True,False,True,DECREASED,NORMAL,NORMAL,0,0.66,CAUTION,"미열, 빈맥"
CAT,11,2.3,39.7,189,28,False,True,False,False,False,NORMAL,NORMAL,LOW,6,0.66,CAUTION,"미열, 빈맥"
CAT,8,7.6,38.8,178,23,False,False,False,False,True,DECREASED,NORMAL,NORMAL,6,0.32,WATCH,"빈맥, 설사"
DOG,11,4.3,39.7,143,56,False,True,True,False,True,NONE,DECREASED,LOW,4,1.0,DANGER,"미열, 호흡 급증"
CAT,1,4.4,39.2,110,36,False,True,False,False,False,DECREASED,NORMAL,LOW,3,0.48,WATCH,"피부 징후, 식욕 감소"
DOG,6,4.5,39.1,113,26,False,False,False,False,False,NORMAL,DECREASED,NORMAL,0,0.0,NORMAL,이상 없음(정상)
DOG,9,14.1,38.7,68,34,False,False,False,False,False,NORMAL,NORMAL,HIGH,4,0.03,NORMAL,이상 없음(정상)
DOG,4,8.1,37.7,116,10,False,False,False,False,False,DECREASED,NORMAL,NORMAL,0,0.07,NORMAL,이상 없음(정상)
CAT,2,4.3,39.4,163,35,False,False,False,False,False,DECREASED,DECREASED,LOW,3,0.6,CAUTION,"미열, 빈맥"
CAT,15,2.5,39.3,115,33,False,False,False,False,True,NORMAL,NORMAL,NORMAL,1,0.32,WATCH,"미열, 설사"
DOG,15,23.5,40.1,168,64,False,False,False,False,True,NONE,DECREASED,LOW,1,1.0,DANGER,"고열, 빈맥"
DOG,10,23.9,39.4,154,22,False,False,False,False,False,DECREASED,DECREASED,LOW,5,0.4,WATCH,"미열, 식욕 감소"
DOG,6,25.2,38.2,106,29,False,False,False,False,False,NORMAL,INCREASED,NORMAL,0,0.0,NORMAL,이상 없음(정상)
CAT,3,4.8,39.7,108,31,True,False,True,True,False,NORMAL,DECREASED,LOW,7,0.58,CAUTION,"미열, 구토"
CAT,14,7.5,40.2,189,56,True,False,False,True,True,DECREASED,NORMAL,LOW,0,1.0,DANGER,"고열, 빈맥"
DOG,10,4.3,37.9,101,26,False,False,False,False,False,NORMAL,DECREASED,NORMAL,0,0.0,NORMAL,이상 없음(정상)
CAT,12,4.0,40.0,131,31,True,True,True,False,False,NORMAL,DECREASED,NORMAL,4,0.57,CAUTION,"고열, 피부 징후"
CAT,11,7.0,39.5,150,43,True,False,False,True,True,NORMAL,NORMAL,LOW,2,1.0,DANGER,"미열, 호흡 급증"
CAT,9,7.0,39.1,124,26,False,False,False,True,False,NORMAL,DECREASED,NORMAL,6,0.2,NORMAL,이상 없음(정상)
DOG,4,17.9,39.9,129,26,False,False,False,False,False,NONE,NORMAL,LOW,5,0.57,CAUTION,"미열, 식욕 절폐"
DOG,10,19.4,37.3,118,21,True,False,False,False,True,NORMAL,NORMAL,NORMAL,4,0.28,NORMAL,이상 없음(정상)
DOG,2,7.8,40.1,123,28,False,False,False,True,False,DECREASED,NORMAL,LOW,1,0.74,CAUTION,"고열, 구토"
CAT,7,2.3,38.2,112,21,False,False,False,False,False,DECREASED,NORMAL,NORMAL,2,0.11,NORMAL,이상 없음(정상)
CAT,11,3.9,39.5,151,34,False,True,False,True,True,NONE,DECREASED,LOW,7,0.95,DANGER,"미열, 소화기 이상(구토 및 설사)"
DOG,7,14.1,39.2,172,31,False,False,False,False,True,DECREASED,NORMAL,NORMAL,7,0.45,WATCH,"빈맥, 설사"
CAT,11,3.0,39.1,76,21,False,False,False,False,True,NORMAL,NORMAL,LOW,7,0.23,NORMAL,이상 없음(정상)
DOG,13,13.7,39.6,145,32,False,False,False,False,False,NONE,NORMAL,NORMAL,4,0.43,WATCH,"미열, 식욕 절폐"
DOG,2,14.7,39.5,70,33,False,False,False,False,False,NORMAL,INCREASED,LOW,0,0.16,NORMAL,이상 없음(정상)
DOG,8,17.0,38.2,112,26,False,False,False,False,False,DECREASED,NORMAL,NORMAL,1,0.11,NORMAL,이상 없음(정상)
DOG,2,28.2,39.6,125,30,True,True,True,False,True,DECREASED,DECREASED,LOW,6,0.65,CAUTION,"미열, 설사"
DOG,1,29.8,39.5,158,41,False,False,False,True,False,NORMAL,NORMAL,NORMAL,5,0.69,CAUTION,"미열, 호흡 급증"
CAT,7,3.0,40.0,170,54,False,False,True,True,False,NORMAL,DECREASED,LOW,4,1.0,DANGER,"고열, 빈맥"
DOG,7,28.0,39.8,177,57,False,False,False,True,True,DECREASED,DECREASED,LOW,6,1.0,DANGER,"미열, 빈맥"
CAT,6,5.3,38.8,133,16,False,False,True,False,True,NORMAL,NORMAL,NORMAL,4,0.38,WATCH,"설사, 피부 징후"
DOG,3,29.7,40.0,190,44,True,False,False,False,True,DECREASED,DECREASED,LOW,7,1.0,DANGER,"고열, 빈맥"
CAT,8,6.9,39.8,176,35,True,False,False,True,False,DECREASED,NORMAL,LOW,3,0.89,DANGER,"미열, 빈맥"
CAT,10,7.3,38.2,101,13,False,False,False,False,False,NONE,NORMAL,LOW,0,0.33,WATCH,"식욕 절폐, 활동량 저하"
DOG,15,13.6,39.6,125,29,False,False,False,True,False,DECREASED,NORMAL,HIGH,6,0.41,WATCH,"미열, 구토"
CAT,13,3.9,40.5,186,56,True,False,False,True,True,NORMAL,DECREASED,NORMAL,4,1.0,DANGER,"고열, 빈맥"
DOG,11,10.6,38.8,104,17,False,False,True,False,False,NORMAL,NORMAL,NORMAL,0,0.09,NORMAL,이상 없음(정상)
CAT,1,6.9,39.0,119,20,False,True,False,False,False,NONE,NORMAL,NORMAL,5,0.37,WATCH,"피부 징후, 식욕 절폐"
DOG,4,26.9,39.6,139,56,True,True,False,False,False,NONE,NORMAL,NORMAL,3,0.64,CAUTION,"미열, 호흡 급증"
DOG,9,20.3,39.0,159,31,False,False,False,True,False,DECREASED,NORMAL,LOW,5,0.48,WATCH,"구토, 식욕 감소"
CAT,5,6.3,38.9,124,19,False,False,True,False,False,NORMAL,NORMAL,HIGH,2,0.05,NORMAL,이상 없음(정상)
DOG,5,28.7,40.6,168,62,True,False,False,True,True,NONE,NORMAL,LOW,0,1.0,DANGER,"고열, 빈맥"
CAT,14,4.7,39.7,133,34,True,False,False,False,False,NORMAL,INCREASED,NORMAL,6,0.32,WATCH,"미열, 피부 징후"
CAT,13,6.4,40.4,195,54,False,True,False,False,False,NONE,DECREASED,LOW,4,1.0,DANGER,"고열, 빈맥"
DOG,15,18.9,37.5,115,24,False,False,False,False,False,NORMAL,NORMAL,LOW,7,0.13,NORMAL,이상 없음(정상)
CAT,9,3.5,39.0,119,42,False,False,True,False,False,DECREASED,DECREASED,LOW,7,0.42,WATCH,"호흡 급증, 피부 징후"
CAT,8,4.7,38.4,133,32,False,True,False,True,False,NORMAL,INCREASED,NORMAL,6,0.41,WATCH,"구토, 피부 징후"
DOG,8,21.2,38.8,104,44,False,False,False,False,False,INCREASED,NORMAL,LOW,7,0.38,WATCH,"호흡 급증, 활동량 저하"
DOG,3,19.4,40.0,162,34,True,False,False,True,False,DECREASED,DECREASED,LOW,3,1.0,DANGER,"고열, 빈맥"
CAT,9,4.5,38.3,89,33,False,True,False,True,False,DECREASED,NORMAL,HIGH,6,0.43,WATCH,"구토, 피부 징후"
DOG,10,5.4,38.9,122,25,False,True,False,False,False,NORMAL,NORMAL,HIGH,1,0.08,NORMAL,이상 없음(정상)
CAT,5,6.5,39.1,98,18,False,True,False,False,False,NORMAL,NORMAL,NORMAL,0,0.06,NORMAL,이상 없음(정상)
CAT,5,5.6,39.4,135,35,False,True,True,False,True,NORMAL,DECREASED,LOW,1,0.51,CAUTION,"미열, 설사"
DOG,13,3.2,38.1,117,26,False,False,False,False,False,NORMAL,NORMAL,NORMAL,0,0.0,NORMAL,이상 없음(정상)
DOG,14,20.7,40.2,137,27,False,False,False,True,False,DECREASED,NORMAL,LOW,5,0.72,CAUTION,"고열, 구토"
CAT,1,7.1,39.0,114,23,False,False,False,True,True,NORMAL,DECREASED,LOW,3,0.49,WATCH,"소화기 이상(구토 및 설사), 활동량 저하"
DOG,1,8.2,39.5,157,44,False,True,False,True,True,NONE,DECREASED,NORMAL,6,1.0,DANGER,"미열, 호흡 급증"
DOG,14,26.3,39.5,183,42,True,False,False,True,True,DECREASED,DECREASED,LOW,4,1.0,DANGER,"미열, 빈맥"
CAT,11,4.3,38.7,142,33,False,False,False,False,False,NONE,INCREASED,NORMAL,5,0.36,WATCH,식욕 절폐
DOG,9,13.6,40.3,130,44,False,True,True,True,False,NONE,DECREASED,NORMAL,0,1.0,DANGER,"고열, 호흡 급증"
DOG,10,28.8,38.8,124,22,False,False,False,False,False,NORMAL,NORMAL,NORMAL,0,0.03,NORMAL,이상 없음(정상)
CAT,11,4.7,38.9,111,36,False,False,False,False,False,NORMAL,NORMAL,NORMAL,0,0.04,NORMAL,이상 없음(정상)
DOG,9,21.9,39.8,153,22,True,True,False,False,False,NONE,DECREASED,LOW,4,0.74,CAUTION,"미열, 피부 징후"
DOG,1,13.8,41.1,175,52,True,False,False,True,True,NONE,DECREASED,LOW,0,1.0,DANGER,"고열, 빈맥"
DOG,2,29.8,38.1,50,16,False,False,False,False,False,NORMAL,NORMAL,NORMAL,0,0.04,NORMAL,이상 없음(정상)
DOG,7,18.9,38.9,144,40,False,False,False,False,True,DECREASED,NORMAL,NORMAL,3,0.48,WATCH,"호흡 급증, 설사"
DOG,2,29.3,38.7,104,33,False,False,False,False,False,NORMAL,NORMAL,HIGH,1,0.03,NORMAL,이상 없음(정상)
DOG,3,19.1,38.3,77,15,False,False,False,False,False,NORMAL,NORMAL,NORMAL,0,0.01,NORMAL,이상 없음(정상)
DOG,9,28.1,38.4,108,17,False,False,False,False,False,NORMAL,DECREASED,NORMAL,0,0.0,NORMAL,이상 없음(정상)
DOG,1,14.1,39.3,142,24,False,False,False,False,False,DECREASED,NORMAL,NORMAL,6,0.44,WATCH,"미열, 식욕 감소"
DOG,1,9.2,39.9,130,34,False,False,False,False,False,NONE,INCREASED,HIGH,1,0.44,WATCH,"미열, 식욕 절폐"
DOG,4,6.1,38.1,69,26,False,False,False,False,False,NORMAL,NORMAL,NORMAL,0,0.07,NORMAL,이상 없음(정상)
CAT,7,5.8,40.6,166,44,False,False,True,True,True,NONE,DECREASED,LOW,0,1.0,DANGER,"고열, 빈맥"
DOG,12,8.0,39.6,166,32,True,False,False,False,False,DECREASED,NORMAL,NORMAL,7,0.71,CAUTION,"미열, 빈맥"
CAT,14,5.1,39.9,129,36,True,False,True,True,False,NORMAL,NORMAL,LOW,5,0.63,CAUTION,"미열, 구토"
CAT,13,4.6,37.9,82,30,False,False,False,False,False,NORMAL,INCREASED,NORMAL,0,0.05,NORMAL,이상 없음(정상)
DOG,13,7.5,40.5,157,66,True,True,True,False,True,NONE,DECREASED,HIGH,5,1.0,DANGER,"고열, 호흡 급증"
CAT,4,5.8,38.4,127,26,True,False,False,False,False,NORMAL,INCREASED,NORMAL,0,0.17,NORMAL,이상 없음(정상)
DOG,3,8.5,38.8,92,21,False,False,False,False,False,NORMAL,NORMAL,NORMAL,0,0.02,NORMAL,이상 없음(정상)
CAT,3,7.8,39.0,122,26,True,False,False,False,False,DECREASED,NORMAL,NORMAL,2,0.33,WATCH,"피부 징후, 식욕 감소"
DOG,3,9.6,38.3,116,18,False,False,False,False,False,INCREASED,NORMAL,NORMAL,4,0.0,NORMAL,이상 없음(정상)
DOG,3,6.9,40.4,109,39,False,True,False,False,False,NORMAL,NORMAL,NORMAL,0,0.6,CAUTION,"고열, 피부 징후"
CAT,13,5.3,39.7,153,47,False,False,True,True,False,NORMAL,DECREASED,LOW,3,0.78,DANGER,"미열, 호흡 급증"
CAT,15,2.1,39.9,171,71,True,True,False,True,False,NONE,INCREASED,LOW,7,1.0,DANGER,"미열, 빈맥"
DOG,4,17.3,38.1,79,21,False,False,False,False,False,NORMAL,INCREASED,NORMAL,0,0.03,NORMAL,이상 없음(정상)
DOG,14,27.1,39.3,145,38,True,False,True,False,True,NORMAL,DECREASED,LOW,5,0.72,CAUTION,"미열, 설사"
DOG,15,3.6,37.7,108,28,False,False,False,False,False,NONE,INCREASED,NORMAL,2,0.17,NORMAL,이상 없음(정상)
DOG,15,20.3,39.7,151,52,True,False,True,True,True,NORMAL,DECREASED,NORMAL,3,0.98,DANGER,"미열, 호흡 급증"
CAT,8,7.8,41.0,165,52,True,True,True,True,True,NONE,DECREASED,LOW,3,1.0,DANGER,"고열, 빈맥"
CAT,13,6.9,38.4,90,10,False,True,False,False,False,NORMAL,NORMAL,HIGH,4,0.28,NORMAL,이상 없음(정상)
DOG,14,5.0,39.3,128,12,True,True,False,False,False,NORMAL,DECREASED,NORMAL,7,0.43,WATCH,"미열, 피부 징후"
CAT,11,5.6,39.4,113,26,True,False,False,True,False,NORMAL,NORMAL,NORMAL,2,0.45,WATCH,"미열, 구토"
DOG,14,11.4,39.0,131,16,True,False,False,False,False,DECREASED,NORMAL,LOW,0,0.3,WATCH,"피부 징후, 식욕 감소"
DOG,5,5.7,40.2,150,37,True,True,False,False,True,DECREASED,NORMAL,NORMAL,5,0.66,CAUTION,"고열, 설사"
CAT,14,6.4,39.5,180,51,True,False,True,False,False,NONE,NORMAL,LOW,6,1.0,DANGER,"미열, 빈맥"
CAT,4,5.0,39.5,121,37,True,True,True,True,False,DECREASED,DECREASED,LOW,4,0.69,CAUTION,"미열, 구토"
DOG,15,24.0,39.2,123,40,False,False,False,True,False,NORMAL,DECREASED,LOW,1,0.56,CAUTION,"호흡 급증, 구토"
CAT,10,4.1,39.4,130,23,False,True,False,True,False,DECREASED,DECREASED,NORMAL,4,0.67,CAUTION,"미열, 구토"
DOG,10,17.2,38.8,149,35,True,True,False,False,True,DECREASED,NORMAL,LOW,7,0.42,WATCH,"설사, 피부 징후"
DOG,7,10.6,39.3,110,28,False,False,False,False,False,NORMAL,DECREASED,NORMAL,0,0.23,NORMAL,이상 없음(정상)
CAT,2,3.4,38.5,155,32,False,False,False,True,False,NORMAL,DECREASED,LOW,6,0.33,WATCH,"구토, 활동량 저하"
DOG,1,15.3,41.1,147,72,False,True,False,False,False,DECREASED,INCREASED,LOW,7,1.0,DANGER,"고열, 호흡 급증"
DOG,10,4.8,39.4,123,38,True,False,False,False,False,NORMAL,INCREASED,NORMAL,1,0.35,WATCH,"미열, 피부 징후"
DOG,8,9.8,39.1,189,32,False,True,False,True,False,DECREASED,DECREASED,NORMAL,2,0.68,CAUTION,"빈맥, 구토"
CAT,8,6.5,38.6,129,44,False,True,False,False,False,NORMAL,NORMAL,NORMAL,0,0.37,WATCH,"호흡 급증, 피부 징후"
CAT,11,2.9,40.6,135,59,True,False,False,True,True,NORMAL,NORMAL,LOW,0,1.0,DANGER,"고열, 호흡 급증"
DOG,7,4.9,40.2,153,40,True,False,False,True,True,NORMAL,DECREASED,LOW,5,1.0,DANGER,"고열, 호흡 급증"
CAT,3,3.9,39.2,80,19,False,False,False,False,False,NORMAL,NORMAL,NORMAL,0,0.0,NORMAL,이상 없음(정상)
DOG,5,28.1,39.1,175,20,True,False,False,False,False,NORMAL,DECREASED,HIGH,2,0.31,WATCH,"빈맥, 피부 징후"
DOG,14,17.7,40.0,183,36,False,True,False,True,True,NONE,NORMAL,LOW,0,1.0,DANGER,"고열, 빈맥"
CAT,3,4.3,39.4,100,23,False,False,False,False,False,DECREASED,NORMAL,LOW,3,0.34,WATCH,"미열, 식욕 감소"
CAT,15,3.8,39.0,90,15,True,False,False,False,False,NORMAL,NORMAL,NORMAL,0,0.15,NORMAL,이상 없음(정상)
CAT,4,3.0,40.3,213,41,True,False,False,False,False,NORMAL,NORMAL,LOW,0,1.0,DANGER,"고열, 빈맥"
DOG,12,5.4,37.9,106,21,True,False,False,False,False,NORMAL,NORMAL,HIGH,1,0.1,NORMAL,이상 없음(정상)
DOG,5,29.8,38.9,125,19,False,False,False,False,False,NORMAL,NORMAL,NORMAL,0,0.0,NORMAL,이상 없음(정상)
DOG,5,23.9,39.4,178,33,False,False,False,False,False,NORMAL,NORMAL,HIGH,2,0.39,WATCH,"미열, 빈맥"
CAT,3,5.4,39.7,126,27,False,False,False,False,False,DECREASED,NORMAL,NORMAL,1,0.32,WATCH,"미열, 식욕 감소"
CAT,7,2.2,39.0,158,44,False,True,False,True,False,DECREASED,NORMAL,NORMAL,7,0.64,CAUTION,"호흡 급증, 구토"
DOG,9,12.1,39.5,144,37,False,False,False,False,True,NORMAL,NORMAL,LOW,1,0.55,CAUTION,"미열, 설사"
CAT,14,5.7,39.6,105,24,False,False,False,True,False,NONE,NORMAL,NORMAL,3,0.62,CAUTION,"미열, 구토"
CAT,6,3.4,39.0,133,30,False,True,False,False,False,DECREASED,NORMAL,NORMAL,6,0.37,WATCH,"피부 징후, 식욕 감소"
CAT,10,3.5,39.1,95,14,False,False,False,False,False,NORMAL,NORMAL,HIGH,0,0.0,NORMAL,이상 없음(정상)
DOG,6,24.8,39.4,155,30,True,True,False,True,False,NORMAL,NORMAL,NORMAL,6,0.49,WATCH,"미열, 구토"
CAT,9,4.8,39.7,181,37,False,False,False,False,False,DECREASED,INCREASED,LOW,2,0.67,CAUTION,"미열, 빈맥"
DOG,10,2.9,40.2,204,42,True,False,False,True,False,NONE,DECREASED,LOW,6,1.0,DANGER,"고열, 빈맥"
CAT,2,6.1,39.9,168,47,True,True,False,True,False,NORMAL,INCREASED,LOW,2,1.0,DANGER,"미열, 빈맥"
CAT,8,4.5,40.0,153,39,True,True,False,True,True,NONE,DECREASED,LOW,4,1.0,DANGER,"고열, 소화기 이상(구토 및 설사)"
CAT,6,6.3,38.6,132,19,False,False,False,False,False,DECREASED,NORMAL,NORMAL,6,0.17,NORMAL,이상 없음(정상)
CAT,7,5.8,38.2,132,25,False,False,False,False,False,INCREASED,NORMAL,HIGH,7,0.0,NORMAL,이상 없음(정상)
DOG,14,4.9,37.9,81,24,False,False,False,False,False,NORMAL,NORMAL,NORMAL,0,0.0,NORMAL,이상 없음(정상)
CAT,5,2.6,38.7,90,22,True,False,True,False,False,NONE,NORMAL,NORMAL,0,0.45,WATCH,"피부 징후, 식욕 절폐"
CAT,14,8.0,39.8,226,45,True,False,False,True,False,NONE,NORMAL,LOW,7,1.0,DANGER,"미열, 빈맥"
CAT,11,3.0,39.6,148,37,True,False,False,False,False,NONE,NORMAL,LOW,4,0.67,CAUTION,"미열, 피부 징후"
DOG,1,29.0,39.6,127,23,False,False,False,True,False,NORMAL,NORMAL,NORMAL,7,0.38,WATCH,"미열, 구토"
DOG,10,20.1,39.9,115,36,True,True,True,False,False,DECREASED,INCREASED,LOW,5,0.53,CAUTION,"미열, 피부 징후"
CAT,8,5.9,38.2,89,20,False,False,False,False,False,NORMAL,NORMAL,NORMAL,0,0.0,NORMAL,이상 없음(정상)
CAT,2,2.2,40.3,191,55,True,True,True,False,True,DECREASED,DECREASED,LOW,0,1.0,DANGER,"고열, 빈맥"
DOG,7,19.0,39.7,129,30,False,False,False,True,False,INCREASED,NORMAL,NORMAL,2,0.33,WATCH,"미열, 구토"
DOG,12,27.8,38.4,110,39,False,False,True,False,False,INCREASED,NORMAL,NORMAL,0,0.25,NORMAL,이상 없음(정상)
CAT,5,4.8,38.2,114,26,False,False,False,False,False,INCREASED,NORMAL,NORMAL,4,0.07,NORMAL,이상 없음(정상)
CAT,10,5.7,39.0,142,21,False,True,False,False,True,NORMAL,NORMAL,NORMAL,7,0.32,WATCH,"설사, 피부 징후"
CAT,7,2.8,39.8,147,39,False,False,False,True,False,NONE,DECREASED,LOW,6,0.74,CAUTION,"미열, 구토"
CAT,12,2.7,38.8,105,34,False,False,False,False,False,NORMAL,NORMAL,NORMAL,0,0.06,NORMAL,이상 없음(정상)
DOG,8,20.9,37.8,85,12,False,False,False,True,True,NORMAL,INCREASED,NORMAL,1,0.32,WATCH,소화기 이상(구토 및 설사)
CAT,5,4.7,38.7,104,23,True,False,True,False,False,NORMAL,NORMAL,NORMAL,0,0.27,NORMAL,이상 없음(정상)
CAT,13,5.5,39.3,158,21,False,True,False,False,False,NORMAL,NORMAL,HIGH,6,0.28,NORMAL,이상 없음(정상)
CAT,12,4.4,40.2,148,45,True,True,False,False,True,DECREASED,DECREASED,LOW,7,1.0,DANGER,"고열, 호흡 급증"
CAT,14,7.5,38.8,122,23,False,False,False,False,False,DECREASED,NORMAL,NORMAL,6,0.16,NORMAL,이상 없음(정상)
CAT,12,7.0,40.1,209,50,False,True,False,True,True,NONE,NORMAL,LOW,4,1.0,DANGER,"고열, 빈맥"
DOG,7,21.9,38.2,64,26,False,False,False,False,False,NORMAL,NORMAL,HIGH,1,0.0,NORMAL,이상 없음(정상)
DOG,11,25.5,37.5,144,32,True,False,False,False,False,NORMAL,NORMAL,NORMAL,4,0.25,NORMAL,이상 없음(정상)
DOG,5,3.0,38.7,97,23,False,False,True,False,False,INCREASED,DECREASED,NORMAL,0,0.11,NORMAL,이상 없음(정상)
CAT,7,4.1,40.1,136,51,False,False,False,False,False,DECREASED,DECREASED,NORMAL,7,0.7,CAUTION,"고열, 호흡 급증"
CAT,6,6.8,40.4,130,63,True,True,True,True,False,NONE,DECREASED,NORMAL,1,1.0,DANGER,"고열, 호흡 급증"
DOG,14,14.2,38.0,85,17,True,False,False,False,False,NORMAL,INCREASED,HIGH,5,0.04,NORMAL,이상 없음(정상)
CAT,14,7.8,38.1,69,12,False,False,False,False,False,DECREASED,NORMAL,NORMAL,1,0.08,NORMAL,이상 없음(정상)
DOG,2,10.9,39.3,87,20,False,True,False,False,False,NORMAL,NORMAL,NORMAL,0,0.29,NORMAL,이상 없음(정상)
DOG,15,14.7,39.4,90,30,False,False,False,True,False,NORMAL,INCREASED,NORMAL,6,0.32,WATCH,"미열, 구토"
CAT,4,2.4,39.7,135,46,True,False,False,False,False,NORMAL,DECREASED,NORMAL,5,0.45,WATCH,"미열, 호흡 급증"
DOG,3,4.5,39.9,112,39,False,True,False,True,True,DECREASED,NORMAL,HIGH,3,0.74,CAUTION,"미열, 소화기 이상(구토 및 설사)"
DOG,8,6.2,39.7,186,24,False,False,False,True,False,DECREASED,NORMAL,NORMAL,6,0.71,CAUTION,"미열, 빈맥"
DOG,11,10.8,38.2,85,29,False,False,False,False,False,INCREASED,NORMAL,NORMAL,7,0.03,NORMAL,이상 없음(정상)
DOG,6,22.9,40.1,160,34,False,False,False,False,True,DECREASED,DECREASED,NORMAL,5,0.81,DANGER,"고열, 빈맥"
CAT,2,5.6,38.5,114,22,False,False,False,False,False,NORMAL,NORMAL,NORMAL,0,0.0,NORMAL,이상 없음(정상)
DOG,2,13.3,40.2,217,34,True,False,False,True,True,NONE,DECREASED,LOW,2,1.0,DANGER,"고열, 빈맥"
CAT,4,4.5,39.1,190,45,False,False,False,False,True,INCREASED,DECREASED,LOW,1,0.62,CAUTION,"빈맥, 호흡 급증"
DOG,7,16.0,38.7,82,28,False,False,False,False,False,NORMAL,DECREASED,NORMAL,0,0.03,NORMAL,이상 없음(정상)
CAT,2,5.6,38.8,178,23,False,False,False,True,False,NORMAL,DECREASED,HIGH,5,0.35,WATCH,"빈맥, 구토"
DOG,5,23.9,38.8,99,12,False,True,False,False,True,DECREASED,NORMAL,HIGH,4,0.47,WATCH,"설사, 피부 징후"
DOG,4,16.8,39.9,123,43,True,False,False,False,False,INCREASED,NORMAL,LOW,6,0.7,CAUTION,"미열, 호흡 급증"
DOG,8,21.8,40.8,167,39,True,False,True,True,True,DECREASED,DECREASED,LOW,1,1.0,DANGER,"고열, 빈맥"
DOG,5,19.6,37.7,106,18,False,False,False,True,False,NORMAL,NORMAL,NORMAL,2,0.2,NORMAL,이상 없음(정상)
DOG,10,2.8,38.5,88,26,False,False,False,False,False,NORMAL,DECREASED,NORMAL,0,0.09,NORMAL,이상 없음(정상)
CAT,7,7.7,38.1,118,27,False,False,False,False,False,NORMAL,NORMAL,NORMAL,0,0.04,NORMAL,이상 없음(정상)
CAT,5,4.2,37.8,103,21,False,True,False,False,False,NORMAL,NORMAL,LOW,4,0.18,NORMAL,이상 없음(정상)
DOG,7,13.2,39.2,97,20,True,False,False,False,False,DECREASED,NORMAL,LOW,7,0.32,WATCH,"피부 징후, 식욕 감소"
DOG,4,4.3,39.2,173,34,True,False,False,True,False,DECREASED,DECREASED,LOW,1,0.66,CAUTION,"빈맥, 구토"
CAT,4,4.1,38.9,64,38,False,True,False,False,True,DECREASED,DECREASED,NORMAL,0,0.41,WATCH,"설사, 피부 징후"
CAT,1,2.3,39.9,149,38,False,True,False,False,True,NORMAL,NORMAL,NORMAL,5,0.5,CAUTION,"미열, 설사"
DOG,15,27.6,38.8,99,35,False,False,False,False,False,NORMAL,NORMAL,NORMAL,0,0.06,NORMAL,이상 없음(정상)
CAT,10,6.0,38.5,106,21,False,False,False,False,True,DECREASED,INCREASED,NORMAL,6,0.32,WATCH,"설사, 식욕 감소"
DOG,4,15.9,40.3,156,25,True,True,False,False,False,NORMAL,DECREASED,LOW,7,0.72,CAUTION,"고열, 피부 징후"
DOG,6,10.3,39.3,150,37,False,True,False,False,False,DECREASED,NORMAL,NORMAL,3,0.34,WATCH,"미열, 피부 징후"
CAT,2,4.3,38.9,122,35,True,False,False,False,False,NORMAL,NORMAL,NORMAL,4,0.26,NORMAL,이상 없음(정상)
DOG,2,10.4,40.3,172,43,True,True,False,True,True,DECREASED,DECREASED,LOW,4,1.0,DANGER,"고열, 빈맥"
CAT,2,3.3,40.2,144,44,True,False,False,True,False,NORMAL,DECREASED,LOW,3,1.0,DANGER,"고열, 호흡 급증"
CAT,13,4.9,39.4,118,30,False,False,False,False,True,DECREASED,NORMAL,LOW,1,0.39,WATCH,"미열, 설사"
DOG,10,25.3,38.8,107,45,False,False,False,False,False,NORMAL,NORMAL,NORMAL,0,0.32,WATCH,호흡 급증
CAT,6,2.8,38.9,141,48,True,True,False,False,False,NONE,DECREASED,LOW,6,0.68,CAUTION,"호흡 급증, 피부 징후"
CAT,8,5.0,39.7,135,45,True,True,False,False,False,INCREASED,DECREASED,LOW,5,0.68,CAUTION,"미열, 호흡 급증"
CAT,13,2.1,39.5,165,39,True,True,True,True,True,DECREASED,INCREASED,LOW,2,1.0,DANGER,"미열, 빈맥"
CAT,7,6.6,40.5,148,50,False,True,False,True,False,NONE,DECREASED,LOW,2,1.0,DANGER,"고열, 호흡 급증"
CAT,7,6.1,40.0,187,43,True,True,True,False,False,NONE,DECREASED,LOW,6,1.0,DANGER,"고열, 빈맥"
CAT,12,3.3,37.0,125,20,True,False,False,False,False,NORMAL,NORMAL,NORMAL,6,0.14,NORMAL,이상 없음(정상)
DOG,5,7.8,39.5,151,38,False,False,False,True,True,NONE,DECREASED,NORMAL,0,0.81,DANGER,"미열, 소화기 이상(구토 및 설사)"
DOG,4,5.0,39.8,130,36,False,False,False,True,True,NONE,DECREASED,LOW,0,0.97,DANGER,"미열, 소화기 이상(구토 및 설사)"
DOG,5,28.1,39.1,102,34,False,False,False,False,False,NORMAL,NORMAL,NORMAL,0,0.0,NORMAL,이상 없음(정상)
DOG,8,25.2,38.1,109,16,False,False,False,False,False,NORMAL,INCREASED,NORMAL,0,0.0,NORMAL,이상 없음(정상)
CAT,13,6.0,39.5,177,36,True,True,False,False,False,DECREASED,DECREASED,NORMAL,4,0.66,CAUTION,"미열, 빈맥"
CAT,15,7.8,39.8,173,59,False,True,True,False,False,NONE,DECREASED,LOW,7,1.0,DANGER,"미열, 빈맥"
DOG,6,20.0,39.1,151,42,True,True,False,False,True,NORMAL,NORMAL,LOW,1,0.64,CAUTION,"호흡 급증, 설사"
CAT,7,2.5,38.3,150,14,True,False,False,False,False,NORMAL,NORMAL,NORMAL,6,0.27,NORMAL,이상 없음(정상)
DOG,15,25.1,39.6,104,25,False,True,False,False,True,DECREASED,DECREASED,LOW,2,0.74,CAUTION,"미열, 설사"
DOG,8,3.4,40.3,200,40,False,False,False,False,False,DECREASED,NORMAL,LOW,2,1.0,DANGER,"고열, 빈맥"
DOG,8,5.8,40.3,164,72,True,False,False,True,False,DECREASED,DECREASED,LOW,7,1.0,DANGER,"고열, 빈맥"
CAT,13,7.3,38.8,100,24,False,False,False,False,True,NORMAL,NORMAL,NORMAL,7,0.12,NORMAL,이상 없음(정상)
DOG,13,28.1,38.1,128,17,False,False,False,False,False,NORMAL,NORMAL,HIGH,2,0.0,NORMAL,이상 없음(정상)
CAT,11,5.4,39.4,159,42,True,False,False,True,False,INCREASED,NORMAL,NORMAL,3,0.73,CAUTION,"미열, 호흡 급증"
DOG,13,19.7,38.9,138,39,False,False,True,True,False,DECREASED,NORMAL,LOW,2,0.59,CAUTION,"구토, 피부 징후"
DOG,5,8.7,39.8,169,45,False,False,False,True,True,NONE,INCREASED,LOW,5,1.0,DANGER,"미열, 빈맥"
DOG,6,16.0,39.5,120,39,False,True,True,True,True,DECREASED,DECREASED,NORMAL,0,0.72,CAUTION,"미열, 소화기 이상(구토 및 설사)"
DOG,1,4.5,38.6,69,13,False,False,False,False,False,NORMAL,DECREASED,NORMAL,0,0.0,NORMAL,이상 없음(정상)
CAT,9,7.6,38.5,110,30,False,False,False,False,False,NORMAL,NORMAL,NORMAL,0,0.0,NORMAL,이상 없음(정상)
CAT,13,7.7,40.6,154,40,False,True,False,False,True,NONE,DECREASED,LOW,1,1.0,DANGER,"고열, 호흡 급증"
DOG,13,28.1,39.1,163,37,True,False,False,False,False,DECREASED,DECREASED,LOW,3,0.5,CAUTION,"빈맥, 피부 징후"
DOG,9,14.3,39.7,196,55,False,True,True,True,True,DECREASED,NORMAL,LOW,0,1.0,DANGER,"미열, 빈맥"
CAT,11,4.2,39.3,100,18,False,False,False,False,True,INCREASED,NORMAL,NORMAL,2,0.39,WATCH,"미열, 설사"
DOG,8,20.9,40.3,137,41,True,False,False,True,False,NORMAL,DECREASED,HIGH,0,0.92,DANGER,"고열, 호흡 급증"
DOG,6,16.2,39.9,97,32,False,False,False,True,False,DECREASED,NORMAL,LOW,7,0.64,CAUTION,"미열, 구토"
DOG,9,15.8,39.5,133,26,False,True,True,False,False,NORMAL,NORMAL,NORMAL,0,0.32,WATCH,"미열, 피부 징후"
DOG,11,9.6,41.1,165,50,True,False,True,True,True,NONE,DECREASED,LOW,1,1.0,DANGER,"고열, 빈맥"
DOG,10,28.8,39.3,115,30,True,True,False,True,False,NORMAL,NORMAL,LOW,6,0.71,CAUTION,"미열, 구토"
CAT,6,7.9,38.5,111,11,False,False,False,True,False,NORMAL,NORMAL,NORMAL,6,0.09,NORMAL,이상 없음(정상)
CAT,14,7.2,39.6,136,40,True,False,True,True,True,NONE,DECREASED,LOW,3,1.0,DANGER,"미열, 호흡 급증"
DOG,4,8.1,40.6,175,51,True,False,False,True,True,DECREASED,DECREASED,LOW,1,1.0,DANGER,"고열, 빈맥"
CAT,9,7.3,39.6,130,64,False,False,False,False,False,NONE,DECREASED,LOW,6,0.84,DANGER,"미열, 호흡 급증"
DOG,14,23.2,39.1,128,49,True,False,False,True,False,NORMAL,DECREASED,NORMAL,7,0.71,CAUTION,"호흡 급증, 구토"
CAT,4,5.8,39.0,124,34,False,False,True,True,False,DECREASED,DECREASED,LOW,2,0.5,CAUTION,"구토, 피부 징후"
CAT,15,6.6,38.2,100,26,True,False,False,False,True,NORMAL,NORMAL,NORMAL,2,0.23,NORMAL,이상 없음(정상)
DOG,9,5.7,37.5,92,12,True,False,False,False,False,DECREASED,NORMAL,NORMAL,3,0.1,NORMAL,이상 없음(정상)
CAT,12,4.2,40.4,132,45,False,False,False,False,False,DECREASED,DECREASED,HIGH,0,0.7,CAUTION,"고열, 호흡 급증"
DOG,1,13.7,38.5,160,24,True,False,False,False,False,NORMAL,NORMAL,NORMAL,7,0.33,WATCH,"빈맥, 피부 징후"
CAT,10,2.6,38.2,127,32,True,False,False,True,True,NORMAL,NORMAL,NORMAL,1,0.45,WATCH,"소화기 이상(구토 및 설사), 피부 징후"
DOG,11,26.0,39.0,119,30,False,False,False,False,False,NORMAL,INCREASED,NORMAL,0,0.0,NORMAL,이상 없음(정상)
DOG,15,21.1,39.2,178,31,False,True,False,False,False,NORMAL,NORMAL,LOW,6,0.43,WATCH,"빈맥, 피부 징후"
DOG,4,6.5,39.1,158,49,True,False,True,False,False,DECREASED,DECREASED,LOW,5,0.63,CAUTION,"호흡 급증, 피부 징후"
CAT,12,7.7,39.2,169,37,True,False,False,True,False,DECREASED,NORMAL,NORMAL,3,0.74,CAUTION,"빈맥, 구토"
DOG,8,5.9,39.3,172,36,False,True,False,False,False,NORMAL,DECREASED,LOW,0,0.7,CAUTION,"미열, 빈맥"
CAT,15,2.6,39.0,139,24,False,False,False,False,False,NORMAL,NORMAL,NORMAL,0,0.09,NORMAL,이상 없음(정상)
DOG,8,19.8,38.1,147,17,False,True,True,False,False,DECREASED,DECREASED,LOW,7,0.37,WATCH,"피부 징후, 식욕 감소"
DOG,4,2.7,40.3,174,34,False,True,False,True,False,DECREASED,NORMAL,LOW,1,1.0,DANGER,"고열, 빈맥"
CAT,9,4.4,40.1,153,54,False,True,False,True,True,NONE,DECREASED,LOW,2,1.0,DANGER,"고열, 호흡 급증"
DOG,12,6.8,40.0,145,34,True,True,False,False,True,NONE,DECREASED,NORMAL,2,0.96,DANGER,"고열, 설사"
DOG,8,25.6,40.2,187,44,False,True,False,True,False,DECREASED,DECREASED,LOW,3,1.0,DANGER,"고열, 빈맥"
CAT,8,6.0,38.2,118,25,False,True,False,True,False,NORMAL,NORMAL,NORMAL,4,0.4,WATCH,"구토, 피부 징후"
CAT,2,3.4,39.8,113,35,False,True,False,False,True,DECREASED,NORMAL,HIGH,4,0.58,CAUTION,"미열, 설사"
DOG,3,6.0,39.1,149,26,False,False,True,False,False,DECREASED,NORMAL,LOW,5,0.38,WATCH,"피부 징후, 식욕 감소"
CAT,9,6.9,39.3,177,22,False,False,False,False,False,DECREASED,DECREASED,LOW,7,0.71,CAUTION,"미열, 빈맥"
DOG,15,21.7,38.8,89,12,False,True,False,False,False,DECREASED,NORMAL,NORMAL,3,0.32,WATCH,"피부 징후, 식욕 감소"
CAT,9,4.5,38.5,156,26,True,True,False,False,True,DECREASED,NORMAL,NORMAL,3,0.49,WATCH,"설사, 피부 징후"
CAT,15,3.1,39.5,149,26,False,False,False,False,True,DECREASED,DECREASED,LOW,7,0.7,CAUTION,"미열, 설사"
DOG,4,14.9,39.0,200,48,True,False,False,False,False,NORMAL,DECREASED,LOW,7,0.69,CAUTION,"빈맥, 호흡 급증"
DOG,10,9.6,38.0,133,37,False,False,False,False,False,INCREASED,NORMAL,HIGH,2,0.07,NORMAL,이상 없음(정상)
CAT,6,2.3,38.3,165,12,False,False,False,False,False,DECREASED,NORMAL,NORMAL,0,0.32,WATCH,"빈맥, 식욕 감소"
CAT,4,3.4,38.9,64,24,False,False,True,False,False,DECREASED,NORMAL,NORMAL,2,0.29,NORMAL,이상 없음(정상)
DOG,10,15.5,39.3,138,29,False,True,False,True,False,DECREASED,DECREASED,LOW,7,0.72,CAUTION,"미열, 구토"
DOG,2,9.3,40.5,205,50,False,True,False,True,True,NONE,DECREASED,LOW,4,1.0,DANGER,"고열, 빈맥"
CAT,3,5.0,39.3,158,41,True,True,False,False,True,NORMAL,INCREASED,NORMAL,5,0.72,CAUTION,"미열, 호흡 급증"
CAT,13,5.4,38.8,128,19,False,False,False,False,False,INCREASED,NORMAL,NORMAL,6,0.0,NORMAL,이상 없음(정상)
DOG,14,18.9,39.9,105,46,False,False,False,False,True,NORMAL,NORMAL,NORMAL,3,0.5,CAUTION,"미열, 호흡 급증"
CAT,9,3.5,39.7,167,32,True,False,True,False,False,NORMAL,DECREASED,NORMAL,5,0.53,CAUTION,"미열, 빈맥"
CAT,4,4.5,38.4,116,46,True,False,False,False,False,INCREASED,DECREASED,HIGH,2,0.4,WATCH,"호흡 급증, 피부 징후"
CAT,2,4.3,39.5,115,35,False,False,False,False,False,NORMAL,NORMAL,NORMAL,0,0.33,WATCH,미열
DOG,8,3.3,38.5,122,16,False,False,False,False,True,NORMAL,DECREASED,NORMAL,3,0.23,NORMAL,이상 없음(정상)
CAT,2,2.4,38.3,153,14,False,False,False,False,True,DECREASED,NORMAL,LOW,3,0.38,WATCH,"설사, 식욕 감소"
DOG,8,9.3,38.0,152,21,False,False,True,False,False,NORMAL,NORMAL,NORMAL,0,0.0,NORMAL,이상 없음(정상)
DOG,14,9.4,39.8,142,34,True,False,False,True,True,DECREASED,DECREASED,LOW,4,0.86,DANGER,"미열, 소화기 이상(구토 및 설사)"
DOG,6,13.3,39.9,190,54,False,False,False,False,True,DECREASED,NORMAL,LOW,3,1.0,DANGER,"미열, 빈맥"
CAT,1,3.7,40.5,166,44,False,True,True,False,True,DECREASED,DECREASED,LOW,0,1.0,DANGER,"고열, 빈맥"
CAT,10,2.9,39.8,185,53,False,False,False,True,True,NONE,DECREASED,LOW,6,1.0,DANGER,"미열, 빈맥"
DOG,11,25.8,38.8,89,24,False,False,False,False,False,NORMAL,NORMAL,LOW,3,0.11,NORMAL,이상 없음(정상)
CAT,1,7.1,39.1,121,45,True,True,False,False,True,NORMAL,NORMAL,LOW,7,0.67,CAUTION,"호흡 급증, 설사"
DOG,4,6.9,39.7,208,52,False,True,False,True,True,NONE,DECREASED,LOW,5,1.0,DANGER,"미열, 빈맥"
DOG,12,4.1,38.5,89,16,False,False,False,False,False,NORMAL,NORMAL,NORMAL,0,0.03,NORMAL,이상 없음(정상)
DOG,9,23.6,39.6,103,37,True,False,True,False,True,DECREASED,DECREASED,HIGH,1,0.73,CAUTION,"미열, 설사"
CAT,5,3.6,39.0,91,23,False,False,False,False,False,NORMAL,NORMAL,NORMAL,0,0.07,NORMAL,이상 없음(정상)
CAT,9,3.9,38.8,94,20,False,False,False,False,False,NORMAL,NORMAL,NORMAL,0,0.05,NORMAL,이상 없음(정상)
CAT,4,3.6,39.6,102,44,False,True,True,False,False,DECREASED,NORMAL,LOW,0,0.74,CAUTION,"미열, 호흡 급증"
DOG,15,28.4,39.5,117,36,False,True,False,False,False,DECREASED,NORMAL,LOW,1,0.65,CAUTION,"미열, 피부 징후"
CAT,2,4.9,38.9,138,28,True,False,False,False,False,DECREASED,DECREASED,LOW,6,0.34,WATCH,"피부 징후, 식욕 감소"
CAT,3,7.0,39.1,70,32,False,False,False,False,False,NORMAL,NORMAL,NORMAL,0,0.18,NORMAL,이상 없음(정상)
DOG,5,8.5,39.2,99,17,False,True,False,True,False,NORMAL,NORMAL,NORMAL,7,0.39,WATCH,"구토, 피부 징후"
DOG,4,14.6,38.6,79,22,False,False,False,False,False,NORMAL,NORMAL,NORMAL,0,0.0,NORMAL,이상 없음(정상)
CAT,15,6.6,38.1,81,26,False,False,False,False,False,NORMAL,NORMAL,NORMAL,0,0.0,NORMAL,이상 없음(정상)
CAT,4,4.1,40.8,140,34,False,True,False,True,True,DECREASED,DECREASED,LOW,0,1.0,DANGER,"고열, 소화기 이상(구토 및 설사)"
CAT,9,2.6,39.9,132,43,False,False,False,False,True,DECREASED,DECREASED,LOW,5,0.72,CAUTION,"미열, 호흡 급증"
DOG,10,13.8,38.1,101,10,False,False,False,False,False,NORMAL,NORMAL,NORMAL,0,0.08,NORMAL,이상 없음(정상)
DOG,6,8.3,38.8,129,14,True,False,False,False,False,NORMAL,NORMAL,NORMAL,0,0.07,NORMAL,이상 없음(정상)
CAT,9,4.9,39.9,165,63,False,True,False,True,True,DECREASED,DECREASED,NORMAL,7,1.0,DANGER,"미열, 빈맥"
CAT,9,4.2,39.2,113,18,True,False,False,False,False,NORMAL,NORMAL,HIGH,7,0.24,NORMAL,이상 없음(정상)
CAT,7,4.0,40.7,186,72,False,True,False,True,True,DECREASED,DECREASED,LOW,3,1.0,DANGER,"고열, 빈맥"
DOG,15,18.0,38.5,103,34,False,False,False,False,False,NORMAL,NORMAL,NORMAL,0,0.13,NORMAL,이상 없음(정상)
DOG,5,22.8,39.9,151,40,True,False,False,False,False,DECREASED,NORMAL,LOW,5,0.74,CAUTION,"미열, 호흡 급증"
CAT,6,4.2,38.9,109,24,False,False,False,False,False,DECREASED,NORMAL,NORMAL,5,0.0,NORMAL,이상 없음(정상)
CAT,6,5.6,39.1,146,50,True,True,True,False,False,NORMAL,NORMAL,LOW,3,0.7,CAUTION,"호흡 급증, 피부 징후"
DOG,4,16.1,39.9,182,50,False,False,False,True,True,NONE,NORMAL,NORMAL,5,1.0,DANGER,"미열, 빈맥"
DOG,15,15.2,38.5,149,44,False,True,False,True,False,DECREASED,DECREASED,LOW,3,0.7,CAUTION,"호흡 급증, 구토"
DOG,13,3.9,39.0,77,32,False,False,False,False,False,NORMAL,NORMAL,NORMAL,0,0.08,NORMAL,이상 없음(정상)
CAT,4,4.1,38.5,96,27,False,False,False,True,False,NORMAL,NORMAL,NORMAL,4,0.14,NORMAL,이상 없음(정상)
DOG,10,17.6,38.6,110,23,False,False,False,False,True,DECREASED,NORMAL,NORMAL,5,0.09,NORMAL,이상 없음(정상)
DOG,11,4.7,38.5,114,18,False,False,False,False,False,NORMAL,NORMAL,NORMAL,0,0.0,NORMAL,이상 없음(정상)
CAT,3,3.7,40.3,178,45,True,True,True,False,True,NONE,DECREASED,LOW,4,1.0,DANGER,"고열, 빈맥"
DOG,8,24.8,38.5,121,27,False,False,False,False,False,NORMAL,NORMAL,NORMAL,0,0.0,NORMAL,이상 없음(정상)
DOG,15,5.9,40.3,146,55,True,False,False,True,True,NONE,DECREASED,LOW,5,1.0,DANGER,"고열, 호흡 급증"
CAT,15,6.2,38.9,117,18,False,True,False,True,False,DECREASED,NORMAL,NORMAL,7,0.49,WATCH,"구토, 피부 징후"
DOG,15,22.2,38.6,110,28,True,True,False,False,False,DECREASED,NORMAL,LOW,6,0.34,WATCH,"피부 징후, 식욕 감소"
CAT,11,3.9,39.0,161,28,False,False,False,False,False,DECREASED,DECREASED,NORMAL,7,0.31,WATCH,"빈맥, 식욕 감소"
DOG,3,22.1,38.7,109,24,False,False,False,False,True,NORMAL,NORMAL,NORMAL,4,0.1,NORMAL,이상 없음(정상)
DOG,13,8.3,38.7,146,46,True,True,False,True,False,DECREASED,DECREASED,LOW,4,0.72,CAUTION,"호흡 급증, 구토"
DOG,10,25.7,38.7,124,12,False,True,False,False,True,DECREASED,NORMAL,NORMAL,3,0.48,WATCH,"설사, 피부 징후"
DOG,13,21.6,39.4,137,39,False,True,False,True,False,DECREASED,DECREASED,NORMAL,6,0.58,CAUTION,"미열, 구토"
CAT,11,5.4,40.5,170,50,False,False,False,True,False,DECREASED,DECREASED,LOW,6,1.0,DANGER,"고열, 빈맥"
CAT,13,4.2,39.2,90,36,False,True,False,False,True,NORMAL,NORMAL,HIGH,7,0.37,WATCH,"설사, 피부 징후"
DOG,12,10.0,40.5,146,67,False,False,False,True,False,DECREASED,NORMAL,LOW,0,1.0,DANGER,"고열, 호흡 급증"
CAT,2,3.7,38.3,128,16,False,False,False,False,False,NORMAL,NORMAL,NORMAL,0,0.03,NORMAL,이상 없음(정상)
CAT,1,7.7,39.5,98,25,False,True,False,False,True,NORMAL,NORMAL,NORMAL,1,0.41,WATCH,"미열, 설사"
DOG,14,8.9,37.7,60,22,True,False,False,False,False,NORMAL,NORMAL,NORMAL,0,0.1,NORMAL,이상 없음(정상)
CAT,13,3.6,41.5,181,37,True,True,False,True,True,NORMAL,DECREASED,LOW,3,1.0,DANGER,"고열, 빈맥"
DOG,10,21.9,39.0,84,22,True,False,False,False,False,NORMAL,NORMAL,NORMAL,7,0.17,NORMAL,이상 없음(정상)
DOG,11,20.3,38.1,94,21,False,False,True,False,False,NORMAL,INCREASED,NORMAL,0,0.15,NORMAL,이상 없음(정상)
DOG,8,6.8,39.4,140,22,True,True,True,True,False,DECREASED,NORMAL,NORMAL,7,0.57,CAUTION,"미열, 구토"
DOG,6,24.8,38.6,116,35,False,False,False,False,True,NORMAL,NORMAL,LOW,7,0.3,WATCH,"설사, 활동량 저하"
DOG,8,24.4,39.3,133,34,True,True,False,False,True,DECREASED,DECREASED,LOW,2,0.61,CAUTION,"미열, 설사"
DOG,14,27.9,38.4,99,14,False,False,False,True,True,NORMAL,NORMAL,NORMAL,2,0.29,NORMAL,이상 없음(정상)
CAT,5,6.5,38.4,96,26,False,False,False,False,False,DECREASED,NORMAL,HIGH,3,0.17,NORMAL,이상 없음(정상)
CAT,4,6.4,40.0,138,35,False,False,False,False,False,DECREASED,DECREASED,LOW,7,0.51,CAUTION,"고열, 식욕 감소"
CAT,4,6.9,40.4,130,56,True,True,False,False,True,DECREASED,NORMAL,LOW,5,1.0,DANGER,"고열, 호흡 급증"
CAT,14,6.2,38.9,150,31,False,False,False,True,True,NORMAL,NORMAL,LOW,4,0.45,WATCH,"소화기 이상(구토 및 설사), 활동량 저하"
CAT,4,4.4,38.5,104,32,False,True,False,False,False,NORMAL,NORMAL,NORMAL,0,0.19,NORMAL,이상 없음(정상)
DOG,3,9.2,40.5,170,62,True,False,False,True,False,DECREASED,DECREASED,LOW,3,1.0,DANGER,"고열, 빈맥"
CAT,15,6.9,38.0,93,24,True,False,False,False,False,NORMAL,DECREASED,NORMAL,6,0.13,NORMAL,이상 없음(정상)
CAT,11,7.4,40.7,204,56,False,False,False,True,True,NONE,DECREASED,HIGH,4,1.0,DANGER,"고열, 빈맥"
CAT,8,2.6,40.4,123,34,False,False,False,False,True,DECREASED,DECREASED,NORMAL,2,0.64,CAUTION,"고열, 설사"
CAT,1,4.7,38.9,50,23,False,False,False,False,False,DECREASED,DECREASED,NORMAL,6,0.07,NORMAL,이상 없음(정상)
DOG,11,25.4,38.5,103,26,False,False,False,False,False,NORMAL,NORMAL,NORMAL,0,0.08,NORMAL,이상 없음(정상)
CAT,14,4.2,39.0,83,23,False,True,False,False,False,NORMAL,NORMAL,HIGH,4,0.26,NORMAL,이상 없음(정상)
DOG,1,23.3,37.6,106,22,False,False,True,False,False,NORMAL,NORMAL,NORMAL,0,0.11,NORMAL,이상 없음(정상)
CAT,9,6.2,39.5,88,12,False,False,False,True,False,DECREASED,NORMAL,NORMAL,1,0.49,WATCH,"미열, 구토"
DOG,11,2.9,40.4,173,35,False,False,False,True,False,NONE,NORMAL,LOW,7,1.0,DANGER,"고열, 빈맥"
DOG,11,14.4,40.5,200,50,True,False,False,True,True,NORMAL,DECREASED,LOW,2,1.0,DANGER,"고열, 빈맥"
CAT,6,5.3,38.8,110,34,False,False,True,False,True,DECREASED,DECREASED,NORMAL,4,0.3,WATCH,"설사, 피부 징후"
DOG,3,12.7,39.7,142,28,False,True,True,False,False,DECREASED,NORMAL,LOW,5,0.55,CAUTION,"미열, 피부 징후"
CAT,15,7.7,39.9,127,39,True,True,False,False,True,DECREASED,NORMAL,NORMAL,7,0.68,CAUTION,"미열, 설사"
DOG,14,8.3,38.2,143,31,False,True,False,True,False,NORMAL,NORMAL,HIGH,4,0.36,WATCH,"구토, 피부 징후"
CAT,9,2.1,39.0,170,33,True,True,True,False,False,DECREASED,INCREASED,LOW,7,0.49,WATCH,"빈맥, 피부 징후"
CAT,15,7.3,38.6,125,17,False,False,False,False,False,NORMAL,NORMAL,NORMAL,0,0.0,NORMAL,이상 없음(정상)
DOG,6,12.6,39.4,132,49,False,False,True,False,True,NORMAL,DECREASED,LOW,4,0.73,CAUTION,"미열, 호흡 급증"
DOG,6,24.0,37.3,124,15,False,False,False,False,False,INCREASED,DECREASED,HIGH,2,0.07,NORMAL,이상 없음(정상)
DOG,9,18.3,39.2,134,24,False,True,False,False,False,NORMAL,INCREASED,LOW,2,0.28,NORMAL,이상 없음(정상)
DOG,14,4.9,38.7,102,22,False,False,False,False,False,NORMAL,NORMAL,NORMAL,0,0.11,NORMAL,이상 없음(정상)
CAT,14,7.0,39.7,115,41,False,False,False,False,False,NORMAL,INCREASED,NORMAL,0,0.56,CAUTION,"미열, 호흡 급증"
DOG,15,28.9,38.4,69,32,False,False,False,True,False,NORMAL,NORMAL,NORMAL,1,0.26,NORMAL,이상 없음(정상)
DOG,12,7.6,39.1,168,36,True,True,False,True,False,NORMAL,DECREASED,LOW,7,0.68,CAUTION,"빈맥, 구토"
CAT,5,3.1,39.2,117,52,True,False,False,False,True,NORMAL,DECREASED,LOW,3,0.67,CAUTION,"호흡 급증, 설사"
DOG,8,14.0,38.7,84,27,False,False,False,False,False,NORMAL,NORMAL,NORMAL,0,0.03,NORMAL,이상 없음(정상)
CAT,3,4.7,39.3,134,21,False,True,True,False,False,NORMAL,NORMAL,NORMAL,0,0.4,WATCH,"미열, 피부 징후"
CAT,5,4.0,38.3,178,36,True,False,False,False,False,NORMAL,NORMAL,NORMAL,3,0.48,WATCH,"빈맥, 피부 징후"
DOG,12,17.0,40.0,143,65,True,True,True,True,True,NONE,NORMAL,LOW,6,1.0,DANGER,"고열, 호흡 급증"
DOG,8,3.0,40.4,140,65,True,True,False,True,False,NONE,DECREASED,LOW,0,1.0,DANGER,"고열, 호흡 급증"
DOG,12,29.7,39.2,133,50,True,True,False,False,True,DECREASED,DECREASED,LOW,6,0.69,CAUTION,"호흡 급증, 설사"
DOG,14,26.4,39.4,152,23,False,False,False,False,False,DECREASED,NORMAL,LOW,6,0.39,WATCH,"미열, 식욕 감소"
CAT,14,2.3,38.7,107,27,True,False,False,True,False,DECREASED,DECREASED,NORMAL,7,0.41,WATCH,"구토, 피부 징후"
CAT,13,3.6,40.2,160,46,True,False,True,False,False,NONE,DECREASED,LOW,6,1.0,DANGER,"고열, 빈맥"
DOG,7,4.8,39.1,133,28,False,False,False,True,True,INCREASED,NORMAL,LOW,2,0.45,WATCH,"소화기 이상(구토 및 설사), 활동량 저하"
CAT,11,4.0,38.4,171,12,True,True,False,False,False,NORMAL,DECREASED,HIGH,1,0.32,WATCH,"빈맥, 피부 징후"
DOG,9,11.5,39.1,90,39,True,False,False,True,True,DECREASED,DECREASED,LOW,2,0.7,CAUTION,"소화기 이상(구토 및 설사), 피부 징후"
CAT,6,6.5,37.6,99,36,False,False,False,False,True,NORMAL,NORMAL,NORMAL,1,0.09,NORMAL,이상 없음(정상)
CAT,12,7.1,39.2,118,27,False,False,False,False,False,NONE,DECREASED,LOW,5,0.35,WATCH,"식욕 절폐, 활동량 저하"
DOG,5,22.8,38.8,136,43,True,False,False,False,False,NORMAL,DECREASED,NORMAL,3,0.32,WATCH,"호흡 급증, 피부 징후"
DOG,15,18.0,39.5,138,35,True,False,True,False,False,NORMAL,INCREASED,LOW,6,0.42,WATCH,"미열, 피부 징후"
DOG,15,19.5,38.5,167,34,False,True,False,False,False,DECREASED,NORMAL,NORMAL,6,0.61,CAUTION,"빈맥, 피부 징후"
CAT,3,6.5,38.9,69,29,True,False,False,False,True,INCREASED,NORMAL,LOW,0,0.4,WATCH,"설사, 피부 징후"
DOG,2,7.4,40.6,152,34,True,True,False,True,True,DECREASED,DECREASED,NORMAL,1,1.0,DANGER,"고열, 소화기 이상(구토 및 설사)"
DOG,7,13.4,40.6,149,51,True,True,False,False,False,NONE,DECREASED,LOW,5,1.0,DANGER,"고열, 호흡 급증"
CAT,8,7.6,40.4,179,45,False,True,True,True,True,INCREASED,DECREASED,LOW,5,1.0,DANGER,"고열, 빈맥"
CAT,12,4.0,39.2,129,22,False,True,True,True,False,NONE,DECREASED,NORMAL,0,0.61,CAUTION,"구토, 피부 징후"
DOG,14,22.3,38.6,59,23,False,False,False,False,True,NORMAL,NORMAL,NORMAL,3,0.15,NORMAL,이상 없음(정상)
CAT,9,4.5,39.5,145,29,True,False,False,False,False,DECREASED,DECREASED,LOW,0,0.58,CAUTION,"미열, 피부 징후"
CAT,5,5.8,38.5,141,21,False,False,True,False,True,DECREASED,INCREASED,NORMAL,4,0.42,WATCH,"설사, 피부 징후"
CAT,13,7.9,39.3,122,11,False,False,False,False,False,DECREASED,NORMAL,NORMAL,7,0.2,NORMAL,이상 없음(정상)
CAT,13,7.8,39.4,136,24,True,False,True,False,True,DECREASED,NORMAL,LOW,2,0.74,CAUTION,"미열, 설사"
DOG,15,11.7,39.1,164,22,True,False,False,False,False,DECREASED,NORMAL,LOW,1,0.58,CAUTION,"빈맥, 피부 징후"
DOG,14,13.8,38.7,111,23,False,False,True,True,False,NORMAL,NORMAL,NORMAL,3,0.31,WATCH,"구토, 피부 징후"
DOG,4,11.8,40.9,141,61,True,False,True,False,False,NONE,DECREASED,LOW,5,1.0,DANGER,"고열, 호흡 급증"
DOG,4,18.8,39.5,135,39,False,True,False,True,False,NORMAL,NORMAL,LOW,6,0.74,CAUTION,"미열, 구토"
DOG,13,16.9,37.7,74,23,False,False,False,False,False,NORMAL,NORMAL,NORMAL,0,0.18,NORMAL,이상 없음(정상)
DOG,1,6.9,39.6,132,52,True,True,False,False,True,DECREASED,DECREASED,LOW,2,0.85,DANGER,"미열, 호흡 급증"
CAT,3,4.1,39.3,133,24,True,False,False,False,False,NORMAL,NORMAL,NORMAL,5,0.32,WATCH,"미열, 피부 징후"
DOG,15,26.1,39.6,123,44,False,True,False,True,False,NORMAL,NORMAL,LOW,0,0.72,CAUTION,"미열, 호흡 급증"
DOG,15,11.3,39.5,180,52,True,True,True,True,True,DECREASED,DECREASED,LOW,7,1.0,DANGER,"미열, 빈맥"
DOG,10,26.8,40.3,173,52,False,True,False,False,True,DECREASED,NORMAL,NORMAL,7,1.0,DANGER,"고열, 빈맥"
CAT,12,2.7,40.4,148,51,True,True,False,True,True,NONE,NORMAL,LOW,7,1.0,DANGER,"고열, 호흡 급증"
DOG,3,16.6,39.3,128,26,False,False,False,False,False,NORMAL,NORMAL,NORMAL,0,0.11,NORMAL,이상 없음(정상)
DOG,13,26.4,40.5,218,48,True,False,True,False,False,DECREASED,DECREASED,LOW,3,1.0,DANGER,"고열, 빈맥"
CAT,9,4.0,39.7,165,29,False,False,False,True,False,DECREASED,NORMAL,NORMAL,0,0.57,CAUTION,"미열, 빈맥"
CAT,11,2.6,38.7,117,23,False,False,False,False,False,NORMAL,NORMAL,NORMAL,0,0.09,NORMAL,이상 없음(정상)
CAT,3,6.1,39.7,193,36,False,False,True,False,True,NORMAL,NORMAL,NORMAL,2,0.69,CAUTION,"미열, 빈맥"
CAT,9,6.3,39.9,114,38,False,False,False,False,True,NORMAL,NORMAL,LOW,4,0.47,WATCH,"미열, 설사"
DOG,5,19.9,39.0,156,29,False,True,False,False,True,DECREASED,DECREASED,NORMAL,4,0.34,WATCH,"설사, 피부 징후"
DOG,10,23.3,39.6,146,22,False,False,True,False,True,NONE,DECREASED,NORMAL,0,0.7,CAUTION,"미열, 설사"
DOG,15,8.3,40.2,154,47,False,False,False,False,False,NONE,DECREASED,HIGH,1,0.91,DANGER,"고열, 호흡 급증"
DOG,14,27.4,39.4,128,23,False,True,True,False,False,NORMAL,DECREASED,LOW,7,0.36,WATCH,"미열, 피부 징후"
CAT,5,2.2,40.2,184,40,True,True,False,False,True,DECREASED,DECREASED,HIGH,5,1.0,DANGER,"고열, 빈맥"
DOG,10,16.1,38.6,133,31,False,True,False,False,True,NORMAL,NORMAL,NORMAL,5,0.32,WATCH,"설사, 피부 징후"
DOG,13,11.5,39.2,169,32,True,True,False,False,False,DECREASED,NORMAL,LOW,3,0.63,CAUTION,"빈맥, 피부 징후"
DOG,10,21.9,37.9,136,23,False,False,False,False,True,NORMAL,NORMAL,NORMAL,5,0.24,NORMAL,이상 없음(정상)
CAT,6,2.4,38.2,119,28,True,False,False,False,False,DECREASED,DECREASED,NORMAL,7,0.13,NORMAL,이상 없음(정상)
CAT,7,5.2,39.6,174,56,True,False,False,True,True,NORMAL,DECREASED,LOW,3,1.0,DANGER,"미열, 빈맥"
CAT,14,2.9,40.7,167,45,False,False,False,True,True,NONE,NORMAL,LOW,5,1.0,DANGER,"고열, 빈맥"
CAT,12,4.8,39.5,118,37,True,False,False,False,False,DECREASED,NORMAL,LOW,6,0.54,CAUTION,"미열, 피부 징후"
CAT,10,7.4,39.6,105,33,False,True,False,False,True,DECREASED,NORMAL,LOW,4,0.53,CAUTION,"미열, 설사"
DOG,10,22.3,39.2,171,39,True,False,False,False,False,DECREASED,DECREASED,LOW,7,0.57,CAUTION,"빈맥, 피부 징후"
CAT,13,6.7,38.7,109,24,False,False,False,False,True,NORMAL,NORMAL,NORMAL,0,0.26,NORMAL,이상 없음(정상)
CAT,9,7.0,39.7,111,25,False,False,False,False,False,DECREASED,INCREASED,NORMAL,5,0.47,WATCH,"미열, 식욕 감소"
DOG,11,20.0,39.4,142,45,False,False,False,True,False,DECREASED,NORMAL,HIGH,0,0.57,CAUTION,"미열, 호흡 급증"
CAT,7,5.8,38.4,64,30,False,False,False,False,False,NORMAL,NORMAL,HIGH,2,0.0,NORMAL,이상 없음(정상)
CAT,10,3.2,39.2,137,39,False,True,False,True,True,DECREASED,NORMAL,LOW,7,0.61,CAUTION,"소화기 이상(구토 및 설사), 피부 징후"
DOG,9,13.9,39.5,142,34,False,False,False,True,True,NONE,DECREASED,LOW,4,0.91,DANGER,"미열, 소화기 이상(구토 및 설사)"
CAT,14,3.1,38.4,118,21,False,False,False,False,False,NORMAL,NORMAL,NORMAL,0,0.05,NORMAL,이상 없음(정상)
CAT,13,7.2,39.3,100,45,False,False,False,False,False,NORMAL,INCREASED,NORMAL,0,0.41,WATCH,"미열, 호흡 급증"
CAT,15,4.9,39.3,126,58,False,True,False,False,False,NORMAL,NORMAL,NORMAL,0,0.7,CAUTION,"미열, 호흡 급증"
DOG,3,21.0,40.4,200,47,True,False,True,True,True,NONE,DECREASED,LOW,0,1.0,DANGER,"고열, 빈맥"
DOG,4,20.4,39.4,130,30,False,True,False,False,False,DECREASED,DECREASED,HIGH,2,0.4,WATCH,"미열, 피부 징후"
DOG,1,21.4,38.2,160,15,False,False,False,False,False,NORMAL,NORMAL,NORMAL,0,0.11,NORMAL,이상 없음(정상)
DOG,14,3.3,38.3,116,21,False,False,False,False,False,NORMAL,NORMAL,NORMAL,0,0.03,NORMAL,이상 없음(정상)
CAT,10,7.7,39.5,148,37,False,True,True,True,False,NORMAL,DECREASED,NORMAL,0,0.68,CAUTION,"미열, 구토"
DOG,6,29.8,38.2,82,44,True,False,False,False,False,NORMAL,INCREASED,NORMAL,5,0.41,WATCH,"호흡 급증, 피부 징후"
CAT,10,4.4,38.8,84,10,False,False,False,False,False,INCREASED,NORMAL,NORMAL,7,0.02,NORMAL,이상 없음(정상)
DOG,15,14.8,40.5,193,45,True,True,False,False,False,NONE,DECREASED,LOW,0,1.0,DANGER,"고열, 빈맥"
DOG,11,23.3,38.8,83,32,True,False,False,True,False,NORMAL,NORMAL,LOW,7,0.29,NORMAL,이상 없음(정상)
DOG,14,6.9,37.8,110,37,False,False,False,False,False,NORMAL,NORMAL,LOW,4,0.03,NORMAL,이상 없음(정상)
CAT,11,3.8,39.0,112,33,False,False,False,True,False,DECREASED,NORMAL,LOW,2,0.37,WATCH,"구토, 식욕 감소"
DOG,7,28.1,40.8,199,44,True,False,False,False,False,NONE,DECREASED,LOW,0,1.0,DANGER,"고열, 빈맥"
CAT,15,5.6,39.5,170,30,True,True,False,False,False,NORMAL,DECREASED,NORMAL,4,0.49,WATCH,"미열, 빈맥"
CAT,12,5.2,40.6,178,55,False,True,True,True,True,DECREASED,DECREASED,LOW,5,1.0,DANGER,"고열, 빈맥"
DOG,2,20.2,38.5,82,17,False,False,True,False,True,NORMAL,INCREASED,LOW,5,0.46,WATCH,"설사, 피부 징후"
CAT,4,2.2,39.6,125,37,True,True,False,False,False,NONE,INCREASED,NORMAL,1,0.56,CAUTION,"미열, 피부 징후"
DOG,4,17.2,39.2,138,40,False,False,False,True,False,NONE,NORMAL,NORMAL,3,0.7,CAUTION,"호흡 급증, 구토"
DOG,1,10.8,39.5,163,22,False,False,False,True,True,NORMAL,NORMAL,LOW,4,0.72,CAUTION,"미열, 빈맥"
DOG,14,4.4,39.1,90,35,False,False,False,False,False,NORMAL,NORMAL,NORMAL,0,0.07,NORMAL,이상 없음(정상)
CAT,2,3.9,37.6,113,25,False,False,False,False,False,NORMAL,NORMAL,NORMAL,0,0.01,NORMAL,이상 없음(정상)
DOG,14,2.5,39.5,191,50,True,False,False,True,True,DECREASED,DECREASED,LOW,4,1.0,DANGER,"미열, 빈맥"
CAT,14,3.2,39.3,118,40,False,False,True,False,False,DECREASED,DECREASED,LOW,7,0.7,CAUTION,"미열, 호흡 급증"
DOG,5,22.1,38.5,120,24,True,False,False,False,False,NORMAL,NORMAL,NORMAL,7,0.0,NORMAL,이상 없음(정상)
CAT,6,3.1,39.5,164,48,True,True,False,False,True,DECREASED,DECREASED,LOW,7,0.95,DANGER,"미열, 빈맥"
CAT,2,7.8,39.0,150,45,True,False,False,True,False,NORMAL,DECREASED,NORMAL,4,0.53,CAUTION,"호흡 급증, 구토"
DOG,1,12.5,39.8,122,42,True,False,False,False,False,INCREASED,NORMAL,LOW,2,0.69,CAUTION,"미열, 호흡 급증"
DOG,12,18.5,39.6,181,42,False,True,True,True,True,NONE,DECREASED,LOW,5,1.0,DANGER,"미열, 빈맥"
CAT,6,7.7,39.4,141,50,False,False,False,True,False,NORMAL,DECREASED,NORMAL,1,0.69,CAUTION,"미열, 호흡 급증"
CAT,13,6.3,40.2,149,48,False,False,False,True,True,NONE,DECREASED,LOW,3,1.0,DANGER,"고열, 호흡 급증"
CAT,1,3.6,39.0,163,32,False,False,True,False,False,NORMAL,INCREASED,LOW,3,0.47,WATCH,"빈맥, 피부 징후"
DOG,1,9.7,39.5,121,34,False,False,False,False,False,DECREASED,INCREASED,LOW,6,0.41,WATCH,"미열, 식욕 감소"
DOG,5,5.5,39.8,161,27,False,True,False,False,False,DECREASED,DECREASED,NORMAL,6,0.74,CAUTION,"미열, 빈맥"
DOG,13,27.5,40.2,162,22,False,False,False,True,False,NORMAL,DECREASED,NORMAL,6,0.74,CAUTION,"고열, 빈맥"
CAT,3,7.6,37.7,66,23,False,False,False,False,False,NORMAL,DECREASED,NORMAL,0,0.0,NORMAL,이상 없음(정상)
DOG,9,7.7,38.9,113,29,False,False,False,False,True,DECREASED,INCREASED,NORMAL,6,0.4,WATCH,"설사, 식욕 감소"
CAT,12,7.3,40.4,131,37,False,False,False,False,True,DECREASED,NORMAL,LOW,4,0.71,CAUTION,"고열, 설사"
DOG,15,13.8,40.2,177,52,True,True,True,False,True,DECREASED,DECREASED,LOW,5,1.0,DANGER,"고열, 빈맥"
DOG,3,19.6,40.9,179,57,True,False,True,True,True,NONE,NORMAL,LOW,2,1.0,DANGER,"고열, 빈맥"
CAT,2,4.5,39.1,96,15,False,False,False,False,False,INCREASED,NORMAL,NORMAL,5,0.0,NORMAL,이상 없음(정상)
DOG,1,12.1,40.2,148,38,True,False,True,True,True,DECREASED,DECREASED,LOW,6,1.0,DANGER,"고열, 소화기 이상(구토 및 설사)"
DOG,1,28.1,39.3,141,31,False,False,False,True,True,DECREASED,DECREASED,LOW,2,0.72,CAUTION,"미열, 소화기 이상(구토 및 설사)"
CAT,5,6.6,38.5,74,31,False,False,False,False,False,NORMAL,NORMAL,NORMAL,0,0.01,NORMAL,이상 없음(정상)
CAT,14,4.8,39.4,152,38,False,True,False,False,False,DECREASED,INCREASED,NORMAL,3,0.51,CAUTION,"미열, 피부 징후"
CAT,10,5.2,39.7,170,39,False,True,False,True,True,DECREASED,DECREASED,LOW,7,1.0,DANGER,"미열, 빈맥"
DOG,3,25.5,39.7,139,60,False,False,False,False,True,DECREASED,NORMAL,LOW,4,0.82,DANGER,"미열, 호흡 급증"
CAT,12,5.3,39.1,175,33,False,True,False,True,False,NORMAL,DECREASED,LOW,7,0.58,CAUTION,"빈맥, 구토"
CAT,6,6.7,38.1,127,21,False,False,False,False,False,DECREASED,NORMAL,NORMAL,7,0.06,NORMAL,이상 없음(정상)
DOG,8,23.5,40.4,182,44,True,False,False,True,False,NONE,NORMAL,LOW,0,1.0,DANGER,"고열, 빈맥"
DOG,2,24.7,38.4,136,19,False,False,False,False,False,DECREASED,INCREASED,NORMAL,3,0.18,NORMAL,이상 없음(정상)
CAT,9,6.9,38.6,85,22,False,False,False,False,False,NORMAL,NORMAL,NORMAL,0,0.0,NORMAL,이상 없음(정상)
DOG,8,24.4,39.4,134,47,True,True,True,False,False,DECREASED,NORMAL,NORMAL,3,0.58,CAUTION,"미열, 호흡 급증"
CAT,8,2.8,38.4,128,28,False,False,False,False,True,NORMAL,NORMAL,HIGH,6,0.18,NORMAL,이상 없음(정상)
CAT,12,3.9,40.3,130,53,True,True,False,True,False,NONE,DECREASED,LOW,0,1.0,DANGER,"고열, 호흡 급증"
CAT,5,2.2,40.6,178,34,True,False,False,False,False,DECREASED,DECREASED,LOW,6,1.0,DANGER,"고열, 빈맥"
DOG,11,4.3,38.1,124,21,False,False,False,False,False,NORMAL,NORMAL,HIGH,6,0.1,NORMAL,이상 없음(정상)
DOG,11,9.8,39.7,132,20,False,True,True,False,False,NORMAL,NORMAL,NORMAL,0,0.3,WATCH,"미열, 피부 징후"
CAT,8,2.9,39.2,92,39,False,True,False,False,False,NORMAL,NORMAL,NORMAL,0,0.1,NORMAL,이상 없음(정상)
CAT,12,2.5,38.1,147,29,False,False,False,False,False,NORMAL,NORMAL,HIGH,6,0.07,NORMAL,이상 없음(정상)
CAT,1,7.3,39.6,152,22,False,True,False,False,False,DECREASED,DECREASED,LOW,2,0.53,CAUTION,"미열, 피부 징후"
CAT,5,4.6,38.6,104,25,False,False,False,False,False,INCREASED,NORMAL,NORMAL,3,0.05,NORMAL,이상 없음(정상)
CAT,3,3.2,38.8,164,24,False,False,False,False,False,DECREASED,NORMAL,LOW,1,0.39,WATCH,"빈맥, 식욕 감소"
CAT,11,3.6,38.3,84,19,False,False,False,False,False,NORMAL,DECREASED,HIGH,0,0.06,NORMAL,이상 없음(정상)
CAT,8,6.9,39.5,137,36,False,False,False,False,False,DECREASED,INCREASED,LOW,3,0.38,WATCH,"미열, 식욕 감소"
DOG,3,20.5,38.6,115,35,True,False,False,True,False,DECREASED,INCREASED,NORMAL,0,0.35,WATCH,"구토, 피부 징후"
CAT,15,4.1,38.5,105,25,True,False,False,False,False,NORMAL,NORMAL,NORMAL,1,0.05,NORMAL,이상 없음(정상)
CAT,1,2.8,38.1,80,23,False,False,False,False,False,NORMAL,NORMAL,HIGH,2,0.0,NORMAL,이상 없음(정상)
CAT,13,4.6,38.3,123,15,True,False,False,False,True,DECREASED,NORMAL,NORMAL,2,0.39,WATCH,"설사, 피부 징후"
CAT,14,4.6,37.8,57,20,False,False,False,False,True,NORMAL,NORMAL,HIGH,2,0.22,NORMAL,이상 없음(정상)
CAT,8,5.2,40.0,161,35,False,False,False,False,False,DECREASED,NORMAL,NORMAL,4,0.73,CAUTION,"고열, 빈맥"
DOG,8,3.4,39.7,149,27,False,False,False,True,True,DECREASED,NORMAL,NORMAL,1,0.62,CAUTION,"미열, 소화기 이상(구토 및 설사)"
DOG,9,25.5,39.9,157,41,False,True,True,False,False,DECREASED,DECREASED,LOW,3,0.68,CAUTION,"미열, 호흡 급증"
CAT,13,3.0,38.8,149,22,True,False,False,False,True,NORMAL,DECREASED,NORMAL,1,0.46,WATCH,"설사, 피부 징후"
DOG,14,28.8,39.5,86,24,False,False,False,True,False,DECREASED,NORMAL,NORMAL,1,0.43,WATCH,"미열, 구토"
CAT,3,2.6,39.4,127,27,True,False,False,False,False,NORMAL,INCREASED,HIGH,5,0.31,WATCH,"미열, 피부 징후"
CAT,6,2.8,39.2,99,18,False,False,False,False,False,NORMAL,DECREASED,NORMAL,0,0.0,NORMAL,이상 없음(정상)
CAT,8,5.5,38.0,116,31,False,False,False,False,False,NORMAL,DECREASED,NORMAL,0,0.07,NORMAL,이상 없음(정상)
DOG,2,3.7,38.3,128,37,False,False,True,False,False,NORMAL,NORMAL,NORMAL,0,0.12,NORMAL,이상 없음(정상)
CAT,12,5.6,38.7,121,39,False,False,False,False,False,NORMAL,NORMAL,NORMAL,0,0.08,NORMAL,이상 없음(정상)
CAT,15,3.8,38.7,86,25,False,False,False,False,False,NORMAL,INCREASED,NORMAL,0,0.1,NORMAL,이상 없음(정상)
DOG,4,17.7,39.2,136,44,False,False,False,True,False,DECREASED,DECREASED,LOW,4,0.63,CAUTION,"호흡 급증, 구토"
CAT,8,3.3,38.1,98,22,False,False,False,False,False,NORMAL,NORMAL,NORMAL,0,0.0,NORMAL,이상 없음(정상)
CAT,11,4.4,39.3,95,19,False,False,False,False,False,NORMAL,INCREASED,NORMAL,0,0.13,NORMAL,이상 없음(정상)
CAT,15,3.1,40.3,169,50,False,True,True,True,True,NONE,NORMAL,LOW,4,1.0,DANGER,"고열, 빈맥"
CAT,1,2.3,38.2,115,25,True,False,False,False,False,NORMAL,NORMAL,NORMAL,4,0.03,NORMAL,이상 없음(정상)
CAT,2,4.1,38.7,104,17,False,False,False,False,False,NORMAL,NORMAL,NORMAL,0,0.03,NORMAL,이상 없음(정상)
DOG,2,25.9,38.3,147,24,False,False,False,False,False,NORMAL,NORMAL,HIGH,0,0.01,NORMAL,이상 없음(정상)
DOG,3,29.6,39.1,115,33,False,True,True,False,True,DECREASED,NORMAL,NORMAL,7,0.41,WATCH,"설사, 피부 징후"
DOG,12,9.9,38.6,144,43,False,False,False,False,False,NORMAL,NORMAL,NORMAL,0,0.3,WATCH,호흡 급증
DOG,12,25.4,38.1,129,24,False,False,False,False,False,NORMAL,NORMAL,NORMAL,0,0.03,NORMAL,이상 없음(정상)
DOG,9,17.2,40.1,170,38,True,False,True,False,True,NONE,DECREASED,LOW,2,1.0,DANGER,"고열, 빈맥"
DOG,15,13.4,38.9,178,24,False,False,False,False,False,DECREASED,NORMAL,NORMAL,1,0.31,WATCH,"빈맥, 식욕 감소"
DOG,13,3.2,41.0,146,62,True,False,False,False,True,DECREASED,NORMAL,LOW,2,0.97,DANGER,"고열, 호흡 급증"
DOG,15,13.3,38.4,89,26,False,False,True,False,False,NORMAL,NORMAL,NORMAL,0,0.18,NORMAL,이상 없음(정상)
DOG,13,8.5,39.3,119,43,True,True,False,False,False,INCREASED,DECREASED,NORMAL,6,0.58,CAUTION,"미열, 호흡 급증"
CAT,15,7.6,40.7,138,40,True,False,False,True,True,DECREASED,NORMAL,LOW,1,1.0,DANGER,"고열, 호흡 급증"
CAT,8,7.4,39.7,200,30,False,False,False,False,True,NORMAL,DECREASED,NORMAL,6,0.56,CAUTION,"미열, 빈맥"
DOG,4,28.0,39.8,147,54,False,False,False,True,True,NORMAL,DECREASED,NORMAL,3,0.68,CAUTION,"미열, 호흡 급증"
DOG,11,24.7,40.7,212,34,True,False,False,True,True,NONE,NORMAL,LOW,3,1.0,DANGER,"고열, 빈맥"
CAT,12,5.7,38.4,117,17,False,False,False,False,False,NORMAL,INCREASED,NORMAL,0,0.0,NORMAL,이상 없음(정상)
CAT,8,6.4,39.6,144,22,False,False,False,False,True,INCREASED,INCREASED,NORMAL,0,0.42,WATCH,"미열, 설사"
CAT,15,6.5,40.1,184,44,True,False,False,False,False,DECREASED,NORMAL,LOW,7,1.0,DANGER,"고열, 빈맥"
CAT,2,6.0,39.1,151,44,False,False,True,False,False,DECREASED,DECREASED,LOW,6,0.69,CAUTION,"호흡 급증, 피부 징후"
CAT,11,3.6,39.3,137,28,False,False,False,False,False,INCREASED,INCREASED,NORMAL,4,0.11,NORMAL,이상 없음(정상)
DOG,8,21.4,39.2,178,30,False,True,False,False,False,DECREASED,DECREASED,NORMAL,1,0.38,WATCH,"빈맥, 피부 징후"
DOG,14,22.9,39.7,137,34,True,False,False,False,True,NORMAL,NORMAL,NORMAL,1,0.42,WATCH,"미열, 설사"
CAT,4,2.2,39.9,143,27,True,False,False,False,False,DECREASED,NORMAL,NORMAL,2,0.41,WATCH,"미열, 피부 징후"
CAT,3,7.1,40.5,180,34,False,True,False,True,True,NONE,DECREASED,LOW,7,1.0,DANGER,"고열, 빈맥"
CAT,12,2.9,40.4,172,58,False,False,False,False,False,NONE,NORMAL,NORMAL,7,1.0,DANGER,"고열, 빈맥"
DOG,11,21.6,40.3,110,22,False,True,True,False,False,NONE,NORMAL,NORMAL,5,0.71,CAUTION,"고열, 피부 징후"
CAT,13,4.4,39.7,185,54,True,True,False,False,True,DECREASED,NORMAL,LOW,0,1.0,DANGER,"미열, 빈맥"
DOG,7,16.5,38.5,121,23,False,False,False,False,False,NORMAL,NORMAL,NORMAL,0,0.0,NORMAL,이상 없음(정상)
CAT,14,2.9,39.7,135,28,True,False,False,False,True,NORMAL,NORMAL,NORMAL,4,0.5,CAUTION,"미열, 설사"
CAT,6,6.8,38.5,134,12,True,True,False,True,False,DECREASED,NORMAL,NORMAL,1,0.38,WATCH,"구토, 피부 징후"
CAT,2,6.5,39.9,141,42,False,True,False,True,True,NONE,DECREASED,LOW,5,1.0,DANGER,"미열, 호흡 급증"
CAT,10,3.9,38.4,105,17,False,False,False,False,False,INCREASED,DECREASED,NORMAL,7,0.0,NORMAL,이상 없음(정상)
CAT,13,2.7,40.0,133,34,False,True,False,True,False,NONE,NORMAL,LOW,4,1.0,DANGER,"고열, 구토"
CAT,10,6.1,38.4,112,30,False,False,False,False,False,NORMAL,NORMAL,NORMAL,0,0.07,NORMAL,이상 없음(정상)
DOG,8,26.9,38.8,106,20,False,False,False,False,False,NORMAL,NORMAL,NORMAL,0,0.01,NORMAL,이상 없음(정상)
CAT,13,4.1,39.2,130,33,True,True,False,True,False,NORMAL,INCREASED,HIGH,5,0.45,WATCH,"구토, 피부 징후"
DOG,13,22.3,39.6,122,13,False,False,False,True,False,DECREASED,NORMAL,NORMAL,3,0.44,WATCH,"미열, 구토"
CAT,13,3.5,39.9,133,45,False,False,False,False,True,INCREASED,DECREASED,LOW,2,0.63,CAUTION,"미열, 호흡 급증"
DOG,11,16.5,38.6,146,24,True,True,False,False,False,DECREASED,DECREASED,HIGH,2,0.32,WATCH,"피부 징후, 식욕 감소"
CAT,6,5.2,38.8,114,30,False,False,False,False,False,INCREASED,NORMAL,NORMAL,6,0.0,NORMAL,이상 없음(정상)
DOG,2,29.2,40.1,175,51,True,False,False,True,True,NONE,DECREASED,HIGH,7,1.0,DANGER,"고열, 빈맥"
DOG,14,29.3,41.0,130,49,True,False,True,True,False,DECREASED,DECREASED,LOW,5,1.0,DANGER,"고열, 호흡 급증"
CAT,10,4.8,39.3,121,20,True,False,False,False,False,NORMAL,DECREASED,LOW,0,0.45,WATCH,"미열, 피부 징후"
CAT,12,6.0,38.6,95,29,False,False,False,False,False,NORMAL,NORMAL,NORMAL,0,0.0,NORMAL,이상 없음(정상)
DOG,4,8.2,41.3,184,58,False,True,True,False,True,DECREASED,DECREASED,LOW,5,1.0,DANGER,"고열, 빈맥"
CAT,4,5.2,38.2,121,10,False,False,False,False,False,NORMAL,NORMAL,NORMAL,0,0.01,NORMAL,이상 없음(정상)
CAT,5,5.0,39.4,125,24,True,True,False,False,False,DECREASED,NORMAL,NORMAL,6,0.47,WATCH,"미열, 피부 징후"
DOG,15,15.7,38.5,99,36,False,False,False,True,True,DECREASED,NORMAL,NORMAL,3,0.45,WATCH,"소화기 이상(구토 및 설사), 식욕 감소"
CAT,2,5.8,39.7,144,41,False,False,False,False,False,DECREASED,NORMAL,NORMAL,1,0.6,CAUTION,"미열, 호흡 급증"
DOG,6,25.0,39.2,79,32,False,False,False,True,False,NORMAL,NORMAL,LOW,4,0.3,WATCH,"구토, 활동량 저하"
DOG,10,26.0,37.8,114,24,False,False,False,False,False,NORMAL,NORMAL,NORMAL,0,0.0,NORMAL,이상 없음(정상)
CAT,1,5.1,39.6,155,21,False,False,False,False,True,NORMAL,NORMAL,NORMAL,3,0.45,WATCH,"미열, 설사"
CAT,1,2.7,38.9,146,34,True,False,False,False,True,DECREASED,DECREASED,LOW,0,0.41,WATCH,"설사, 피부 징후"
DOG,11,21.4,39.1,68,31,False,False,False,False,False,NORMAL,NORMAL,NORMAL,0,0.16,NORMAL,이상 없음(정상)
DOG,7,29.9,38.0,92,39,False,True,False,False,False,NORMAL,NORMAL,NORMAL,0,0.22,NORMAL,이상 없음(정상)
DOG,4,13.2,39.9,189,33,False,True,False,False,False,DECREASED,NORMAL,NORMAL,1,0.68,CAUTION,"미열, 빈맥"
DOG,13,10.7,36.9,132,30,False,False,False,True,False,NORMAL,DECREASED,NORMAL,0,0.05,NORMAL,이상 없음(정상)
CAT,11,8.0,38.4,73,10,False,False,False,False,True,NORMAL,NORMAL,NORMAL,7,0.18,NORMAL,이상 없음(정상)
CAT,15,6.5,38.5,85,23,False,False,False,False,False,NORMAL,INCREASED,HIGH,2,0.0,NORMAL,이상 없음(정상)
DOG,13,2.7,40.3,189,24,False,False,False,False,False,DECREASED,DECREASED,LOW,4,0.64,CAUTION,"고열, 빈맥"
CAT,15,3.3,39.9,167,43,True,False,False,False,True,DECREASED,DECREASED,LOW,3,1.0,DANGER,"미열, 빈맥"
CAT,14,2.6,39.8,175,71,True,True,True,True,True,DECREASED,DECREASED,LOW,4,1.0,DANGER,"미열, 빈맥"
DOG,9,3.4,38.6,160,40,True,False,False,False,False,NORMAL,NORMAL,NORMAL,0,0.49,WATCH,"빈맥, 호흡 급증"
DOG,13,16.1,38.7,69,38,False,False,True,False,False,DECREASED,DECREASED,LOW,0,0.43,WATCH,"피부 징후, 식욕 감소"
DOG,4,12.1,40.1,146,41,True,True,False,False,False,DECREASED,DECREASED,LOW,7,0.79,DANGER,"고열, 호흡 급증"
CAT,3,6.9,39.9,114,27,False,True,True,False,False,DECREASED,DECREASED,LOW,7,0.57,CAUTION,"미열, 피부 징후"
DOG,1,24.8,39.4,148,57,False,True,False,False,True,NORMAL,DECREASED,NORMAL,3,0.72,CAUTION,"미열, 호흡 급증"
CAT,11,4.8,39.8,155,61,True,False,False,True,True,DECREASED,DECREASED,LOW,5,1.0,DANGER,"미열, 호흡 급증"
DOG,6,21.7,38.5,104,29,False,False,False,False,False,NORMAL,NORMAL,NORMAL,0,0.0,NORMAL,이상 없음(정상)
CAT,14,3.3,39.0,156,34,False,False,True,False,False,NORMAL,NORMAL,LOW,1,0.36,WATCH,"피부 징후, 활동량 저하"
CAT,3,5.1,39.2,141,23,True,False,False,False,False,DECREASED,DECREASED,LOW,3,0.34,WATCH,"피부 징후, 식욕 감소"
CAT,7,2.9,38.1,98,24,False,False,False,True,True,NORMAL,INCREASED,HIGH,3,0.24,NORMAL,이상 없음(정상)
CAT,10,3.6,38.9,104,13,False,False,False,False,True,NONE,INCREASED,NORMAL,0,0.43,WATCH,"설사, 식욕 절폐"
DOG,7,8.1,39.2,104,31,False,False,False,False,False,NORMAL,NORMAL,NORMAL,0,0.0,NORMAL,이상 없음(정상)
DOG,8,15.4,39.5,162,54,True,True,False,True,True,DECREASED,DECREASED,LOW,2,1.0,DANGER,"미열, 빈맥"
CAT,5,5.0,38.5,159,54,False,True,True,True,False,DECREASED,DECREASED,HIGH,2,0.7,CAUTION,"호흡 급증, 구토"
DOG,6,8.3,40.2,170,40,True,True,True,True,True,DECREASED,DECREASED,NORMAL,1,1.0,DANGER,"고열, 빈맥"
DOG,14,24.2,39.2,112,19,False,False,False,False,True,NORMAL,NORMAL,NORMAL,1,0.16,NORMAL,이상 없음(정상)
CAT,10,7.4,37.7,89,19,False,True,False,False,False,NORMAL,NORMAL,LOW,6,0.22,NORMAL,이상 없음(정상)
CAT,14,5.3,38.5,81,10,False,False,False,False,False,NORMAL,NORMAL,NORMAL,0,0.06,NORMAL,이상 없음(정상)
CAT,15,6.5,39.8,179,69,False,True,False,True,True,NONE,NORMAL,LOW,5,1.0,DANGER,"미열, 빈맥"
DOG,8,19.7,38.6,165,29,True,True,True,False,False,DECREASED,DECREASED,LOW,0,0.63,CAUTION,"빈맥, 피부 징후"
DOG,6,5.0,38.2,139,16,True,False,False,False,False,INCREASED,DECREASED,NORMAL,1,0.01,NORMAL,이상 없음(정상)
CAT,4,5.8,37.8,135,10,False,False,False,False,False,NORMAL,NORMAL,NORMAL,0,0.11,NORMAL,이상 없음(정상)
CAT,10,6.2,39.5,155,27,False,False,False,False,True,DECREASED,NORMAL,LOW,6,0.53,CAUTION,"미열, 설사"
DOG,11,20.1,40.1,156,61,False,False,False,True,True,NONE,DECREASED,LOW,2,1.0,DANGER,"고열, 호흡 급증"
CAT,12,2.1,38.1,138,35,False,False,False,False,False,NORMAL,NORMAL,LOW,7,0.16,NORMAL,이상 없음(정상)
CAT,15,5.9,40.7,136,56,True,False,False,True,True,DECREASED,DECREASED,LOW,6,1.0,DANGER,"고열, 호흡 급증"
DOG,14,9.2,38.6,114,14,False,False,False,False,False,NORMAL,NORMAL,NORMAL,0,0.0,NORMAL,이상 없음(정상)
CAT,15,4.4,39.0,150,21,False,False,False,True,False,NORMAL,NORMAL,LOW,6,0.43,WATCH,"구토, 활동량 저하"
CAT,3,4.2,37.7,87,33,False,False,False,False,True,NORMAL,NORMAL,NORMAL,4,0.22,NORMAL,이상 없음(정상)
DOG,8,6.2,40.0,168,44,True,False,False,True,True,NONE,DECREASED,LOW,4,1.0,DANGER,"고열, 빈맥"
DOG,14,6.5,38.5,102,22,False,False,False,False,False,NORMAL,INCREASED,NORMAL,0,0.09,NORMAL,이상 없음(정상)
DOG,11,4.6,39.9,158,47,False,False,False,False,False,DECREASED,NORMAL,LOW,0,0.61,CAUTION,"미열, 호흡 급증"
CAT,13,4.0,39.4,110,34,False,False,False,False,True,DECREASED,DECREASED,NORMAL,2,0.5,CAUTION,"미열, 설사"
DOG,8,2.8,38.6,140,37,False,False,False,True,True,NORMAL,DECREASED,LOW,2,0.48,WATCH,"소화기 이상(구토 및 설사), 활동량 저하"
DOG,13,17.0,40.5,130,58,True,True,False,True,True,NONE,DECREASED,LOW,5,1.0,DANGER,"고열, 호흡 급증"
DOG,7,6.1,39.1,127,33,True,False,True,False,False,DECREASED,NORMAL,LOW,2,0.5,CAUTION,"피부 징후, 식욕 감소"
DOG,6,8.7,38.3,127,30,False,False,False,False,False,NORMAL,NORMAL,NORMAL,0,0.0,NORMAL,이상 없음(정상)
DOG,7,18.1,38.9,103,22,True,False,False,False,False,NORMAL,DECREASED,NORMAL,7,0.12,NORMAL,이상 없음(정상)
DOG,1,5.4,39.0,102,31,False,False,True,True,False,DECREASED,DECREASED,NORMAL,4,0.46,WATCH,"구토, 피부 징후"
CAT,7,7.3,40.3,160,39,True,True,True,True,False,DECREASED,NORMAL,LOW,3,1.0,DANGER,"고열, 빈맥"
DOG,8,8.9,39.2,157,50,False,False,False,False,True,DECREASED,DECREASED,LOW,2,0.53,CAUTION,"호흡 급증, 설사"
DOG,12,19.6,38.9,50,24,False,False,False,False,False,NORMAL,INCREASED,NORMAL,0,0.0,NORMAL,이상 없음(정상)
DOG,13,9.3,39.3,72,32,False,False,False,True,True,NORMAL,INCREASED,NORMAL,4,0.46,WATCH,"미열, 소화기 이상(구토 및 설사)"
DOG,2,7.7,40.4,179,47,True,False,True,False,False,DECREASED,INCREASED,LOW,3,1.0,DANGER,"고열, 빈맥"
DOG,13,26.8,39.0,146,42,True,False,False,False,False,DECREASED,INCREASED,HIGH,1,0.3,WATCH,"호흡 급증, 피부 징후"
DOG,5,26.4,39.0,67,20,False,False,False,False,False,DECREASED,NORMAL,NORMAL,4,0.03,NORMAL,이상 없음(정상)
CAT,12,4.4,39.1,83,21,False,False,False,True,False,NORMAL,NORMAL,NORMAL,3,0.14,NORMAL,이상 없음(정상)
CAT,13,2.5,39.5,130,53,True,False,False,True,False,NONE,DECREASED,LOW,0,1.0,DANGER,"미열, 호흡 급증"
DOG,7,11.7,39.1,92,12,False,False,False,False,True,NORMAL,NORMAL,NORMAL,6,0.33,WATCH,설사
DOG,9,24.0,39.4,147,15,False,False,False,False,False,NORMAL,NORMAL,LOW,0,0.45,WATCH,"미열, 활동량 저하"
DOG,10,27.7,39.5,94,33,False,False,False,True,False,DECREASED,DECREASED,NORMAL,6,0.38,WATCH,"미열, 구토"
DOG,12,8.0,40.0,197,50,False,False,True,False,True,DECREASED,DECREASED,NORMAL,3,1.0,DANGER,"고열, 빈맥"
CAT,2,6.7,39.4,144,42,False,True,False,False,True,NORMAL,DECREASED,LOW,0,0.72,CAUTION,"미열, 호흡 급증"
DOG,8,19.2,38.5,113,23,False,False,False,False,False,NORMAL,NORMAL,HIGH,3,0.0,NORMAL,이상 없음(정상)
CAT,1,4.0,39.6,142,33,True,True,True,True,True,NORMAL,NORMAL,NORMAL,1,0.66,CAUTION,"미열, 소화기 이상(구토 및 설사)"
CAT,13,4.6,39.3,82,18,False,False,False,False,False,NORMAL,NORMAL,NORMAL,0,0.1,NORMAL,이상 없음(정상)
CAT,3,7.2,40.0,160,35,False,True,False,True,True,DECREASED,DECREASED,LOW,3,1.0,DANGER,"고열, 빈맥"
CAT,3,6.2,37.4,89,22,False,False,False,True,True,NORMAL,NORMAL,NORMAL,0,0.27,NORMAL,이상 없음(정상)
DOG,13,7.5,38.9,118,34,False,False,True,False,False,NORMAL,NORMAL,NORMAL,0,0.11,NORMAL,이상 없음(정상)
CAT,10,3.0,38.4,96,31,False,True,False,False,False,NORMAL,NORMAL,NORMAL,0,0.05,NORMAL,이상 없음(정상)
CAT,3,5.3,40.0,172,34,False,False,False,True,True,NONE,DECREASED,LOW,3,1.0,DANGER,"고열, 빈맥"
DOG,2,27.0,39.2,184,26,False,True,False,True,False,DECREASED,DECREASED,NORMAL,5,0.72,CAUTION,"빈맥, 구토"
CAT,14,2.7,38.5,161,40,False,True,True,False,True,DECREASED,NORMAL,NORMAL,4,0.74,CAUTION,"빈맥, 호흡 급증"
CAT,9,4.2,37.9,138,33,False,True,False,False,True,NORMAL,NORMAL,HIGH,1,0.2,NORMAL,이상 없음(정상)
CAT,5,3.1,38.0,160,32,False,False,False,False,False,DECREASED,NORMAL,NORMAL,4,0.33,WATCH,"빈맥, 식욕 감소"
CAT,14,7.5,37.5,137,28,False,False,False,False,False,NORMAL,INCREASED,NORMAL,0,0.0,NORMAL,이상 없음(정상)
DOG,1,28.1,38.2,98,18,False,True,True,False,False,NORMAL,NORMAL,NORMAL,0,0.16,NORMAL,이상 없음(정상)
DOG,2,22.0,39.7,200,34,False,False,False,False,True,NORMAL,DECREASED,NORMAL,2,0.65,CAUTION,"미열, 빈맥"
CAT,4,6.6,40.5,130,53,False,True,False,True,True,DECREASED,DECREASED,NORMAL,6,1.0,DANGER,"고열, 호흡 급증"
CAT,11,3.8,38.1,97,18,False,False,False,False,False,INCREASED,NORMAL,HIGH,6,0.0,NORMAL,이상 없음(정상)
DOG,1,24.0,39.5,153,37,True,False,False,True,False,NORMAL,DECREASED,NORMAL,5,0.57,CAUTION,"미열, 구토"
DOG,10,18.9,40.3,186,54,True,False,False,True,True,NONE,DECREASED,LOW,1,1.0,DANGER,"고열, 빈맥"
DOG,6,15.7,38.7,86,28,False,False,False,False,False,INCREASED,DECREASED,NORMAL,1,0.0,NORMAL,이상 없음(정상)
DOG,6,10.2,39.8,149,43,True,False,False,False,False,DECREASED,DECREASED,NORMAL,4,0.61,CAUTION,"미열, 호흡 급증"
DOG,4,15.7,38.0,123,25,False,False,False,False,False,NORMAL,NORMAL,NORMAL,0,0.0,NORMAL,이상 없음(정상)
DOG,14,5.3,38.0,50,10,False,False,False,False,True,NORMAL,NORMAL,HIGH,0,0.21,NORMAL,이상 없음(정상)
CAT,4,6.4,39.4,186,40,True,True,False,False,False,NORMAL,NORMAL,NORMAL,3,0.73,CAUTION,"미열, 빈맥"
DOG,10,22.2,38.3,100,18,False,False,False,False,False,NORMAL,DECREASED,NORMAL,0,0.02,NORMAL,이상 없음(정상)
DOG,9,19.5,39.8,185,61,True,True,False,True,True,DECREASED,DECREASED,LOW,4,1.0,DANGER,"미열, 빈맥"
CAT,15,7.9,39.6,151,39,False,False,False,True,False,DECREASED,DECREASED,LOW,7,0.61,CAUTION,"미열, 구토"
CAT,6,7.4,37.6,96,38,False,False,False,False,True,NORMAL,NORMAL,NORMAL,2,0.2,NORMAL,이상 없음(정상)
DOG,14,29.4,39.2,171,38,False,False,True,False,True,DECREASED,DECREASED,LOW,3,0.71,CAUTION,"빈맥, 설사"
DOG,8,24.9,38.9,85,15,False,False,False,True,False,NORMAL,DECREASED,NORMAL,2,0.25,NORMAL,이상 없음(정상)
CAT,8,2.6,39.4,143,30,False,False,False,False,True,DECREASED,NORMAL,LOW,5,0.64,CAUTION,"미열, 설사"
DOG,13,14.1,39.5,156,42,False,False,False,False,True,NORMAL,DECREASED,LOW,4,0.58,CAUTION,"미열, 호흡 급증"
DOG,15,10.0,38.5,82,20,False,False,False,False,False,NORMAL,NORMAL,HIGH,5,0.02,NORMAL,이상 없음(정상)
DOG,10,8.5,39.2,128,13,False,False,False,False,False,NORMAL,INCREASED,NORMAL,0,0.07,NORMAL,이상 없음(정상)
DOG,3,28.1,40.8,168,36,True,True,True,True,True,DECREASED,NORMAL,LOW,3,1.0,DANGER,"고열, 빈맥"
DOG,1,8.3,38.1,119,33,False,False,False,False,False,DECREASED,NORMAL,NORMAL,5,0.19,NORMAL,이상 없음(정상)
DOG,3,12.0,40.2,153,29,False,False,False,False,True,NORMAL,NORMAL,LOW,6,0.42,WATCH,"고열, 설사"
DOG,15,7.6,38.4,79,32,False,False,False,False,False,NORMAL,NORMAL,NORMAL,0,0.03,NORMAL,이상 없음(정상)
CAT,13,6.5,38.8,96,26,True,False,True,False,True,NORMAL,NORMAL,NORMAL,2,0.32,WATCH,"설사, 피부 징후"
DOG,14,24.6,38.4,135,46,False,False,False,False,False,DECREASED,DECREASED,NORMAL,3,0.33,WATCH,"호흡 급증, 식욕 감소"
CAT,5,3.8,39.2,130,25,False,True,False,True,False,NORMAL,NORMAL,LOW,4,0.45,WATCH,"구토, 피부 징후"
CAT,14,6.7,37.6,76,19,False,False,False,False,False,NORMAL,DECREASED,NORMAL,0,0.0,NORMAL,이상 없음(정상)
DOG,1,18.5,39.1,121,35,True,False,True,False,True,DECREASED,NORMAL,LOW,2,0.52,CAUTION,"설사, 피부 징후"
CAT,10,4.4,40.2,146,30,True,True,False,False,False,DECREASED,NORMAL,LOW,3,0.74,CAUTION,"고열, 피부 징후"
CAT,10,5.3,39.2,103,25,False,False,False,False,False,NORMAL,NORMAL,NORMAL,0,0.0,NORMAL,이상 없음(정상)
DOG,14,22.4,37.0,73,29,False,False,False,False,False,NORMAL,INCREASED,HIGH,3,0.16,NORMAL,이상 없음(정상)
CAT,15,5.5,39.1,150,13,True,False,True,False,False,DECREASED,INCREASED,NORMAL,6,0.34,WATCH,"피부 징후, 식욕 감소"
CAT,5,3.3,39.1,114,18,False,True,True,False,False,DECREASED,NORMAL,LOW,7,0.36,WATCH,"피부 징후, 식욕 감소"
CAT,15,3.2,39.9,122,32,False,False,False,False,False,NORMAL,NORMAL,LOW,3,0.31,WATCH,"미열, 활동량 저하"
CAT,11,5.7,38.0,96,29,False,False,False,True,False,NORMAL,NORMAL,NORMAL,0,0.23,NORMAL,이상 없음(정상)
CAT,7,5.9,38.4,105,32,True,False,False,False,False,DECREASED,NORMAL,NORMAL,1,0.42,WATCH,"피부 징후, 식욕 감소"
CAT,8,3.3,39.8,155,40,False,True,False,True,True,NONE,DECREASED,LOW,2,1.0,DANGER,"미열, 호흡 급증"
DOG,13,17.8,40.1,148,39,False,False,False,False,False,DECREASED,DECREASED,LOW,2,0.57,CAUTION,"고열, 식욕 감소"
DOG,11,6.2,38.2,96,21,False,False,False,False,True,NORMAL,NORMAL,HIGH,3,0.13,NORMAL,이상 없음(정상)
DOG,11,29.4,39.1,118,42,False,False,False,True,False,NORMAL,NORMAL,NORMAL,7,0.4,WATCH,"호흡 급증, 구토"
DOG,6,3.9,38.1,121,23,False,False,False,True,False,NORMAL,NORMAL,NORMAL,4,0.17,NORMAL,이상 없음(정상)
DOG,3,21.6,38.6,86,25,False,False,False,False,False,NORMAL,NORMAL,HIGH,1,0.0,NORMAL,이상 없음(정상)
DOG,1,23.8,39.1,106,12,False,False,False,True,True,DECREASED,NORMAL,NORMAL,4,0.46,WATCH,"소화기 이상(구토 및 설사), 식욕 감소"
CAT,13,6.0,38.8,75,20,False,False,False,False,False,NORMAL,NORMAL,HIGH,0,0.0,NORMAL,이상 없음(정상)
CAT,10,3.4,38.2,164,25,False,True,False,False,False,DECREASED,NORMAL,NORMAL,0,0.48,WATCH,"빈맥, 피부 징후"
DOG,5,11.6,39.6,203,48,True,False,False,True,False,NONE,DECREASED,LOW,3,1.0,DANGER,"미열, 빈맥"
CAT,3,4.3,39.8,153,37,False,False,False,False,True,DECREASED,NORMAL,NORMAL,2,0.57,CAUTION,"미열, 설사"
CAT,4,7.8,38.5,131,21,False,False,False,False,False,NORMAL,NORMAL,HIGH,6,0.0,NORMAL,이상 없음(정상)
CAT,12,4.9,39.9,134,49,False,True,False,False,False,NONE,NORMAL,LOW,0,1.0,DANGER,"미열, 호흡 급증"
DOG,13,3.1,38.2,100,22,False,False,False,False,False,NORMAL,INCREASED,NORMAL,0,0.0,NORMAL,이상 없음(정상)
CAT,1,7.3,37.8,98,23,False,True,False,False,False,NORMAL,NORMAL,NORMAL,0,0.0,NORMAL,이상 없음(정상)
CAT,7,6.2,40.1,135,46,True,False,False,True,True,NONE,DECREASED,LOW,4,1.0,DANGER,"고열, 호흡 급증"
DOG,13,3.2,38.0,159,24,False,False,False,True,False,DECREASED,DECREASED,LOW,0,0.41,WATCH,"구토, 식욕 감소"
CAT,4,4.6,39.9,134,25,False,False,True,False,True,DECREASED,DECREASED,NORMAL,1,0.55,CAUTION,"미열, 설사"
DOG,12,25.4,38.6,125,30,False,False,True,False,False,NORMAL,NORMAL,NORMAL,0,0.11,NORMAL,이상 없음(정상)
CAT,7,2.1,39.5,157,45,False,False,False,False,False,DECREASED,NORMAL,LOW,1,0.65,CAUTION,"미열, 호흡 급증"
CAT,8,7.5,40.0,154,39,True,False,False,False,False,DECREASED,INCREASED,LOW,1,0.69,CAUTION,"고열, 피부 징후"
DOG,1,7.6,39.0,123,23,False,False,False,False,False,NORMAL,DECREASED,NORMAL,0,0.0,NORMAL,이상 없음(정상)
CAT,2,2.6,38.3,134,23,False,True,False,False,True,NORMAL,NORMAL,NORMAL,5,0.23,NORMAL,이상 없음(정상)
DOG,5,8.7,40.5,130,48,False,False,False,True,True,NONE,NORMAL,LOW,0,1.0,DANGER,"고열, 호흡 급증"
CAT,6,6.1,39.6,140,31,False,True,False,False,False,DECREASED,NORMAL,NORMAL,4,0.48,WATCH,"미열, 피부 징후"
CAT,9,5.6,37.9,115,25,False,True,False,False,True,DECREASED,NORMAL,NORMAL,5,0.46,WATCH,"설사, 피부 징후"
CAT,2,2.7,39.5,186,57,True,False,True,True,True,NONE,NORMAL,LOW,1,1.0,DANGER,"미열, 빈맥"
CAT,3,2.2,38.4,123,24,False,False,False,False,False,INCREASED,DECREASED,NORMAL,6,0.0,NORMAL,이상 없음(정상)
DOG,2,29.7,39.9,152,57,False,False,False,True,False,NORMAL,NORMAL,NORMAL,5,0.69,CAUTION,"미열, 호흡 급증"
CAT,2,7.2,39.0,200,22,True,False,False,True,True,NORMAL,DECREASED,LOW,4,0.74,CAUTION,"빈맥, 소화기 이상(구토 및 설사)"
CAT,1,3.4,38.6,95,21,True,False,False,False,False,NORMAL,NORMAL,NORMAL,7,0.08,NORMAL,이상 없음(정상)
CAT,8,2.1,39.7,133,38,False,True,False,True,True,DECREASED,NORMAL,NORMAL,1,0.68,CAUTION,"미열, 소화기 이상(구토 및 설사)"
DOG,13,19.1,38.1,98,18,False,False,False,False,False,INCREASED,NORMAL,HIGH,1,0.07,NORMAL,이상 없음(정상)
CAT,2,2.5,38.6,87,24,False,False,False,False,False,NORMAL,NORMAL,NORMAL,0,0.01,NORMAL,이상 없음(정상)
DOG,7,23.1,38.8,56,24,True,False,False,False,False,NORMAL,NORMAL,NORMAL,4,0.12,NORMAL,이상 없음(정상)
CAT,2,3.2,38.6,114,22,False,False,False,False,False,NORMAL,NORMAL,LOW,0,0.2,NORMAL,이상 없음(정상)
CAT,12,6.2,39.0,135,34,False,True,False,True,True,DECREASED,NORMAL,LOW,7,0.74,CAUTION,"소화기 이상(구토 및 설사), 피부 징후"
DOG,6,18.6,38.9,154,32,False,True,False,False,False,NONE,INCREASED,LOW,0,0.41,WATCH,"피부 징후, 식욕 절폐"
DOG,14,6.6,39.5,130,45,True,False,False,True,True,DECREASED,NORMAL,NORMAL,2,1.0,DANGER,"미열, 호흡 급증"
CAT,4,3.6,39.1,118,31,False,False,False,True,True,NORMAL,NORMAL,HIGH,4,0.35,WATCH,소화기 이상(구토 및 설사)
CAT,3,2.4,41.5,160,54,True,False,False,True,True,DECREASED,DECREASED,LOW,6,1.0,DANGER,"고열, 빈맥"
CAT,9,5.1,38.8,69,38,False,False,False,True,True,NORMAL,DECREASED,NORMAL,3,0.34,WATCH,소화기 이상(구토 및 설사)
DOG,15,12.9,39.8,152,27,True,False,False,False,False,NORMAL,NORMAL,LOW,0,0.56,CAUTION,"미열, 피부 징후"
DOG,12,18.2,38.5,96,30,False,False,False,False,False,NORMAL,DECREASED,NORMAL,0,0.0,NORMAL,이상 없음(정상)
DOG,9,17.5,38.6,146,30,False,False,False,False,True,NORMAL,DECREASED,HIGH,4,0.15,NORMAL,이상 없음(정상)
CAT,4,7.2,39.3,144,23,False,True,False,False,False,DECREASED,INCREASED,NORMAL,1,0.49,WATCH,"미열, 피부 징후"
CAT,5,4.8,39.1,129,20,False,True,True,True,False,NORMAL,NORMAL,NORMAL,3,0.31,WATCH,"구토, 피부 징후"
DOG,5,2.7,38.2,116,12,False,True,False,True,False,DECREASED,INCREASED,NORMAL,4,0.49,WATCH,"구토, 피부 징후"
DOG,1,13.1,38.6,101,29,False,False,False,True,False,INCREASED,NORMAL,LOW,6,0.42,WATCH,"구토, 활동량 저하"
DOG,3,21.2,38.7,116,17,True,False,False,False,False,NORMAL,DECREASED,LOW,6,0.3,WATCH,"피부 징후, 활동량 저하"
DOG,3,20.6,39.5,147,44,False,True,False,True,False,NORMAL,NORMAL,LOW,4,0.98,DANGER,"미열, 호흡 급증"
DOG,10,25.1,40.7,164,69,False,False,True,True,True,NONE,NORMAL,NORMAL,0,1.0,DANGER,"고열, 빈맥"
CAT,15,7.3,39.5,125,56,False,False,False,False,False,DECREASED,NORMAL,NORMAL,3,0.56,CAUTION,"미열, 호흡 급증"
CAT,3,2.3,40.4,202,44,False,True,False,False,True,NONE,NORMAL,NORMAL,7,1.0,DANGER,"고열, 빈맥"
CAT,4,7.8,38.7,135,24,False,False,False,False,False,NORMAL,INCREASED,NORMAL,0,0.11,NORMAL,이상 없음(정상)
DOG,1,5.7,38.6,118,34,False,False,False,False,False,DECREASED,INCREASED,LOW,4,0.19,NORMAL,이상 없음(정상)
DOG,10,10.0,40.0,140,33,False,False,False,False,True,NORMAL,DECREASED,LOW,4,0.6,CAUTION,"고열, 설사"
CAT,2,4.4,37.4,116,24,False,False,False,True,False,INCREASED,NORMAL,LOW,4,0.29,NORMAL,이상 없음(정상)
DOG,10,28.9,38.3,93,23,False,False,False,False,True,NORMAL,NORMAL,NORMAL,7,0.1,NORMAL,이상 없음(정상)
CAT,14,5.5,38.5,80,23,False,False,False,False,False,NORMAL,NORMAL,NORMAL,0,0.0,NORMAL,이상 없음(정상)
CAT,15,6.5,40.0,137,47,False,True,False,True,False,NONE,DECREASED,LOW,5,1.0,DANGER,"고열, 호흡 급증"
CAT,5,5.5,39.0,133,13,False,False,False,False,False,DECREASED,DECREASED,NORMAL,3,0.12,NORMAL,이상 없음(정상)
CAT,9,6.4,38.8,117,27,False,False,False,False,True,DECREASED,NORMAL,LOW,7,0.45,WATCH,"설사, 식욕 감소"
DOG,6,15.4,39.2,138,37,True,False,False,False,True,NONE,DECREASED,LOW,1,0.63,CAUTION,"설사, 피부 징후"
DOG,9,4.4,38.6,141,21,True,False,False,True,False,NORMAL,INCREASED,NORMAL,3,0.45,WATCH,"구토, 피부 징후"
CAT,12,4.3,39.6,155,34,False,False,False,False,False,NORMAL,NORMAL,LOW,1,0.46,WATCH,"미열, 활동량 저하"
CAT,2,3.2,39.8,169,27,False,False,True,False,False,NORMAL,NORMAL,HIGH,1,0.52,CAUTION,"미열, 빈맥"
DOG,15,27.8,39.8,137,33,False,True,False,False,False,NONE,NORMAL,LOW,4,0.61,CAUTION,"미열, 피부 징후"
CAT,11,4.0,38.3,149,20,False,False,False,False,False,NORMAL,DECREASED,NORMAL,0,0.0,NORMAL,이상 없음(정상)
CAT,2,7.6,39.5,153,34,False,True,False,True,True,NONE,NORMAL,LOW,6,1.0,DANGER,"미열, 소화기 이상(구토 및 설사)"
DOG,5,18.2,38.8,96,47,False,False,False,False,True,NORMAL,NORMAL,LOW,7,0.51,CAUTION,"호흡 급증, 설사"
CAT,11,4.3,38.4,103,33,False,False,False,False,False,NORMAL,DECREASED,LOW,4,0.04,NORMAL,이상 없음(정상)
CAT,15,6.2,37.6,70,22,False,False,False,False,False,NORMAL,NORMAL,NORMAL,0,0.02,NORMAL,이상 없음(정상)
DOG,5,12.5,40.6,186,47,True,False,False,True,True,NONE,DECREASED,LOW,7,1.0,DANGER,"고열, 빈맥"
CAT,13,5.8,39.8,165,32,False,False,False,False,False,DECREASED,NORMAL,LOW,1,0.57,CAUTION,"미열, 빈맥"
CAT,4,5.0,37.9,116,34,False,False,False,False,False,NORMAL,NORMAL,HIGH,1,0.01,NORMAL,이상 없음(정상)
CAT,3,5.8,40.0,90,37,False,False,True,False,False,NORMAL,NORMAL,NORMAL,0,0.47,WATCH,"고열, 피부 징후"
CAT,9,5.1,40.5,162,45,True,False,True,True,True,NONE,NORMAL,LOW,6,1.0,DANGER,"고열, 빈맥"
DOG,4,13.8,39.6,126,39,False,False,False,False,True,NONE,DECREASED,LOW,5,0.71,CAUTION,"미열, 설사"
CAT,3,4.6,38.3,136,25,False,True,False,True,False,NORMAL,DECREASED,NORMAL,1,0.36,WATCH,"구토, 피부 징후"
CAT,11,4.0,37.6,117,35,False,False,False,False,False,NORMAL,NORMAL,NORMAL,0,0.07,NORMAL,이상 없음(정상)
CAT,2,5.5,38.8,99,26,False,False,False,False,False,NORMAL,NORMAL,NORMAL,0,0.13,NORMAL,이상 없음(정상)
DOG,14,24.4,39.6,112,34,False,True,True,False,False,DECREASED,NORMAL,NORMAL,0,0.53,CAUTION,"미열, 피부 징후"
CAT,5,6.8,38.8,121,12,False,False,False,False,True,NORMAL,NORMAL,LOW,4,0.31,WATCH,"설사, 활동량 저하"
DOG,11,14.6,40.3,181,54,True,True,False,False,False,NONE,NORMAL,LOW,5,1.0,DANGER,"고열, 빈맥"
CAT,10,6.7,38.7,100,16,False,False,False,False,False,NORMAL,NORMAL,LOW,0,0.2,NORMAL,이상 없음(정상)
CAT,9,5.6,38.7,112,23,False,False,False,False,False,NORMAL,NORMAL,NORMAL,0,0.0,NORMAL,이상 없음(정상)
DOG,11,15.8,40.4,142,45,True,True,False,True,True,DECREASED,DECREASED,LOW,0,1.0,DANGER,"고열, 호흡 급증"
DOG,12,26.4,40.2,176,43,False,True,False,True,True,NONE,DECREASED,NORMAL,0,1.0,DANGER,"고열, 빈맥"
DOG,14,22.6,40.6,133,39,False,True,False,False,True,NORMAL,INCREASED,NORMAL,3,0.69,CAUTION,"고열, 설사"
DOG,6,7.5,40.5,144,69,False,True,True,False,True,NONE,DECREASED,LOW,6,1.0,DANGER,"고열, 호흡 급증"
DOG,5,17.6,38.5,123,30,False,False,False,False,True,DECREASED,DECREASED,NORMAL,6,0.3,WATCH,"설사, 식욕 감소"
DOG,1,19.6,39.6,130,34,False,False,False,False,True,NORMAL,NORMAL,HIGH,1,0.31,WATCH,"미열, 설사"
DOG,8,5.9,38.9,124,28,False,False,True,False,False,NORMAL,NORMAL,NORMAL,0,0.11,NORMAL,이상 없음(정상)
CAT,4,7.1,40.5,160,51,True,False,True,True,False,DECREASED,DECREASED,LOW,2,1.0,DANGER,"고열, 빈맥"
DOG,5,5.9,40.3,199,42,False,False,False,False,True,NONE,DECREASED,NORMAL,1,1.0,DANGER,"고열, 빈맥"
CAT,5,7.3,38.7,175,40,False,False,False,False,False,NORMAL,NORMAL,NORMAL,0,0.47,WATCH,"빈맥, 호흡 급증"
DOG,8,25.7,40.5,140,56,False,True,False,True,False,DECREASED,DECREASED,LOW,1,1.0,DANGER,"고열, 호흡 급증"
CAT,15,2.6,40.0,142,53,True,True,False,True,False,NONE,DECREASED,NORMAL,6,1.0,DANGER,"고열, 호흡 급증"
DOG,3,25.1,39.7,188,31,False,True,False,False,False,DECREASED,NORMAL,NORMAL,6,0.54,CAUTION,"미열, 빈맥"
DOG,15,28.1,38.9,142,32,False,True,False,True,False,NORMAL,DECREASED,NORMAL,1,0.31,WATCH,"구토, 피부 징후"
CAT,13,2.5,39.9,104,35,False,False,False,True,False,DECREASED,INCREASED,HIGH,7,0.59,CAUTION,"미열, 구토"
CAT,12,4.2,39.3,123,46,False,False,False,False,False,NORMAL,NORMAL,NORMAL,0,0.47,WATCH,"미열, 호흡 급증"
DOG,12,5.9,40.3,167,37,False,True,False,True,True,NONE,DECREASED,LOW,0,1.0,DANGER,"고열, 빈맥"
CAT,14,7.2,39.3,125,26,True,False,False,False,False,NORMAL,DECREASED,NORMAL,2,0.34,WATCH,"미열, 피부 징후"
DOG,10,20.0,39.2,154,42,True,True,False,False,True,DECREASED,INCREASED,LOW,4,0.72,CAUTION,"호흡 급증, 설사"
DOG,11,19.3,39.0,120,24,False,False,False,False,False,NORMAL,NORMAL,NORMAL,0,0.0,NORMAL,이상 없음(정상)
CAT,12,3.3,39.3,132,12,False,True,False,False,False,NORMAL,INCREASED,NORMAL,0,0.32,WATCH,"미열, 피부 징후"
DOG,14,11.7,40.0,130,44,False,False,False,True,False,DECREASED,DECREASED,LOW,0,1.0,DANGER,"고열, 호흡 급증"
DOG,6,16.3,38.9,90,11,False,False,False,False,False,NORMAL,NORMAL,NORMAL,0,0.0,NORMAL,이상 없음(정상)
CAT,11,4.7,39.6,130,28,False,False,False,False,True,NORMAL,NORMAL,LOW,6,0.46,WATCH,"미열, 설사"
CAT,9,3.4,38.0,85,27,False,False,False,False,True,NORMAL,NORMAL,NORMAL,4,0.15,NORMAL,이상 없음(정상)
DOG,1,21.0,39.1,100,19,True,False,False,False,True,NORMAL,NORMAL,NORMAL,1,0.33,WATCH,"설사, 피부 징후"
CAT,8,6.1,40.8,176,64,False,False,False,False,True,DECREASED,DECREASED,LOW,3,1.0,DANGER,"고열, 빈맥"
DOG,6,27.8,38.9,176,28,False,False,False,True,False,NORMAL,NORMAL,HIGH,1,0.47,WATCH,"빈맥, 구토"
DOG,1,15.2,39.8,145,32,True,True,False,False,True,DECREASED,NORMAL,NORMAL,5,0.61,CAUTION,"미열, 설사"
DOG,1,15.7,39.9,188,38,True,True,True,False,False,DECREASED,DECREASED,LOW,1,0.72,CAUTION,"미열, 빈맥"
DOG,9,22.2,37.9,123,24,False,False,True,False,False,NORMAL,NORMAL,HIGH,3,0.13,NORMAL,이상 없음(정상)
DOG,4,26.6,38.9,77,25,False,False,False,False,True,NORMAL,NORMAL,NORMAL,1,0.07,NORMAL,이상 없음(정상)
CAT,12,7.0,40.0,140,37,False,False,False,False,True,INCREASED,NORMAL,LOW,3,0.66,CAUTION,"고열, 설사"
CAT,15,3.8,38.8,73,24,False,False,False,False,False,NORMAL,DECREASED,NORMAL,0,0.07,NORMAL,이상 없음(정상)
CAT,6,6.2,39.1,79,44,False,True,False,False,False,NORMAL,INCREASED,NORMAL,0,0.39,WATCH,"호흡 급증, 피부 징후"
CAT,1,7.1,39.6,197,39,False,False,False,True,True,NORMAL,DECREASED,NORMAL,1,0.69,CAUTION,"미열, 빈맥"
DOG,8,29.3,38.0,91,10,False,False,False,False,False,NORMAL,NORMAL,LOW,4,0.23,NORMAL,이상 없음(정상)
CAT,4,2.0,39.5,157,23,False,False,False,False,True,NORMAL,NORMAL,LOW,2,0.53,CAUTION,"미열, 설사"
CAT,8,2.5,38.0,99,19,False,False,False,False,False,NORMAL,NORMAL,NORMAL,0,0.1,NORMAL,이상 없음(정상)
DOG,4,19.8,38.4,83,26,False,False,False,False,False,NORMAL,INCREASED,NORMAL,0,0.09,NORMAL,이상 없음(정상)
CAT,13,6.8,39.0,153,20,False,False,False,False,False,NORMAL,NORMAL,NORMAL,0,0.0,NORMAL,이상 없음(정상)
CAT,1,7.6,39.7,146,51,False,True,False,True,True,NORMAL,DECREASED,LOW,6,1.0,DANGER,"미열, 호흡 급증"
CAT,7,5.7,41.3,165,34,True,True,False,True,True,NORMAL,DECREASED,LOW,2,1.0,DANGER,"고열, 빈맥"
CAT,11,2.7,40.2,190,43,True,False,True,True,False,NORMAL,DECREASED,LOW,0,1.0,DANGER,"고열, 빈맥"
DOG,13,7.9,38.9,73,24,False,False,False,False,True,NORMAL,INCREASED,NORMAL,4,0.26,NORMAL,이상 없음(정상)
CAT,2,6.9,38.7,73,22,False,False,False,False,False,NORMAL,NORMAL,NORMAL,0,0.0,NORMAL,이상 없음(정상)
CAT,6,6.9,38.7,149,28,False,True,False,False,True,NORMAL,NORMAL,HIGH,1,0.33,WATCH,"설사, 피부 징후"
CAT,6,5.7,38.8,109,10,False,False,False,True,False,NORMAL,NORMAL,NORMAL,0,0.21,NORMAL,이상 없음(정상)
DOG,2,18.3,40.0,170,54,True,True,False,False,True,NONE,NORMAL,LOW,5,1.0,DANGER,"고열, 빈맥"
CAT,7,6.2,38.5,85,22,False,False,False,False,False,NORMAL,NORMAL,NORMAL,0,0.0,NORMAL,이상 없음(정상)
CAT,11,7.5,39.9,191,48,False,False,True,True,False,DECREASED,DECREASED,LOW,5,1.0,DANGER,"미열, 빈맥"
CAT,13,7.9,39.3,130,22,False,True,False,False,False,DECREASED,DECREASED,LOW,4,0.51,CAUTION,"미열, 피부 징후"
DOG,3,10.3,39.6,163,23,True,False,False,False,True,DECREASED,NORMAL,HIGH,7,0.74,CAUTION,"미열, 빈맥"
CAT,12,5.8,40.4,144,41,True,True,False,True,True,NONE,DECREASED,LOW,6,1.0,DANGER,"고열, 호흡 급증"
CAT,7,3.7,39.9,226,68,False,False,True,True,True,NONE,DECREASED,LOW,5,1.0,DANGER,"미열, 빈맥"
DOG,14,13.6,39.1,112,25,False,False,False,True,False,DECREASED,DECREASED,NORMAL,6,0.41,WATCH,"구토, 식욕 감소"
CAT,15,4.2,40.0,163,53,True,True,False,True,True,NONE,DECREASED,LOW,2,1.0,DANGER,"고열, 빈맥"
DOG,5,13.2,39.2,108,24,False,False,False,False,False,NORMAL,NORMAL,NORMAL,0,0.0,NORMAL,이상 없음(정상)
DOG,5,10.5,40.2,135,36,True,False,False,False,False,NORMAL,DECREASED,LOW,0,0.62,CAUTION,"고열, 피부 징후"
CAT,14,2.9,40.8,166,43,True,True,False,True,True,DECREASED,DECREASED,LOW,6,1.0,DANGER,"고열, 빈맥"
DOG,1,3.5,39.2,174,35,False,False,True,False,True,DECREASED,DECREASED,LOW,0,0.64,CAUTION,"빈맥, 설사"
DOG,10,2.6,39.0,94,24,False,False,False,False,True,DECREASED,NORMAL,LOW,1,0.36,WATCH,"설사, 식욕 감소"
DOG,6,3.9,38.9,137,12,False,True,False,False,True,NORMAL,NORMAL,LOW,5,0.41,WATCH,"설사, 피부 징후"
DOG,12,15.8,39.3,154,22,True,True,False,True,False,DECREASED,NORMAL,NORMAL,3,0.65,CAUTION,"미열, 구토"
DOG,10,12.3,39.9,119,29,False,True,False,False,False,NONE,NORMAL,LOW,4,0.64,CAUTION,"미열, 피부 징후"
CAT,14,3.4,38.4,126,30,True,True,False,True,True,NORMAL,DECREASED,NORMAL,3,0.46,WATCH,"소화기 이상(구토 및 설사), 피부 징후"
DOG,1,19.2,38.1,87,18,False,False,False,False,False,NORMAL,NORMAL,NORMAL,0,0.01,NORMAL,이상 없음(정상)
CAT,13,6.0,39.9,200,31,False,True,False,False,False,DECREASED,NORMAL,NORMAL,0,0.5,CAUTION,"미열, 빈맥"
CAT,11,7.1,39.1,123,51,False,True,False,False,True,DECREASED,DECREASED,LOW,1,0.71,CAUTION,"호흡 급증, 설사"
DOG,13,16.7,39.7,191,27,False,False,True,True,False,DECREASED,NORMAL,NORMAL,5,0.73,CAUTION,"미열, 빈맥"
DOG,3,14.5,39.0,111,37,False,False,False,False,False,DECREASED,DECREASED,NORMAL,2,0.29,NORMAL,이상 없음(정상)
CAT,8,4.9,37.9,143,46,False,True,False,False,False,NORMAL,NORMAL,NORMAL,0,0.32,WATCH,"호흡 급증, 피부 징후"
DOG,8,24.9,39.1,162,28,False,True,False,False,False,NORMAL,DECREASED,NORMAL,0,0.41,WATCH,"빈맥, 피부 징후"
DOG,2,11.1,39.3,96,25,False,True,False,False,True,DECREASED,NORMAL,NORMAL,3,0.47,WATCH,"미열, 설사"
DOG,15,29.0,39.2,186,35,False,True,False,False,True,DECREASED,NORMAL,LOW,2,0.53,CAUTION,"빈맥, 설사"
CAT,15,4.2,38.7,111,32,True,False,False,True,True,DECREASED,DECREASED,HIGH,3,0.62,CAUTION,"소화기 이상(구토 및 설사), 피부 징후"
CAT,8,2.9,38.7,127,27,False,False,False,False,False,INCREASED,NORMAL,NORMAL,6,0.0,NORMAL,이상 없음(정상)
DOG,3,3.4,38.5,84,23,False,False,False,False,False,NORMAL,NORMAL,NORMAL,0,0.0,NORMAL,이상 없음(정상)
DOG,3,4.2,40.3,167,55,True,True,False,True,True,DECREASED,DECREASED,LOW,5,1.0,DANGER,"고열, 빈맥"
DOG,4,13.5,38.7,65,13,True,False,False,False,False,NORMAL,NORMAL,NORMAL,0,0.09,NORMAL,이상 없음(정상)
DOG,7,21.8,39.5,108,20,False,False,False,False,False,DECREASED,INCREASED,LOW,5,0.47,WATCH,"미열, 식욕 감소"
DOG,5,16.2,37.9,96,10,False,False,False,False,False,NORMAL,NORMAL,NORMAL,0,0.0,NORMAL,이상 없음(정상)
DOG,15,9.2,39.7,146,18,False,True,False,False,False,NORMAL,DECREASED,NORMAL,0,0.31,WATCH,"미열, 피부 징후"
CAT,1,3.3,38.5,70,20,False,False,False,False,False,NORMAL,NORMAL,NORMAL,0,0.1,NORMAL,이상 없음(정상)
CAT,5,2.3,39.8,169,41,False,True,False,False,False,NORMAL,NORMAL,LOW,6,0.89,DANGER,"미열, 빈맥"
CAT,2,4.7,41.0,200,43,True,True,False,False,False,DECREASED,DECREASED,LOW,3,1.0,DANGER,"고열, 빈맥"
DOG,11,29.9,39.4,117,38,False,False,True,False,True,DECREASED,DECREASED,NORMAL,0,0.61,CAUTION,"미열, 설사"
CAT,15,2.9,39.0,178,29,False,False,False,False,True,NORMAL,DECREASED,LOW,6,0.35,WATCH,"빈맥, 설사"
CAT,4,7.7,40.1,90,37,False,False,False,False,False,DECREASED,NORMAL,LOW,4,0.56,CAUTION,"고열, 식욕 감소"
CAT,2,4.9,39.5,132,18,True,False,False,False,False,NORMAL,DECREASED,NORMAL,6,0.37,WATCH,"미열, 피부 징후"
DOG,2,16.0,38.4,110,27,False,False,False,False,False,NORMAL,NORMAL,NORMAL,0,0.01,NORMAL,이상 없음(정상)
DOG,11,9.4,39.6,156,45,True,False,False,True,True,NONE,NORMAL,NORMAL,2,1.0,DANGER,"미열, 호흡 급증"
CAT,6,6.3,39.3,141,23,False,False,False,False,True,NORMAL,NORMAL,NORMAL,1,0.3,WATCH,"미열, 설사"
CAT,13,2.9,38.6,135,37,False,True,False,False,True,DECREASED,INCREASED,LOW,3,0.47,WATCH,"설사, 피부 징후"
DOG,14,17.0,40.1,207,46,True,True,True,True,True,DECREASED,DECREASED,NORMAL,2,1.0,DANGER,"고열, 빈맥"
DOG,6,12.4,38.6,131,28,False,True,False,True,False,DECREASED,DECREASED,NORMAL,0,0.47,WATCH,"구토, 피부 징후"
DOG,13,11.3,39.4,158,38,True,True,False,True,False,DECREASED,NORMAL,LOW,2,0.68,CAUTION,"미열, 구토"
DOG,12,25.8,41.4,183,42,True,True,False,False,False,NONE,DECREASED,LOW,0,1.0,DANGER,"고열, 빈맥"
CAT,4,3.9,40.1,192,39,True,False,False,False,True,NONE,DECREASED,LOW,6,1.0,DANGER,"고열, 빈맥"
CAT,1,4.2,39.1,171,33,True,False,True,False,False,NORMAL,NORMAL,LOW,3,0.32,WATCH,"빈맥, 피부 징후"
DOG,5,16.2,38.6,103,28,False,False,False,False,False,NORMAL,NORMAL,HIGH,1,0.0,NORMAL,이상 없음(정상)
CAT,13,7.2,39.0,132,47,True,True,False,False,True,NORMAL,DECREASED,HIGH,0,0.55,CAUTION,"호흡 급증, 설사"
DOG,11,26.2,39.1,136,17,False,False,False,False,True,NORMAL,NORMAL,NORMAL,0,0.36,WATCH,설사
DOG,12,6.3,40.1,123,35,False,True,False,True,False,NORMAL,NORMAL,NORMAL,1,0.67,CAUTION,"고열, 구토"
CAT,4,3.7,40.9,144,48,True,True,False,True,True,DECREASED,NORMAL,LOW,4,1.0,DANGER,"고열, 호흡 급증"
CAT,2,5.3,40.9,161,56,True,True,False,True,True,DECREASED,DECREASED,LOW,6,1.0,DANGER,"고열, 빈맥"
DOG,13,9.7,39.5,95,33,False,True,False,False,True,NORMAL,DECREASED,HIGH,5,0.42,WATCH,"미열, 설사"
CAT,14,6.1,40.6,176,60,False,True,False,False,False,NONE,DECREASED,LOW,7,1.0,DANGER,"고열, 빈맥"
DOG,9,12.8,39.0,116,36,True,True,False,False,False,NORMAL,NORMAL,LOW,6,0.39,WATCH,"피부 징후, 활동량 저하"
CAT,10,4.9,40.7,167,50,True,False,True,False,True,DECREASED,DECREASED,LOW,3,1.0,DANGER,"고열, 빈맥"
DOG,2,23.5,39.5,132,30,False,False,False,False,True,DECREASED,NORMAL,NORMAL,6,0.38,WATCH,"미열, 설사"
CAT,13,2.7,38.9,144,48,False,False,False,True,True,DECREASED,NORMAL,NORMAL,0,0.54,CAUTION,"호흡 급증, 소화기 이상(구토 및 설사)"
DOG,3,4.1,40.5,192,46,True,False,False,False,True,NONE,NORMAL,LOW,1,1.0,DANGER,"고열, 빈맥"
CAT,9,2.2,39.9,155,37,True,False,False,False,True,DECREASED,NORMAL,LOW,3,0.65,CAUTION,"미열, 설사"
CAT,6,2.4,38.6,107,19,False,False,False,False,False,NORMAL,DECREASED,NORMAL,0,0.0,NORMAL,이상 없음(정상)
CAT,9,2.0,40.4,179,54,False,True,False,True,False,DECREASED,NORMAL,LOW,3,1.0,DANGER,"고열, 빈맥"
CAT,14,7.3,39.2,141,44,False,False,False,False,False,NORMAL,NORMAL,HIGH,2,0.33,WATCH,호흡 급증
CAT,8,2.9,38.6,121,30,True,False,False,False,False,DECREASED,INCREASED,HIGH,3,0.32,WATCH,"피부 징후, 식욕 감소"
CAT,10,4.8,39.4,131,32,False,True,False,True,True,NORMAL,DECREASED,NORMAL,6,0.62,CAUTION,"미열, 소화기 이상(구토 및 설사)"
CAT,9,6.4,39.6,162,44,True,True,False,False,True,NONE,NORMAL,LOW,4,1.0,DANGER,"미열, 빈맥"
DOG,6,6.6,39.2,121,16,False,False,False,True,True,NORMAL,NORMAL,LOW,4,0.49,WATCH,"소화기 이상(구토 및 설사), 활동량 저하"
CAT,10,3.2,39.7,154,53,False,False,False,False,False,DECREASED,NORMAL,LOW,6,0.63,CAUTION,"미열, 호흡 급증"
DOG,2,25.2,38.2,106,33,False,False,False,False,False,NORMAL,NORMAL,HIGH,6,0.02,NORMAL,이상 없음(정상)
DOG,10,29.5,40.0,204,53,True,False,False,False,False,DECREASED,NORMAL,LOW,3,1.0,DANGER,"고열, 빈맥"
CAT,9,6.8,39.6,130,30,False,True,False,True,False,NORMAL,DECREASED,NORMAL,2,0.57,CAUTION,"미열, 구토"
DOG,8,20.0,38.8,200,57,False,False,False,False,False,DECREASED,NORMAL,NORMAL,1,0.55,CAUTION,"빈맥, 호흡 급증"
CAT,3,3.8,39.3,146,33,False,True,False,False,False,NONE,NORMAL,LOW,6,0.74,CAUTION,"미열, 피부 징후"
DOG,13,27.1,38.3,131,17,False,False,False,False,False,NORMAL,NORMAL,NORMAL,0,0.0,NORMAL,이상 없음(정상)
DOG,8,13.4,39.8,191,37,False,True,False,False,False,NORMAL,NORMAL,LOW,5,0.57,CAUTION,"미열, 빈맥"
DOG,14,4.0,38.7,103,24,False,False,False,True,True,NORMAL,DECREASED,NORMAL,7,0.3,WATCH,소화기 이상(구토 및 설사)
CAT,8,4.3,38.8,96,20,False,True,True,False,False,NONE,NORMAL,LOW,1,0.4,WATCH,"피부 징후, 식욕 절폐"
CAT,10,5.2,38.1,98,35,False,False,False,False,False,INCREASED,NORMAL,NORMAL,0,0.0,NORMAL,이상 없음(정상)
DOG,14,17.6,38.7,107,25,False,False,False,False,False,NORMAL,NORMAL,NORMAL,0,0.08,NORMAL,이상 없음(정상)
CAT,7,5.4,39.0,105,17,False,False,False,False,False,NORMAL,NORMAL,LOW,4,0.23,NORMAL,이상 없음(정상)
CAT,13,3.1,39.2,105,46,False,True,False,False,True,DECREASED,NORMAL,NORMAL,0,0.72,CAUTION,"호흡 급증, 설사"
CAT,1,7.1,38.6,149,20,False,False,False,False,False,INCREASED,NORMAL,LOW,4,0.16,NORMAL,이상 없음(정상)
CAT,12,5.4,39.9,186,39,True,False,False,True,True,NONE,NORMAL,LOW,4,1.0,DANGER,"미열, 빈맥"
CAT,14,5.6,39.7,109,23,False,False,False,True,True,DECREASED,NORMAL,LOW,5,0.71,CAUTION,"미열, 소화기 이상(구토 및 설사)"
CAT,4,3.4,38.5,123,26,False,False,False,False,False,NORMAL,INCREASED,NORMAL,0,0.01,NORMAL,이상 없음(정상)
DOG,8,19.0,39.3,161,37,True,True,False,False,False,NORMAL,DECREASED,LOW,0,0.59,CAUTION,"미열, 빈맥"
CAT,4,4.7,39.8,152,28,False,False,False,True,True,DECREASED,INCREASED,LOW,3,0.73,CAUTION,"미열, 소화기 이상(구토 및 설사)"
CAT,14,4.0,39.7,130,42,False,True,False,True,True,NONE,DECREASED,LOW,0,1.0,DANGER,"미열, 호흡 급증"
DOG,4,23.4,40.6,178,34,False,True,False,True,True,NONE,DECREASED,LOW,4,1.0,DANGER,"고열, 빈맥"
CAT,15,4.6,37.2,99,20,False,True,False,False,False,NORMAL,NORMAL,NORMAL,0,0.26,NORMAL,이상 없음(정상)
DOG,2,11.8,39.6,152,36,False,False,False,True,False,NONE,DECREASED,NORMAL,4,0.64,CAUTION,"미열, 구토"
DOG,12,20.7,39.5,134,31,False,False,False,False,False,DECREASED,NORMAL,LOW,0,0.6,CAUTION,"미열, 식욕 감소"
DOG,3,29.9,40.7,216,47,True,True,False,False,True,DECREASED,DECREASED,HIGH,2,1.0,DANGER,"고열, 빈맥"
DOG,4,16.0,38.1,122,14,False,False,False,False,False,DECREASED,NORMAL,NORMAL,0,0.11,NORMAL,이상 없음(정상)
DOG,6,5.0,38.5,73,25,False,False,False,False,False,NORMAL,NORMAL,NORMAL,0,0.08,NORMAL,이상 없음(정상)
CAT,11,5.0,41.2,184,46,True,False,False,False,True,NONE,DECREASED,LOW,4,1.0,DANGER,"고열, 빈맥"
CAT,12,2.6,39.1,85,17,False,False,False,False,False,NORMAL,NORMAL,HIGH,5,0.03,NORMAL,이상 없음(정상)
DOG,3,13.8,38.7,93,13,False,False,False,False,False,NORMAL,NORMAL,HIGH,0,0.0,NORMAL,이상 없음(정상)
CAT,7,6.8,39.5,116,30,False,False,False,True,True,NORMAL,NORMAL,NORMAL,6,0.36,WATCH,"미열, 소화기 이상(구토 및 설사)"
DOG,11,21.7,39.2,164,24,False,False,True,False,False,NORMAL,DECREASED,LOW,1,0.48,WATCH,"빈맥, 피부 징후"
DOG,14,5.9,39.8,141,35,False,True,False,True,False,DECREASED,DECREASED,LOW,3,0.68,CAUTION,"미열, 구토"
CAT,1,5.0,39.4,109,35,False,False,False,False,False,DECREASED,INCREASED,LOW,4,0.3,WATCH,"미열, 식욕 감소"
CAT,14,4.6,40.3,143,50,True,True,True,True,False,NONE,DECREASED,LOW,7,1.0,DANGER,"고열, 호흡 급증"
CAT,14,6.5,38.9,126,21,False,True,False,False,False,INCREASED,NORMAL,NORMAL,2,0.03,NORMAL,이상 없음(정상)
DOG,14,10.1,39.6,106,28,False,False,False,False,False,NORMAL,INCREASED,LOW,4,0.23,NORMAL,이상 없음(정상)
DOG,11,5.9,40.5,130,46,True,False,False,True,False,DECREASED,DECREASED,LOW,2,1.0,DANGER,"고열, 호흡 급증"
DOG,15,26.8,39.2,104,20,False,False,False,True,False,NORMAL,NORMAL,HIGH,6,0.12,NORMAL,이상 없음(정상)
DOG,8,7.8,39.4,95,25,True,False,False,False,False,NORMAL,NORMAL,NORMAL,1,0.34,WATCH,"미열, 피부 징후"
CAT,6,6.7,39.1,71,27,False,False,False,False,False,NORMAL,NORMAL,NORMAL,0,0.0,NORMAL,이상 없음(정상)
DOG,3,4.3,38.7,105,21,False,False,False,False,False,NORMAL,INCREASED,NORMAL,0,0.07,NORMAL,이상 없음(정상)
DOG,10,11.4,37.9,79,30,False,False,False,False,False,NORMAL,NORMAL,NORMAL,0,0.03,NORMAL,이상 없음(정상)
CAT,3,4.3,39.9,90,26,False,False,False,False,True,DECREASED,DECREASED,NORMAL,3,0.5,CAUTION,"미열, 설사"
CAT,13,3.0,39.1,114,55,False,True,False,False,True,NORMAL,NORMAL,NORMAL,3,0.54,CAUTION,"호흡 급증, 설사"
DOG,4,11.3,40.6,158,48,False,True,True,False,True,DECREASED,DECREASED,LOW,5,1.0,DANGER,"고열, 호흡 급증"
DOG,1,27.3,40.3,186,34,True,True,True,False,True,NONE,NORMAL,LOW,2,1.0,DANGER,"고열, 빈맥"
CAT,3,8.0,39.8,154,66,True,True,False,False,True,DECREASED,NORMAL,LOW,6,1.0,DANGER,"미열, 호흡 급증"
CAT,8,6.2,39.5,158,41,True,False,True,False,False,DECREASED,DECREASED,NORMAL,6,0.71,CAUTION,"미열, 호흡 급증"
DOG,9,17.4,40.2,166,41,False,False,False,True,True,NORMAL,NORMAL,LOW,4,1.0,DANGER,"고열, 빈맥"
CAT,1,4.6,39.0,177,34,False,False,True,False,True,DECREASED,NORMAL,LOW,7,0.72,CAUTION,"빈맥, 설사"
DOG,4,10.8,39.9,195,46,True,True,False,False,False,NONE,DECREASED,LOW,2,1.0,DANGER,"미열, 빈맥"
DOG,5,12.3,38.5,153,31,True,False,False,False,False,NONE,NORMAL,LOW,1,0.48,WATCH,"피부 징후, 식욕 절폐"
DOG,15,22.5,39.5,77,33,False,False,False,False,False,DECREASED,NORMAL,LOW,7,0.37,WATCH,"미열, 식욕 감소"
DOG,3,3.4,39.7,159,39,True,True,False,False,True,NONE,DECREASED,LOW,5,0.91,DANGER,"미열, 설사"
CAT,6,2.2,39.6,174,42,False,False,False,False,True,NONE,NORMAL,LOW,6,1.0,DANGER,"미열, 빈맥"
CAT,10,7.4,38.8,183,23,False,False,False,False,True,NONE,NORMAL,NORMAL,3,0.54,CAUTION,"빈맥, 설사"
DOG,8,22.8,38.5,122,19,False,False,False,True,False,NORMAL,NORMAL,NORMAL,2,0.25,NORMAL,이상 없음(정상)
CAT,11,7.2,40.0,191,34,False,True,False,True,True,DECREASED,DECREASED,LOW,2,1.0,DANGER,"고열, 빈맥"
CAT,3,2.8,38.8,115,33,False,False,False,False,False,NORMAL,NORMAL,NORMAL,0,0.0,NORMAL,이상 없음(정상)
CAT,4,2.2,38.7,166,29,True,True,False,False,False,DECREASED,NORMAL,LOW,0,0.48,WATCH,"빈맥, 피부 징후"
CAT,12,5.2,38.6,107,38,True,False,False,True,False,NORMAL,NORMAL,NORMAL,7,0.39,WATCH,"구토, 피부 징후"
CAT,11,2.1,40.1,108,37,False,False,False,True,False,DECREASED,NORMAL,LOW,3,0.71,CAUTION,"고열, 구토"
CAT,9,3.0,40.6,159,48,True,True,True,False,True,NONE,DECREASED,LOW,7,1.0,DANGER,"고열, 호흡 급증"
DOG,9,21.4,39.1,141,34,False,True,True,False,True,NONE,NORMAL,LOW,6,0.65,CAUTION,"설사, 피부 징후"
DOG,5,22.6,39.4,126,32,False,True,False,False,True,DECREASED,NORMAL,NORMAL,0,0.7,CAUTION,"미열, 설사"
DOG,7,27.0,38.8,50,27,False,False,False,True,False,NORMAL,NORMAL,NORMAL,7,0.23,NORMAL,이상 없음(정상)
DOG,8,5.7,40.7,146,47,True,False,True,True,True,DECREASED,DECREASED,LOW,0,1.0,DANGER,"고열, 호흡 급증"
DOG,12,22.2,39.9,139,36,True,False,False,False,False,NONE,DECREASED,LOW,0,0.69,CAUTION,"미열, 피부 징후"
DOG,5,29.4,39.2,145,13,True,True,False,False,True,DECREASED,INCREASED,LOW,6,0.49,WATCH,"설사, 피부 징후"
DOG,1,16.6,38.6,126,30,False,False,False,False,False,NORMAL,NORMAL,NORMAL,0,0.0,NORMAL,이상 없음(정상)
CAT,8,3.8,39.2,107,24,False,False,False,False,False,NORMAL,INCREASED,NORMAL,0,0.0,NORMAL,이상 없음(정상)
CAT,13,6.2,38.2,143,29,False,False,False,False,False,NORMAL,NORMAL,NORMAL,0,0.0,NORMAL,이상 없음(정상)
CAT,1,7.4,38.5,114,35,False,False,False,False,False,NORMAL,NORMAL,NORMAL,0,0.06,NORMAL,이상 없음(정상)
DOG,11,10.4,39.9,200,37,False,False,False,False,False,NORMAL,NORMAL,LOW,7,0.57,CAUTION,"미열, 빈맥"
DOG,9,16.0,38.6,131,23,False,False,False,False,True,NORMAL,NORMAL,LOW,3,0.33,WATCH,"설사, 활동량 저하"
DOG,3,14.0,38.0,80,18,False,False,False,False,False,INCREASED,NORMAL,NORMAL,3,0.07,NORMAL,이상 없음(정상)
DOG,1,5.8,37.8,80,21,False,True,False,False,False,NORMAL,NORMAL,NORMAL,0,0.02,NORMAL,이상 없음(정상)
DOG,11,22.5,39.4,138,42,True,False,False,False,False,DECREASED,NORMAL,NORMAL,3,0.69,CAUTION,"미열, 호흡 급증"
CAT,10,3.1,40.5,140,49,False,True,True,True,False,DECREASED,DECREASED,LOW,2,1.0,DANGER,"고열, 호흡 급증"
DOG,4,25.1,38.4,83,20,False,False,False,False,False,NORMAL,NORMAL,HIGH,0,0.0,NORMAL,이상 없음(정상)
DOG,4,5.6,39.7,150,36,False,False,False,False,False,NORMAL,NORMAL,NORMAL,0,0.3,WATCH,미열
CAT,13,6.9,38.1,119,23,False,False,False,False,False,NORMAL,NORMAL,NORMAL,0,0.09,NORMAL,이상 없음(정상)
DOG,3,30.0,38.0,80,22,False,False,False,False,False,NORMAL,NORMAL,NORMAL,0,0.0,NORMAL,이상 없음(정상)
DOG,14,25.7,39.8,145,30,True,False,False,False,False,DECREASED,NORMAL,LOW,1,0.67,CAUTION,"미열, 피부 징후"
DOG,7,23.7,39.4,97,27,False,True,False,False,False,INCREASED,NORMAL,LOW,0,0.43,WATCH,"미열, 피부 징후"
CAT,3,7.7,38.2,101,18,False,False,False,False,False,NORMAL,INCREASED,NORMAL,0,0.0,NORMAL,이상 없음(정상)
DOG,7,6.2,39.1,149,16,False,False,False,True,True,DECREASED,NORMAL,LOW,5,0.43,WATCH,"소화기 이상(구토 및 설사), 식욕 감소"
DOG,11,23.5,38.3,97,17,True,False,False,False,False,NORMAL,NORMAL,HIGH,4,0.04,NORMAL,이상 없음(정상)
CAT,14,2.8,40.4,195,43,True,False,True,True,True,NONE,DECREASED,LOW,6,1.0,DANGER,"고열, 빈맥"
DOG,4,21.6,39.6,156,22,False,False,True,False,True,NORMAL,INCREASED,NORMAL,1,0.49,WATCH,"미열, 설사"
DOG,9,11.2,38.9,131,23,False,False,False,False,False,NORMAL,NORMAL,NORMAL,0,0.0,NORMAL,이상 없음(정상)
DOG,4,24.9,40.3,222,58,False,True,False,True,False,NONE,DECREASED,NORMAL,6,1.0,DANGER,"고열, 빈맥"
CAT,2,2.4,40.4,148,32,False,False,False,False,False,DECREASED,NORMAL,LOW,0,0.66,CAUTION,"고열, 식욕 감소"
CAT,15,7.3,37.5,108,29,False,False,False,False,False,INCREASED,NORMAL,NORMAL,1,0.02,NORMAL,이상 없음(정상)
CAT,15,6.5,38.8,163,35,False,False,True,True,False,NORMAL,NORMAL,NORMAL,4,0.31,WATCH,"빈맥, 구토"
CAT,11,6.7,39.4,95,58,True,False,False,False,False,DECREASED,NORMAL,LOW,4,0.53,CAUTION,"미열, 호흡 급증"
CAT,3,4.8,40.0,146,72,True,False,False,True,True,NONE,DECREASED,LOW,5,1.0,DANGER,"고열, 호흡 급증"
DOG,1,14.4,38.7,80,17,False,False,False,False,False,NORMAL,NORMAL,NORMAL,0,0.14,NORMAL,이상 없음(정상)
CAT,11,5.3,39.0,155,31,True,True,False,True,False,DECREASED,NORMAL,LOW,3,0.57,CAUTION,"구토, 피부 징후"
CAT,9,4.1,38.6,185,40,True,False,True,False,False,NORMAL,NORMAL,LOW,3,0.67,CAUTION,"빈맥, 호흡 급증"
CAT,15,7.4,40.2,126,38,False,False,False,False,True,DECREASED,DECREASED,LOW,7,0.7,CAUTION,"고열, 설사"
DOG,14,6.1,38.5,107,18,False,False,False,False,False,NORMAL,NORMAL,LOW,4,0.06,NORMAL,이상 없음(정상)
CAT,5,5.7,38.8,155,46,True,False,False,False,False,NORMAL,NORMAL,NORMAL,6,0.34,WATCH,"호흡 급증, 피부 징후"
DOG,6,15.8,39.8,128,34,True,False,True,False,False,NONE,NORMAL,NORMAL,3,0.58,CAUTION,"미열, 피부 징후"
CAT,4,5.0,40.0,175,43,False,False,False,True,True,NONE,NORMAL,LOW,2,1.0,DANGER,"고열, 빈맥"
DOG,14,24.8,39.2,137,12,False,False,False,True,False,NORMAL,NORMAL,LOW,0,0.39,WATCH,"구토, 활동량 저하"
CAT,8,3.1,38.1,139,20,True,False,True,False,True,NONE,NORMAL,NORMAL,0,0.42,WATCH,"설사, 피부 징후"
CAT,3,6.5,38.0,130,14,False,False,False,True,False,NORMAL,NORMAL,HIGH,2,0.21,NORMAL,이상 없음(정상)
CAT,3,7.2,40.4,147,45,True,True,False,True,True,NONE,DECREASED,LOW,1,1.0,DANGER,"고열, 호흡 급증"
CAT,8,4.9,40.2,196,34,True,True,True,True,False,NONE,DECREASED,LOW,7,1.0,DANGER,"고열, 빈맥"
CAT,14,3.2,39.1,192,37,True,False,True,False,True,DECREASED,DECREASED,LOW,1,0.67,CAUTION,"빈맥, 설사"
DOG,7,9.5,39.1,144,25,False,False,False,True,True,DECREASED,NORMAL,HIGH,4,0.48,WATCH,"소화기 이상(구토 및 설사), 식욕 감소"
DOG,10,29.0,39.0,142,53,False,False,False,True,False,NONE,DECREASED,NORMAL,0,0.66,CAUTION,"호흡 급증, 구토"
DOG,1,26.3,39.2,147,42,True,False,False,False,True,DECREASED,DECREASED,NORMAL,6,0.52,CAUTION,"호흡 급증, 설사"
DOG,3,20.9,38.6,103,29,False,False,False,False,False,NORMAL,NORMAL,NORMAL,0,0.01,NORMAL,이상 없음(정상)
CAT,1,6.9,40.3,163,58,False,True,False,True,True,NONE,DECREASED,LOW,7,1.0,DANGER,"고열, 빈맥"
DOG,9,20.6,40.0,136,49,False,True,False,False,False,NORMAL,NORMAL,HIGH,7,0.68,CAUTION,"고열, 호흡 급증"
CAT,12,8.0,38.2,136,12,False,False,False,False,True,DECREASED,DECREASED,NORMAL,7,0.41,WATCH,"설사, 식욕 감소"
CAT,11,5.5,38.8,146,52,True,False,False,False,False,DECREASED,NORMAL,NORMAL,6,0.52,CAUTION,"호흡 급증, 피부 징후"
DOG,15,12.1,39.7,128,38,False,False,False,False,False,DECREASED,NORMAL,NORMAL,2,0.31,WATCH,"미열, 식욕 감소"
CAT,5,6.4,38.7,105,15,False,False,False,False,False,INCREASED,NORMAL,NORMAL,4,0.06,NORMAL,이상 없음(정상)
DOG,12,6.9,39.4,113,15,False,False,False,False,False,NORMAL,NORMAL,NORMAL,0,0.27,NORMAL,이상 없음(정상)
DOG,4,20.6,38.6,123,12,False,True,False,False,False,DECREASED,NORMAL,NORMAL,0,0.29,NORMAL,이상 없음(정상)
DOG,11,8.2,39.3,99,20,False,False,False,False,False,NORMAL,NORMAL,NORMAL,0,0.2,NORMAL,이상 없음(정상)
DOG,10,11.6,38.3,166,34,False,False,False,True,False,NORMAL,NORMAL,NORMAL,6,0.35,WATCH,"빈맥, 구토"
DOG,9,27.7,39.5,92,22,True,True,True,True,False,DECREASED,NORMAL,LOW,6,0.71,CAUTION,"미열, 구토"
CAT,4,6.0,38.1,113,39,False,True,False,False,False,DECREASED,INCREASED,NORMAL,0,0.28,NORMAL,이상 없음(정상)
CAT,4,7.4,40.2,64,16,False,False,True,False,False,INCREASED,NORMAL,NORMAL,7,0.46,WATCH,"고열, 피부 징후"
CAT,13,3.0,39.1,132,46,True,False,False,False,False,DECREASED,NORMAL,NORMAL,4,0.4,WATCH,"호흡 급증, 피부 징후"
CAT,15,6.0,39.1,128,19,False,True,False,True,False,NORMAL,NORMAL,LOW,5,0.33,WATCH,"구토, 피부 징후"
CAT,11,2.3,39.7,176,58,False,False,False,True,False,NORMAL,INCREASED,NORMAL,6,0.7,CAUTION,"미열, 빈맥"
DOG,2,14.5,38.6,133,21,False,False,False,False,False,NORMAL,NORMAL,NORMAL,0,0.0,NORMAL,이상 없음(정상)
CAT,3,3.2,39.6,120,34,False,False,False,False,False,NORMAL,DECREASED,NORMAL,0,0.41,WATCH,미열
CAT,7,4.3,38.7,103,27,False,False,False,False,False,INCREASED,NORMAL,NORMAL,4,0.0,NORMAL,이상 없음(정상)
DOG,13,8.2,38.4,133,40,False,False,False,False,False,NORMAL,NORMAL,LOW,0,0.43,WATCH,"호흡 급증, 활동량 저하"
CAT,7,6.2,38.3,130,27,False,False,False,False,True,NORMAL,NORMAL,NORMAL,3,0.21,NORMAL,이상 없음(정상)
CAT,6,4.9,40.8,221,37,False,True,False,True,True,NONE,DECREASED,LOW,5,1.0,DANGER,"고열, 빈맥"
CAT,13,3.8,39.9,197,23,False,False,True,False,False,DECREASED,DECREASED,HIGH,7,0.57,CAUTION,"미열, 빈맥"
DOG,7,5.0,38.3,79,46,True,False,False,False,False,NORMAL,NORMAL,NORMAL,6,0.36,WATCH,"호흡 급증, 피부 징후"
DOG,6,22.0,37.9,81,16,False,True,False,False,False,NORMAL,DECREASED,NORMAL,0,0.02,NORMAL,이상 없음(정상)
CAT,4,5.0,39.3,146,27,False,False,False,False,True,DECREASED,INCREASED,NORMAL,7,0.38,WATCH,"미열, 설사"
CAT,5,6.2,39.2,140,42,False,True,False,False,True,NONE,DECREASED,NORMAL,1,0.66,CAUTION,"호흡 급증, 설사"
DOG,2,10.5,38.6,120,19,False,False,False,False,True,NORMAL,NORMAL,NORMAL,1,0.25,NORMAL,이상 없음(정상)
DOG,6,4.1,39.7,125,32,False,False,False,True,False,DECREASED,DECREASED,LOW,7,0.58,CAUTION,"미열, 구토"
DOG,13,13.5,39.6,141,33,True,False,True,False,False,DECREASED,NORMAL,LOW,7,0.45,WATCH,"미열, 피부 징후"
CAT,2,7.7,39.1,108,27,False,False,False,False,False,DECREASED,NORMAL,LOW,4,0.3,WATCH,"식욕 감소, 활동량 저하"
CAT,5,2.9,39.2,115,32,False,True,False,True,False,DECREASED,DECREASED,LOW,0,0.55,CAUTION,"구토, 피부 징후"
DOG,4,19.1,39.7,171,51,True,True,False,True,True,DECREASED,DECREASED,LOW,2,1.0,DANGER,"미열, 빈맥"
CAT,3,3.0,38.1,93,17,False,False,False,False,False,INCREASED,NORMAL,NORMAL,5,0.0,NORMAL,이상 없음(정상)
DOG,8,21.6,38.4,142,18,False,False,False,False,True,DECREASED,NORMAL,LOW,1,0.4,WATCH,"설사, 식욕 감소"
DOG,7,17.8,39.1,76,41,False,False,True,False,False,DECREASED,DECREASED,LOW,2,0.49,WATCH,"호흡 급증, 피부 징후"
CAT,15,5.1,39.0,104,14,False,False,False,False,False,NORMAL,NORMAL,NORMAL,0,0.0,NORMAL,이상 없음(정상)
DOG,5,28.3,38.9,132,31,False,False,False,False,False,NORMAL,DECREASED,NORMAL,0,0.01,NORMAL,이상 없음(정상)
DOG,15,26.1,38.3,116,10,False,False,False,False,False,DECREASED,NORMAL,NORMAL,7,0.25,NORMAL,이상 없음(정상)
DOG,7,7.0,38.4,104,24,False,False,False,False,False,NORMAL,NORMAL,NORMAL,0,0.08,NORMAL,이상 없음(정상)
DOG,9,14.6,40.2,209,54,True,True,True,False,True,DECREASED,NORMAL,LOW,3,1.0,DANGER,"고열, 빈맥"
DOG,14,23.0,39.8,126,39,True,False,True,False,False,DECREASED,DECREASED,LOW,2,0.62,CAUTION,"미열, 피부 징후"
DOG,2,29.2,39.5,149,38,False,False,False,False,True,DECREASED,NORMAL,NORMAL,0,0.43,WATCH,"미열, 설사"
CAT,10,6.9,38.5,112,23,False,False,True,False,False,NORMAL,NORMAL,NORMAL,0,0.17,NORMAL,이상 없음(정상)
DOG,14,12.2,38.8,106,34,True,True,False,True,False,DECREASED,NORMAL,HIGH,2,0.44,WATCH,"구토, 피부 징후"
CAT,6,7.0,39.2,150,22,False,False,False,False,False,NORMAL,NORMAL,NORMAL,0,0.0,NORMAL,이상 없음(정상)
DOG,4,25.4,38.7,96,23,False,False,True,False,False,NORMAL,NORMAL,NORMAL,0,0.28,NORMAL,이상 없음(정상)
CAT,1,4.5,39.4,156,21,False,False,True,False,False,DECREASED,NORMAL,NORMAL,7,0.42,WATCH,"미열, 피부 징후"
DOG,5,11.6,39.9,136,31,False,False,True,True,False,NORMAL,DECREASED,LOW,0,0.74,CAUTION,"미열, 구토"
CAT,5,3.2,38.9,92,40,True,False,True,True,False,NORMAL,DECREASED,LOW,6,0.65,CAUTION,"호흡 급증, 구토"
DOG,10,26.9,38.3,160,30,False,False,False,False,True,NORMAL,NORMAL,NORMAL,1,0.39,WATCH,"빈맥, 설사"
CAT,15,4.5,38.6,121,19,False,False,False,False,True,NONE,NORMAL,NORMAL,0,0.36,WATCH,"설사, 식욕 절폐"
DOG,9,28.6,38.1,139,20,False,False,False,True,False,NORMAL,INCREASED,NORMAL,3,0.34,WATCH,구토
DOG,11,6.2,39.4,136,41,False,False,True,False,False,NORMAL,NORMAL,LOW,5,0.74,CAUTION,"미열, 호흡 급증"
CAT,1,4.2,40.4,161,55,True,True,False,False,True,DECREASED,NORMAL,LOW,6,1.0,DANGER,"고열, 빈맥"
DOG,7,15.9,40.0,147,41,False,False,False,False,False,DECREASED,NORMAL,NORMAL,0,0.73,CAUTION,"고열, 호흡 급증"
CAT,13,5.9,41.5,230,47,False,False,False,False,True,NONE,DECREASED,LOW,5,1.0,DANGER,"고열, 빈맥"
DOG,5,25.4,38.5,132,26,True,False,False,True,True,DECREASED,NORMAL,HIGH,5,0.63,CAUTION,"소화기 이상(구토 및 설사), 피부 징후"
CAT,8,2.5,38.0,105,25,False,False,False,False,False,NORMAL,DECREASED,HIGH,2,0.0,NORMAL,이상 없음(정상)
DOG,1,28.9,39.8,173,38,False,False,True,False,False,DECREASED,NORMAL,LOW,7,0.69,CAUTION,"미열, 빈맥"
CAT,9,2.3,38.2,121,21,False,False,False,False,True,NORMAL,NORMAL,NORMAL,0,0.25,NORMAL,이상 없음(정상)
CAT,15,2.3,38.1,70,21,False,False,False,False,False,NORMAL,NORMAL,NORMAL,0,0.0,NORMAL,이상 없음(정상)
CAT,10,7.9,39.5,176,51,True,True,True,True,True,NONE,DECREASED,LOW,7,1.0,DANGER,"미열, 빈맥"
CAT,10,6.7,37.7,89,21,False,False,False,False,False,DECREASED,NORMAL,NORMAL,4,0.04,NORMAL,이상 없음(정상)
DOG,14,7.6,39.5,180,37,True,True,False,False,True,NORMAL,NORMAL,LOW,6,0.73,CAUTION,"미열, 빈맥"
DOG,13,12.8,38.7,110,24,False,False,False,False,False,NORMAL,NORMAL,NORMAL,0,0.0,NORMAL,이상 없음(정상)
CAT,15,3.0,38.7,122,26,True,False,False,False,False,NORMAL,NORMAL,NORMAL,0,0.24,NORMAL,이상 없음(정상)
DOG,14,25.8,38.2,93,19,False,False,False,False,False,NORMAL,NORMAL,NORMAL,0,0.0,NORMAL,이상 없음(정상)
DOG,8,27.3,40.1,169,71,True,True,False,True,True,NONE,DECREASED,NORMAL,1,1.0,DANGER,"고열, 빈맥"
CAT,5,4.7,38.6,142,28,False,False,False,False,False,NORMAL,NORMAL,HIGH,4,0.06,NORMAL,이상 없음(정상)
DOG,11,26.8,39.5,167,25,False,True,True,False,False,NORMAL,DECREASED,LOW,5,0.63,CAUTION,"미열, 빈맥"
DOG,10,25.4,39.2,104,24,False,False,False,True,False,NONE,NORMAL,NORMAL,1,0.46,WATCH,"구토, 식욕 절폐"
DOG,1,16.5,40.7,181,34,False,False,False,True,True,NONE,NORMAL,LOW,6,1.0,DANGER,"고열, 빈맥"
DOG,11,15.6,39.3,123,35,False,False,False,False,True,DECREASED,NORMAL,HIGH,0,0.37,WATCH,"미열, 설사"
DOG,11,25.8,39.5,112,28,True,True,False,True,False,NORMAL,NORMAL,LOW,6,0.63,CAUTION,"미열, 구토"
CAT,15,3.3,38.5,161,24,False,False,False,True,False,DECREASED,NORMAL,LOW,0,0.67,CAUTION,"빈맥, 구토"
DOG,8,10.3,38.1,140,38,False,False,False,False,False,INCREASED,NORMAL,NORMAL,4,0.03,NORMAL,이상 없음(정상)
DOG,2,5.5,39.9,143,54,True,True,False,False,False,INCREASED,NORMAL,NORMAL,0,0.55,CAUTION,"미열, 호흡 급증"
CAT,13,3.7,40.3,169,57,False,False,False,True,True,DECREASED,DECREASED,LOW,3,1.0,DANGER,"고열, 빈맥"
CAT,6,6.2,39.6,107,25,False,True,False,False,False,NORMAL,NORMAL,HIGH,1,0.35,WATCH,"미열, 피부 징후"
DOG,10,19.5,39.4,107,30,True,False,False,False,False,DECREASED,DECREASED,NORMAL,6,0.44,WATCH,"미열, 피부 징후"
CAT,8,2.3,38.7,110,24,True,False,False,False,False,INCREASED,NORMAL,NORMAL,0,0.1,NORMAL,이상 없음(정상)
DOG,11,2.5,38.7,116,24,False,False,False,False,False,NORMAL,NORMAL,NORMAL,0,0.06,NORMAL,이상 없음(정상)
DOG,1,15.7,38.7,83,38,True,False,False,False,True,NORMAL,NORMAL,LOW,6,0.38,WATCH,"설사, 피부 징후"
CAT,4,2.2,39.2,139,50,False,False,False,True,True,DECREASED,NORMAL,LOW,6,0.67,CAUTION,"호흡 급증, 소화기 이상(구토 및 설사)"
DOG,10,14.3,40.4,202,42,False,True,True,True,False,NONE,DECREASED,LOW,6,1.0,DANGER,"고열, 빈맥"
DOG,1,18.8,39.8,148,39,True,False,False,True,True,NONE,DECREASED,LOW,7,0.98,DANGER,"미열, 소화기 이상(구토 및 설사)"
DOG,4,8.4,39.9,132,22,False,True,True,False,True,DECREASED,DECREASED,NORMAL,6,0.65,CAUTION,"미열, 설사"
CAT,7,5.5,38.7,96,27,False,True,False,False,False,NORMAL,NORMAL,NORMAL,0,0.17,NORMAL,이상 없음(정상)
DOG,7,28.2,39.9,110,39,False,False,False,True,False,DECREASED,DECREASED,LOW,5,0.63,CAUTION,"미열, 구토"
DOG,15,27.2,39.5,138,45,False,False,True,True,True,NONE,DECREASED,LOW,2,1.0,DANGER,"미열, 호흡 급증"
CAT,12,7.5,39.0,115,15,False,False,False,False,False,NORMAL,NORMAL,HIGH,1,0.0,NORMAL,이상 없음(정상)
DOG,15,3.8,39.3,172,22,False,False,True,False,False,NORMAL,NORMAL,LOW,2,0.74,CAUTION,"미열, 빈맥"
DOG,5,14.7,40.8,162,34,True,True,False,True,True,NONE,DECREASED,LOW,4,1.0,DANGER,"고열, 빈맥"
CAT,4,4.2,40.3,142,43,True,True,True,True,False,NONE,NORMAL,LOW,3,1.0,DANGER,"고열, 호흡 급증"
CAT,9,7.2,39.6,135,30,False,False,True,False,False,NORMAL,NORMAL,LOW,1,0.4,WATCH,"미열, 피부 징후"
DOG,6,7.3,40.6,134,62,False,False,False,True,True,NONE,NORMAL,LOW,1,1.0,DANGER,"고열, 호흡 급증"
CAT,12,4.6,38.8,87,30,False,False,False,False,True,NORMAL,NORMAL,HIGH,2,0.1,NORMAL,이상 없음(정상)
CAT,7,6.6,40.2,160,36,True,False,True,True,True,DECREASED,NORMAL,NORMAL,5,1.0,DANGER,"고열, 빈맥"
DOG,7,17.2,38.4,116,21,False,False,False,False,False,NORMAL,NORMAL,NORMAL,0,0.0,NORMAL,이상 없음(정상)
CAT,11,5.0,38.2,120,26,False,False,False,False,False,NORMAL,NORMAL,LOW,2,0.0,NORMAL,이상 없음(정상)
CAT,13,4.7,40.3,130,54,True,False,True,True,True,DECREASED,DECREASED,LOW,5,1.0,DANGER,"고열, 호흡 급증"
CAT,13,2.2,38.8,114,21,False,True,True,False,True,DECREASED,DECREASED,NORMAL,5,0.46,WATCH,"설사, 피부 징후"
DOG,15,14.5,39.7,169,58,False,False,False,True,False,DECREASED,NORMAL,LOW,2,0.96,DANGER,"미열, 빈맥"
CAT,4,7.7,39.4,134,24,True,True,False,False,True,NORMAL,NORMAL,NORMAL,0,0.4,WATCH,"미열, 설사"
DOG,13,8.9,39.7,162,26,False,False,False,False,False,NORMAL,NORMAL,LOW,1,0.47,WATCH,"미열, 빈맥"
CAT,7,5.9,39.0,148,29,True,True,False,False,False,NORMAL,DECREASED,LOW,0,0.35,WATCH,"피부 징후, 활동량 저하"
CAT,6,7.5,40.0,90,28,True,True,False,False,True,DECREASED,NORMAL,NORMAL,1,0.72,CAUTION,"고열, 설사"
DOG,6,18.9,37.6,95,22,False,False,False,False,False,NORMAL,INCREASED,NORMAL,0,0.0,NORMAL,이상 없음(정상)
CAT,1,2.6,39.1,102,34,False,True,False,False,False,NORMAL,NORMAL,NORMAL,0,0.27,NORMAL,이상 없음(정상)
CAT,10,4.1,39.1,155,21,False,False,True,True,True,NORMAL,NORMAL,LOW,5,0.48,WATCH,"소화기 이상(구토 및 설사), 피부 징후"
DOG,6,19.6,38.9,91,22,False,False,False,False,False,DECREASED,INCREASED,HIGH,6,0.21,NORMAL,이상 없음(정상)
DOG,7,24.0,38.9,90,42,True,False,False,False,False,DECREASED,DECREASED,LOW,3,0.56,CAUTION,"호흡 급증, 피부 징후"
CAT,8,4.0,38.6,82,32,False,False,False,True,False,NORMAL,NORMAL,NORMAL,0,0.19,NORMAL,이상 없음(정상)
DOG,6,7.6,39.5,141,38,False,False,True,False,True,DECREASED,DECREASED,LOW,3,0.69,CAUTION,"미열, 설사"
CAT,4,7.9,39.2,97,46,False,False,False,False,False,INCREASED,NORMAL,NORMAL,5,0.31,WATCH,호흡 급증
CAT,12,5.3,39.0,106,26,False,False,False,False,True,NORMAL,NORMAL,NORMAL,6,0.11,NORMAL,이상 없음(정상)
DOG,2,12.9,39.6,135,43,True,True,True,False,True,NORMAL,DECREASED,NORMAL,3,0.69,CAUTION,"미열, 호흡 급증"
CAT,9,7.4,39.8,107,32,False,True,True,False,False,DECREASED,INCREASED,LOW,6,0.62,CAUTION,"미열, 피부 징후"
DOG,8,17.0,39.4,118,25,True,True,False,False,False,DECREASED,NORMAL,LOW,3,0.59,CAUTION,"미열, 피부 징후"
CAT,3,2.9,38.8,85,29,True,False,False,False,False,NORMAL,NORMAL,NORMAL,4,0.1,NORMAL,이상 없음(정상)
DOG,9,11.6,38.6,89,18,False,False,False,False,False,NORMAL,NORMAL,HIGH,6,0.08,NORMAL,이상 없음(정상)
CAT,4,6.7,37.8,71,27,False,False,False,False,False,NORMAL,NORMAL,HIGH,5,0.08,NORMAL,이상 없음(정상)
CAT,10,5.3,38.4,94,23,False,False,False,False,False,DECREASED,NORMAL,NORMAL,3,0.09,NORMAL,이상 없음(정상)
CAT,12,4.1,38.4,90,22,False,False,True,False,True,NORMAL,NORMAL,LOW,6,0.49,WATCH,"설사, 피부 징후"
CAT,11,5.8,39.2,186,39,False,True,False,False,True,NORMAL,DECREASED,NORMAL,1,0.56,CAUTION,"빈맥, 설사"
DOG,15,29.6,39.8,200,22,False,False,True,False,True,NORMAL,NORMAL,NORMAL,2,0.58,CAUTION,"미열, 빈맥"
CAT,10,6.9,39.2,178,31,True,True,False,False,False,NORMAL,NORMAL,NORMAL,2,0.4,WATCH,"빈맥, 피부 징후"
DOG,8,2.6,38.7,178,16,False,True,False,False,False,DECREASED,DECREASED,NORMAL,1,0.45,WATCH,"빈맥, 피부 징후"
DOG,13,16.0,39.9,205,34,True,False,True,True,True,DECREASED,DECREASED,LOW,2,1.0,DANGER,"미열, 빈맥"
DOG,4,24.4,38.7,119,27,False,False,False,False,True,NORMAL,NORMAL,NORMAL,7,0.13,NORMAL,이상 없음(정상)
CAT,4,3.1,39.6,90,31,True,False,True,False,True,DECREASED,NORMAL,HIGH,3,0.74,CAUTION,"미열, 설사"
CAT,3,2.5,38.5,156,12,False,True,False,False,True,DECREASED,NORMAL,NORMAL,2,0.38,WATCH,"설사, 피부 징후"
DOG,2,27.6,38.6,143,39,True,False,False,False,True,NONE,NORMAL,NORMAL,0,0.51,CAUTION,"설사, 피부 징후"
DOG,15,20.7,40.2,134,26,False,True,False,False,False,DECREASED,DECREASED,LOW,5,0.66,CAUTION,"고열, 피부 징후"
DOG,12,17.3,38.3,74,28,False,True,False,False,False,NORMAL,DECREASED,NORMAL,0,0.08,NORMAL,이상 없음(정상)
DOG,13,4.9,40.0,197,49,False,True,False,False,True,DECREASED,NORMAL,LOW,4,1.0,DANGER,"고열, 빈맥"
DOG,9,13.7,38.6,83,31,False,False,False,False,True,NORMAL,NORMAL,NORMAL,6,0.23,NORMAL,이상 없음(정상)
CAT,3,3.4,39.3,166,32,False,False,False,False,False,NONE,NORMAL,LOW,7,0.74,CAUTION,"미열, 빈맥"
DOG,11,22.7,38.5,95,34,False,False,False,False,False,NONE,DECREASED,LOW,1,0.32,WATCH,"식욕 절폐, 활동량 저하"
CAT,1,2.3,38.9,107,20,False,False,False,True,True,NORMAL,DECREASED,NORMAL,6,0.41,WATCH,소화기 이상(구토 및 설사)
DOG,13,17.6,39.0,162,28,False,True,False,False,False,DECREASED,INCREASED,NORMAL,5,0.53,CAUTION,"빈맥, 피부 징후"
CAT,5,5.5,39.5,155,30,False,False,False,True,False,NORMAL,INCREASED,LOW,6,0.64,CAUTION,"미열, 구토"
CAT,6,6.7,39.0,169,25,False,False,True,False,True,NORMAL,DECREASED,HIGH,1,0.41,WATCH,"빈맥, 설사"
CAT,3,7.0,39.2,97,12,True,True,False,True,False,DECREASED,DECREASED,NORMAL,2,0.46,WATCH,"구토, 피부 징후"
DOG,4,22.9,38.6,92,28,True,False,False,False,False,NORMAL,NORMAL,HIGH,5,0.09,NORMAL,이상 없음(정상)
DOG,11,28.1,40.0,167,49,True,True,False,True,True,NONE,DECREASED,LOW,0,1.0,DANGER,"고열, 빈맥"
CAT,4,5.3,38.6,99,24,False,True,False,False,False,NORMAL,NORMAL,NORMAL,0,0.24,NORMAL,이상 없음(정상)
CAT,6,2.4,38.9,99,26,False,True,False,False,False,NORMAL,DECREASED,NORMAL,0,0.13,NORMAL,이상 없음(정상)
DOG,8,13.7,38.4,84,33,False,False,False,False,False,NORMAL,NORMAL,NORMAL,0,0.07,NORMAL,이상 없음(정상)
CAT,10,8.0,41.2,130,41,False,True,False,True,False,NONE,NORMAL,LOW,2,1.0,DANGER,"고열, 호흡 급증"
DOG,13,22.7,38.4,155,34,False,True,True,False,True,DECREASED,NORMAL,NORMAL,7,0.38,WATCH,"설사, 피부 징후"
CAT,13,7.0,37.9,123,23,False,False,False,False,False,INCREASED,NORMAL,NORMAL,1,0.01,NORMAL,이상 없음(정상)
CAT,13,4.5,39.8,93,29,False,True,False,False,True,DECREASED,DECREASED,NORMAL,2,0.54,CAUTION,"미열, 설사"
CAT,11,2.5,39.5,140,44,True,False,True,True,True,NONE,DECREASED,LOW,2,1.0,DANGER,"미열, 호흡 급증"
DOG,13,14.6,39.1,195,44,True,False,False,False,False,DECREASED,INCREASED,NORMAL,4,0.59,CAUTION,"빈맥, 호흡 급증"
CAT,5,4.2,39.7,110,29,True,False,False,True,False,DECREASED,DECREASED,NORMAL,2,0.66,CAUTION,"미열, 구토"
DOG,8,5.7,39.4,126,34,False,False,False,True,False,DECREASED,DECREASED,NORMAL,2,0.49,WATCH,"미열, 구토"
DOG,14,22.2,39.3,105,38,False,False,True,False,False,DECREASED,DECREASED,LOW,7,0.53,CAUTION,"미열, 피부 징후"
CAT,4,4.9,38.6,124,18,False,False,False,False,False,NORMAL,DECREASED,NORMAL,0,0.0,NORMAL,이상 없음(정상)
CAT,9,3.3,37.2,134,24,False,False,False,False,True,DECREASED,NORMAL,HIGH,2,0.04,NORMAL,이상 없음(정상)
CAT,4,7.4,39.6,173,29,False,False,False,True,False,DECREASED,DECREASED,NORMAL,6,0.66,CAUTION,"미열, 빈맥"
DOG,15,17.7,40.5,130,56,True,False,False,True,True,DECREASED,NORMAL,LOW,3,1.0,DANGER,"고열, 호흡 급증"
DOG,13,12.8,39.1,107,36,True,True,False,False,False,NORMAL,NORMAL,NORMAL,0,0.31,WATCH,피부 징후
DOG,6,15.9,38.3,112,25,False,False,False,False,True,NORMAL,NORMAL,LOW,7,0.32,WATCH,"설사, 활동량 저하"
DOG,7,28.3,37.9,94,25,True,False,False,False,False,NORMAL,NORMAL,NORMAL,1,0.18,NORMAL,이상 없음(정상)
DOG,6,21.8,40.0,130,50,False,False,False,False,True,NONE,DECREASED,LOW,4,1.0,DANGER,"고열, 호흡 급증"
DOG,13,14.9,38.3,135,23,False,False,True,False,False,NORMAL,NORMAL,HIGH,5,0.22,NORMAL,이상 없음(정상)
CAT,15,2.8,38.6,73,30,False,False,False,False,False,NORMAL,NORMAL,HIGH,0,0.0,NORMAL,이상 없음(정상)
CAT,6,2.6,40.7,188,34,False,True,False,True,True,NORMAL,NORMAL,LOW,6,1.0,DANGER,"고열, 빈맥"
DOG,4,28.2,40.1,190,42,True,False,False,True,True,NORMAL,DECREASED,LOW,3,1.0,DANGER,"고열, 빈맥"
CAT,8,3.2,39.4,118,32,True,False,True,False,False,DECREASED,DECREASED,LOW,3,0.61,CAUTION,"미열, 피부 징후"
CAT,14,4.8,38.3,87,11,True,False,False,False,True,INCREASED,NORMAL,NORMAL,0,0.29,NORMAL,이상 없음(정상)
DOG,7,28.3,40.7,188,42,True,True,False,False,False,DECREASED,NORMAL,LOW,7,1.0,DANGER,"고열, 빈맥"
CAT,11,4.5,40.7,157,52,False,True,False,False,True,NORMAL,DECREASED,NORMAL,1,1.0,DANGER,"고열, 호흡 급증"
CAT,15,6.4,39.4,107,30,True,False,False,False,False,NORMAL,NORMAL,LOW,4,0.43,WATCH,"미열, 피부 징후"
DOG,10,6.0,38.4,97,29,False,False,True,True,True,NORMAL,INCREASED,NORMAL,6,0.46,WATCH,"소화기 이상(구토 및 설사), 피부 징후"
CAT,13,2.6,39.0,115,34,False,True,False,False,False,NORMAL,NORMAL,LOW,5,0.39,WATCH,"피부 징후, 활동량 저하"
DOG,4,11.0,38.9,98,33,False,False,False,False,False,NORMAL,NORMAL,NORMAL,0,0.0,NORMAL,이상 없음(정상)
CAT,7,7.9,40.5,218,60,True,False,True,True,True,NORMAL,DECREASED,LOW,3,1.0,DANGER,"고열, 빈맥"
DOG,3,25.2,38.9,147,18,False,False,False,True,False,NORMAL,NORMAL,NORMAL,5,0.32,WATCH,구토
DOG,1,6.6,39.2,148,26,True,False,True,True,False,DECREASED,NORMAL,LOW,1,0.5,CAUTION,"구토, 피부 징후"
CAT,2,5.4,39.5,131,31,False,False,False,False,False,NORMAL,NORMAL,NORMAL,0,0.25,NORMAL,이상 없음(정상)
DOG,4,12.6,39.2,100,10,False,False,False,False,False,NORMAL,NORMAL,NORMAL,0,0.03,NORMAL,이상 없음(정상)
DOG,10,20.8,39.8,111,22,False,False,False,False,True,DECREASED,DECREASED,LOW,7,0.52,CAUTION,"미열, 설사"
CAT,13,5.4,39.1,187,34,True,False,False,False,False,NONE,DECREASED,NORMAL,0,0.5,CAUTION,"빈맥, 피부 징후"
CAT,3,4.1,38.2,86,23,False,False,False,False,False,DECREASED,NORMAL,NORMAL,0,0.0,NORMAL,이상 없음(정상)
CAT,11,5.8,39.5,153,45,True,False,False,True,False,NORMAL,DECREASED,LOW,6,0.85,DANGER,"미열, 호흡 급증"
DOG,10,25.9,39.1,128,22,False,False,False,False,False,NORMAL,NORMAL,HIGH,2,0.0,NORMAL,이상 없음(정상)
DOG,9,27.3,40.4,158,62,True,True,True,True,False,NONE,DECREASED,LOW,5,1.0,DANGER,"고열, 호흡 급증"
CAT,13,3.2,38.6,93,18,False,False,False,False,False,NORMAL,DECREASED,NORMAL,0,0.0,NORMAL,이상 없음(정상)
DOG,9,23.2,40.4,163,42,True,True,False,True,True,DECREASED,NORMAL,LOW,3,1.0,DANGER,"고열, 빈맥"
CAT,15,3.5,41.1,149,35,False,True,False,True,True,NONE,NORMAL,NORMAL,6,1.0,DANGER,"고열, 소화기 이상(구토 및 설사)"
DOG,10,24.1,39.5,152,34,True,True,False,True,False,NONE,DECREASED,LOW,3,0.87,DANGER,"미열, 구토"
CAT,3,7.6,39.2,164,28,False,True,False,False,False,DECREASED,INCREASED,LOW,0,0.41,WATCH,"빈맥, 피부 징후"
DOG,9,17.5,38.8,141,47,False,False,False,True,True,DECREASED,NORMAL,LOW,6,0.73,CAUTION,"호흡 급증, 소화기 이상(구토 및 설사)"
CAT,4,5.1,38.1,62,37,False,False,True,False,False,DECREASED,NORMAL,NORMAL,3,0.32,WATCH,"피부 징후, 식욕 감소"
CAT,10,2.4,38.5,122,22,False,False,False,True,True,DECREASED,INCREASED,NORMAL,2,0.39,WATCH,"소화기 이상(구토 및 설사), 식욕 감소"
CAT,9,6.7,37.1,145,26,False,False,False,False,False,NORMAL,NORMAL,NORMAL,0,0.0,NORMAL,이상 없음(정상)
CAT,2,2.8,40.2,172,38,False,True,True,False,True,NONE,DECREASED,LOW,7,1.0,DANGER,"고열, 빈맥"
CAT,6,4.0,40.3,151,68,True,True,False,False,False,DECREASED,DECREASED,LOW,2,0.98,DANGER,"고열, 호흡 급증"
DOG,3,9.5,39.9,112,46,True,True,False,False,True,NORMAL,INCREASED,NORMAL,5,0.74,CAUTION,"미열, 호흡 급증"
DOG,5,12.6,40.2,167,59,False,True,False,True,False,DECREASED,DECREASED,LOW,1,1.0,DANGER,"고열, 빈맥"
CAT,5,4.8,40.5,177,41,True,True,False,True,True,DECREASED,NORMAL,LOW,2,1.0,DANGER,"고열, 빈맥"
DOG,7,14.5,38.4,101,29,False,False,False,False,False,NORMAL,INCREASED,NORMAL,0,0.06,NORMAL,이상 없음(정상)
DOG,14,21.4,39.1,158,35,False,False,False,True,True,DECREASED,DECREASED,LOW,2,0.56,CAUTION,"소화기 이상(구토 및 설사), 식욕 감소"
CAT,4,7.3,39.1,166,35,False,True,False,True,False,NORMAL,DECREASED,LOW,6,0.52,CAUTION,"빈맥, 구토"
CAT,14,6.5,38.0,99,20,False,False,False,False,False,DECREASED,NORMAL,NORMAL,4,0.11,NORMAL,이상 없음(정상)
CAT,9,4.1,38.9,92,27,False,False,False,False,False,NORMAL,INCREASED,NORMAL,0,0.01,NORMAL,이상 없음(정상)
CAT,11,4.6,39.8,146,25,True,False,False,False,False,DECREASED,NORMAL,NORMAL,4,0.43,WATCH,"미열, 피부 징후"
DOG,1,5.1,38.8,124,28,True,False,False,False,False,NORMAL,NORMAL,NORMAL,7,0.14,NORMAL,이상 없음(정상)
CAT,5,7.1,37.9,129,25,True,False,False,False,False,DECREASED,NORMAL,NORMAL,6,0.22,NORMAL,이상 없음(정상)
DOG,15,28.1,39.2,60,27,True,True,False,False,False,NORMAL,DECREASED,LOW,0,0.33,WATCH,"피부 징후, 활동량 저하"
DOG,8,17.1,38.2,126,13,False,False,False,False,False,NORMAL,INCREASED,NORMAL,0,0.02,NORMAL,이상 없음(정상)
DOG,13,28.4,39.1,115,22,False,True,False,False,False,NORMAL,NORMAL,NORMAL,0,0.11,NORMAL,이상 없음(정상)
DOG,9,10.1,38.7,117,29,False,False,False,False,False,NORMAL,NORMAL,NORMAL,0,0.0,NORMAL,이상 없음(정상)
CAT,2,4.2,39.6,107,22,False,False,False,False,False,DECREASED,DECREASED,LOW,2,0.56,CAUTION,"미열, 식욕 감소"
DOG,14,20.2,38.8,151,10,False,False,False,False,True,NORMAL,NORMAL,NORMAL,5,0.05,NORMAL,이상 없음(정상)
DOG,6,27.9,39.8,172,35,True,True,False,True,True,DECREASED,DECREASED,LOW,2,1.0,DANGER,"미열, 빈맥"
DOG,8,18.1,39.2,142,31,False,False,True,False,False,DECREASED,DECREASED,LOW,6,0.41,WATCH,"피부 징후, 식욕 감소"
DOG,10,19.2,37.7,85,28,False,False,False,False,False,NORMAL,NORMAL,NORMAL,0,0.0,NORMAL,이상 없음(정상)
CAT,14,6.0,37.8,87,20,True,False,False,False,False,NORMAL,NORMAL,NORMAL,6,0.1,NORMAL,이상 없음(정상)
CAT,14,4.6,39.1,60,28,True,False,False,False,False,NORMAL,NORMAL,NORMAL,2,0.05,NORMAL,이상 없음(정상)
DOG,8,17.3,39.7,102,35,False,False,False,False,True,DECREASED,NORMAL,LOW,4,0.55,CAUTION,"미열, 설사"
CAT,11,3.4,39.3,129,31,False,False,False,False,True,DECREASED,INCREASED,LOW,7,0.45,WATCH,"미열, 설사"
DOG,7,17.6,39.8,175,22,True,True,False,False,False,NONE,DECREASED,NORMAL,0,0.72,CAUTION,"미열, 빈맥"
CAT,2,3.0,40.1,178,54,False,False,False,True,False,NORMAL,NORMAL,NORMAL,6,1.0,DANGER,"고열, 빈맥"
CAT,4,5.7,38.4,141,25,False,False,False,False,False,DECREASED,DECREASED,LOW,0,0.3,WATCH,"식욕 감소, 활동량 저하"
CAT,5,3.8,38.8,124,23,False,False,False,False,False,NORMAL,NORMAL,NORMAL,0,0.03,NORMAL,이상 없음(정상)
CAT,14,3.1,38.1,99,26,False,False,False,True,False,NONE,INCREASED,NORMAL,0,0.43,WATCH,"구토, 식욕 절폐"
DOG,5,25.2,40.6,183,47,True,False,True,False,True,NONE,DECREASED,NORMAL,6,1.0,DANGER,"고열, 빈맥"
DOG,13,3.9,37.9,93,24,False,False,False,False,False,NORMAL,NORMAL,HIGH,5,0.06,NORMAL,이상 없음(정상)
DOG,8,25.1,39.1,152,57,False,False,False,True,True,DECREASED,NORMAL,NORMAL,3,0.67,CAUTION,"호흡 급증, 소화기 이상(구토 및 설사)"
DOG,14,4.5,40.0,161,56,False,False,False,True,True,DECREASED,DECREASED,LOW,0,1.0,DANGER,"고열, 빈맥"
CAT,10,5.2,39.4,156,41,False,False,True,False,False,DECREASED,DECREASED,NORMAL,3,0.7,CAUTION,"미열, 호흡 급증"
DOG,1,19.5,39.0,158,45,True,False,False,False,True,DECREASED,NORMAL,NORMAL,3,0.54,CAUTION,"호흡 급증, 설사"
DOG,6,21.4,38.3,89,24,False,False,False,False,True,NORMAL,NORMAL,NORMAL,5,0.03,NORMAL,이상 없음(정상)
CAT,6,2.6,38.1,112,33,True,False,False,False,False,DECREASED,INCREASED,LOW,4,0.33,WATCH,"피부 징후, 식욕 감소"
CAT,10,4.7,39.9,184,44,True,True,True,True,True,DECREASED,NORMAL,LOW,1,1.0,DANGER,"미열, 빈맥"
DOG,6,18.4,39.2,76,13,False,True,False,True,False,NORMAL,INCREASED,NORMAL,1,0.44,WATCH,"구토, 피부 징후"
DOG,13,17.1,39.5,121,13,False,True,True,False,False,NORMAL,DECREASED,LOW,1,0.48,WATCH,"미열, 피부 징후"
CAT,1,2.7,38.8,126,38,False,False,False,True,False,NORMAL,NORMAL,LOW,6,0.35,WATCH,"구토, 활동량 저하"
DOG,1,27.0,41.2,171,50,True,False,False,False,False,DECREASED,DECREASED,LOW,7,1.0,DANGER,"고열, 빈맥"
CAT,11,6.2,38.1,141,42,False,False,False,False,False,DECREASED,DECREASED,NORMAL,7,0.4,WATCH,"호흡 급증, 식욕 감소"
CAT,15,2.7,38.2,105,10,False,False,False,False,False,NORMAL,NORMAL,LOW,2,0.05,NORMAL,이상 없음(정상)
DOG,5,13.5,38.6,95,24,False,True,False,False,False,NORMAL,NORMAL,NORMAL,0,0.13,NORMAL,이상 없음(정상)
DOG,15,12.6,39.6,158,38,False,True,True,False,True,DECREASED,NORMAL,LOW,7,0.66,CAUTION,"미열, 설사"
DOG,10,8.2,39.5,160,37,True,True,False,True,False,DECREASED,NORMAL,NORMAL,0,0.58,CAUTION,"미열, 빈맥"
CAT,5,7.0,38.5,113,29,True,False,False,True,False,NORMAL,DECREASED,LOW,3,0.4,WATCH,"구토, 피부 징후"
CAT,8,7.4,39.2,75,30,False,True,True,True,False,NORMAL,DECREASED,NORMAL,0,0.32,WATCH,"구토, 피부 징후"
DOG,5,5.1,38.9,103,26,False,False,False,False,False,NORMAL,DECREASED,NORMAL,0,0.01,NORMAL,이상 없음(정상)
DOG,5,14.9,40.5,214,43,True,True,True,True,True,DECREASED,NORMAL,LOW,2,1.0,DANGER,"고열, 빈맥"
DOG,4,6.3,38.9,123,58,True,True,False,False,False,NONE,DECREASED,NORMAL,7,0.74,CAUTION,"호흡 급증, 피부 징후"
DOG,4,18.9,39.5,159,54,True,False,False,True,False,NORMAL,NORMAL,LOW,3,0.94,DANGER,"미열, 호흡 급증"
DOG,1,24.6,38.6,87,12,False,False,False,False,False,NORMAL,DECREASED,NORMAL,0,0.01,NORMAL,이상 없음(정상)
CAT,3,7.7,39.5,134,28,False,False,False,False,False,INCREASED,NORMAL,LOW,7,0.3,WATCH,"미열, 활동량 저하"
DOG,3,28.5,38.8,120,22,True,False,False,False,False,NORMAL,NORMAL,NORMAL,2,0.03,NORMAL,이상 없음(정상)
CAT,15,3.6,39.6,95,26,False,False,False,False,False,INCREASED,NORMAL,LOW,3,0.23,NORMAL,이상 없음(정상)
DOG,10,17.6,38.5,83,20,False,True,False,False,False,NONE,DECREASED,HIGH,4,0.38,WATCH,"피부 징후, 식욕 절폐"
DOG,4,24.5,38.3,82,29,True,False,False,False,False,NORMAL,NORMAL,HIGH,2,0.05,NORMAL,이상 없음(정상)
CAT,8,7.6,38.9,137,24,True,True,False,False,True,NORMAL,NORMAL,LOW,1,0.44,WATCH,"설사, 피부 징후"
DOG,12,4.7,38.1,84,34,False,False,False,False,False,INCREASED,NORMAL,NORMAL,3,0.0,NORMAL,이상 없음(정상)
CAT,9,6.9,39.0,133,41,False,False,False,False,False,NORMAL,NORMAL,NORMAL,0,0.37,WATCH,호흡 급증
DOG,15,12.1,41.0,230,47,True,True,False,False,True,NORMAL,DECREASED,LOW,7,1.0,DANGER,"고열, 빈맥"
DOG,4,26.6,38.8,134,23,False,False,False,False,True,INCREASED,NORMAL,NORMAL,5,0.17,NORMAL,이상 없음(정상)
CAT,14,6.8,39.9,158,35,False,False,True,False,True,NORMAL,DECREASED,LOW,7,0.55,CAUTION,"미열, 설사"
CAT,7,7.2,40.1,133,40,False,False,False,False,True,NONE,DECREASED,NORMAL,7,1.0,DANGER,"고열, 호흡 급증"
CAT,15,5.4,39.3,91,23,False,False,False,False,False,NORMAL,NORMAL,NORMAL,0,0.2,NORMAL,이상 없음(정상)
DOG,10,16.4,38.7,86,28,False,False,False,False,False,NORMAL,INCREASED,NORMAL,0,0.0,NORMAL,이상 없음(정상)
CAT,13,5.6,39.1,144,29,True,False,False,False,True,DECREASED,DECREASED,LOW,6,0.55,CAUTION,"설사, 피부 징후"
CAT,8,4.5,39.0,166,25,False,True,True,False,True,NORMAL,DECREASED,HIGH,2,0.53,CAUTION,"빈맥, 설사"
DOG,11,9.5,39.4,158,38,False,True,False,False,False,DECREASED,NORMAL,LOW,3,0.64,CAUTION,"미열, 피부 징후"
DOG,12,13.7,39.6,100,36,True,False,False,False,False,NORMAL,NORMAL,NORMAL,7,0.36,WATCH,"미열, 피부 징후"
DOG,2,19.4,37.4,145,23,False,False,False,True,False,NORMAL,INCREASED,NORMAL,5,0.22,NORMAL,이상 없음(정상)
CAT,7,3.0,39.2,105,25,False,False,False,True,True,NONE,NORMAL,LOW,7,0.74,CAUTION,"소화기 이상(구토 및 설사), 식욕 절폐"
CAT,1,2.2,40.4,143,56,True,False,True,True,True,DECREASED,NORMAL,LOW,0,1.0,DANGER,"고열, 호흡 급증"
DOG,11,29.8,39.1,102,22,False,False,False,False,False,NORMAL,NORMAL,NORMAL,0,0.0,NORMAL,이상 없음(정상)
CAT,11,4.4,39.5,155,39,False,True,False,True,False,DECREASED,INCREASED,LOW,1,0.63,CAUTION,"미열, 구토"
CAT,7,4.1,40.4,177,37,True,True,True,True,False,NONE,NORMAL,LOW,1,1.0,DANGER,"고열, 빈맥"
DOG,4,28.2,39.5,134,24,False,False,False,False,False,DECREASED,NORMAL,LOW,1,0.41,WATCH,"미열, 식욕 감소"
DOG,14,25.1,39.7,156,23,True,True,False,False,False,DECREASED,NORMAL,NORMAL,7,0.49,WATCH,"미열, 피부 징후"
DOG,15,24.8,39.0,138,49,False,True,False,False,False,DECREASED,DECREASED,LOW,1,0.59,CAUTION,"호흡 급증, 피부 징후"
CAT,12,5.7,39.7,166,37,False,False,False,False,False,DECREASED,NORMAL,LOW,2,0.54,CAUTION,"미열, 빈맥"
DOG,8,4.8,40.7,193,42,False,True,False,True,False,DECREASED,DECREASED,LOW,5,1.0,DANGER,"고열, 빈맥"
CAT,4,4.1,38.4,93,17,False,False,False,False,False,NORMAL,NORMAL,HIGH,7,0.07,NORMAL,이상 없음(정상)
CAT,8,4.4,38.8,149,27,True,True,False,False,False,DECREASED,NORMAL,LOW,2,0.41,WATCH,"피부 징후, 식욕 감소"
DOG,3,27.7,40.2,227,43,False,True,False,True,False,DECREASED,DECREASED,LOW,2,1.0,DANGER,"고열, 빈맥"
CAT,3,6.3,39.7,191,48,True,True,False,True,True,NONE,NORMAL,NORMAL,6,1.0,DANGER,"미열, 빈맥"
CAT,6,5.9,40.2,139,68,False,True,False,False,True,NONE,DECREASED,LOW,3,1.0,DANGER,"고열, 호흡 급증"
CAT,5,2.0,40.4,182,52,True,False,False,True,True,NONE,DECREASED,LOW,3,1.0,DANGER,"고열, 빈맥"
DOG,7,21.8,38.5,109,30,True,True,False,False,False,INCREASED,NORMAL,NORMAL,5,0.24,NORMAL,이상 없음(정상)
CAT,10,2.8,39.0,127,34,False,False,False,True,False,DECREASED,DECREASED,LOW,0,0.45,WATCH,"구토, 식욕 감소"
CAT,1,3.8,38.7,157,37,False,True,False,False,True,DECREASED,NORMAL,LOW,5,0.4,WATCH,"설사, 피부 징후"
CAT,7,3.8,38.8,121,38,True,False,True,True,False,DECREASED,NORMAL,LOW,5,0.53,CAUTION,"구토, 피부 징후"
CAT,8,4.9,39.7,182,32,True,False,False,False,False,DECREASED,INCREASED,NORMAL,3,0.6,CAUTION,"미열, 빈맥"
CAT,12,4.1,37.9,115,35,False,False,False,False,False,NORMAL,NORMAL,NORMAL,0,0.06,NORMAL,이상 없음(정상)
CAT,13,4.8,39.9,146,41,False,False,False,False,False,DECREASED,DECREASED,LOW,4,0.65,CAUTION,"미열, 호흡 급증"
CAT,8,4.4,38.5,108,17,False,False,True,False,False,DECREASED,NORMAL,HIGH,0,0.24,NORMAL,이상 없음(정상)
DOG,14,23.6,39.9,113,44,False,False,False,True,False,NORMAL,NORMAL,HIGH,5,0.56,CAUTION,"미열, 호흡 급증"
DOG,7,4.0,38.3,165,36,False,False,False,False,False,NORMAL,DECREASED,LOW,0,0.35,WATCH,"빈맥, 활동량 저하"
DOG,12,6.2,39.6,105,24,False,False,False,False,False,NORMAL,INCREASED,NORMAL,0,0.15,NORMAL,이상 없음(정상)
CAT,3,8.0,39.1,158,29,False,False,False,False,True,DECREASED,NORMAL,NORMAL,3,0.33,WATCH,"설사, 식욕 감소"
DOG,8,24.5,39.8,163,22,False,False,False,True,False,NORMAL,NORMAL,NORMAL,4,0.37,WATCH,"미열, 빈맥"
CAT,3,5.7,39.0,100,20,False,False,False,False,False,NORMAL,DECREASED,NORMAL,0,0.0,NORMAL,이상 없음(정상)
DOG,6,27.2,38.3,110,23,True,False,False,False,False,NORMAL,NORMAL,NORMAL,0,0.16,NORMAL,이상 없음(정상)
DOG,5,9.6,39.9,149,32,True,True,False,True,False,DECREASED,DECREASED,NORMAL,0,0.6,CAUTION,"미열, 구토"
DOG,4,21.5,37.9,92,15,False,False,False,False,True,INCREASED,NORMAL,HIGH,1,0.28,NORMAL,이상 없음(정상)
CAT,11,4.3,39.3,144,38,False,False,True,True,False,NORMAL,DECREASED,NORMAL,7,0.54,CAUTION,"미열, 구토"
DOG,13,24.7,38.5,109,19,False,False,False,False,False,NORMAL,NORMAL,NORMAL,0,0.0,NORMAL,이상 없음(정상)
DOG,15,18.8,38.7,148,32,False,False,False,False,True,NORMAL,NORMAL,LOW,5,0.31,WATCH,"설사, 활동량 저하"
CAT,2,5.2,40.7,135,34,False,False,False,False,True,DECREASED,DECREASED,LOW,6,0.74,CAUTION,"고열, 설사"
CAT,15,7.4,37.6,106,32,False,False,False,False,False,NORMAL,NORMAL,NORMAL,0,0.13,NORMAL,이상 없음(정상)
CAT,1,7.3,40.3,127,42,True,False,False,False,False,DECREASED,DECREASED,NORMAL,3,0.73,CAUTION,"고열, 호흡 급증"
CAT,7,3.4,38.5,153,51,True,False,False,False,False,NONE,DECREASED,HIGH,0,0.64,CAUTION,"호흡 급증, 피부 징후"
CAT,15,3.8,40.3,187,46,True,True,True,False,False,NORMAL,DECREASED,LOW,5,1.0,DANGER,"고열, 빈맥"
DOG,12,29.8,40.1,156,34,False,True,False,True,True,DECREASED,NORMAL,LOW,4,1.0,DANGER,"고열, 소화기 이상(구토 및 설사)"
DOG,13,29.0,39.4,101,28,False,False,False,True,False,NORMAL,NORMAL,HIGH,2,0.36,WATCH,"미열, 구토"
CAT,7,4.9,38.6,114,16,False,False,False,False,False,NORMAL,NORMAL,NORMAL,0,0.0,NORMAL,이상 없음(정상)
DOG,5,11.7,38.4,159,23,False,False,True,False,False,NORMAL,NORMAL,LOW,4,0.31,WATCH,"피부 징후, 활동량 저하"
CAT,11,5.9,39.6,219,41,True,False,False,True,False,NONE,DECREASED,LOW,3,1.0,DANGER,"미열, 빈맥"
DOG,7,6.2,39.2,165,33,False,False,False,False,False,DECREASED,NORMAL,NORMAL,3,0.33,WATCH,"빈맥, 식욕 감소"
CAT,12,3.7,38.5,135,23,False,False,False,False,False,NORMAL,INCREASED,HIGH,6,0.09,NORMAL,이상 없음(정상)
CAT,11,5.0,40.1,206,52,False,True,False,True,False,DECREASED,DECREASED,LOW,6,1.0,DANGER,"고열, 빈맥"
DOG,4,25.9,38.6,123,37,False,False,False,False,False,NORMAL,NORMAL,NORMAL,0,0.0,NORMAL,이상 없음(정상)
CAT,12,7.7,39.1,163,24,True,False,True,False,False,DECREASED,NORMAL,LOW,5,0.48,WATCH,"빈맥, 피부 징후"
CAT,10,2.1,38.6,99,30,False,False,False,False,False,NORMAL,NORMAL,NORMAL,0,0.0,NORMAL,이상 없음(정상)
DOG,6,16.4,39.9,148,37,True,False,False,True,True,DECREASED,DECREASED,NORMAL,5,0.71,CAUTION,"미열, 소화기 이상(구토 및 설사)"
DOG,1,3.4,38.5,98,24,False,False,False,False,False,NORMAL,INCREASED,NORMAL,0,0.03,NORMAL,이상 없음(정상)
DOG,9,26.7,40.1,142,25,False,False,False,False,True,DECREASED,NORMAL,LOW,3,0.61,CAUTION,"고열, 설사"
CAT,6,3.2,37.8,100,21,False,False,False,False,False,NORMAL,NORMAL,NORMAL,0,0.13,NORMAL,이상 없음(정상)
DOG,7,2.9,39.1,155,32,False,True,True,True,False,DECREASED,DECREASED,NORMAL,3,0.41,WATCH,"구토, 피부 징후"
CAT,9,3.1,39.2,129,40,False,True,False,False,False,DECREASED,DECREASED,NORMAL,0,0.55,CAUTION,"호흡 급증, 피부 징후"
CAT,14,6.6,37.6,108,21,False,False,True,False,False,NORMAL,NORMAL,NORMAL,0,0.03,NORMAL,이상 없음(정상)
DOG,5,6.2,39.2,140,25,False,False,False,False,True,NORMAL,DECREASED,LOW,0,0.3,WATCH,"설사, 활동량 저하"
CAT,4,7.4,40.5,173,51,True,False,True,True,True,DECREASED,DECREASED,LOW,0,1.0,DANGER,"고열, 빈맥"
CAT,11,2.7,39.8,150,36,True,True,True,True,False,DECREASED,NORMAL,HIGH,2,0.68,CAUTION,"미열, 구토"
CAT,7,2.7,37.6,103,15,False,False,False,False,False,DECREASED,NORMAL,LOW,7,0.21,NORMAL,이상 없음(정상)
CAT,15,7.8,39.5,138,50,False,True,True,False,True,NONE,NORMAL,LOW,4,1.0,DANGER,"미열, 호흡 급증"
DOG,8,3.5,38.9,115,21,False,False,False,False,False,DECREASED,NORMAL,LOW,5,0.15,NORMAL,이상 없음(정상)
CAT,13,4.9,39.9,151,39,False,False,True,False,True,DECREASED,NORMAL,NORMAL,2,0.57,CAUTION,"미열, 설사"
DOG,15,10.8,38.7,160,11,False,False,False,False,False,NORMAL,NORMAL,NORMAL,0,0.2,NORMAL,이상 없음(정상)
CAT,11,7.3,38.9,112,19,False,False,False,True,False,DECREASED,NORMAL,NORMAL,5,0.39,WATCH,"구토, 식욕 감소"
DOG,12,25.8,40.1,197,37,True,True,False,True,True,NONE,DECREASED,LOW,2,1.0,DANGER,"고열, 빈맥"
CAT,12,7.9,39.1,176,28,False,False,True,False,True,DECREASED,INCREASED,NORMAL,0,0.68,CAUTION,"빈맥, 설사"
CAT,10,2.0,40.9,164,48,False,True,True,True,True,DECREASED,DECREASED,LOW,4,1.0,DANGER,"고열, 빈맥"
DOG,1,18.2,39.9,119,24,False,False,False,False,True,NORMAL,NORMAL,NORMAL,5,0.37,WATCH,"미열, 설사"
CAT,13,5.9,39.1,156,30,False,True,False,False,False,NONE,DECREASED,NORMAL,4,0.51,CAUTION,"피부 징후, 식욕 절폐"
DOG,10,27.0,39.3,89,37,False,False,False,False,False,NORMAL,DECREASED,LOW,7,0.36,WATCH,"미열, 활동량 저하"
CAT,8,3.0,38.9,148,33,True,True,False,False,True,NORMAL,NORMAL,NORMAL,4,0.38,WATCH,"설사, 피부 징후"
DOG,9,14.7,39.9,108,33,False,False,False,True,False,NONE,NORMAL,LOW,4,0.72,CAUTION,"미열, 구토"
DOG,7,30.0,40.3,130,45,False,False,True,True,True,DECREASED,INCREASED,NORMAL,2,1.0,DANGER,"고열, 호흡 급증"
DOG,8,14.3,39.8,152,33,True,False,False,False,False,DECREASED,DECREASED,LOW,0,0.57,CAUTION,"미열, 피부 징후"
DOG,4,14.0,39.9,159,35,True,False,False,True,True,DECREASED,INCREASED,HIGH,6,0.69,CAUTION,"미열, 소화기 이상(구토 및 설사)"
DOG,12,10.7,38.7,113,23,False,False,False,False,True,NORMAL,NORMAL,HIGH,0,0.1,NORMAL,이상 없음(정상)
DOG,5,17.7,40.1,157,24,False,False,False,False,True,INCREASED,DECREASED,LOW,5,0.66,CAUTION,"고열, 설사"
CAT,14,7.4,39.6,130,45,False,True,True,False,False,DECREASED,DECREASED,HIGH,2,0.64,CAUTION,"미열, 호흡 급증"
CAT,4,7.5,39.4,122,28,False,False,False,False,False,DECREASED,NORMAL,NORMAL,7,0.26,NORMAL,이상 없음(정상)
DOG,8,14.8,39.0,120,42,False,False,False,False,False,NONE,NORMAL,LOW,1,0.64,CAUTION,"호흡 급증, 식욕 절폐"
DOG,9,3.2,38.9,100,30,False,False,False,False,False,NORMAL,INCREASED,NORMAL,0,0.06,NORMAL,이상 없음(정상)
DOG,12,8.3,39.5,149,60,True,False,False,True,False,DECREASED,DECREASED,LOW,4,0.92,DANGER,"미열, 호흡 급증"
CAT,4,6.4,39.6,200,32,False,True,True,False,False,NORMAL,DECREASED,NORMAL,0,0.52,CAUTION,"미열, 빈맥"
DOG,5,2.6,38.4,70,20,False,False,False,False,False,INCREASED,DECREASED,NORMAL,0,0.0,NORMAL,이상 없음(정상)
DOG,10,27.2,39.4,86,29,False,False,False,False,False,INCREASED,NORMAL,NORMAL,5,0.13,NORMAL,이상 없음(정상)
DOG,3,8.8,36.8,95,29,False,False,False,False,False,NORMAL,NORMAL,NORMAL,0,0.0,NORMAL,이상 없음(정상)
CAT,10,3.9,39.8,149,60,False,True,True,True,True,NONE,DECREASED,LOW,1,1.0,DANGER,"미열, 호흡 급증"
CAT,10,5.8,38.6,137,31,False,False,False,False,False,NORMAL,NORMAL,NORMAL,0,0.0,NORMAL,이상 없음(정상)
DOG,14,6.2,39.0,95,22,False,False,False,False,False,NORMAL,NORMAL,NORMAL,0,0.0,NORMAL,이상 없음(정상)
CAT,12,3.1,38.9,95,31,False,False,False,False,False,NORMAL,NORMAL,NORMAL,0,0.0,NORMAL,이상 없음(정상)
CAT,13,5.8,37.2,106,11,False,False,False,False,False,NORMAL,NORMAL,NORMAL,0,0.03,NORMAL,이상 없음(정상)
DOG,1,27.8,40.1,160,60,False,True,True,False,True,NONE,INCREASED,LOW,5,1.0,DANGER,"고열, 빈맥"
DOG,12,25.9,37.8,61,33,False,False,False,False,False,NORMAL,NORMAL,HIGH,3,0.0,NORMAL,이상 없음(정상)
CAT,15,4.2,38.6,65,22,False,False,False,False,False,NORMAL,NORMAL,NORMAL,0,0.0,NORMAL,이상 없음(정상)
DOG,4,27.1,39.8,94,12,False,True,True,False,False,NORMAL,NORMAL,NORMAL,0,0.4,WATCH,"미열, 피부 징후"
CAT,11,3.2,39.6,175,68,False,True,False,False,True,DECREASED,NORMAL,LOW,4,1.0,DANGER,"미열, 빈맥"
CAT,11,7.6,38.8,89,24,False,True,False,False,True,NONE,DECREASED,NORMAL,5,0.47,WATCH,"설사, 피부 징후"
DOG,3,24.8,38.8,120,23,False,False,False,False,False,INCREASED,NORMAL,NORMAL,6,0.04,NORMAL,이상 없음(정상)
DOG,13,15.5,39.3,139,34,True,False,False,True,True,INCREASED,NORMAL,LOW,4,0.72,CAUTION,"미열, 소화기 이상(구토 및 설사)"
CAT,5,6.6,38.7,95,25,False,False,False,False,False,NORMAL,DECREASED,NORMAL,0,0.0,NORMAL,이상 없음(정상)
DOG,4,6.8,39.4,129,39,False,False,False,True,False,NORMAL,NORMAL,NORMAL,1,0.38,WATCH,"미열, 구토"
CAT,7,3.2,39.9,90,22,False,False,False,True,True,DECREASED,NORMAL,NORMAL,0,0.64,CAUTION,"미열, 소화기 이상(구토 및 설사)"
DOG,14,16.1,39.7,147,39,False,True,False,True,True,NORMAL,DECREASED,NORMAL,7,0.67,CAUTION,"미열, 소화기 이상(구토 및 설사)"
DOG,13,18.3,37.3,77,27,False,False,False,False,False,NORMAL,NORMAL,NORMAL,0,0.14,NORMAL,이상 없음(정상)
DOG,12,3.8,38.3,104,16,False,False,False,False,False,NORMAL,NORMAL,NORMAL,0,0.08,NORMAL,이상 없음(정상)
DOG,5,22.1,39.4,122,29,False,False,False,False,False,NONE,INCREASED,NORMAL,0,0.44,WATCH,"미열, 식욕 절폐"
DOG,14,21.9,39.5,145,33,False,True,False,False,False,DECREASED,NORMAL,LOW,7,0.56,CAUTION,"미열, 피부 징후"
DOG,4,18.2,38.8,89,12,True,False,False,False,False,DECREASED,DECREASED,NORMAL,7,0.35,WATCH,"피부 징후, 식욕 감소"
DOG,13,12.5,38.2,102,28,False,False,False,True,False,NORMAL,NORMAL,NORMAL,5,0.29,NORMAL,이상 없음(정상)
CAT,8,4.1,39.4,156,29,False,True,False,False,True,DECREASED,DECREASED,HIGH,0,0.43,WATCH,"미열, 설사"
CAT,13,7.9,39.3,154,35,True,False,False,False,True,NONE,NORMAL,NORMAL,5,0.71,CAUTION,"미열, 설사"
DOG,12,7.7,39.0,111,26,False,False,False,True,False,DECREASED,NORMAL,NORMAL,3,0.3,WATCH,"구토, 식욕 감소"
DOG,15,22.6,39.5,120,58,True,False,False,False,True,NORMAL,NORMAL,HIGH,3,0.71,CAUTION,"미열, 호흡 급증"
DOG,10,27.6,40.5,152,42,True,True,False,True,True,NONE,NORMAL,LOW,3,1.0,DANGER,"고열, 호흡 급증"
DOG,15,6.5,39.0,177,28,False,True,False,False,False,NORMAL,DECREASED,NORMAL,0,0.46,WATCH,"빈맥, 피부 징후"
DOG,5,15.5,39.2,133,40,False,False,False,False,False,NORMAL,NORMAL,NORMAL,0,0.34,WATCH,호흡 급증
DOG,11,12.1,38.4,102,33,True,False,False,False,False,NORMAL,NORMAL,NORMAL,4,0.09,NORMAL,이상 없음(정상)
DOG,14,24.5,38.5,71,28,False,False,False,False,True,NORMAL,NORMAL,NORMAL,2,0.16,NORMAL,이상 없음(정상)
CAT,8,3.5,38.6,114,19,False,False,False,False,False,NORMAL,NORMAL,NORMAL,0,0.0,NORMAL,이상 없음(정상)
CAT,12,5.6,38.3,114,16,False,False,False,False,True,DECREASED,NORMAL,NORMAL,6,0.1,NORMAL,이상 없음(정상)
CAT,3,4.7,40.5,181,52,False,True,False,True,True,NONE,NORMAL,LOW,3,1.0,DANGER,"고열, 빈맥"
DOG,15,26.0,38.4,55,19,False,False,False,False,False,INCREASED,NORMAL,NORMAL,0,0.07,NORMAL,이상 없음(정상)
DOG,8,9.8,38.6,86,16,True,False,False,False,False,NORMAL,NORMAL,NORMAL,0,0.14,NORMAL,이상 없음(정상)
DOG,3,18.4,37.7,100,22,False,False,False,False,False,NORMAL,NORMAL,NORMAL,0,0.04,NORMAL,이상 없음(정상)
CAT,3,3.7,39.2,94,56,False,False,True,False,True,NORMAL,DECREASED,LOW,4,0.72,CAUTION,"호흡 급증, 설사"
CAT,5,2.0,39.8,160,60,True,False,False,True,True,DECREASED,DECREASED,LOW,3,1.0,DANGER,"미열, 빈맥"
CAT,3,6.1,38.6,70,26,False,False,False,False,False,NORMAL,NORMAL,LOW,4,0.17,NORMAL,이상 없음(정상)
DOG,5,15.3,39.3,134,29,False,False,False,False,False,NORMAL,NORMAL,HIGH,3,0.21,NORMAL,이상 없음(정상)
CAT,11,2.9,38.5,100,15,False,False,False,False,False,NORMAL,NORMAL,NORMAL,0,0.06,NORMAL,이상 없음(정상)
CAT,6,4.0,39.6,178,42,True,True,True,True,False,DECREASED,DECREASED,LOW,0,1.0,DANGER,"미열, 빈맥"
CAT,6,6.4,39.9,95,38,False,True,False,False,False,DECREASED,DECREASED,LOW,4,0.56,CAUTION,"미열, 피부 징후"
CAT,10,7.9,39.9,189,33,False,False,False,False,True,NORMAL,NORMAL,LOW,2,0.66,CAUTION,"미열, 빈맥"
DOG,6,17.4,40.8,130,45,True,False,True,False,False,DECREASED,DECREASED,LOW,7,0.94,DANGER,"고열, 호흡 급증"
DOG,6,3.9,39.5,117,22,False,True,False,False,False,NORMAL,NORMAL,NORMAL,0,0.5,CAUTION,"미열, 피부 징후"
CAT,14,6.8,40.0,137,47,False,False,False,True,False,NONE,DECREASED,LOW,0,1.0,DANGER,"고열, 호흡 급증"
CAT,7,2.1,39.0,123,27,False,False,False,False,False,NORMAL,DECREASED,HIGH,7,0.0,NORMAL,이상 없음(정상)
CAT,8,2.1,40.2,130,50,True,False,False,False,False,NONE,DECREASED,LOW,2,1.0,DANGER,"고열, 호흡 급증"
CAT,11,6.5,38.6,127,23,False,False,False,False,False,DECREASED,NORMAL,HIGH,1,0.0,NORMAL,이상 없음(정상)
CAT,8,6.4,37.8,99,32,False,False,False,False,False,NORMAL,NORMAL,NORMAL,0,0.0,NORMAL,이상 없음(정상)
CAT,5,3.8,38.4,89,17,False,False,False,False,False,NORMAL,NORMAL,NORMAL,0,0.11,NORMAL,이상 없음(정상)
CAT,14,4.7,39.6,145,35,False,False,False,True,False,NORMAL,DECREASED,LOW,4,0.66,CAUTION,"미열, 구토"
CAT,10,7.0,39.8,159,55,False,True,True,True,True,NONE,INCREASED,LOW,7,1.0,DANGER,"미열, 호흡 급증"
DOG,11,7.6,39.2,109,22,False,False,False,False,False,NORMAL,DECREASED,NORMAL,0,0.2,NORMAL,이상 없음(정상)
CAT,6,5.7,39.1,116,19,False,False,False,False,True,NORMAL,NORMAL,HIGH,3,0.25,NORMAL,이상 없음(정상)
DOG,12,4.9,40.2,138,42,True,True,False,True,False,DECREASED,DECREASED,NORMAL,3,1.0,DANGER,"고열, 호흡 급증"
DOG,2,14.5,39.3,136,30,False,False,False,True,False,DECREASED,NORMAL,HIGH,3,0.5,CAUTION,"미열, 구토"
DOG,1,25.9,39.8,85,14,False,True,True,False,False,DECREASED,INCREASED,NORMAL,6,0.37,WATCH,"미열, 피부 징후"
DOG,7,5.5,38.6,114,21,True,False,False,False,False,NORMAL,NORMAL,NORMAL,1,0.08,NORMAL,이상 없음(정상)
CAT,8,2.0,38.8,112,34,False,False,False,False,False,NORMAL,NORMAL,NORMAL,0,0.13,NORMAL,이상 없음(정상)
CAT,7,6.9,39.8,129,34,True,False,True,True,False,NORMAL,NORMAL,LOW,1,0.72,CAUTION,"미열, 구토"
CAT,13,6.2,39.2,102,46,False,False,False,False,True,NORMAL,INCREASED,NORMAL,6,0.42,WATCH,"호흡 급증, 설사"
CAT,15,4.9,39.2,133,43,False,False,False,False,False,DECREASED,NORMAL,LOW,4,0.55,CAUTION,"호흡 급증, 식욕 감소"
CAT,9,3.3,39.9,107,57,False,False,False,False,True,NORMAL,INCREASED,LOW,2,0.66,CAUTION,"미열, 호흡 급증"
DOG,9,17.8,39.2,64,25,True,True,False,False,True,NORMAL,NORMAL,HIGH,3,0.31,WATCH,"설사, 피부 징후"
DOG,15,27.8,40.7,130,50,True,True,True,True,True,NONE,DECREASED,NORMAL,1,1.0,DANGER,"고열, 호흡 급증"
DOG,14,10.8,40.4,180,65,False,True,True,True,False,DECREASED,DECREASED,NORMAL,7,1.0,DANGER,"고열, 빈맥"
CAT,9,7.5,39.8,177,56,False,False,True,False,False,DECREASED,DECREASED,LOW,7,0.96,DANGER,"미열, 빈맥"
DOG,14,26.2,38.8,102,17,False,False,False,False,False,DECREASED,DECREASED,NORMAL,2,0.06,NORMAL,이상 없음(정상)
DOG,1,10.2,39.5,200,38,False,False,False,False,True,DECREASED,NORMAL,LOW,5,0.66,CAUTION,"미열, 빈맥"
DOG,8,12.0,39.8,122,22,False,True,True,False,True,NORMAL,NORMAL,LOW,4,0.71,CAUTION,"미열, 설사"
CAT,2,6.3,39.5,142,36,False,True,False,False,True,DECREASED,INCREASED,LOW,0,0.71,CAUTION,"미열, 설사"
DOG,13,7.0,38.6,158,44,False,False,False,True,True,DECREASED,NORMAL,NORMAL,2,0.66,CAUTION,"호흡 급증, 소화기 이상(구토 및 설사)"
DOG,4,9.2,39.3,161,32,False,False,False,False,False,DECREASED,NORMAL,NORMAL,1,0.39,WATCH,"미열, 빈맥"
CAT,5,2.3,39.0,117,26,True,False,False,False,False,NORMAL,NORMAL,LOW,5,0.25,NORMAL,이상 없음(정상)
CAT,12,4.5,38.7,108,10,False,False,False,False,False,DECREASED,NORMAL,NORMAL,6,0.13,NORMAL,이상 없음(정상)
CAT,15,5.7,40.6,130,51,True,False,True,True,True,NONE,DECREASED,LOW,7,1.0,DANGER,"고열, 호흡 급증"
CAT,6,5.4,39.1,126,33,True,True,False,False,True,NORMAL,NORMAL,NORMAL,0,0.3,WATCH,"설사, 피부 징후"
CAT,15,5.3,38.6,195,36,False,False,False,False,True,NONE,DECREASED,NORMAL,1,0.58,CAUTION,"빈맥, 설사"
DOG,8,5.4,39.9,191,42,False,True,False,False,False,DECREASED,DECREASED,LOW,7,1.0,DANGER,"미열, 빈맥"
CAT,15,6.3,39.9,156,12,False,False,False,False,False,NORMAL,NORMAL,LOW,4,0.33,WATCH,"미열, 활동량 저하"
CAT,8,7.5,38.9,147,19,True,False,False,False,True,DECREASED,INCREASED,NORMAL,2,0.39,WATCH,"설사, 피부 징후"
CAT,10,4.4,39.2,110,17,False,True,False,False,False,DECREASED,INCREASED,NORMAL,3,0.33,WATCH,"피부 징후, 식욕 감소"
DOG,8,21.7,39.1,102,35,False,False,False,True,True,DECREASED,NORMAL,HIGH,7,0.46,WATCH,"소화기 이상(구토 및 설사), 식욕 감소"
CAT,15,6.7,39.5,136,60,True,False,False,False,True,NONE,DECREASED,LOW,5,1.0,DANGER,"미열, 호흡 급증"
CAT,15,3.0,39.3,142,39,True,True,False,False,False,DECREASED,DECREASED,LOW,5,0.52,CAUTION,"미열, 피부 징후"
CAT,13,4.0,39.0,96,37,False,True,False,False,True,NORMAL,DECREASED,LOW,2,0.44,WATCH,"설사, 피부 징후"
DOG,14,9.4,38.7,102,20,True,False,False,False,False,NORMAL,NORMAL,HIGH,4,0.19,NORMAL,이상 없음(정상)
DOG,2,9.9,38.5,66,28,False,False,False,False,False,NORMAL,NORMAL,HIGH,0,0.0,NORMAL,이상 없음(정상)
CAT,13,7.9,39.2,111,29,False,False,False,False,True,NORMAL,NORMAL,NORMAL,2,0.15,NORMAL,이상 없음(정상)
CAT,5,4.7,38.9,97,32,False,False,True,False,False,NONE,DECREASED,NORMAL,5,0.34,WATCH,"피부 징후, 식욕 절폐"
CAT,8,2.4,38.2,124,27,False,False,False,False,False,NORMAL,NORMAL,NORMAL,0,0.0,NORMAL,이상 없음(정상)
CAT,15,5.5,39.7,146,34,False,False,False,True,True,DECREASED,NORMAL,LOW,2,0.61,CAUTION,"미열, 소화기 이상(구토 및 설사)"
CAT,7,6.7,38.3,126,32,False,False,False,False,False,NORMAL,NORMAL,HIGH,5,0.0,NORMAL,이상 없음(정상)
DOG,1,19.3,37.9,83,10,False,False,False,False,True,NORMAL,NORMAL,LOW,5,0.21,NORMAL,이상 없음(정상)
DOG,5,6.8,39.2,91,28,False,False,False,False,False,NORMAL,NORMAL,NORMAL,0,0.01,NORMAL,이상 없음(정상)
CAT,1,6.8,39.1,78,27,True,False,False,False,False,DECREASED,NORMAL,HIGH,4,0.28,NORMAL,이상 없음(정상)
DOG,8,8.7,39.3,140,58,False,False,False,True,False,DECREASED,NORMAL,LOW,1,0.7,CAUTION,"미열, 호흡 급증"
DOG,5,20.2,39.8,107,26,False,False,True,False,True,NORMAL,DECREASED,LOW,2,0.45,WATCH,"미열, 설사"
CAT,4,3.6,38.9,159,49,False,False,False,False,True,NONE,DECREASED,LOW,5,0.68,CAUTION,"호흡 급증, 설사"
CAT,13,7.6,39.9,191,49,True,True,False,True,True,NONE,DECREASED,NORMAL,7,1.0,DANGER,"미열, 빈맥"
CAT,6,4.4,39.3,140,36,False,False,False,True,False,NONE,NORMAL,LOW,4,0.71,CAUTION,"미열, 구토"
DOG,1,18.2,40.0,203,60,True,False,True,True,True,NONE,DECREASED,LOW,1,1.0,DANGER,"고열, 빈맥"
CAT,3,3.2,38.2,90,16,True,False,False,False,True,NORMAL,INCREASED,LOW,7,0.3,WATCH,"설사, 피부 징후"
CAT,5,5.4,38.4,146,46,False,False,False,False,False,DECREASED,DECREASED,NORMAL,5,0.39,WATCH,"호흡 급증, 식욕 감소"
DOG,12,6.0,39.1,152,31,False,True,False,True,True,DECREASED,NORMAL,LOW,7,0.71,CAUTION,"소화기 이상(구토 및 설사), 피부 징후"
CAT,2,7.5,39.2,141,32,False,False,True,False,False,DECREASED,NORMAL,LOW,0,0.38,WATCH,"피부 징후, 식욕 감소"
CAT,4,5.8,38.1,143,32,False,True,False,False,False,NORMAL,NORMAL,NORMAL,0,0.16,NORMAL,이상 없음(정상)
DOG,6,20.0,38.3,78,26,False,False,True,False,False,NORMAL,NORMAL,HIGH,3,0.17,NORMAL,이상 없음(정상)
CAT,2,4.8,39.9,166,51,False,True,False,True,True,NONE,NORMAL,LOW,4,1.0,DANGER,"미열, 빈맥"
DOG,14,24.2,37.8,84,33,False,False,False,False,False,NORMAL,NORMAL,NORMAL,0,0.0,NORMAL,이상 없음(정상)
DOG,12,22.3,39.5,139,30,False,False,False,False,True,NONE,DECREASED,NORMAL,6,0.49,WATCH,"미열, 설사"
CAT,8,5.2,40.2,194,52,False,False,False,True,True,NONE,DECREASED,LOW,5,1.0,DANGER,"고열, 빈맥"
DOG,3,3.9,38.2,131,33,False,False,False,False,False,NORMAL,NORMAL,NORMAL,0,0.07,NORMAL,이상 없음(정상)
CAT,5,6.5,39.0,119,24,False,False,False,True,True,DECREASED,NORMAL,NORMAL,0,0.48,WATCH,"소화기 이상(구토 및 설사), 식욕 감소"
DOG,9,16.0,39.6,92,10,False,False,False,False,False,NORMAL,NORMAL,NORMAL,0,0.03,NORMAL,이상 없음(정상)
CAT,6,6.2,39.9,200,34,True,True,True,False,False,NORMAL,DECREASED,HIGH,7,0.5,CAUTION,"미열, 빈맥"
DOG,1,17.7,39.9,167,38,False,False,False,False,False,DECREASED,DECREASED,LOW,1,0.67,CAUTION,"미열, 빈맥"
DOG,15,25.1,39.1,110,26,False,False,False,True,False,NORMAL,NORMAL,NORMAL,3,0.34,WATCH,구토
DOG,9,13.1,40.5,162,59,True,True,False,True,True,NONE,NORMAL,LOW,7,1.0,DANGER,"고열, 빈맥"
CAT,10,4.8,39.1,65,18,False,False,False,True,False,DECREASED,NORMAL,NORMAL,1,0.31,WATCH,"구토, 식욕 감소"
CAT,8,5.7,39.8,206,59,False,False,False,True,True,NORMAL,DECREASED,NORMAL,6,0.94,DANGER,"미열, 빈맥"
CAT,11,7.4,38.9,124,44,True,True,False,False,True,NORMAL,INCREASED,NORMAL,3,0.55,CAUTION,"호흡 급증, 설사"
DOG,13,15.6,39.7,140,41,False,False,False,False,False,NORMAL,NORMAL,NORMAL,0,0.45,WATCH,"미열, 호흡 급증"
DOG,11,22.1,38.6,121,23,False,False,False,False,False,DECREASED,NORMAL,LOW,6,0.3,WATCH,"식욕 감소, 활동량 저하"
DOG,8,13.5,39.1,166,44,False,False,False,True,False,DECREASED,DECREASED,NORMAL,3,0.72,CAUTION,"빈맥, 호흡 급증"
DOG,3,14.0,38.3,103,21,False,False,False,False,False,NORMAL,NORMAL,NORMAL,0,0.0,NORMAL,이상 없음(정상)
DOG,7,20.9,38.4,134,39,False,False,False,False,False,NORMAL,NORMAL,NORMAL,0,0.08,NORMAL,이상 없음(정상)
CAT,3,5.0,40.7,165,69,True,False,False,True,False,NONE,DECREASED,LOW,4,1.0,DANGER,"고열, 빈맥"
DOG,3,21.9,39.6,149,34,False,True,False,True,False,DECREASED,DECREASED,NORMAL,5,0.69,CAUTION,"미열, 구토"
CAT,7,4.6,39.7,195,42,True,True,False,False,True,NORMAL,NORMAL,LOW,5,1.0,DANGER,"미열, 빈맥"
DOG,2,20.9,39.3,110,32,False,True,False,False,False,NORMAL,NORMAL,NORMAL,0,0.35,WATCH,"미열, 피부 징후"
CAT,11,7.1,38.1,57,27,False,False,False,False,False,NORMAL,NORMAL,NORMAL,0,0.0,NORMAL,이상 없음(정상)
CAT,1,7.7,39.9,134,29,True,True,True,True,False,DECREASED,DECREASED,NORMAL,7,0.71,CAUTION,"미열, 구토"
DOG,11,18.4,39.1,86,27,True,False,True,False,False,NORMAL,NORMAL,NORMAL,7,0.17,NORMAL,이상 없음(정상)
DOG,3,29.7,38.3,119,22,False,False,False,False,False,NORMAL,NORMAL,NORMAL,0,0.0,NORMAL,이상 없음(정상)
CAT,2,4.9,38.6,118,19,False,False,False,False,False,NORMAL,NORMAL,NORMAL,0,0.03,NORMAL,이상 없음(정상)
CAT,5,6.7,39.6,173,49,False,False,False,True,False,NONE,DECREASED,LOW,4,0.98,DANGER,"미열, 빈맥"
DOG,7,23.0,39.6,162,24,False,False,False,False,False,DECREASED,DECREASED,NORMAL,1,0.69,CAUTION,"미열, 빈맥"
DOG,8,17.9,38.8,183,48,False,False,True,False,False,NORMAL,DECREASED,NORMAL,0,0.61,CAUTION,"빈맥, 호흡 급증"
DOG,6,24.7,39.0,77,24,False,False,False,False,False,DECREASED,NORMAL,NORMAL,4,0.11,NORMAL,이상 없음(정상)
DOG,10,3.9,38.9,119,16,False,False,False,False,False,NONE,INCREASED,HIGH,0,0.21,NORMAL,이상 없음(정상)
DOG,2,14.9,39.3,85,10,False,False,False,False,False,NORMAL,NORMAL,NORMAL,0,0.14,NORMAL,이상 없음(정상)
CAT,3,2.7,40.4,127,35,True,False,True,False,True,NORMAL,NORMAL,NORMAL,4,0.67,CAUTION,"고열, 설사"
DOG,1,26.2,40.4,154,34,True,False,False,True,True,NONE,NORMAL,LOW,7,1.0,DANGER,"고열, 소화기 이상(구토 및 설사)"
DOG,5,28.8,39.8,131,33,False,False,False,False,True,NORMAL,NORMAL,LOW,3,0.42,WATCH,"미열, 설사"
DOG,2,29.4,40.5,185,38,True,True,False,True,False,NONE,DECREASED,NORMAL,4,1.0,DANGER,"고열, 빈맥"
DOG,5,15.3,39.3,121,37,True,False,False,False,False,NORMAL,NORMAL,NORMAL,4,0.36,WATCH,"미열, 피부 징후"
DOG,4,18.0,41.1,180,49,False,True,True,False,False,NONE,DECREASED,LOW,4,1.0,DANGER,"고열, 빈맥"
DOG,13,7.8,39.8,227,50,True,True,True,True,False,NONE,NORMAL,LOW,4,1.0,DANGER,"미열, 빈맥"
DOG,10,28.5,39.0,85,19,False,False,False,True,False,INCREASED,NORMAL,NORMAL,5,0.12,NORMAL,이상 없음(정상)
DOG,4,26.7,38.7,150,21,False,False,False,False,False,NORMAL,NORMAL,NORMAL,0,0.0,NORMAL,이상 없음(정상)
CAT,14,6.8,39.5,141,34,False,False,False,False,True,DECREASED,DECREASED,LOW,1,0.53,CAUTION,"미열, 설사"
CAT,6,2.3,38.5,58,27,False,False,False,False,False,NORMAL,NORMAL,HIGH,0,0.0,NORMAL,이상 없음(정상)
DOG,7,4.3,40.9,136,37,False,False,False,False,True,NONE,DECREASED,LOW,6,0.83,DANGER,"고열, 설사"
DOG,2,16.6,40.3,166,54,True,False,True,False,True,INCREASED,DECREASED,LOW,4,1.0,DANGER,"고열, 빈맥"
DOG,4,13.7,39.8,141,30,False,True,False,True,False,DECREASED,NORMAL,HIGH,3,0.61,CAUTION,"미열, 구토"
CAT,15,3.5,38.0,64,29,False,False,False,False,False,NORMAL,NORMAL,NORMAL,0,0.05,NORMAL,이상 없음(정상)
CAT,3,6.7,38.1,107,29,True,False,False,False,False,DECREASED,INCREASED,NORMAL,4,0.17,NORMAL,이상 없음(정상)
DOG,12,19.1,39.0,144,34,False,False,False,True,True,DECREASED,NORMAL,LOW,5,0.65,CAUTION,"소화기 이상(구토 및 설사), 식욕 감소"
CAT,4,4.2,40.1,130,53,False,True,True,True,False,NONE,NORMAL,LOW,5,1.0,DANGER,"고열, 호흡 급증"
DOG,14,29.7,39.5,167,39,True,True,False,False,True,DECREASED,DECREASED,LOW,2,0.97,DANGER,"미열, 빈맥"
DOG,14,12.8,37.8,108,24,False,False,False,False,False,NORMAL,NORMAL,LOW,1,0.03,NORMAL,이상 없음(정상)
DOG,5,17.7,38.2,119,28,False,False,False,True,False,NORMAL,NORMAL,NORMAL,3,0.2,NORMAL,이상 없음(정상)
CAT,12,6.1,39.1,141,32,False,False,True,False,False,NORMAL,NORMAL,NORMAL,0,0.27,NORMAL,이상 없음(정상)
CAT,15,7.1,39.7,130,47,True,False,True,False,True,DECREASED,INCREASED,LOW,4,0.85,DANGER,"미열, 호흡 급증"
DOG,11,25.5,39.9,153,54,False,True,True,True,True,DECREASED,DECREASED,LOW,0,1.0,DANGER,"미열, 호흡 급증"
DOG,5,20.9,39.3,134,33,False,False,False,True,False,NONE,NORMAL,LOW,4,0.74,CAUTION,"미열, 구토"
DOG,11,17.5,39.3,110,28,True,False,False,False,False,NORMAL,DECREASED,HIGH,4,0.35,WATCH,"미열, 피부 징후"
DOG,12,6.2,37.8,100,25,False,False,False,False,False,NORMAL,NORMAL,HIGH,2,0.08,NORMAL,이상 없음(정상)
DOG,7,27.9,38.4,137,10,False,False,False,False,False,NORMAL,NORMAL,HIGH,2,0.09,NORMAL,이상 없음(정상)
CAT,13,7.3,38.6,98,18,False,True,False,False,False,NORMAL,NORMAL,NORMAL,0,0.13,NORMAL,이상 없음(정상)
CAT,3,5.6,40.3,141,49,False,True,False,False,True,NONE,DECREASED,NORMAL,4,1.0,DANGER,"고열, 호흡 급증"
DOG,15,19.3,39.6,96,37,False,False,False,True,False,DECREASED,DECREASED,LOW,7,0.59,CAUTION,"미열, 구토"
CAT,3,5.7,39.6,119,37,False,False,True,False,True,DECREASED,NORMAL,LOW,6,0.73,CAUTION,"미열, 설사"
CAT,2,3.2,38.7,197,29,False,True,False,False,False,NONE,DECREASED,LOW,3,0.74,CAUTION,"빈맥, 피부 징후"
CAT,5,6.9,40.4,108,37,True,False,True,False,False,DECREASED,NORMAL,LOW,7,0.66,CAUTION,"고열, 피부 징후"
DOG,11,23.6,38.1,77,24,False,True,False,False,False,INCREASED,NORMAL,NORMAL,5,0.04,NORMAL,이상 없음(정상)
DOG,11,28.6,38.8,150,25,True,False,False,True,False,NORMAL,INCREASED,LOW,1,0.46,WATCH,"구토, 피부 징후"
DOG,5,24.4,38.7,152,35,True,True,False,False,True,NORMAL,DECREASED,LOW,2,0.51,CAUTION,"설사, 피부 징후"
DOG,2,29.5,39.7,214,42,True,True,False,True,False,DECREASED,DECREASED,NORMAL,7,1.0,DANGER,"미열, 빈맥"
CAT,9,4.2,38.4,101,18,False,False,False,False,False,NORMAL,NORMAL,NORMAL,0,0.01,NORMAL,이상 없음(정상)
CAT,7,2.8,39.5,189,58,False,False,False,True,True,DECREASED,DECREASED,LOW,3,1.0,DANGER,"미열, 빈맥"
CAT,14,2.8,39.4,108,27,True,False,False,False,False,NORMAL,NORMAL,NORMAL,7,0.48,WATCH,"미열, 피부 징후"
DOG,5,18.2,38.3,110,28,False,False,False,False,False,NORMAL,INCREASED,LOW,5,0.0,NORMAL,이상 없음(정상)
DOG,4,11.0,37.1,132,27,False,False,False,True,False,NORMAL,NORMAL,NORMAL,7,0.24,NORMAL,이상 없음(정상)
DOG,4,4.0,39.6,101,39,True,False,False,False,False,DECREASED,DECREASED,NORMAL,6,0.59,CAUTION,"미열, 피부 징후"
DOG,4,20.4,39.8,159,22,False,True,True,True,False,DECREASED,NORMAL,LOW,7,0.68,CAUTION,"미열, 구토"
CAT,6,3.1,39.2,117,51,True,True,False,False,True,DECREASED,NORMAL,LOW,4,0.71,CAUTION,"호흡 급증, 설사"
CAT,4,7.6,38.1,86,21,False,False,False,False,False,NORMAL,NORMAL,NORMAL,0,0.0,NORMAL,이상 없음(정상)
CAT,7,4.9,38.4,77,18,False,False,False,False,False,INCREASED,NORMAL,NORMAL,2,0.0,NORMAL,이상 없음(정상)
CAT,6,4.3,40.2,166,50,False,True,False,False,False,NORMAL,DECREASED,LOW,1,1.0,DANGER,"고열, 빈맥"
DOG,7,3.6,40.1,174,41,True,True,False,True,True,DECREASED,DECREASED,NORMAL,3,1.0,DANGER,"고열, 빈맥"
DOG,9,21.5,39.6,196,34,True,True,True,False,True,NONE,DECREASED,LOW,2,0.96,DANGER,"미열, 빈맥"
DOG,10,13.7,38.3,107,32,False,False,False,True,True,DECREASED,NORMAL,LOW,0,0.48,WATCH,"소화기 이상(구토 및 설사), 식욕 감소"
DOG,2,4.6,38.0,131,20,False,False,False,True,True,DECREASED,DECREASED,NORMAL,6,0.38,WATCH,"소화기 이상(구토 및 설사), 식욕 감소"
CAT,15,6.6,39.2,112,19,False,True,False,False,True,NORMAL,DECREASED,NORMAL,7,0.48,WATCH,"설사, 피부 징후"
CAT,3,2.3,39.7,151,36,True,False,True,False,True,DECREASED,NORMAL,LOW,1,0.69,CAUTION,"미열, 설사"
CAT,12,3.3,38.5,178,35,True,False,False,False,False,NORMAL,NORMAL,LOW,4,0.44,WATCH,"빈맥, 피부 징후"
CAT,8,5.8,38.0,116,32,False,False,True,False,False,NORMAL,NORMAL,HIGH,4,0.21,NORMAL,이상 없음(정상)
DOG,2,11.4,38.8,159,42,False,False,False,False,True,NONE,NORMAL,LOW,5,0.7,CAUTION,"호흡 급증, 설사"
CAT,8,3.5,39.1,172,41,False,False,False,False,True,DECREASED,NORMAL,NORMAL,1,0.73,CAUTION,"빈맥, 호흡 급증"
DOG,2,9.1,38.8,119,10,False,False,False,False,False,NORMAL,NORMAL,NORMAL,0,0.0,NORMAL,이상 없음(정상)
CAT,6,7.2,39.9,180,34,True,False,True,True,False,DECREASED,DECREASED,LOW,2,0.99,DANGER,"미열, 빈맥"
DOG,12,23.6,37.5,81,31,False,False,False,False,False,NORMAL,NORMAL,LOW,2,0.16,NORMAL,이상 없음(정상)
DOG,8,9.0,39.0,162,34,False,False,False,False,False,DECREASED,NORMAL,LOW,2,0.4,WATCH,"빈맥, 식욕 감소"
DOG,4,16.9,40.4,149,50,False,True,False,True,False,NONE,DECREASED,LOW,2,1.0,DANGER,"고열, 호흡 급증"
CAT,15,3.4,38.2,109,11,False,False,False,False,False,NORMAL,NORMAL,NORMAL,0,0.0,NORMAL,이상 없음(정상)
CAT,10,7.4,40.8,141,59,False,True,True,True,True,DECREASED,DECREASED,LOW,3,1.0,DANGER,"고열, 호흡 급증"
DOG,5,6.9,38.5,60,21,True,False,False,False,False,NORMAL,NORMAL,LOW,2,0.45,WATCH,"피부 징후, 활동량 저하"
CAT,12,3.7,40.2,186,47,True,True,False,False,True,DECREASED,INCREASED,NORMAL,2,1.0,DANGER,"고열, 빈맥"
DOG,1,19.6,39.2,102,25,False,False,False,False,True,DECREASED,DECREASED,LOW,4,0.38,WATCH,"설사, 식욕 감소"
CAT,11,2.9,40.5,145,68,False,False,True,False,True,DECREASED,DECREASED,LOW,3,1.0,DANGER,"고열, 호흡 급증"
DOG,10,19.3,38.4,119,20,False,False,False,False,False,NORMAL,DECREASED,LOW,3,0.24,NORMAL,이상 없음(정상)
CAT,8,7.7,39.7,76,16,True,True,False,False,False,NORMAL,INCREASED,NORMAL,7,0.39,WATCH,"미열, 피부 징후"
DOG,12,6.1,39.1,103,20,False,False,False,False,False,NORMAL,NORMAL,NORMAL,0,0.01,NORMAL,이상 없음(정상)
DOG,1,3.8,40.2,138,43,False,True,False,True,False,NONE,NORMAL,LOW,5,1.0,DANGER,"고열, 호흡 급증"
CAT,3,3.7,38.8,144,19,True,False,False,True,False,NORMAL,DECREASED,NORMAL,1,0.45,WATCH,"구토, 피부 징후"
DOG,12,3.9,40.8,222,48,True,False,False,True,True,DECREASED,DECREASED,NORMAL,4,1.0,DANGER,"고열, 빈맥"
DOG,10,18.5,37.6,123,16,False,False,False,False,False,NORMAL,NORMAL,NORMAL,0,0.0,NORMAL,이상 없음(정상)
DOG,14,11.4,38.9,156,29,True,True,False,True,False,NORMAL,DECREASED,LOW,1,0.42,WATCH,"구토, 피부 징후"
DOG,5,9.0,38.5,120,34,False,False,False,False,False,NORMAL,NORMAL,HIGH,5,0.0,NORMAL,이상 없음(정상)
DOG,2,25.1,38.8,83,18,True,False,False,False,False,NORMAL,NORMAL,LOW,5,0.19,NORMAL,이상 없음(정상)
DOG,7,4.4,39.1,134,24,False,False,False,False,False,NORMAL,NORMAL,NORMAL,0,0.04,NORMAL,이상 없음(정상)
DOG,8,19.4,38.4,113,19,True,False,True,False,True,DECREASED,NORMAL,NORMAL,0,0.49,WATCH,"설사, 피부 징후"
DOG,14,20.5,39.8,130,40,True,False,False,True,False,NORMAL,NORMAL,NORMAL,6,0.73,CAUTION,"미열, 호흡 급증"
CAT,10,2.8,38.4,114,13,False,False,False,True,False,NORMAL,NORMAL,NORMAL,2,0.11,NORMAL,이상 없음(정상)
DOG,15,24.5,40.4,150,50,False,False,False,False,True,NONE,DECREASED,LOW,6,0.95,DANGER,"고열, 호흡 급증"
CAT,13,3.8,38.6,84,27,False,False,False,False,False,NORMAL,NORMAL,NORMAL,0,0.02,NORMAL,이상 없음(정상)
CAT,7,6.9,40.3,159,68,True,True,False,False,True,NONE,DECREASED,NORMAL,4,1.0,DANGER,"고열, 호흡 급증"
DOG,5,2.7,39.4,141,12,False,True,False,False,False,NORMAL,NORMAL,NORMAL,0,0.36,WATCH,"미열, 피부 징후"
CAT,2,5.0,40.2,198,56,True,False,True,True,True,DECREASED,DECREASED,LOW,0,1.0,DANGER,"고열, 빈맥"
CAT,5,7.4,39.5,119,18,False,False,False,True,False,NORMAL,NORMAL,NORMAL,6,0.36,WATCH,"미열, 구토"
DOG,1,14.7,38.8,126,28,False,False,False,False,False,NORMAL,NORMAL,NORMAL,0,0.01,NORMAL,이상 없음(정상)
DOG,5,4.6,39.1,138,18,False,False,False,False,True,NORMAL,NORMAL,NORMAL,6,0.16,NORMAL,이상 없음(정상)
CAT,3,7.0,38.7,109,28,False,False,False,False,False,NORMAL,NORMAL,NORMAL,0,0.0,NORMAL,이상 없음(정상)
DOG,11,27.8,39.3,109,30,False,False,False,False,False,NORMAL,INCREASED,NORMAL,0,0.18,NORMAL,이상 없음(정상)
DOG,11,18.9,39.8,155,22,True,False,False,False,False,NONE,NORMAL,NORMAL,5,0.63,CAUTION,"미열, 피부 징후"
CAT,8,2.6,38.6,92,16,False,False,False,False,False,NORMAL,NORMAL,NORMAL,0,0.0,NORMAL,이상 없음(정상)
DOG,6,2.9,39.1,200,22,True,False,False,True,True,INCREASED,DECREASED,NORMAL,4,0.53,CAUTION,"빈맥, 소화기 이상(구토 및 설사)"
CAT,5,4.5,39.6,131,49,False,False,False,False,False,DECREASED,NORMAL,NORMAL,0,0.51,CAUTION,"미열, 호흡 급증"
CAT,11,2.9,39.3,147,35,True,True,False,False,False,DECREASED,INCREASED,HIGH,6,0.51,CAUTION,"미열, 피부 징후"
CAT,5,3.7,40.9,207,34,True,False,False,False,True,NONE,NORMAL,NORMAL,2,1.0,DANGER,"고열, 빈맥"
CAT,14,3.5,39.5,123,29,True,False,False,False,False,INCREASED,NORMAL,LOW,3,0.32,WATCH,"미열, 피부 징후"
CAT,15,3.9,38.4,83,23,False,False,False,False,False,NORMAL,NORMAL,NORMAL,0,0.02,NORMAL,이상 없음(정상)
CAT,7,4.5,39.4,119,17,True,False,True,False,False,NORMAL,INCREASED,LOW,2,0.42,WATCH,"미열, 피부 징후"
CAT,7,3.3,39.9,147,62,False,True,True,True,True,DECREASED,DECREASED,LOW,2,1.0,DANGER,"미열, 호흡 급증"
CAT,10,2.6,38.5,112,37,True,False,False,False,False,NORMAL,DECREASED,NORMAL,1,0.16,NORMAL,이상 없음(정상)
CAT,7,3.9,39.5,93,36,False,False,False,True,True,DECREASED,NORMAL,NORMAL,4,0.56,CAUTION,"미열, 소화기 이상(구토 및 설사)"
DOG,15,3.9,40.4,170,34,False,False,False,True,True,NONE,DECREASED,LOW,1,1.0,DANGER,"고열, 빈맥"
CAT,4,6.7,39.6,141,35,False,True,False,False,False,DECREASED,DECREASED,LOW,6,0.53,CAUTION,"미열, 피부 징후"
CAT,13,2.5,38.4,79,24,False,True,False,True,False,NORMAL,NORMAL,NORMAL,6,0.41,WATCH,"구토, 피부 징후"
DOG,9,22.3,40.3,230,52,True,True,False,True,False,DECREASED,NORMAL,HIGH,5,1.0,DANGER,"고열, 빈맥"
CAT,9,5.9,38.6,98,29,True,True,False,False,True,DECREASED,DECREASED,LOW,5,0.4,WATCH,"설사, 피부 징후"
CAT,14,5.0,39.0,87,33,True,False,False,False,False,DECREASED,NORMAL,NORMAL,6,0.3,WATCH,"피부 징후, 식욕 감소"
CAT,5,2.6,38.5,145,22,False,False,False,False,False,NORMAL,INCREASED,HIGH,5,0.0,NORMAL,이상 없음(정상)
DOG,14,2.7,40.2,101,32,False,False,False,False,False,INCREASED,NORMAL,NORMAL,1,0.47,WATCH,고열
DOG,12,17.8,40.5,178,45,False,True,False,False,True,NONE,NORMAL,LOW,6,1.0,DANGER,"고열, 빈맥"
CAT,15,5.5,38.1,116,22,False,False,False,False,False,NORMAL,NORMAL,NORMAL,0,0.03,NORMAL,이상 없음(정상)
DOG,13,16.3,38.4,97,22,False,False,False,False,False,DECREASED,NORMAL,NORMAL,7,0.21,NORMAL,이상 없음(정상)
DOG,3,27.6,39.3,145,24,False,False,True,False,False,DECREASED,NORMAL,LOW,2,0.45,WATCH,"미열, 피부 징후"
DOG,7,14.8,38.4,134,24,False,False,False,True,False,INCREASED,DECREASED,NORMAL,6,0.3,WATCH,구토
CAT,7,7.8,40.5,158,28,False,False,False,True,False,DECREASED,NORMAL,LOW,4,0.73,CAUTION,"고열, 구토"
DOG,11,27.8,39.4,200,52,False,False,False,False,False,DECREASED,DECREASED,LOW,0,0.62,CAUTION,"미열, 빈맥"
CAT,4,5.3,37.6,75,21,False,False,False,False,False,NORMAL,NORMAL,NORMAL,0,0.05,NORMAL,이상 없음(정상)
DOG,4,20.1,39.6,145,22,False,False,False,True,True,DECREASED,DECREASED,HIGH,5,0.68,CAUTION,"미열, 소화기 이상(구토 및 설사)"
CAT,11,3.0,39.9,189,50,True,False,False,False,False,DECREASED,DECREASED,LOW,2,1.0,DANGER,"미열, 빈맥"
CAT,5,2.0,38.7,125,22,False,False,False,False,False,NORMAL,INCREASED,NORMAL,0,0.0,NORMAL,이상 없음(정상)
CAT,1,4.0,38.0,102,25,False,False,False,False,False,NORMAL,DECREASED,NORMAL,0,0.0,NORMAL,이상 없음(정상)
CAT,8,7.6,39.5,137,20,False,False,False,False,False,NORMAL,NORMAL,NORMAL,0,0.04,NORMAL,이상 없음(정상)
DOG,7,20.8,39.3,178,19,False,False,False,False,False,NORMAL,NORMAL,LOW,5,0.45,WATCH,"미열, 빈맥"
CAT,11,2.6,39.0,160,24,False,False,False,False,False,DECREASED,NORMAL,NORMAL,6,0.2,NORMAL,이상 없음(정상)
CAT,11,6.8,39.6,130,59,True,True,True,False,True,NONE,NORMAL,LOW,5,0.98,DANGER,"미열, 호흡 급증"
CAT,13,3.3,39.2,123,48,False,False,True,False,False,NONE,NORMAL,HIGH,4,0.73,CAUTION,"호흡 급증, 피부 징후"
CAT,7,7.6,39.9,192,54,True,True,True,True,True,DECREASED,DECREASED,LOW,3,1.0,DANGER,"미열, 빈맥"
DOG,15,6.3,40.2,121,36,False,True,True,False,False,NORMAL,NORMAL,LOW,2,0.68,CAUTION,"고열, 피부 징후"
DOG,10,22.2,39.9,188,48,True,True,False,False,False,NORMAL,DECREASED,LOW,2,0.88,DANGER,"미열, 빈맥"
DOG,8,3.6,39.3,138,27,True,True,False,True,False,DECREASED,INCREASED,NORMAL,0,0.67,CAUTION,"미열, 구토"
CAT,15,3.3,40.5,171,59,True,True,True,False,True,NONE,NORMAL,LOW,2,1.0,DANGER,"고열, 빈맥"
CAT,1,3.7,39.0,150,28,False,False,False,True,False,NORMAL,NORMAL,NORMAL,2,0.1,NORMAL,이상 없음(정상)
DOG,4,22.6,39.6,144,39,False,False,False,False,True,DECREASED,NORMAL,NORMAL,1,0.67,CAUTION,"미열, 설사"
DOG,5,15.2,39.5,130,42,False,False,False,True,True,NONE,NORMAL,LOW,2,1.0,DANGER,"미열, 호흡 급증"
DOG,12,12.5,40.0,182,37,True,False,True,True,False,DECREASED,DECREASED,NORMAL,5,1.0,DANGER,"고열, 빈맥"
CAT,5,5.1,40.2,139,51,False,True,False,True,True,NONE,DECREASED,LOW,6,1.0,DANGER,"고열, 호흡 급증"
CAT,11,6.6,39.8,198,48,True,True,False,True,True,NONE,NORMAL,LOW,7,1.0,DANGER,"미열, 빈맥"
DOG,11,16.7,39.2,136,29,False,True,False,False,False,INCREASED,NORMAL,LOW,3,0.3,WATCH,"피부 징후, 활동량 저하"
DOG,12,6.5,37.8,121,19,False,False,False,False,False,NORMAL,NORMAL,NORMAL,0,0.0,NORMAL,이상 없음(정상)
DOG,12,5.0,40.2,92,36,False,False,False,False,False,NORMAL,NORMAL,NORMAL,0,0.49,WATCH,고열
CAT,1,7.9,39.2,117,34,False,False,True,False,False,DECREASED,NORMAL,HIGH,4,0.3,WATCH,"피부 징후, 식욕 감소"
DOG,14,21.3,40.1,195,35,True,False,True,True,True,NONE,DECREASED,LOW,6,1.0,DANGER,"고열, 빈맥"
DOG,5,3.4,38.4,142,29,False,False,False,False,False,NORMAL,NORMAL,NORMAL,0,0.04,NORMAL,이상 없음(정상)
DOG,6,10.1,40.5,170,53,False,True,False,True,True,DECREASED,DECREASED,LOW,1,1.0,DANGER,"고열, 빈맥"
CAT,6,5.8,38.1,115,26,False,False,False,False,False,NORMAL,DECREASED,NORMAL,0,0.0,NORMAL,이상 없음(정상)
CAT,14,7.4,39.2,112,23,False,False,True,True,False,DECREASED,NORMAL,LOW,7,0.43,WATCH,"구토, 피부 징후"
DOG,2,25.1,39.3,97,22,False,False,False,False,True,NORMAL,NORMAL,NORMAL,0,0.43,WATCH,"미열, 설사"
CAT,10,7.4,37.9,114,23,False,False,False,False,True,NORMAL,NORMAL,NORMAL,5,0.09,NORMAL,이상 없음(정상)
CAT,1,3.5,40.0,190,48,True,True,False,True,True,INCREASED,DECREASED,LOW,4,1.0,DANGER,"고열, 빈맥"
CAT,12,3.7,40.3,130,66,True,True,False,True,False,DECREASED,DECREASED,LOW,7,1.0,DANGER,"고열, 호흡 급증"
DOG,4,19.2,38.1,126,32,False,False,False,False,True,NORMAL,NORMAL,NORMAL,0,0.06,NORMAL,이상 없음(정상)
CAT,10,7.5,39.9,119,38,True,False,False,True,True,INCREASED,NORMAL,NORMAL,3,0.62,CAUTION,"미열, 소화기 이상(구토 및 설사)"
CAT,9,3.2,39.4,142,48,False,False,True,False,False,NORMAL,NORMAL,LOW,6,0.74,CAUTION,"미열, 호흡 급증"
CAT,8,3.0,38.2,117,27,True,False,False,False,False,NORMAL,NORMAL,NORMAL,1,0.24,NORMAL,이상 없음(정상)
CAT,3,2.5,38.4,104,26,False,False,False,True,False,DECREASED,DECREASED,HIGH,3,0.35,WATCH,"구토, 식욕 감소"
CAT,13,4.3,39.8,164,30,True,True,False,False,False,NORMAL,INCREASED,HIGH,5,0.68,CAUTION,"미열, 빈맥"
CAT,15,6.6,39.7,146,40,True,False,True,False,True,NORMAL,DECREASED,NORMAL,1,0.67,CAUTION,"미열, 호흡 급증"
CAT,9,7.2,39.3,149,34,False,False,False,True,False,DECREASED,DECREASED,NORMAL,3,0.5,CAUTION,"미열, 구토"
CAT,15,3.7,38.6,75,10,False,False,False,False,True,NORMAL,DECREASED,NORMAL,0,0.13,NORMAL,이상 없음(정상)
DOG,10,17.0,38.6,121,12,False,False,False,True,False,NORMAL,NORMAL,NORMAL,2,0.22,NORMAL,이상 없음(정상)
DOG,9,22.8,39.1,104,19,False,False,False,False,False,NORMAL,NORMAL,HIGH,7,0.07,NORMAL,이상 없음(정상)
DOG,8,12.9,39.4,144,29,False,True,False,False,False,NORMAL,NORMAL,LOW,2,0.34,WATCH,"미열, 피부 징후"
CAT,5,3.7,38.8,75,26,False,False,False,False,True,DECREASED,DECREASED,LOW,2,0.3,WATCH,"설사, 식욕 감소"
DOG,14,25.3,37.9,101,10,False,False,False,False,True,NORMAL,NORMAL,NORMAL,0,0.13,NORMAL,이상 없음(정상)
CAT,8,4.9,40.1,144,47,False,True,False,True,True,NONE,NORMAL,LOW,2,1.0,DANGER,"고열, 호흡 급증"
DOG,6,12.6,39.0,105,22,False,False,False,False,False,DECREASED,NORMAL,NORMAL,1,0.0,NORMAL,이상 없음(정상)
CAT,4,6.8,38.7,142,20,False,False,True,False,False,DECREASED,NORMAL,NORMAL,5,0.36,WATCH,"피부 징후, 식욕 감소"
DOG,8,6.1,38.3,107,28,False,False,False,False,False,NORMAL,INCREASED,NORMAL,0,0.0,NORMAL,이상 없음(정상)
CAT,8,3.8,38.8,88,39,False,True,False,True,False,DECREASED,NORMAL,NORMAL,0,0.46,WATCH,"구토, 피부 징후"
DOG,3,13.5,39.1,144,18,False,False,False,False,False,NORMAL,NORMAL,NORMAL,0,0.0,NORMAL,이상 없음(정상)
DOG,6,5.6,39.1,147,42,False,False,False,True,False,NORMAL,INCREASED,LOW,6,0.43,WATCH,"호흡 급증, 구토"
CAT,12,2.5,38.5,130,27,False,False,False,False,False,INCREASED,NORMAL,LOW,7,0.05,NORMAL,이상 없음(정상)
DOG,6,23.8,38.2,118,13,False,False,True,False,False,DECREASED,NORMAL,NORMAL,7,0.26,NORMAL,이상 없음(정상)
CAT,12,6.0,40.4,139,55,False,False,False,True,True,NORMAL,NORMAL,NORMAL,2,1.0,DANGER,"고열, 호흡 급증"
DOG,14,6.0,38.2,75,13,False,False,False,False,False,NORMAL,INCREASED,NORMAL,0,0.03,NORMAL,이상 없음(정상)
CAT,13,3.0,39.2,153,43,False,False,False,True,False,NORMAL,NORMAL,LOW,3,0.57,CAUTION,"호흡 급증, 구토"
DOG,14,12.1,39.4,100,38,False,False,True,False,True,NORMAL,INCREASED,NORMAL,0,0.44,WATCH,"미열, 설사"
DOG,15,18.0,39.5,174,34,True,True,True,True,True,NONE,DECREASED,LOW,4,1.0,DANGER,"미열, 빈맥"
CAT,5,4.7,38.4,117,28,False,False,True,False,False,NORMAL,DECREASED,NORMAL,0,0.0,NORMAL,이상 없음(정상)
DOG,1,9.5,39.4,105,12,False,False,False,True,True,NORMAL,NORMAL,NORMAL,0,0.4,WATCH,"미열, 소화기 이상(구토 및 설사)"
DOG,11,13.9,40.5,186,39,False,True,False,True,True,DECREASED,DECREASED,NORMAL,3,1.0,DANGER,"고열, 빈맥"
DOG,10,29.6,39.5,136,39,True,True,False,False,True,DECREASED,DECREASED,LOW,0,0.56,CAUTION,"미열, 설사"
DOG,14,27.7,39.6,131,34,False,True,False,False,True,NONE,DECREASED,NORMAL,1,0.68,CAUTION,"미열, 설사"
DOG,8,13.8,39.4,118,31,False,False,False,False,True,NONE,DECREASED,LOW,2,0.64,CAUTION,"미열, 설사"
CAT,6,2.9,40.8,173,64,False,True,False,True,True,NONE,DECREASED,LOW,1,1.0,DANGER,"고열, 빈맥"
CAT,15,6.8,38.7,132,38,False,False,True,False,True,NORMAL,NORMAL,LOW,1,0.41,WATCH,"설사, 피부 징후"
CAT,6,6.5,39.7,140,35,False,False,True,False,False,NONE,DECREASED,LOW,3,0.66,CAUTION,"미열, 피부 징후"
CAT,9,7.8,40.1,149,51,False,True,False,True,False,NONE,NORMAL,LOW,2,1.0,DANGER,"고열, 호흡 급증"
DOG,5,10.0,38.7,94,33,False,True,False,False,False,DECREASED,NORMAL,NORMAL,7,0.27,NORMAL,이상 없음(정상)
CAT,1,4.5,38.9,147,32,False,False,False,True,True,DECREASED,DECREASED,LOW,0,0.62,CAUTION,"소화기 이상(구토 및 설사), 식욕 감소"
DOG,9,17.4,38.6,86,12,False,False,False,False,False,NORMAL,NORMAL,NORMAL,0,0.0,NORMAL,이상 없음(정상)
CAT,15,6.1,39.8,161,33,False,False,False,False,False,DECREASED,NORMAL,LOW,1,0.68,CAUTION,"미열, 빈맥"
CAT,6,2.7,39.4,146,43,False,False,False,False,True,NORMAL,INCREASED,NORMAL,7,0.69,CAUTION,"미열, 호흡 급증"
CAT,13,5.4,38.7,101,29,False,True,False,False,False,DECREASED,NORMAL,NORMAL,3,0.32,WATCH,"피부 징후, 식욕 감소"
DOG,3,28.7,38.1,98,37,False,False,False,False,False,NORMAL,DECREASED,NORMAL,0,0.0,NORMAL,이상 없음(정상)
DOG,11,11.1,39.2,199,26,True,True,True,False,False,DECREASED,NORMAL,LOW,2,0.54,CAUTION,"빈맥, 피부 징후"
CAT,13,4.2,38.1,115,23,True,False,False,False,False,NORMAL,NORMAL,NORMAL,6,0.13,NORMAL,이상 없음(정상)
CAT,2,5.5,38.7,117,19,False,True,False,False,False,NORMAL,NORMAL,NORMAL,0,0.08,NORMAL,이상 없음(정상)
DOG,6,17.7,38.9,110,19,True,True,False,False,False,DECREASED,NORMAL,NORMAL,6,0.35,WATCH,"피부 징후, 식욕 감소"
DOG,2,13.9,38.9,98,29,True,False,True,False,False,NORMAL,NORMAL,HIGH,6,0.22,NORMAL,이상 없음(정상)
DOG,13,18.5,40.8,172,55,True,True,False,True,False,DECREASED,NORMAL,LOW,0,1.0,DANGER,"고열, 빈맥"
DOG,10,3.8,38.4,107,18,False,False,False,False,True,NORMAL,NORMAL,NORMAL,6,0.05,NORMAL,이상 없음(정상)
DOG,6,16.4,39.9,174,43,False,False,True,True,False,DECREASED,DECREASED,HIGH,1,0.97,DANGER,"미열, 빈맥"
DOG,3,8.1,39.0,178,12,False,False,False,False,True,NORMAL,NORMAL,NORMAL,0,0.43,WATCH,"빈맥, 설사"
DOG,7,18.9,38.9,146,31,False,True,False,False,True,NONE,DECREASED,NORMAL,5,0.49,WATCH,"설사, 피부 징후"
CAT,9,4.9,40.0,149,36,True,True,False,False,True,NORMAL,DECREASED,NORMAL,5,0.7,CAUTION,"고열, 설사"
CAT,2,6.3,39.8,117,32,False,False,False,False,False,DECREASED,NORMAL,NORMAL,2,0.34,WATCH,"미열, 식욕 감소"
DOG,9,21.6,38.9,115,36,False,True,False,True,False,NORMAL,NORMAL,NORMAL,7,0.34,WATCH,"구토, 피부 징후"
CAT,4,2.3,38.9,112,27,False,False,False,False,False,NORMAL,NORMAL,NORMAL,0,0.03,NORMAL,이상 없음(정상)
CAT,14,8.0,40.2,163,53,True,True,True,False,True,NONE,DECREASED,LOW,3,1.0,DANGER,"고열, 빈맥"
CAT,13,6.2,39.2,93,25,False,False,False,False,False,NORMAL,NORMAL,NORMAL,0,0.0,NORMAL,이상 없음(정상)
CAT,1,6.0,38.4,122,22,False,True,False,False,False,NORMAL,INCREASED,LOW,2,0.37,WATCH,"피부 징후, 활동량 저하"
CAT,13,3.0,39.4,133,21,False,False,False,True,False,DECREASED,NORMAL,HIGH,5,0.49,WATCH,"미열, 구토"
DOG,5,16.8,37.9,101,31,False,False,False,False,False,NORMAL,NORMAL,NORMAL,0,0.0,NORMAL,이상 없음(정상)
CAT,9,5.5,39.7,154,39,False,True,True,True,False,DECREASED,NORMAL,LOW,1,0.69,CAUTION,"미열, 구토"
CAT,13,2.4,40.0,167,41,False,True,False,True,True,NORMAL,DECREASED,LOW,6,1.0,DANGER,"고열, 빈맥"
CAT,7,6.0,39.9,182,41,False,True,False,False,True,NONE,DECREASED,LOW,1,1.0,DANGER,"미열, 빈맥"
DOG,1,20.7,38.8,136,17,True,False,False,False,True,DECREASED,NORMAL,LOW,4,0.46,WATCH,"설사, 피부 징후"
DOG,11,13.6,37.7,101,20,False,False,False,False,False,NORMAL,INCREASED,NORMAL,0,0.01,NORMAL,이상 없음(정상)
CAT,12,5.9,38.3,114,23,False,False,False,False,False,NORMAL,NORMAL,HIGH,1,0.02,NORMAL,이상 없음(정상)
DOG,14,9.0,38.7,110,40,True,False,False,False,False,NORMAL,NORMAL,NORMAL,1,0.3,WATCH,"호흡 급증, 피부 징후"
CAT,5,3.1,39.9,175,36,True,False,False,False,True,NONE,NORMAL,LOW,1,1.0,DANGER,"미열, 빈맥"
CAT,11,4.5,40.5,135,55,True,False,False,False,False,NONE,DECREASED,LOW,2,1.0,DANGER,"고열, 호흡 급증"
CAT,1,2.7,39.6,122,39,False,True,True,True,True,DECREASED,NORMAL,LOW,2,0.73,CAUTION,"미열, 소화기 이상(구토 및 설사)"
CAT,13,2.3,39.3,131,33,False,False,False,False,False,NONE,NORMAL,LOW,5,0.53,CAUTION,"미열, 식욕 절폐"
CAT,6,4.3,38.9,105,32,False,False,False,False,False,NORMAL,NORMAL,NORMAL,0,0.0,NORMAL,이상 없음(정상)
CAT,14,5.7,38.8,123,21,False,False,False,False,False,NORMAL,NORMAL,HIGH,3,0.0,NORMAL,이상 없음(정상)
DOG,11,12.4,39.6,140,41,True,False,False,False,True,DECREASED,DECREASED,NORMAL,5,0.73,CAUTION,"미열, 호흡 급증"
DOG,8,24.6,40.0,185,54,True,True,True,False,True,DECREASED,DECREASED,LOW,0,1.0,DANGER,"고열, 빈맥"
CAT,9,5.7,39.3,153,33,False,False,False,False,True,NORMAL,NORMAL,NORMAL,6,0.35,WATCH,"미열, 설사"
CAT,7,4.2,40.4,197,41,True,True,False,True,False,DECREASED,DECREASED,LOW,5,1.0,DANGER,"고열, 빈맥"
CAT,1,3.4,38.7,69,15,False,True,False,False,False,NORMAL,NORMAL,NORMAL,0,0.0,NORMAL,이상 없음(정상)
DOG,13,15.8,38.1,103,23,False,False,False,False,False,NORMAL,NORMAL,NORMAL,0,0.08,NORMAL,이상 없음(정상)
CAT,11,4.2,38.1,91,34,False,False,False,False,False,NORMAL,NORMAL,HIGH,4,0.0,NORMAL,이상 없음(정상)
DOG,9,5.6,38.7,139,24,False,True,True,False,False,NONE,INCREASED,LOW,4,0.53,CAUTION,"피부 징후, 식욕 절폐"
CAT,14,7.4,38.6,98,18,False,False,False,False,False,NORMAL,NORMAL,LOW,1,0.19,NORMAL,이상 없음(정상)
DOG,13,21.4,40.5,130,59,False,True,False,False,True,DECREASED,DECREASED,LOW,7,1.0,DANGER,"고열, 호흡 급증"
DOG,14,5.2,38.7,111,44,False,False,False,True,True,DECREASED,NORMAL,NORMAL,2,0.56,CAUTION,"호흡 급증, 소화기 이상(구토 및 설사)"
DOG,12,12.2,39.7,118,40,True,True,False,False,False,NORMAL,DECREASED,LOW,1,0.69,CAUTION,"미열, 호흡 급증"
CAT,8,7.3,38.3,88,10,False,False,False,False,False,NORMAL,NORMAL,NORMAL,0,0.01,NORMAL,이상 없음(정상)
DOG,4,18.0,39.8,125,34,False,False,False,False,True,NORMAL,NORMAL,LOW,7,0.57,CAUTION,"미열, 설사"
CAT,5,5.4,40.1,181,58,True,False,False,True,True,NONE,DECREASED,LOW,7,1.0,DANGER,"고열, 빈맥"
DOG,3,12.3,39.7,144,30,True,False,False,False,True,DECREASED,NORMAL,NORMAL,7,0.65,CAUTION,"미열, 설사"
CAT,9,4.6,40.1,130,52,True,True,False,True,False,DECREASED,NORMAL,HIGH,0,1.0,DANGER,"고열, 호흡 급증"
CAT,4,6.4,37.9,82,10,True,False,False,False,False,NORMAL,NORMAL,NORMAL,1,0.11,NORMAL,이상 없음(정상)
DOG,11,8.6,40.1,134,40,True,False,False,True,True,DECREASED,DECREASED,LOW,4,1.0,DANGER,"고열, 호흡 급증"
CAT,1,3.0,39.0,158,14,True,False,True,True,False,NORMAL,INCREASED,NORMAL,3,0.33,WATCH,"구토, 피부 징후"
CAT,8,7.3,38.7,89,23,False,False,False,False,False,NORMAL,NORMAL,NORMAL,0,0.0,NORMAL,이상 없음(정상)
DOG,8,13.3,38.9,163,27,False,True,False,False,True,NORMAL,INCREASED,NORMAL,3,0.44,WATCH,"빈맥, 설사"
CAT,1,2.8,38.5,132,26,True,True,False,False,True,NORMAL,NORMAL,NORMAL,6,0.31,WATCH,"설사, 피부 징후"
CAT,4,2.6,39.9,137,52,True,False,False,True,True,NONE,NORMAL,LOW,0,1.0,DANGER,"미열, 호흡 급증"
DOG,3,25.7,38.9,115,30,False,True,False,False,False,NORMAL,NORMAL,NORMAL,0,0.14,NORMAL,이상 없음(정상)
DOG,4,16.1,39.3,107,20,True,False,False,False,True,NORMAL,NORMAL,NORMAL,3,0.41,WATCH,"미열, 설사"
DOG,3,26.5,38.8,142,26,False,False,False,False,False,INCREASED,NORMAL,NORMAL,1,0.04,NORMAL,이상 없음(정상)
CAT,1,2.3,39.6,142,46,False,False,False,False,True,NORMAL,DECREASED,LOW,7,0.69,CAUTION,"미열, 호흡 급증"
CAT,2,2.6,41.0,150,56,False,False,False,True,False,NONE,NORMAL,LOW,0,1.0,DANGER,"고열, 호흡 급증"
CAT,12,7.1,38.9,131,27,True,True,False,False,False,DECREASED,NORMAL,LOW,6,0.31,WATCH,"피부 징후, 식욕 감소"
CAT,7,5.8,39.0,162,32,False,True,False,False,True,NORMAL,NORMAL,NORMAL,5,0.58,CAUTION,"빈맥, 설사"
CAT,8,7.3,38.1,127,16,False,False,False,False,False,NORMAL,NORMAL,NORMAL,0,0.04,NORMAL,이상 없음(정상)
CAT,14,7.9,38.9,178,46,False,False,False,False,False,NORMAL,DECREASED,NORMAL,0,0.42,WATCH,"빈맥, 호흡 급증"
DOG,5,10.8,39.8,143,58,True,False,True,False,True,NONE,DECREASED,LOW,1,1.0,DANGER,"미열, 호흡 급증"
CAT,2,2.4,39.1,87,24,False,True,False,False,True,NORMAL,INCREASED,LOW,6,0.41,WATCH,"설사, 피부 징후"
DOG,7,25.5,38.9,95,16,True,True,False,False,False,NORMAL,NORMAL,LOW,6,0.26,NORMAL,이상 없음(정상)
DOG,8,22.4,39.5,205,52,True,True,False,False,True,NONE,DECREASED,LOW,3,1.0,DANGER,"미열, 빈맥"
DOG,14,11.8,39.9,166,46,False,True,False,True,False,DECREASED,DECREASED,LOW,5,1.0,DANGER,"미열, 빈맥"
DOG,6,5.6,39.9,175,44,False,False,False,True,True,DECREASED,NORMAL,LOW,3,1.0,DANGER,"미열, 빈맥"
CAT,4,7.1,39.4,82,12,False,False,False,True,False,NORMAL,NORMAL,NORMAL,3,0.34,WATCH,"미열, 구토"
CAT,12,3.7,38.7,105,28,False,False,False,False,False,NORMAL,DECREASED,NORMAL,0,0.06,NORMAL,이상 없음(정상)
CAT,7,2.1,39.1,108,20,False,False,False,False,False,NORMAL,NORMAL,NORMAL,0,0.06,NORMAL,이상 없음(정상)
DOG,5,19.5,38.9,106,21,False,False,False,False,False,NORMAL,NORMAL,NORMAL,0,0.0,NORMAL,이상 없음(정상)
DOG,3,19.2,38.3,90,29,False,False,False,False,False,DECREASED,DECREASED,HIGH,5,0.09,NORMAL,이상 없음(정상)
DOG,3,17.8,37.2,103,15,False,False,False,False,False,NORMAL,NORMAL,NORMAL,0,0.0,NORMAL,이상 없음(정상)
CAT,14,2.8,38.6,183,35,True,False,False,False,False,DECREASED,NORMAL,LOW,6,0.51,CAUTION,"빈맥, 피부 징후"
DOG,11,5.5,37.3,96,10,False,False,False,False,False,NORMAL,NORMAL,NORMAL,0,0.02,NORMAL,이상 없음(정상)
CAT,15,6.0,39.3,110,20,True,False,False,False,False,DECREASED,NORMAL,NORMAL,1,0.39,WATCH,"미열, 피부 징후"
CAT,1,3.4,39.0,130,33,False,False,False,False,True,NORMAL,NORMAL,NORMAL,1,0.2,NORMAL,이상 없음(정상)
CAT,3,7.4,38.1,78,20,False,False,False,False,False,NORMAL,NORMAL,NORMAL,0,0.0,NORMAL,이상 없음(정상)
CAT,13,5.6,39.5,130,55,True,True,False,True,True,DECREASED,DECREASED,LOW,0,1.0,DANGER,"미열, 호흡 급증"
DOG,11,17.6,39.1,68,36,False,False,False,False,False,NORMAL,NORMAL,LOW,7,0.15,NORMAL,이상 없음(정상)
CAT,7,5.4,39.4,103,12,True,False,False,False,False,DECREASED,NORMAL,LOW,1,0.43,WATCH,"미열, 피부 징후"
DOG,10,8.2,38.6,160,26,False,False,False,False,False,NORMAL,NORMAL,NORMAL,0,0.17,NORMAL,이상 없음(정상)
DOG,9,7.2,38.5,151,38,False,False,True,True,True,NORMAL,NORMAL,LOW,4,0.51,CAUTION,"소화기 이상(구토 및 설사), 피부 징후"
DOG,3,27.2,38.4,118,15,False,False,False,False,False,NORMAL,NORMAL,NORMAL,0,0.0,NORMAL,이상 없음(정상)
DOG,2,22.1,38.6,117,28,False,True,False,True,False,DECREASED,INCREASED,NORMAL,6,0.44,WATCH,"구토, 피부 징후"
CAT,1,2.5,38.7,56,29,False,False,False,False,False,NORMAL,INCREASED,NORMAL,0,0.04,NORMAL,이상 없음(정상)
DOG,5,3.9,39.2,107,23,True,False,True,True,False,DECREASED,NORMAL,HIGH,2,0.42,WATCH,"구토, 피부 징후"
CAT,4,7.2,38.2,114,18,False,False,False,False,False,DECREASED,NORMAL,NORMAL,7,0.05,NORMAL,이상 없음(정상)
CAT,10,3.0,39.1,131,33,True,False,False,True,True,DECREASED,NORMAL,NORMAL,3,0.51,CAUTION,"소화기 이상(구토 및 설사), 피부 징후"
CAT,10,4.6,38.6,60,19,False,True,False,False,True,DECREASED,NORMAL,LOW,7,0.42,WATCH,"설사, 피부 징후"
CAT,14,7.2,40.0,165,45,True,True,False,False,True,DECREASED,DECREASED,LOW,2,1.0,DANGER,"고열, 빈맥"
CAT,7,3.2,40.0,178,59,True,False,True,True,True,NONE,NORMAL,LOW,3,1.0,DANGER,"고열, 빈맥"
CAT,7,5.9,40.8,175,47,False,False,False,False,True,NONE,NORMAL,LOW,4,1.0,DANGER,"고열, 빈맥"
DOG,15,11.4,39.7,131,29,False,False,True,False,True,NORMAL,NORMAL,LOW,0,0.5,CAUTION,"미열, 설사"
CAT,14,6.7,39.5,161,12,False,False,False,False,False,NORMAL,NORMAL,LOW,0,0.44,WATCH,"미열, 빈맥"
DOG,13,9.6,38.9,180,22,True,False,True,False,True,INCREASED,NORMAL,NORMAL,6,0.52,CAUTION,"빈맥, 설사"
CAT,15,4.6,38.9,117,41,False,False,False,True,False,NORMAL,DECREASED,NORMAL,4,0.44,WATCH,"호흡 급증, 구토"
CAT,3,3.3,40.4,177,51,False,True,False,True,True,NORMAL,NORMAL,LOW,3,1.0,DANGER,"고열, 빈맥"
CAT,7,4.2,39.3,137,34,False,True,False,False,True,DECREASED,DECREASED,NORMAL,4,0.7,CAUTION,"미열, 설사"
CAT,13,2.1,38.1,105,13,False,False,False,False,False,NORMAL,INCREASED,NORMAL,0,0.09,NORMAL,이상 없음(정상)
CAT,13,7.7,39.4,135,33,False,False,False,True,False,NORMAL,NORMAL,NORMAL,5,0.3,WATCH,"미열, 구토"
CAT,9,6.9,38.7,116,30,True,False,False,False,False,DECREASED,NORMAL,LOW,7,0.38,WATCH,"피부 징후, 식욕 감소"
CAT,3,6.1,39.5,123,24,True,True,False,True,False,DECREASED,INCREASED,NORMAL,1,0.67,CAUTION,"미열, 구토"
DOG,6,14.5,37.9,85,26,False,False,False,False,False,NORMAL,NORMAL,NORMAL,0,0.08,NORMAL,이상 없음(정상)
DOG,7,17.4,38.5,122,19,False,False,False,False,True,NORMAL,NORMAL,NORMAL,1,0.0,NORMAL,이상 없음(정상)
DOG,5,21.3,39.0,167,25,False,False,False,False,False,DECREASED,NORMAL,LOW,2,0.41,WATCH,"빈맥, 식욕 감소"
CAT,12,4.8,41.4,197,59,True,True,True,True,True,NONE,NORMAL,LOW,2,1.0,DANGER,"고열, 빈맥"
CAT,10,5.0,39.5,182,34,False,False,False,True,False,DECREASED,NORMAL,NORMAL,5,0.71,CAUTION,"미열, 빈맥"
DOG,15,3.1,39.7,186,34,True,False,False,False,False,NORMAL,NORMAL,LOW,2,0.57,CAUTION,"미열, 빈맥"
DOG,7,2.9,38.7,128,38,True,False,False,False,False,DECREASED,NORMAL,LOW,1,0.3,WATCH,"피부 징후, 식욕 감소"
DOG,1,3.7,37.9,111,18,True,False,False,False,False,NORMAL,NORMAL,NORMAL,3,0.19,NORMAL,이상 없음(정상)
DOG,12,4.9,39.4,155,34,False,False,False,True,False,NORMAL,NORMAL,LOW,3,0.42,WATCH,"미열, 구토"
CAT,3,5.8,37.9,124,26,False,False,False,False,False,NORMAL,NORMAL,HIGH,3,0.0,NORMAL,이상 없음(정상)
CAT,1,6.1,39.7,104,32,False,False,False,False,False,NORMAL,NORMAL,HIGH,6,0.11,NORMAL,이상 없음(정상)
CAT,8,6.1,40.7,187,38,False,True,False,False,False,DECREASED,NORMAL,LOW,6,0.93,DANGER,"고열, 빈맥"
CAT,2,2.5,38.8,178,32,False,False,False,False,False,DECREASED,DECREASED,NORMAL,6,0.35,WATCH,"빈맥, 식욕 감소"
CAT,11,2.4,38.9,94,29,False,False,False,True,False,NORMAL,INCREASED,HIGH,4,0.13,NORMAL,이상 없음(정상)
DOG,3,19.0,38.4,106,12,False,False,False,False,False,NORMAL,NORMAL,LOW,2,0.06,NORMAL,이상 없음(정상)
CAT,7,6.2,38.6,137,28,False,False,False,True,True,NORMAL,NORMAL,NORMAL,3,0.44,WATCH,소화기 이상(구토 및 설사)
CAT,4,6.1,38.5,125,43,False,False,True,False,False,NORMAL,NORMAL,NORMAL,0,0.39,WATCH,"호흡 급증, 피부 징후"
DOG,10,17.9,38.6,106,31,False,False,False,False,False,NORMAL,NORMAL,HIGH,1,0.0,NORMAL,이상 없음(정상)
CAT,2,2.2,39.0,126,27,False,False,False,True,True,DECREASED,NORMAL,NORMAL,1,0.37,WATCH,"소화기 이상(구토 및 설사), 식욕 감소"
CAT,9,2.4,40.0,209,59,False,True,False,True,False,NONE,DECREASED,LOW,2,1.0,DANGER,"고열, 빈맥"
CAT,8,4.5,38.0,102,13,False,True,True,True,False,NORMAL,NORMAL,HIGH,6,0.35,WATCH,"구토, 피부 징후"
CAT,3,6.5,38.0,87,21,False,False,True,False,False,NORMAL,NORMAL,NORMAL,0,0.04,NORMAL,이상 없음(정상)
CAT,15,6.3,40.7,200,46,True,False,True,True,True,DECREASED,DECREASED,LOW,3,1.0,DANGER,"고열, 빈맥"
DOG,3,14.5,38.4,77,15,False,False,False,True,True,NORMAL,NORMAL,NORMAL,7,0.27,NORMAL,이상 없음(정상)
DOG,2,19.9,38.1,97,21,False,True,False,False,False,NORMAL,NORMAL,NORMAL,0,0.03,NORMAL,이상 없음(정상)
CAT,12,7.5,37.8,140,37,False,False,True,True,False,DECREASED,NORMAL,NORMAL,1,0.39,WATCH,"구토, 피부 징후"
DOG,12,6.6,40.2,202,34,True,False,False,False,False,NONE,DECREASED,LOW,2,0.99,DANGER,"고열, 빈맥"
CAT,1,4.4,38.1,104,28,False,False,False,False,False,NORMAL,NORMAL,NORMAL,0,0.04,NORMAL,이상 없음(정상)
CAT,1,6.3,40.4,178,47,True,True,False,True,True,NONE,DECREASED,LOW,1,1.0,DANGER,"고열, 빈맥"
CAT,10,6.8,40.5,167,34,True,True,False,False,True,NONE,DECREASED,LOW,1,1.0,DANGER,"고열, 빈맥"
CAT,4,7.1,39.4,123,33,True,False,False,False,False,DECREASED,NORMAL,NORMAL,5,0.34,WATCH,"미열, 피부 징후"
DOG,4,8.1,38.2,123,17,False,False,False,True,False,NORMAL,NORMAL,LOW,6,0.16,NORMAL,이상 없음(정상)
DOG,4,12.3,40.5,151,49,False,True,True,False,False,DECREASED,DECREASED,NORMAL,6,0.69,CAUTION,"고열, 호흡 급증"
CAT,10,3.8,39.9,171,34,False,False,False,False,False,DECREASED,NORMAL,NORMAL,4,0.47,WATCH,"미열, 빈맥"
DOG,14,18.4,38.7,135,20,True,False,False,False,False,DECREASED,NORMAL,HIGH,4,0.39,WATCH,"피부 징후, 식욕 감소"
DOG,10,3.4,39.1,117,25,False,False,False,False,False,NORMAL,DECREASED,NORMAL,0,0.03,NORMAL,이상 없음(정상)
CAT,6,6.0,39.6,147,46,False,False,False,False,True,DECREASED,INCREASED,LOW,4,0.72,CAUTION,"미열, 호흡 급증"
DOG,15,11.9,38.7,107,34,False,True,False,True,False,NORMAL,NORMAL,NORMAL,0,0.36,WATCH,"구토, 피부 징후"
DOG,12,10.1,38.4,85,32,False,True,False,True,False,NORMAL,DECREASED,NORMAL,4,0.41,WATCH,"구토, 피부 징후"
CAT,2,4.2,39.0,158,27,False,False,False,True,True,NORMAL,DECREASED,NORMAL,4,0.35,WATCH,소화기 이상(구토 및 설사)
CAT,1,4.1,38.7,151,24,False,False,False,True,False,NORMAL,NORMAL,LOW,0,0.32,WATCH,"구토, 활동량 저하"
DOG,14,14.9,38.5,104,36,True,False,False,True,False,DECREASED,DECREASED,LOW,4,0.69,CAUTION,"구토, 피부 징후"
CAT,9,2.5,38.4,114,23,False,False,False,False,False,NORMAL,NORMAL,NORMAL,0,0.01,NORMAL,이상 없음(정상)
CAT,2,6.5,38.1,136,14,True,False,False,False,False,NORMAL,NORMAL,NORMAL,2,0.05,NORMAL,이상 없음(정상)
DOG,6,12.8,38.2,161,12,False,False,False,True,False,NORMAL,DECREASED,NORMAL,1,0.34,WATCH,"빈맥, 구토"
DOG,13,20.4,39.7,154,30,False,False,False,True,True,NORMAL,NORMAL,LOW,3,0.6,CAUTION,"미열, 소화기 이상(구토 및 설사)"
CAT,2,7.6,38.5,121,24,False,True,False,False,True,NORMAL,DECREASED,HIGH,1,0.31,WATCH,"설사, 피부 징후"
DOG,10,7.8,39.1,96,29,True,True,False,False,True,DECREASED,NORMAL,LOW,1,0.56,CAUTION,"설사, 피부 징후"
DOG,7,28.3,39.0,53,28,False,False,False,False,True,NORMAL,NORMAL,LOW,2,0.29,NORMAL,이상 없음(정상)
CAT,15,3.1,40.0,140,36,True,True,False,True,True,DECREASED,INCREASED,LOW,4,1.0,DANGER,"고열, 소화기 이상(구토 및 설사)"
CAT,4,4.8,40.2,208,61,False,False,False,True,False,NONE,DECREASED,LOW,0,1.0,DANGER,"고열, 빈맥"
DOG,9,23.8,40.9,182,56,True,False,False,False,True,NORMAL,NORMAL,LOW,6,1.0,DANGER,"고열, 빈맥"
DOG,7,8.5,40.6,143,42,True,False,False,False,True,DECREASED,DECREASED,LOW,3,1.0,DANGER,"고열, 호흡 급증"
CAT,9,3.6,39.5,114,34,False,True,False,False,True,NORMAL,NORMAL,LOW,2,0.65,CAUTION,"미열, 설사"
DOG,7,22.9,39.9,159,45,False,False,False,False,False,NORMAL,NORMAL,LOW,5,0.72,CAUTION,"미열, 호흡 급증"
DOG,8,22.8,40.3,133,30,False,False,True,False,False,NORMAL,INCREASED,LOW,5,0.59,CAUTION,"고열, 피부 징후"
DOG,13,27.5,38.3,132,20,False,False,False,False,True,NORMAL,DECREASED,HIGH,7,0.18,NORMAL,이상 없음(정상)
CAT,15,4.3,40.6,149,44,True,True,False,False,True,DECREASED,DECREASED,LOW,0,1.0,DANGER,"고열, 호흡 급증"
CAT,14,3.5,39.0,138,21,False,True,False,False,True,NORMAL,NORMAL,LOW,2,0.45,WATCH,"설사, 피부 징후"
CAT,1,4.9,39.1,116,45,False,False,False,False,False,DECREASED,DECREASED,LOW,5,0.58,CAUTION,"호흡 급증, 식욕 감소"
CAT,8,2.9,39.0,141,36,True,False,False,False,True,NONE,NORMAL,LOW,3,0.59,CAUTION,"설사, 피부 징후"
DOG,6,21.2,39.3,156,37,True,True,False,False,False,DECREASED,DECREASED,LOW,6,0.64,CAUTION,"미열, 피부 징후"
CAT,6,7.9,39.8,104,15,True,False,False,False,False,NORMAL,NORMAL,LOW,3,0.41,WATCH,"미열, 피부 징후"
DOG,5,10.5,38.8,96,24,False,True,False,False,False,DECREASED,NORMAL,NORMAL,7,0.36,WATCH,"피부 징후, 식욕 감소"
DOG,4,26.2,38.9,98,19,False,False,False,False,True,NORMAL,NORMAL,LOW,3,0.19,NORMAL,이상 없음(정상)
DOG,10,22.2,37.9,114,32,True,False,False,False,False,NORMAL,NORMAL,NORMAL,6,0.1,NORMAL,이상 없음(정상)
CAT,9,3.7,37.4,122,29,False,False,False,False,True,NORMAL,NORMAL,NORMAL,2,0.22,NORMAL,이상 없음(정상)
CAT,15,6.1,40.1,200,54,True,False,True,False,True,NONE,NORMAL,LOW,6,1.0,DANGER,"고열, 빈맥"
CAT,10,5.4,39.0,107,30,True,False,False,False,False,DECREASED,NORMAL,LOW,4,0.5,CAUTION,"피부 징후, 식욕 감소"
CAT,15,2.1,39.3,200,23,False,False,False,True,False,NORMAL,NORMAL,LOW,0,0.73,CAUTION,"미열, 빈맥"
CAT,7,2.3,38.7,99,27,False,False,False,False,False,DECREASED,NORMAL,NORMAL,7,0.0,NORMAL,이상 없음(정상)
DOG,2,13.3,39.2,120,20,False,False,True,True,False,DECREASED,NORMAL,NORMAL,0,0.43,WATCH,"구토, 피부 징후"
CAT,13,7.2,39.0,115,24,True,False,False,False,True,DECREASED,NORMAL,LOW,3,0.52,CAUTION,"설사, 피부 징후"
DOG,1,7.6,39.1,145,43,True,False,True,False,False,DECREASED,INCREASED,LOW,6,0.69,CAUTION,"호흡 급증, 피부 징후"
DOG,14,13.1,38.4,99,17,False,False,False,False,True,NORMAL,NORMAL,NORMAL,6,0.2,NORMAL,이상 없음(정상)
CAT,4,6.9,38.9,124,15,False,True,False,True,False,NORMAL,NORMAL,NORMAL,1,0.3,WATCH,"구토, 피부 징후"
CAT,14,2.4,39.9,161,61,True,True,False,True,True,NONE,DECREASED,LOW,1,1.0,DANGER,"미열, 빈맥"
CAT,8,4.1,38.1,73,25,False,False,False,False,False,DECREASED,NORMAL,NORMAL,2,0.07,NORMAL,이상 없음(정상)
DOG,14,3.9,39.2,102,17,True,False,False,True,False,DECREASED,NORMAL,NORMAL,7,0.38,WATCH,"구토, 피부 징후"
CAT,6,4.1,38.7,109,21,False,False,True,False,False,NORMAL,NORMAL,NORMAL,0,0.06,NORMAL,이상 없음(정상)
CAT,1,6.3,39.1,122,37,False,False,False,False,False,NORMAL,NORMAL,LOW,6,0.0,NORMAL,이상 없음(정상)
DOG,10,26.1,39.2,104,24,False,False,False,True,True,NORMAL,DECREASED,LOW,1,0.48,WATCH,"소화기 이상(구토 및 설사), 활동량 저하"
CAT,15,5.2,40.3,131,57,True,True,True,True,True,NORMAL,DECREASED,LOW,5,1.0,DANGER,"고열, 호흡 급증"
CAT,1,3.2,38.1,131,22,False,False,False,False,False,NORMAL,INCREASED,HIGH,4,0.0,NORMAL,이상 없음(정상)
DOG,12,6.6,38.0,70,34,False,False,False,False,False,NORMAL,INCREASED,LOW,6,0.04,NORMAL,이상 없음(정상)
CAT,6,4.2,40.0,149,58,True,True,False,True,False,NONE,DECREASED,LOW,5,1.0,DANGER,"고열, 호흡 급증"
DOG,11,10.3,39.2,102,23,False,False,False,True,True,NORMAL,DECREASED,NORMAL,3,0.38,WATCH,소화기 이상(구토 및 설사)
CAT,3,7.7,39.7,120,46,True,False,True,False,False,DECREASED,DECREASED,LOW,4,0.73,CAUTION,"미열, 호흡 급증"
DOG,14,8.7,39.9,189,56,True,True,False,True,True,NONE,NORMAL,LOW,2,1.0,DANGER,"미열, 빈맥"
CAT,12,5.8,39.7,127,55,False,False,False,False,True,NORMAL,DECREASED,LOW,7,0.72,CAUTION,"미열, 호흡 급증"
DOG,14,14.3,38.9,75,12,True,True,False,True,False,NORMAL,NORMAL,NORMAL,3,0.3,WATCH,"구토, 피부 징후"
CAT,15,6.5,38.5,61,13,False,False,False,True,False,NORMAL,NORMAL,HIGH,7,0.23,NORMAL,이상 없음(정상)
CAT,12,4.8,38.9,129,36,True,False,False,True,False,NORMAL,INCREASED,NORMAL,2,0.35,WATCH,"구토, 피부 징후"
DOG,11,27.7,39.0,170,26,False,True,False,False,False,NORMAL,INCREASED,LOW,7,0.3,WATCH,"빈맥, 피부 징후"
CAT,14,7.8,39.7,120,44,False,False,False,False,False,DECREASED,NORMAL,LOW,6,0.72,CAUTION,"미열, 호흡 급증"
DOG,15,15.7,38.5,98,29,False,False,False,False,False,INCREASED,NORMAL,NORMAL,2,0.0,NORMAL,이상 없음(정상)
CAT,1,2.1,40.4,219,59,False,False,True,True,True,INCREASED,DECREASED,LOW,4,1.0,DANGER,"고열, 빈맥"
CAT,8,6.1,39.1,116,10,True,False,False,False,False,DECREASED,NORMAL,NORMAL,0,0.21,NORMAL,이상 없음(정상)
CAT,13,3.3,39.0,200,37,True,False,False,False,True,DECREASED,DECREASED,NORMAL,2,0.62,CAUTION,"빈맥, 설사"
DOG,6,18.4,38.3,73,21,True,False,False,False,False,NORMAL,INCREASED,NORMAL,6,0.19,NORMAL,이상 없음(정상)
DOG,12,23.9,38.3,98,31,False,False,False,False,False,NORMAL,NORMAL,NORMAL,0,0.0,NORMAL,이상 없음(정상)
CAT,15,4.6,39.6,137,38,True,True,False,True,True,DECREASED,DECREASED,NORMAL,5,0.85,DANGER,"미열, 소화기 이상(구토 및 설사)"
DOG,9,11.5,38.7,82,31,True,False,False,False,True,NORMAL,NORMAL,NORMAL,5,0.32,WATCH,"설사, 피부 징후"
CAT,3,5.7,38.2,93,30,False,False,False,False,False,NORMAL,NORMAL,NORMAL,0,0.0,NORMAL,이상 없음(정상)
DOG,12,18.1,38.5,135,25,False,False,False,False,False,NORMAL,NORMAL,NORMAL,0,0.0,NORMAL,이상 없음(정상)
DOG,15,15.8,39.8,131,35,True,False,True,False,False,DECREASED,NORMAL,LOW,6,0.59,CAUTION,"미열, 피부 징후"
CAT,2,2.1,39.4,103,29,True,True,False,False,True,NORMAL,NORMAL,NORMAL,0,0.43,WATCH,"미열, 설사"
CAT,14,2.2,39.0,123,19,False,False,False,False,False,NORMAL,INCREASED,NORMAL,0,0.0,NORMAL,이상 없음(정상)
CAT,10,7.5,39.9,167,33,False,False,False,False,True,DECREASED,NORMAL,NORMAL,4,0.7,CAUTION,"미열, 빈맥"
CAT,10,2.7,38.8,134,44,False,True,False,False,False,DECREASED,NORMAL,NORMAL,2,0.45,WATCH,"호흡 급증, 피부 징후"
CAT,8,4.6,38.1,80,26,False,False,True,False,True,NORMAL,NORMAL,HIGH,3,0.2,NORMAL,이상 없음(정상)
CAT,10,5.5,40.4,134,48,True,False,True,False,False,NONE,NORMAL,NORMAL,6,1.0,DANGER,"고열, 호흡 급증"
CAT,13,4.7,40.1,133,54,True,True,False,True,True,DECREASED,DECREASED,NORMAL,2,1.0,DANGER,"고열, 호흡 급증"
DOG,15,16.7,39.4,116,20,True,False,False,False,False,NORMAL,DECREASED,NORMAL,5,0.39,WATCH,"미열, 피부 징후"
CAT,1,7.9,38.2,98,25,False,False,False,False,False,NORMAL,NORMAL,NORMAL,0,0.0,NORMAL,이상 없음(정상)
DOG,9,14.9,39.4,138,27,False,False,False,False,True,NORMAL,NORMAL,NORMAL,7,0.43,WATCH,"미열, 설사"
CAT,12,2.8,37.9,83,19,False,False,False,False,False,NORMAL,NORMAL,NORMAL,0,0.0,NORMAL,이상 없음(정상)
CAT,6,4.9,38.6,119,35,False,False,False,False,True,DECREASED,NORMAL,HIGH,6,0.09,NORMAL,이상 없음(정상)
CAT,6,2.8,38.7,107,19,True,False,False,False,False,NORMAL,NORMAL,NORMAL,7,0.25,NORMAL,이상 없음(정상)
DOG,11,20.2,38.1,116,24,False,False,False,False,False,NORMAL,NORMAL,NORMAL,0,0.0,NORMAL,이상 없음(정상)
CAT,9,4.7,38.5,94,38,False,False,False,True,True,NORMAL,DECREASED,LOW,3,0.49,WATCH,"소화기 이상(구토 및 설사), 활동량 저하"
DOG,2,27.6,38.1,74,26,False,False,False,False,False,NORMAL,DECREASED,NORMAL,0,0.06,NORMAL,이상 없음(정상)
DOG,4,28.1,37.5,75,27,False,False,False,False,False,NORMAL,NORMAL,NORMAL,0,0.0,NORMAL,이상 없음(정상)
CAT,11,4.6,38.8,147,39,False,True,False,True,False,NORMAL,NORMAL,LOW,4,0.34,WATCH,"구토, 피부 징후"
DOG,7,21.3,39.9,178,60,False,False,True,True,False,NONE,NORMAL,LOW,3,1.0,DANGER,"미열, 빈맥"
CAT,1,7.0,40.6,141,41,False,True,False,True,True,NONE,NORMAL,LOW,7,1.0,DANGER,"고열, 호흡 급증"
DOG,14,14.9,40.1,197,49,False,False,True,False,True,NONE,DECREASED,LOW,1,1.0,DANGER,"고열, 빈맥"
DOG,15,4.7,38.6,155,56,False,False,False,False,True,DECREASED,NORMAL,LOW,6,0.57,CAUTION,"호흡 급증, 설사"
DOG,14,25.6,39.3,143,29,False,True,False,False,True,DECREASED,NORMAL,NORMAL,2,0.64,CAUTION,"미열, 설사"
DOG,15,17.8,39.4,130,26,False,False,False,False,True,NORMAL,NORMAL,LOW,5,0.45,WATCH,"미열, 설사"
CAT,14,7.3,38.8,112,21,False,False,False,False,False,DECREASED,NORMAL,NORMAL,5,0.12,NORMAL,이상 없음(정상)
DOG,13,27.0,39.8,202,48,True,True,True,True,True,DECREASED,DECREASED,LOW,7,1.0,DANGER,"미열, 빈맥"
CAT,9,5.9,40.2,210,66,True,False,False,True,True,NONE,NORMAL,LOW,6,1.0,DANGER,"고열, 빈맥"
CAT,15,4.6,38.6,126,25,False,True,False,False,True,DECREASED,DECREASED,LOW,1,0.37,WATCH,"설사, 피부 징후"
DOG,5,11.6,38.7,109,23,True,True,False,False,True,NORMAL,DECREASED,LOW,6,0.47,WATCH,"설사, 피부 징후"
DOG,3,20.1,39.8,135,42,False,True,False,True,False,NONE,DECREASED,LOW,2,1.0,DANGER,"미열, 호흡 급증"
CAT,15,3.3,37.5,123,29,False,False,False,False,False,NORMAL,NORMAL,LOW,4,0.15,NORMAL,이상 없음(정상)
CAT,9,2.3,40.3,159,46,True,False,False,True,False,NONE,DECREASED,NORMAL,7,1.0,DANGER,"고열, 호흡 급증"
DOG,7,18.6,40.4,176,49,True,True,False,True,True,NONE,DECREASED,LOW,6,1.0,DANGER,"고열, 빈맥"
DOG,3,22.9,38.1,127,19,False,False,False,False,False,DECREASED,NORMAL,NORMAL,1,0.17,NORMAL,이상 없음(정상)
CAT,9,2.8,38.7,104,21,False,False,False,False,True,DECREASED,NORMAL,NORMAL,7,0.35,WATCH,"설사, 식욕 감소"
CAT,15,3.8,38.4,62,21,False,False,False,False,False,INCREASED,NORMAL,HIGH,5,0.01,NORMAL,이상 없음(정상)
DOG,15,2.6,38.7,95,23,False,False,False,True,False,DECREASED,INCREASED,NORMAL,0,0.42,WATCH,"구토, 식욕 감소"
CAT,8,6.9,39.3,131,38,False,False,False,False,True,DECREASED,NORMAL,LOW,0,0.6,CAUTION,"미열, 설사"
CAT,9,5.9,39.1,144,47,False,False,False,True,True,DECREASED,DECREASED,LOW,7,0.68,CAUTION,"호흡 급증, 소화기 이상(구토 및 설사)"
CAT,14,3.7,38.9,121,19,False,False,False,False,True,DECREASED,NORMAL,NORMAL,0,0.33,WATCH,"설사, 식욕 감소"
CAT,15,7.8,38.8,149,20,False,False,False,True,False,DECREASED,NORMAL,LOW,0,0.47,WATCH,"구토, 식욕 감소"
DOG,15,14.2,38.7,101,25,False,False,False,False,False,NORMAL,NORMAL,NORMAL,0,0.1,NORMAL,이상 없음(정상)
CAT,1,2.0,39.8,172,49,True,True,False,True,False,DECREASED,DECREASED,LOW,1,1.0,DANGER,"미열, 빈맥"
DOG,13,18.2,39.0,140,28,True,True,False,True,True,NONE,DECREASED,NORMAL,5,0.69,CAUTION,"소화기 이상(구토 및 설사), 피부 징후"
CAT,14,3.6,38.9,178,28,False,False,False,True,False,DECREASED,NORMAL,NORMAL,5,0.49,WATCH,"빈맥, 구토"
DOG,14,8.5,40.7,149,45,False,True,False,False,True,NONE,DECREASED,LOW,7,1.0,DANGER,"고열, 호흡 급증"
DOG,8,7.9,39.0,81,37,False,False,False,False,True,DECREASED,DECREASED,LOW,7,0.45,WATCH,"설사, 식욕 감소"
CAT,12,7.5,40.8,191,66,True,False,True,True,False,NONE,INCREASED,LOW,0,1.0,DANGER,"고열, 빈맥"
CAT,3,5.4,39.4,93,26,False,True,False,False,False,NORMAL,INCREASED,HIGH,5,0.42,WATCH,"미열, 피부 징후"
CAT,13,4.6,38.3,88,38,False,False,False,False,False,NORMAL,INCREASED,NORMAL,0,0.0,NORMAL,이상 없음(정상)
DOG,14,26.9,38.8,113,22,False,False,False,False,False,NONE,NORMAL,NORMAL,3,0.31,WATCH,식욕 절폐
CAT,5,7.6,40.0,179,52,False,False,True,True,True,DECREASED,DECREASED,NORMAL,2,1.0,DANGER,"고열, 빈맥"
DOG,13,12.2,38.3,100,24,False,False,False,False,False,NORMAL,NORMAL,NORMAL,0,0.0,NORMAL,이상 없음(정상)
DOG,2,8.4,37.6,117,17,False,False,False,False,False,NORMAL,NORMAL,NORMAL,0,0.0,NORMAL,이상 없음(정상)
CAT,3,4.5,39.4,150,25,False,True,False,False,False,DECREASED,NORMAL,LOW,1,0.58,CAUTION,"미열, 피부 징후"
CAT,1,2.4,40.4,173,53,True,False,False,False,False,DECREASED,DECREASED,HIGH,3,1.0,DANGER,"고열, 빈맥"
DOG,3,7.6,38.5,137,31,False,False,False,False,False,INCREASED,NORMAL,NORMAL,4,0.0,NORMAL,이상 없음(정상)
CAT,5,3.7,39.5,174,41,True,True,True,True,True,NONE,DECREASED,LOW,2,1.0,DANGER,"미열, 빈맥"
DOG,1,26.1,39.5,168,55,False,False,False,True,False,NONE,DECREASED,LOW,1,1.0,DANGER,"미열, 빈맥"
DOG,7,16.8,39.7,130,34,False,False,True,True,True,NONE,DECREASED,NORMAL,4,0.84,DANGER,"미열, 소화기 이상(구토 및 설사)"
CAT,4,6.1,39.1,123,12,False,False,False,False,False,NORMAL,NORMAL,NORMAL,0,0.05,NORMAL,이상 없음(정상)
CAT,11,2.7,39.5,126,28,False,False,False,False,False,NONE,DECREASED,LOW,0,0.54,CAUTION,"미열, 식욕 절폐"
CAT,15,3.5,38.7,157,24,False,False,False,False,False,DECREASED,DECREASED,LOW,3,0.33,WATCH,"식욕 감소, 활동량 저하"
CAT,9,2.1,38.7,150,27,False,True,False,False,True,DECREASED,INCREASED,NORMAL,3,0.41,WATCH,"설사, 피부 징후"
DOG,2,13.1,39.6,150,30,False,True,False,False,True,DECREASED,DECREASED,LOW,5,0.68,CAUTION,"미열, 설사"
CAT,15,4.4,39.1,137,24,False,True,False,False,True,NONE,NORMAL,LOW,1,0.56,CAUTION,"설사, 피부 징후"
CAT,13,6.1,39.2,200,37,False,True,True,False,True,DECREASED,DECREASED,NORMAL,3,0.59,CAUTION,"빈맥, 설사"
CAT,10,7.4,39.0,184,38,True,False,False,True,False,DECREASED,DECREASED,NORMAL,7,0.67,CAUTION,"빈맥, 구토"
CAT,15,2.2,39.1,178,29,True,False,False,False,False,NORMAL,NORMAL,NORMAL,2,0.36,WATCH,"빈맥, 피부 징후"
CAT,8,6.6,39.1,146,10,False,False,False,False,True,NORMAL,DECREASED,NORMAL,6,0.19,NORMAL,이상 없음(정상)
DOG,3,21.1,39.9,113,23,True,False,False,False,False,DECREASED,NORMAL,LOW,0,0.63,CAUTION,"미열, 피부 징후"
CAT,1,6.6,38.9,157,15,False,True,False,False,True,NORMAL,NORMAL,NORMAL,7,0.37,WATCH,"설사, 피부 징후"
DOG,1,16.9,40.1,175,44,False,True,True,True,True,NONE,DECREASED,HIGH,1,1.0,DANGER,"고열, 빈맥"
DOG,12,28.7,39.2,158,41,False,False,False,False,False,NONE,NORMAL,LOW,0,0.55,CAUTION,"호흡 급증, 식욕 절폐"
DOG,8,10.6,38.9,157,29,False,False,False,True,True,DECREASED,NORMAL,LOW,4,0.66,CAUTION,"소화기 이상(구토 및 설사), 식욕 감소"
CAT,9,6.3,40.1,209,58,True,True,True,False,True,DECREASED,DECREASED,LOW,2,1.0,DANGER,"고열, 빈맥"
DOG,7,9.3,38.5,74,21,False,False,False,False,False,NORMAL,NORMAL,HIGH,3,0.0,NORMAL,이상 없음(정상)
DOG,8,20.0,39.3,100,33,False,False,False,False,False,INCREASED,NORMAL,NORMAL,6,0.2,NORMAL,이상 없음(정상)
CAT,13,3.4,38.4,168,26,False,False,False,True,False,NORMAL,DECREASED,NORMAL,0,0.42,WATCH,"빈맥, 구토"
CAT,12,5.2,38.4,110,31,False,False,False,False,True,INCREASED,NORMAL,NORMAL,0,0.16,NORMAL,이상 없음(정상)
CAT,15,3.0,39.8,147,45,True,True,False,True,True,DECREASED,NORMAL,LOW,3,1.0,DANGER,"미열, 호흡 급증"
CAT,10,7.8,40.3,156,46,True,False,False,True,True,DECREASED,NORMAL,LOW,6,1.0,DANGER,"고열, 호흡 급증"
DOG,11,13.3,38.4,169,30,False,False,False,False,True,DECREASED,NORMAL,HIGH,2,0.42,WATCH,"빈맥, 설사"
DOG,10,18.4,38.7,119,24,True,False,False,False,False,DECREASED,DECREASED,LOW,1,0.4,WATCH,"피부 징후, 식욕 감소"
CAT,13,7.2,38.7,83,18,False,False,False,False,False,NORMAL,NORMAL,NORMAL,0,0.03,NORMAL,이상 없음(정상)
CAT,12,4.6,40.3,230,54,True,False,True,True,True,DECREASED,DECREASED,LOW,2,1.0,DANGER,"고열, 빈맥"
CAT,2,7.3,38.4,116,28,False,False,False,True,False,NORMAL,NORMAL,NORMAL,2,0.25,NORMAL,이상 없음(정상)
CAT,14,2.4,40.3,130,42,False,False,False,True,True,NONE,DECREASED,LOW,1,1.0,DANGER,"고열, 호흡 급증"
CAT,11,5.8,39.5,126,23,True,True,False,False,False,NORMAL,NORMAL,HIGH,0,0.33,WATCH,"미열, 피부 징후"
DOG,11,16.7,39.5,165,37,True,True,True,True,False,NORMAL,DECREASED,LOW,1,0.91,DANGER,"미열, 빈맥"
DOG,15,23.8,38.5,91,34,False,False,False,False,False,NORMAL,NORMAL,HIGH,6,0.0,NORMAL,이상 없음(정상)
DOG,7,16.0,39.1,129,25,True,False,False,False,True,NONE,DECREASED,LOW,7,0.67,CAUTION,"설사, 피부 징후"
DOG,14,10.5,38.9,125,10,False,False,False,False,False,NORMAL,NORMAL,NORMAL,0,0.06,NORMAL,이상 없음(정상)
DOG,8,7.3,39.7,143,52,True,True,True,False,False,NORMAL,NORMAL,LOW,0,0.64,CAUTION,"미열, 호흡 급증"
DOG,6,4.9,40.6,130,57,False,False,True,False,False,DECREASED,NORMAL,LOW,0,1.0,DANGER,"고열, 호흡 급증"
CAT,13,7.4,39.0,133,42,False,False,False,False,True,DECREASED,DECREASED,NORMAL,5,0.52,CAUTION,"호흡 급증, 설사"
CAT,4,2.6,39.4,89,37,False,False,False,False,False,NORMAL,NORMAL,LOW,6,0.34,WATCH,"미열, 활동량 저하"
DOG,8,13.7,38.4,73,37,False,False,False,False,False,NORMAL,NORMAL,NORMAL,0,0.0,NORMAL,이상 없음(정상)
DOG,10,14.6,39.2,165,42,False,False,False,True,False,DECREASED,DECREASED,NORMAL,4,0.61,CAUTION,"빈맥, 호흡 급증"
CAT,10,7.2,40.1,115,28,False,False,False,False,False,NORMAL,NORMAL,NORMAL,0,0.43,WATCH,고열
CAT,10,5.3,38.1,110,39,False,False,False,False,False,NORMAL,NORMAL,HIGH,2,0.0,NORMAL,이상 없음(정상)
CAT,5,6.4,39.7,183,58,True,False,False,True,False,NONE,DECREASED,LOW,2,1.0,DANGER,"미열, 빈맥"
CAT,15,4.7,38.9,125,33,False,True,True,True,True,NORMAL,NORMAL,NORMAL,5,0.47,WATCH,"소화기 이상(구토 및 설사), 피부 징후"
DOG,13,29.2,38.7,95,23,False,False,False,False,False,DECREASED,NORMAL,NORMAL,2,0.06,NORMAL,이상 없음(정상)
CAT,10,5.1,40.6,154,56,False,True,False,True,True,NORMAL,NORMAL,LOW,2,1.0,DANGER,"고열, 호흡 급증"
DOG,7,20.1,40.8,197,58,True,False,False,True,True,NONE,NORMAL,LOW,2,1.0,DANGER,"고열, 빈맥"
DOG,5,14.1,39.1,116,15,False,False,False,True,False,NORMAL,NORMAL,LOW,0,0.33,WATCH,"구토, 활동량 저하"
DOG,10,17.1,38.7,111,15,False,False,False,False,False,NORMAL,NORMAL,NORMAL,0,0.0,NORMAL,이상 없음(정상)
CAT,13,4.7,38.4,96,19,False,True,False,False,False,DECREASED,DECREASED,NORMAL,5,0.25,NORMAL,이상 없음(정상)
DOG,12,13.5,40.5,194,37,True,True,False,True,True,DECREASED,DECREASED,NORMAL,2,1.0,DANGER,"고열, 빈맥"
DOG,2,16.4,38.7,105,21,False,False,False,False,False,NORMAL,NORMAL,NORMAL,0,0.06,NORMAL,이상 없음(정상)
DOG,6,18.6,38.8,122,26,True,True,False,False,False,DECREASED,NORMAL,LOW,3,0.47,WATCH,"피부 징후, 식욕 감소"
CAT,5,5.9,39.2,162,39,False,False,True,True,False,DECREASED,DECREASED,LOW,5,0.69,CAUTION,"빈맥, 구토"
CAT,9,2.3,39.2,133,46,False,False,False,False,True,DECREASED,NORMAL,NORMAL,1,0.52,CAUTION,"호흡 급증, 설사"
DOG,11,16.5,39.1,127,50,False,False,False,True,False,DECREASED,NORMAL,LOW,6,0.74,CAUTION,"호흡 급증, 구토"
DOG,13,12.0,38.0,117,17,False,False,False,False,False,NORMAL,NORMAL,NORMAL,0,0.0,NORMAL,이상 없음(정상)
DOG,6,22.5,39.8,208,53,False,False,True,False,True,DECREASED,DECREASED,LOW,6,1.0,DANGER,"미열, 빈맥"
DOG,9,22.7,38.8,118,13,False,False,False,False,False,NORMAL,NORMAL,NORMAL,0,0.0,NORMAL,이상 없음(정상)
DOG,5,25.8,40.1,146,32,False,True,False,False,False,INCREASED,DECREASED,NORMAL,0,0.45,WATCH,"고열, 피부 징후"
CAT,10,4.0,39.2,176,33,False,False,False,False,True,NORMAL,NORMAL,NORMAL,4,0.33,WATCH,"빈맥, 설사"
DOG,13,16.0,38.9,91,27,False,True,False,False,True,DECREASED,NORMAL,NORMAL,4,0.44,WATCH,"설사, 피부 징후"
CAT,14,4.7,38.6,102,28,False,False,False,False,False,NORMAL,NORMAL,LOW,3,0.13,NORMAL,이상 없음(정상)
CAT,7,2.4,39.6,112,37,False,False,False,False,False,NORMAL,NORMAL,LOW,1,0.31,WATCH,"미열, 활동량 저하"
CAT,15,6.0,40.0,160,44,True,True,False,True,False,NONE,DECREASED,LOW,3,1.0,DANGER,"고열, 빈맥"
CAT,9,6.0,40.3,215,34,True,False,True,False,True,NONE,DECREASED,LOW,6,1.0,DANGER,"고열, 빈맥"
CAT,7,6.2,40.3,153,48,False,True,True,True,False,NONE,DECREASED,LOW,5,1.0,DANGER,"고열, 호흡 급증"
DOG,12,25.3,38.7,105,13,True,False,False,True,False,NORMAL,NORMAL,NORMAL,0,0.24,NORMAL,이상 없음(정상)
DOG,5,19.5,39.2,114,24,False,False,False,True,False,INCREASED,NORMAL,NORMAL,3,0.22,NORMAL,이상 없음(정상)
CAT,3,2.7,38.1,131,26,False,False,False,False,False,NORMAL,INCREASED,NORMAL,0,0.0,NORMAL,이상 없음(정상)
CAT,9,6.1,39.0,96,24,False,False,False,False,False,NORMAL,NORMAL,NORMAL,0,0.0,NORMAL,이상 없음(정상)
CAT,13,2.9,40.0,168,34,True,True,True,True,False,DECREASED,DECREASED,LOW,3,1.0,DANGER,"고열, 빈맥"
DOG,4,9.5,39.4,110,36,True,False,True,False,False,NONE,DECREASED,LOW,2,0.63,CAUTION,"미열, 피부 징후"
CAT,14,3.9,39.8,148,41,True,False,False,False,False,NORMAL,DECREASED,LOW,5,0.74,CAUTION,"미열, 호흡 급증"
DOG,10,19.7,38.4,114,17,False,False,False,False,False,NORMAL,NORMAL,NORMAL,0,0.0,NORMAL,이상 없음(정상)
CAT,2,7.1,39.0,77,21,False,False,False,False,False,NORMAL,NORMAL,NORMAL,0,0.0,NORMAL,이상 없음(정상)
DOG,1,25.1,39.0,177,36,True,False,False,False,True,DECREASED,NORMAL,LOW,1,0.72,CAUTION,"빈맥, 설사"
CAT,2,3.6,41.0,209,40,False,False,False,True,True,DECREASED,DECREASED,LOW,1,1.0,DANGER,"고열, 빈맥"
CAT,13,5.3,39.7,166,34,True,False,False,False,False,NORMAL,DECREASED,LOW,5,0.74,CAUTION,"미열, 빈맥"
CAT,11,7.7,39.0,107,33,False,False,False,False,False,DECREASED,INCREASED,LOW,5,0.33,WATCH,"식욕 감소, 활동량 저하"
CAT,8,2.3,39.3,117,26,True,False,False,False,False,DECREASED,DECREASED,NORMAL,0,0.48,WATCH,"미열, 피부 징후"
DOG,8,10.2,39.5,179,68,False,True,False,True,True,NONE,DECREASED,LOW,5,1.0,DANGER,"미열, 빈맥"
CAT,10,6.0,38.7,99,21,False,False,False,False,False,NORMAL,DECREASED,NORMAL,0,0.0,NORMAL,이상 없음(정상)
CAT,3,7.0,38.1,81,13,True,False,False,False,True,INCREASED,NORMAL,NORMAL,0,0.28,NORMAL,이상 없음(정상)
DOG,7,25.3,39.4,142,45,False,False,False,False,True,INCREASED,DECREASED,NORMAL,5,0.71,CAUTION,"미열, 호흡 급증"
DOG,5,6.4,38.5,84,28,False,False,True,False,False,DECREASED,INCREASED,LOW,1,0.36,WATCH,"피부 징후, 식욕 감소"
CAT,2,6.0,38.4,79,21,False,True,False,False,True,NORMAL,DECREASED,LOW,0,0.46,WATCH,"설사, 피부 징후"
CAT,13,3.4,40.4,129,38,True,True,False,False,True,DECREASED,NORMAL,HIGH,0,0.68,CAUTION,"고열, 설사"
DOG,11,8.2,38.7,130,29,True,False,False,False,False,NORMAL,NORMAL,NORMAL,5,0.13,NORMAL,이상 없음(정상)
DOG,11,16.2,39.6,129,18,False,True,False,False,False,DECREASED,NORMAL,LOW,3,0.48,WATCH,"미열, 피부 징후"
DOG,15,20.8,38.6,104,18,False,False,False,False,False,NORMAL,NORMAL,NORMAL,0,0.0,NORMAL,이상 없음(정상)
CAT,5,5.7,38.3,91,38,False,False,True,False,True,INCREASED,NORMAL,LOW,3,0.39,WATCH,"설사, 피부 징후"
DOG,13,3.1,40.5,156,48,True,True,False,False,True,NONE,DECREASED,LOW,5,1.0,DANGER,"고열, 호흡 급증"
CAT,15,7.4,39.4,145,14,False,False,False,True,False,DECREASED,NORMAL,HIGH,5,0.46,WATCH,"미열, 구토"
DOG,2,28.0,38.3,113,28,False,False,True,False,False,NORMAL,NORMAL,LOW,2,0.2,NORMAL,이상 없음(정상)
CAT,10,7.3,38.9,94,12,False,False,False,False,False,NORMAL,NORMAL,LOW,7,0.0,NORMAL,이상 없음(정상)
DOG,15,22.4,39.3,148,35,False,False,False,True,False,DECREASED,NORMAL,NORMAL,0,0.46,WATCH,"미열, 구토"
DOG,11,8.1,38.3,124,25,False,False,False,False,False,NORMAL,NORMAL,NORMAL,0,0.02,NORMAL,이상 없음(정상)
DOG,13,22.3,39.5,162,20,False,False,False,False,False,NORMAL,DECREASED,NORMAL,0,0.39,WATCH,"미열, 빈맥"
CAT,9,2.2,38.9,113,21,False,False,False,False,False,INCREASED,NORMAL,NORMAL,3,0.0,NORMAL,이상 없음(정상)
CAT,8,2.9,38.9,153,35,True,True,True,True,False,DECREASED,NORMAL,LOW,4,0.5,CAUTION,"구토, 피부 징후"
CAT,14,3.3,38.9,176,33,False,False,True,False,False,NORMAL,INCREASED,HIGH,5,0.35,WATCH,"빈맥, 피부 징후"
DOG,2,28.0,39.4,121,15,False,False,False,False,True,NONE,NORMAL,NORMAL,5,0.43,WATCH,"미열, 설사"
DOG,4,22.4,40.1,169,51,True,False,False,True,True,DECREASED,NORMAL,LOW,7,1.0,DANGER,"고열, 빈맥"
DOG,2,21.9,39.8,124,31,False,False,True,False,False,NORMAL,NORMAL,NORMAL,0,0.36,WATCH,"미열, 피부 징후"
DOG,2,22.7,39.5,169,51,True,True,False,True,True,NONE,DECREASED,NORMAL,1,1.0,DANGER,"미열, 빈맥"
CAT,9,6.8,38.8,120,27,False,False,False,False,False,INCREASED,INCREASED,NORMAL,2,0.08,NORMAL,이상 없음(정상)
DOG,13,24.2,38.9,133,25,False,True,False,False,False,NORMAL,NORMAL,NORMAL,0,0.1,NORMAL,이상 없음(정상)
DOG,3,7.6,39.0,116,40,False,False,False,False,False,NORMAL,NORMAL,NORMAL,0,0.17,NORMAL,이상 없음(정상)
DOG,14,10.2,38.7,126,38,False,False,False,False,False,NONE,NORMAL,LOW,2,0.44,WATCH,"식욕 절폐, 활동량 저하"
CAT,3,3.6,38.2,120,25,False,False,False,False,False,NORMAL,INCREASED,NORMAL,0,0.0,NORMAL,이상 없음(정상)
CAT,5,2.2,38.5,100,31,False,False,False,False,False,DECREASED,NORMAL,NORMAL,1,0.2,NORMAL,이상 없음(정상)
CAT,7,6.0,40.0,173,53,True,False,False,True,True,DECREASED,DECREASED,NORMAL,5,1.0,DANGER,"고열, 빈맥"
CAT,15,2.4,40.4,159,47,True,True,False,True,True,DECREASED,DECREASED,LOW,2,1.0,DANGER,"고열, 호흡 급증"
CAT,9,3.7,40.2,130,49,True,False,False,True,False,NORMAL,NORMAL,LOW,7,1.0,DANGER,"고열, 호흡 급증"
DOG,9,16.3,38.2,88,20,False,True,False,False,False,NORMAL,NORMAL,NORMAL,0,0.04,NORMAL,이상 없음(정상)
DOG,1,21.0,38.8,99,16,False,False,False,False,False,DECREASED,NORMAL,NORMAL,6,0.18,NORMAL,이상 없음(정상)
CAT,14,6.1,40.3,180,57,False,True,False,False,True,NONE,NORMAL,LOW,0,1.0,DANGER,"고열, 빈맥"
CAT,14,4.5,39.6,151,22,False,False,True,False,True,DECREASED,NORMAL,LOW,3,0.64,CAUTION,"미열, 설사"
DOG,1,21.7,38.8,101,31,False,False,False,False,False,NORMAL,DECREASED,NORMAL,0,0.0,NORMAL,이상 없음(정상)
DOG,4,16.1,39.1,147,28,True,True,False,False,True,NONE,DECREASED,LOW,1,0.68,CAUTION,"설사, 피부 징후"
DOG,7,16.0,38.4,108,32,True,False,False,True,False,NORMAL,NORMAL,NORMAL,5,0.28,NORMAL,이상 없음(정상)
CAT,5,2.8,39.7,138,58,True,False,True,True,True,DECREASED,DECREASED,LOW,2,1.0,DANGER,"미열, 호흡 급증"
DOG,1,5.4,40.2,183,49,True,False,True,False,True,NONE,DECREASED,LOW,6,1.0,DANGER,"고열, 빈맥"
CAT,14,6.3,39.6,90,22,False,False,True,False,True,DECREASED,NORMAL,LOW,4,0.71,CAUTION,"미열, 설사"
DOG,5,18.2,40.4,144,45,False,True,True,False,False,NORMAL,NORMAL,NORMAL,0,0.7,CAUTION,"고열, 호흡 급증"
DOG,15,27.9,39.9,131,51,True,False,False,True,True,DECREASED,NORMAL,LOW,4,1.0,DANGER,"미열, 호흡 급증"
CAT,1,7.1,39.2,163,29,False,False,False,True,False,NORMAL,INCREASED,NORMAL,2,0.35,WATCH,"빈맥, 구토"
CAT,11,7.4,38.7,147,21,True,False,False,True,False,NORMAL,NORMAL,NORMAL,0,0.44,WATCH,"구토, 피부 징후"
CAT,14,2.3,39.7,189,27,False,False,False,True,False,NORMAL,NORMAL,LOW,5,0.61,CAUTION,"미열, 빈맥"
CAT,6,5.8,39.7,145,31,True,True,False,True,False,NORMAL,NORMAL,LOW,3,0.66,CAUTION,"미열, 구토"
DOG,8,29.5,39.7,130,62,False,True,True,True,True,NONE,DECREASED,LOW,7,1.0,DANGER,"미열, 호흡 급증"
DOG,14,13.9,39.5,137,47,False,False,False,False,False,DECREASED,NORMAL,NORMAL,2,0.54,CAUTION,"미열, 호흡 급증"
DOG,10,2.5,38.2,113,27,False,False,False,False,False,NORMAL,NORMAL,NORMAL,0,0.0,NORMAL,이상 없음(정상)
DOG,7,19.3,38.3,118,17,True,False,False,False,False,NORMAL,NORMAL,NORMAL,4,0.2,NORMAL,이상 없음(정상)
DOG,6,29.5,39.1,105,26,False,False,False,False,False,NORMAL,NORMAL,NORMAL,0,0.14,NORMAL,이상 없음(정상)
CAT,5,4.7,39.5,198,48,True,False,False,True,False,NONE,DECREASED,LOW,5,1.0,DANGER,"미열, 빈맥"
DOG,7,28.8,40.0,132,34,True,True,True,False,True,NORMAL,DECREASED,HIGH,5,0.6,CAUTION,"고열, 설사"
DOG,15,29.6,38.2,125,10,False,True,False,False,False,DECREASED,NORMAL,NORMAL,0,0.13,NORMAL,이상 없음(정상)
DOG,2,13.9,39.2,126,25,True,False,False,False,True,DECREASED,DECREASED,NORMAL,2,0.38,WATCH,"설사, 피부 징후"
CAT,5,5.0,40.3,161,34,True,True,False,False,True,NONE,DECREASED,LOW,3,1.0,DANGER,"고열, 빈맥"
CAT,8,6.8,38.2,96,37,False,False,False,True,False,INCREASED,DECREASED,LOW,1,0.41,WATCH,"구토, 활동량 저하"
DOG,14,8.8,39.9,201,34,False,True,False,False,True,NONE,DECREASED,LOW,1,0.95,DANGER,"미열, 빈맥"
DOG,7,26.4,39.3,126,23,False,False,False,False,False,NORMAL,NORMAL,HIGH,4,0.31,WATCH,미열
CAT,11,4.6,38.2,81,27,False,False,False,False,False,NORMAL,NORMAL,NORMAL,0,0.0,NORMAL,이상 없음(정상)
DOG,2,6.8,38.8,62,17,False,False,False,False,False,NORMAL,DECREASED,NORMAL,0,0.0,NORMAL,이상 없음(정상)
CAT,13,4.9,38.6,91,18,False,False,False,False,False,NORMAL,DECREASED,HIGH,3,0.06,NORMAL,이상 없음(정상)
CAT,10,3.5,38.4,76,27,False,True,False,False,False,NORMAL,NORMAL,NORMAL,0,0.08,NORMAL,이상 없음(정상)
CAT,14,6.6,39.1,155,47,False,True,True,True,True,DECREASED,DECREASED,NORMAL,4,0.7,CAUTION,"호흡 급증, 소화기 이상(구토 및 설사)"
CAT,11,6.7,37.7,94,26,False,False,False,True,False,INCREASED,NORMAL,NORMAL,3,0.16,NORMAL,이상 없음(정상)
CAT,1,4.2,39.4,86,24,False,False,False,False,False,NORMAL,NORMAL,LOW,1,0.24,NORMAL,이상 없음(정상)
DOG,11,21.6,38.8,113,18,False,False,False,False,False,NORMAL,NORMAL,NORMAL,0,0.0,NORMAL,이상 없음(정상)
DOG,12,14.8,39.1,126,29,False,False,True,False,False,NORMAL,NORMAL,NORMAL,0,0.11,NORMAL,이상 없음(정상)
CAT,4,4.5,38.4,82,26,False,False,False,True,False,NORMAL,INCREASED,NORMAL,1,0.23,NORMAL,이상 없음(정상)
CAT,8,3.8,38.6,105,20,False,False,False,False,True,NORMAL,NORMAL,HIGH,7,0.14,NORMAL,이상 없음(정상)
DOG,6,6.2,40.7,153,47,False,True,False,False,True,DECREASED,DECREASED,LOW,6,1.0,DANGER,"고열, 호흡 급증"
CAT,15,6.8,38.9,120,20,False,False,False,False,False,NORMAL,NORMAL,LOW,0,0.17,NORMAL,이상 없음(정상)
CAT,1,4.5,39.3,111,26,True,False,True,False,False,DECREASED,NORMAL,HIGH,7,0.43,WATCH,"미열, 피부 징후"
CAT,3,6.3,38.9,158,38,False,False,False,True,False,NONE,NORMAL,LOW,5,0.56,CAUTION,"구토, 식욕 절폐"
DOG,14,20.4,39.1,152,51,True,False,False,False,True,NONE,NORMAL,LOW,6,0.74,CAUTION,"호흡 급증, 설사"
DOG,2,8.1,39.7,142,30,False,False,False,False,True,NORMAL,NORMAL,NORMAL,2,0.35,WATCH,"미열, 설사"
CAT,13,5.8,39.5,150,24,True,False,False,False,True,NORMAL,NORMAL,HIGH,4,0.57,CAUTION,"미열, 설사"
CAT,1,4.6,39.8,149,43,False,False,True,True,False,DECREASED,DECREASED,LOW,4,1.0,DANGER,"미열, 호흡 급증"
CAT,3,4.7,38.7,99,26,False,False,False,False,False,DECREASED,NORMAL,LOW,1,0.33,WATCH,"식욕 감소, 활동량 저하"
CAT,9,6.6,39.4,118,28,True,False,False,True,False,DECREASED,DECREASED,HIGH,7,0.59,CAUTION,"미열, 구토"
CAT,1,3.1,38.6,132,26,False,False,False,False,False,NORMAL,NORMAL,NORMAL,0,0.02,NORMAL,이상 없음(정상)
CAT,5,2.5,38.1,130,27,False,False,False,False,False,DECREASED,NORMAL,HIGH,3,0.15,NORMAL,이상 없음(정상)
CAT,8,7.2,38.7,114,23,False,False,False,True,True,DECREASED,INCREASED,NORMAL,4,0.39,WATCH,"소화기 이상(구토 및 설사), 식욕 감소"
DOG,1,6.8,39.8,142,42,True,False,False,False,False,DECREASED,NORMAL,NORMAL,4,0.66,CAUTION,"미열, 호흡 급증"
CAT,7,3.8,39.1,107,22,True,False,False,True,False,DECREASED,DECREASED,NORMAL,4,0.42,WATCH,"구토, 피부 징후"
CAT,8,5.4,38.1,112,26,False,False,False,False,False,NORMAL,DECREASED,NORMAL,0,0.03,NORMAL,이상 없음(정상)
CAT,7,7.4,38.6,92,20,False,False,False,False,True,NORMAL,NORMAL,NORMAL,1,0.21,NORMAL,이상 없음(정상)
CAT,4,2.2,39.5,97,23,False,True,False,False,False,NORMAL,DECREASED,LOW,3,0.35,WATCH,"미열, 피부 징후"
CAT,12,5.8,40.1,203,42,False,True,False,False,True,NORMAL,DECREASED,LOW,4,1.0,DANGER,"고열, 빈맥"
CAT,12,3.0,39.0,112,29,False,True,False,False,False,DECREASED,INCREASED,LOW,3,0.4,WATCH,"피부 징후, 식욕 감소"
DOG,14,14.5,39.2,124,12,False,True,False,False,True,DECREASED,NORMAL,LOW,1,0.49,WATCH,"설사, 피부 징후"
DOG,2,6.2,38.3,83,31,False,False,False,False,False,DECREASED,NORMAL,NORMAL,3,0.04,NORMAL,이상 없음(정상)
CAT,5,5.2,38.4,89,22,False,False,False,False,False,NORMAL,NORMAL,NORMAL,0,0.0,NORMAL,이상 없음(정상)
CAT,8,3.9,38.7,72,20,False,False,False,False,False,NORMAL,NORMAL,NORMAL,0,0.0,NORMAL,이상 없음(정상)
DOG,6,12.2,41.0,157,40,True,False,False,False,False,DECREASED,NORMAL,NORMAL,1,0.95,DANGER,"고열, 호흡 급증"
DOG,11,22.6,39.5,108,14,False,False,False,False,False,NORMAL,NORMAL,NORMAL,0,0.15,NORMAL,이상 없음(정상)
DOG,14,8.9,38.2,147,45,False,True,False,False,False,DECREASED,NORMAL,NORMAL,6,0.41,WATCH,"호흡 급증, 피부 징후"
DOG,5,22.4,40.0,154,42,True,True,False,True,False,NONE,DECREASED,LOW,0,1.0,DANGER,"고열, 호흡 급증"
DOG,11,7.1,39.9,143,38,False,False,False,False,True,NORMAL,NORMAL,HIGH,2,0.42,WATCH,"미열, 설사"
CAT,14,4.3,39.2,105,41,False,False,True,False,False,DECREASED,NORMAL,NORMAL,6,0.39,WATCH,"호흡 급증, 피부 징후"
CAT,6,6.4,38.2,118,29,False,False,False,True,False,DECREASED,DECREASED,HIGH,3,0.31,WATCH,"구토, 식욕 감소"
DOG,10,14.9,37.3,105,32,True,False,False,False,False,NORMAL,NORMAL,HIGH,5,0.19,NORMAL,이상 없음(정상)
CAT,11,7.0,39.8,172,25,True,True,False,False,False,NORMAL,NORMAL,LOW,7,0.63,CAUTION,"미열, 빈맥"
DOG,8,17.9,38.7,160,38,True,False,False,True,False,DECREASED,DECREASED,LOW,2,0.7,CAUTION,"빈맥, 구토"
CAT,5,5.9,38.8,64,39,True,False,False,True,False,NORMAL,INCREASED,NORMAL,5,0.3,WATCH,"구토, 피부 징후"
DOG,10,10.8,39.7,189,56,True,True,True,False,True,NONE,NORMAL,LOW,5,1.0,DANGER,"미열, 빈맥"
DOG,3,25.1,40.2,166,54,False,True,True,True,True,DECREASED,NORMAL,LOW,1,1.0,DANGER,"고열, 빈맥"
DOG,7,27.3,39.7,136,30,True,False,True,False,True,DECREASED,NORMAL,LOW,5,0.58,CAUTION,"미열, 설사"
DOG,14,10.9,38.5,114,18,False,True,False,False,False,NORMAL,NORMAL,NORMAL,0,0.17,NORMAL,이상 없음(정상)
DOG,10,3.4,40.8,130,38,True,False,True,True,True,NONE,NORMAL,LOW,3,1.0,DANGER,"고열, 소화기 이상(구토 및 설사)"
CAT,14,3.5,39.1,175,27,False,False,False,False,False,DECREASED,NORMAL,NORMAL,0,0.41,WATCH,"빈맥, 식욕 감소"
DOG,4,5.1,39.9,131,24,False,False,False,False,True,DECREASED,NORMAL,LOW,6,0.42,WATCH,"미열, 설사"
DOG,2,16.0,39.2,130,15,False,False,False,False,False,NORMAL,NORMAL,NORMAL,0,0.1,NORMAL,이상 없음(정상)
DOG,5,9.8,38.5,109,19,False,False,False,False,False,NORMAL,NORMAL,NORMAL,0,0.0,NORMAL,이상 없음(정상)
CAT,3,3.4,39.6,130,43,False,True,False,True,False,DECREASED,NORMAL,LOW,4,1.0,DANGER,"미열, 호흡 급증"
CAT,14,7.3,39.1,107,28,False,True,True,True,False,NORMAL,DECREASED,NORMAL,4,0.43,WATCH,"구토, 피부 징후"
CAT,7,4.3,39.1,132,22,False,True,False,False,False,NORMAL,NORMAL,NORMAL,0,0.2,NORMAL,이상 없음(정상)
CAT,6,6.6,39.3,148,34,False,False,False,False,False,NORMAL,NORMAL,NORMAL,0,0.2,NORMAL,이상 없음(정상)
DOG,7,16.5,39.5,139,53,False,False,False,False,False,NORMAL,DECREASED,NORMAL,0,0.52,CAUTION,"미열, 호흡 급증"
CAT,4,2.7,38.4,119,35,True,False,False,False,False,NORMAL,NORMAL,HIGH,7,0.11,NORMAL,이상 없음(정상)
CAT,12,5.2,39.1,122,19,False,False,False,False,False,NORMAL,NORMAL,LOW,3,0.14,NORMAL,이상 없음(정상)
CAT,6,5.5,39.9,196,22,True,False,False,False,False,DECREASED,NORMAL,NORMAL,4,0.64,CAUTION,"미열, 빈맥"
CAT,12,3.8,39.0,182,34,True,True,True,True,False,DECREASED,INCREASED,NORMAL,5,0.62,CAUTION,"빈맥, 구토"
DOG,1,29.9,38.5,115,20,False,False,False,False,True,NORMAL,NORMAL,NORMAL,6,0.17,NORMAL,이상 없음(정상)
CAT,7,7.9,39.5,170,22,False,False,True,False,False,NONE,DECREASED,NORMAL,6,0.74,CAUTION,"미열, 빈맥"
CAT,2,3.3,40.9,158,40,False,True,False,False,True,NONE,NORMAL,LOW,1,1.0,DANGER,"고열, 호흡 급증"
DOG,1,5.3,40.6,176,62,True,True,False,True,False,NONE,NORMAL,LOW,1,1.0,DANGER,"고열, 빈맥"
DOG,6,8.7,38.3,76,27,True,False,False,False,False,DECREASED,NORMAL,NORMAL,2,0.14,NORMAL,이상 없음(정상)
DOG,2,6.9,38.5,104,17,False,False,False,False,False,NORMAL,NORMAL,NORMAL,0,0.0,NORMAL,이상 없음(정상)
CAT,14,5.8,39.0,88,19,False,False,True,False,False,DECREASED,NORMAL,NORMAL,3,0.42,WATCH,"피부 징후, 식욕 감소"
CAT,2,4.8,39.8,123,31,True,False,True,False,True,DECREASED,DECREASED,LOW,5,0.66,CAUTION,"미열, 설사"
DOG,9,9.9,40.5,152,55,False,True,False,True,False,NONE,DECREASED,LOW,5,1.0,DANGER,"고열, 호흡 급증"
CAT,1,2.6,39.4,152,51,False,True,False,False,False,DECREASED,DECREASED,NORMAL,1,0.5,CAUTION,"미열, 호흡 급증"
DOG,10,21.8,38.3,94,26,False,False,False,False,False,NORMAL,NORMAL,NORMAL,0,0.0,NORMAL,이상 없음(정상)
DOG,6,25.5,38.9,136,44,False,False,False,True,True,NORMAL,NORMAL,NORMAL,3,0.49,WATCH,"호흡 급증, 소화기 이상(구토 및 설사)"
DOG,15,26.7,38.2,63,23,False,False,False,False,False,NORMAL,NORMAL,LOW,7,0.28,NORMAL,이상 없음(정상)
DOG,14,8.3,40.2,159,42,True,False,False,True,False,NONE,NORMAL,LOW,3,1.0,DANGER,"고열, 호흡 급증"
DOG,7,9.2,39.2,138,40,False,False,False,False,False,NORMAL,INCREASED,LOW,7,0.32,WATCH,"호흡 급증, 활동량 저하"
DOG,11,18.1,38.7,88,18,False,False,False,False,False,NORMAL,NORMAL,NORMAL,0,0.0,NORMAL,이상 없음(정상)
DOG,12,9.7,40.9,204,57,True,True,False,True,True,NONE,DECREASED,LOW,6,1.0,DANGER,"고열, 빈맥"
CAT,14,7.0,38.7,124,12,False,False,False,True,False,DECREASED,NORMAL,LOW,3,0.31,WATCH,"구토, 식욕 감소"
CAT,1,7.1,38.6,116,28,False,False,False,True,False,NORMAL,NORMAL,NORMAL,0,0.21,NORMAL,이상 없음(정상)
DOG,15,22.1,39.2,109,23,False,False,False,False,False,NORMAL,NORMAL,NORMAL,0,0.0,NORMAL,이상 없음(정상)
CAT,8,5.3,38.7,159,45,False,False,True,False,False,DECREASED,DECREASED,LOW,3,0.65,CAUTION,"호흡 급증, 피부 징후"
DOG,2,8.8,40.0,183,49,True,True,False,False,True,DECREASED,DECREASED,LOW,0,1.0,DANGER,"고열, 빈맥"
DOG,6,26.0,39.1,94,22,False,False,False,False,False,NORMAL,DECREASED,NORMAL,0,0.05,NORMAL,이상 없음(정상)
DOG,8,8.4,38.5,127,46,False,False,False,False,False,NORMAL,NORMAL,NORMAL,0,0.3,WATCH,호흡 급증
CAT,11,2.0,39.3,99,33,False,False,False,False,True,NONE,NORMAL,NORMAL,2,0.69,CAUTION,"미열, 설사"
CAT,1,4.8,38.2,120,29,False,False,False,True,False,NORMAL,NORMAL,NORMAL,1,0.16,NORMAL,이상 없음(정상)
CAT,8,2.8,39.8,109,37,False,False,False,False,False,NORMAL,DECREASED,LOW,0,0.38,WATCH,"미열, 활동량 저하"
DOG,9,19.8,39.0,127,28,True,True,True,True,False,NORMAL,NORMAL,NORMAL,7,0.43,WATCH,"구토, 피부 징후"
DOG,8,16.7,39.5,154,27,True,False,False,False,True,NORMAL,NORMAL,HIGH,2,0.46,WATCH,"미열, 설사"
DOG,2,26.2,38.9,116,28,False,False,False,False,False,NORMAL,NORMAL,NORMAL,0,0.13,NORMAL,이상 없음(정상)
CAT,1,6.3,38.1,121,27,False,True,True,False,False,NORMAL,NORMAL,HIGH,7,0.18,NORMAL,이상 없음(정상)
CAT,13,3.2,38.8,105,29,False,True,False,False,False,NORMAL,NORMAL,NORMAL,0,0.2,NORMAL,이상 없음(정상)
CAT,7,4.3,39.0,155,26,True,False,True,False,False,NORMAL,NORMAL,LOW,3,0.39,WATCH,"피부 징후, 활동량 저하"
CAT,14,2.8,39.1,115,29,False,True,False,False,True,DECREASED,DECREASED,LOW,1,0.44,WATCH,"설사, 피부 징후"
CAT,12,2.8,40.2,125,22,False,False,False,True,False,NORMAL,NORMAL,LOW,7,0.73,CAUTION,"고열, 구토"
CAT,11,7.2,38.6,102,28,False,False,False,False,False,NORMAL,NORMAL,NORMAL,0,0.0,NORMAL,이상 없음(정상)
DOG,8,11.6,39.2,123,29,False,True,False,False,True,DECREASED,NORMAL,LOW,0,0.35,WATCH,"설사, 피부 징후"
CAT,4,3.1,38.4,87,28,False,False,False,False,False,INCREASED,NORMAL,NORMAL,0,0.07,NORMAL,이상 없음(정상)
DOG,15,11.5,38.4,99,15,True,False,False,True,False,NORMAL,NORMAL,NORMAL,3,0.46,WATCH,"구토, 피부 징후"
DOG,15,25.7,40.4,132,61,True,False,False,True,True,DECREASED,DECREASED,NORMAL,4,1.0,DANGER,"고열, 호흡 급증"
DOG,11,7.4,39.4,169,35,True,True,False,False,False,NORMAL,INCREASED,NORMAL,0,0.52,CAUTION,"미열, 빈맥"
DOG,10,22.6,38.6,115,26,False,False,False,False,False,NORMAL,NORMAL,NORMAL,0,0.2,NORMAL,이상 없음(정상)
CAT,6,6.3,39.8,129,22,False,True,False,False,True,DECREASED,DECREASED,LOW,0,0.67,CAUTION,"미열, 설사"
DOG,8,6.8,39.7,153,26,False,True,False,True,False,DECREASED,DECREASED,NORMAL,0,0.64,CAUTION,"미열, 구토"
CAT,12,5.8,40.0,153,43,True,False,True,True,True,NONE,NORMAL,LOW,1,1.0,DANGER,"고열, 호흡 급증"
DOG,12,15.0,40.1,174,54,True,False,False,False,False,NORMAL,DECREASED,LOW,0,1.0,DANGER,"고열, 빈맥"
CAT,4,4.9,40.5,150,65,False,True,False,True,False,DECREASED,NORMAL,LOW,4,1.0,DANGER,"고열, 호흡 급증"
DOG,11,20.9,39.0,62,25,True,False,False,False,True,DECREASED,NORMAL,LOW,5,0.43,WATCH,"설사, 피부 징후"
DOG,9,23.3,39.8,174,29,False,False,False,True,False,DECREASED,NORMAL,LOW,1,0.7,CAUTION,"미열, 빈맥"
DOG,6,29.7,39.3,112,16,False,True,False,False,False,INCREASED,NORMAL,HIGH,0,0.45,WATCH,"미열, 피부 징후"
DOG,1,15.3,39.5,129,43,False,True,False,False,False,DECREASED,NORMAL,LOW,5,0.71,CAUTION,"미열, 호흡 급증"
CAT,15,4.0,40.6,165,59,False,False,False,True,True,DECREASED,DECREASED,LOW,3,1.0,DANGER,"고열, 빈맥"
CAT,8,5.8,39.0,117,20,False,True,True,False,True,DECREASED,NORMAL,NORMAL,1,0.38,WATCH,"설사, 피부 징후"
DOG,1,28.4,39.8,139,34,False,True,False,True,False,DECREASED,NORMAL,LOW,6,0.87,DANGER,"미열, 구토"
DOG,2,28.0,38.9,134,23,False,False,False,False,False,DECREASED,NORMAL,HIGH,4,0.18,NORMAL,이상 없음(정상)
CAT,9,3.6,39.5,144,66,False,True,True,True,True,NORMAL,NORMAL,NORMAL,0,0.97,DANGER,"미열, 호흡 급증"
DOG,3,25.6,39.6,86,21,False,False,False,False,False,NORMAL,INCREASED,NORMAL,0,0.17,NORMAL,이상 없음(정상)
CAT,8,5.9,37.9,127,27,False,False,False,False,False,NORMAL,NORMAL,NORMAL,0,0.0,NORMAL,이상 없음(정상)
CAT,2,6.7,37.4,111,25,False,False,False,False,False,DECREASED,NORMAL,NORMAL,7,0.01,NORMAL,이상 없음(정상)
CAT,9,6.3,40.6,205,55,False,True,True,False,True,NONE,NORMAL,LOW,2,1.0,DANGER,"고열, 빈맥"
DOG,2,11.3,39.5,60,33,False,False,False,False,True,DECREASED,NORMAL,NORMAL,4,0.45,WATCH,"미열, 설사"
CAT,11,5.6,40.0,159,50,False,True,True,True,True,NORMAL,DECREASED,LOW,6,1.0,DANGER,"고열, 호흡 급증"
DOG,10,27.2,38.3,92,35,False,False,False,False,False,NORMAL,NORMAL,NORMAL,0,0.0,NORMAL,이상 없음(정상)
CAT,3,5.9,37.7,101,24,False,False,False,False,False,DECREASED,NORMAL,NORMAL,5,0.05,NORMAL,이상 없음(정상)
DOG,12,3.8,38.6,50,26,False,False,False,False,False,INCREASED,NORMAL,HIGH,6,0.03,NORMAL,이상 없음(정상)
DOG,5,9.6,39.5,90,28,False,False,False,False,True,DECREASED,NORMAL,NORMAL,6,0.41,WATCH,"미열, 설사"
CAT,5,5.4,38.7,108,26,False,False,False,True,True,NORMAL,DECREASED,LOW,1,0.36,WATCH,"소화기 이상(구토 및 설사), 활동량 저하"
CAT,1,5.0,39.9,127,28,False,False,False,False,True,DECREASED,NORMAL,LOW,6,0.49,WATCH,"미열, 설사"
CAT,5,7.2,39.2,142,38,True,False,False,False,True,DECREASED,DECREASED,LOW,2,0.58,CAUTION,"설사, 피부 징후"
DOG,14,13.2,40.2,147,36,True,True,False,False,False,DECREASED,DECREASED,LOW,0,0.72,CAUTION,"고열, 피부 징후"
CAT,9,5.0,39.1,120,19,False,False,False,False,False,NORMAL,NORMAL,NORMAL,0,0.0,NORMAL,이상 없음(정상)
DOG,3,23.8,38.9,126,19,False,True,False,False,False,NORMAL,INCREASED,NORMAL,0,0.13,NORMAL,이상 없음(정상)
DOG,12,23.1,38.6,71,34,True,True,False,False,True,NORMAL,INCREASED,NORMAL,1,0.21,NORMAL,이상 없음(정상)
CAT,8,7.0,38.7,125,18,False,False,False,True,False,DECREASED,NORMAL,NORMAL,6,0.36,WATCH,"구토, 식욕 감소"
DOG,9,12.4,38.5,122,21,True,False,False,False,False,NORMAL,NORMAL,NORMAL,7,0.28,NORMAL,이상 없음(정상)
DOG,9,21.6,37.8,81,39,False,False,False,False,True,DECREASED,NORMAL,NORMAL,1,0.09,NORMAL,이상 없음(정상)
CAT,10,3.2,39.2,154,32,True,True,False,False,True,DECREASED,NORMAL,LOW,0,0.6,CAUTION,"설사, 피부 징후"
CAT,3,2.8,38.5,83,28,False,False,False,False,False,NORMAL,NORMAL,NORMAL,0,0.0,NORMAL,이상 없음(정상)
CAT,8,7.1,40.0,159,47,True,True,False,True,False,DECREASED,DECREASED,LOW,1,1.0,DANGER,"고열, 호흡 급증"
DOG,8,16.2,39.6,129,25,True,False,False,False,False,NORMAL,NORMAL,HIGH,6,0.35,WATCH,"미열, 피부 징후"
DOG,1,7.0,40.3,156,46,True,False,False,False,False,DECREASED,DECREASED,LOW,1,1.0,DANGER,"고열, 호흡 급증"
CAT,7,6.0,39.4,167,28,True,False,False,False,False,DECREASED,DECREASED,NORMAL,1,0.6,CAUTION,"미열, 빈맥"
CAT,2,4.8,40.6,218,61,True,False,False,True,True,NONE,DECREASED,LOW,6,1.0,DANGER,"고열, 빈맥"
DOG,6,26.8,40.0,212,41,True,True,False,False,False,NORMAL,DECREASED,LOW,7,1.0,DANGER,"고열, 빈맥"
DOG,13,14.9,38.6,108,29,False,True,False,False,False,NONE,DECREASED,NORMAL,3,0.47,WATCH,"피부 징후, 식욕 절폐"
DOG,6,9.2,39.2,158,15,True,False,True,False,True,NORMAL,NORMAL,LOW,5,0.34,WATCH,"설사, 피부 징후"
CAT,1,4.9,39.0,117,23,False,False,False,False,False,NORMAL,NORMAL,LOW,5,0.11,NORMAL,이상 없음(정상)
CAT,11,4.3,40.0,146,62,True,True,False,True,False,DECREASED,DECREASED,NORMAL,1,1.0,DANGER,"고열, 호흡 급증"
CAT,9,2.9,39.3,120,18,False,False,False,False,False,DECREASED,NORMAL,NORMAL,6,0.43,WATCH,"미열, 식욕 감소"
DOG,14,19.9,40.5,154,44,False,False,False,True,True,DECREASED,DECREASED,NORMAL,5,1.0,DANGER,"고열, 호흡 급증"
DOG,11,17.2,38.5,125,19,True,False,False,False,False,INCREASED,NORMAL,NORMAL,4,0.14,NORMAL,이상 없음(정상)
DOG,5,21.5,37.9,97,34,False,False,False,False,False,DECREASED,NORMAL,NORMAL,7,0.09,NORMAL,이상 없음(정상)
DOG,9,24.9,39.3,119,34,False,False,True,False,False,NORMAL,NORMAL,HIGH,4,0.32,WATCH,"미열, 피부 징후"
DOG,4,20.2,39.6,178,27,False,True,False,False,False,DECREASED,DECREASED,NORMAL,5,0.59,CAUTION,"미열, 빈맥"
DOG,2,9.3,40.4,198,40,True,True,False,False,False,NONE,DECREASED,LOW,6,1.0,DANGER,"고열, 빈맥"
CAT,10,3.2,40.8,190,49,False,True,True,False,False,NONE,DECREASED,LOW,2,1.0,DANGER,"고열, 빈맥"
CAT,3,6.9,39.1,103,29,False,True,False,False,False,DECREASED,NORMAL,NORMAL,1,0.34,WATCH,"피부 징후, 식욕 감소"
CAT,13,6.6,39.8,130,34,False,False,True,True,False,DECREASED,DECREASED,LOW,7,0.86,DANGER,"미열, 구토"
CAT,5,7.4,39.0,137,34,True,False,False,False,True,DECREASED,DECREASED,LOW,2,0.72,CAUTION,"설사, 피부 징후"
CAT,1,6.2,39.3,136,20,True,True,False,False,False,DECREASED,DECREASED,NORMAL,6,0.46,WATCH,"미열, 피부 징후"
DOG,3,14.2,38.5,112,33,False,False,False,True,False,DECREASED,NORMAL,LOW,6,0.52,CAUTION,"구토, 식욕 감소"
DOG,6,25.8,38.0,113,31,True,False,False,False,False,NORMAL,INCREASED,NORMAL,0,0.18,NORMAL,이상 없음(정상)
CAT,6,7.4,39.0,182,23,False,False,False,False,True,NONE,NORMAL,NORMAL,2,0.74,CAUTION,"빈맥, 설사"
CAT,7,8.0,39.7,111,21,False,False,False,False,True,NORMAL,NORMAL,NORMAL,1,0.17,NORMAL,이상 없음(정상)
DOG,9,22.5,39.5,126,36,True,True,False,False,True,DECREASED,DECREASED,NORMAL,4,0.63,CAUTION,"미열, 설사"
DOG,13,11.8,39.1,140,39,True,False,False,True,False,DECREASED,NORMAL,LOW,1,0.67,CAUTION,"구토, 피부 징후"
DOG,15,18.7,39.8,123,36,False,False,False,True,False,DECREASED,NORMAL,NORMAL,1,0.37,WATCH,"미열, 구토"
DOG,2,4.2,39.7,195,47,True,False,True,True,True,DECREASED,DECREASED,NORMAL,2,1.0,DANGER,"미열, 빈맥"
DOG,13,27.4,39.8,149,37,False,False,False,True,True,DECREASED,DECREASED,LOW,3,0.72,CAUTION,"미열, 소화기 이상(구토 및 설사)"
CAT,10,5.2,39.1,143,33,True,False,False,False,True,NORMAL,INCREASED,NORMAL,6,0.38,WATCH,"설사, 피부 징후"
DOG,12,22.6,38.3,103,25,False,False,False,False,True,NORMAL,NORMAL,LOW,2,0.0,NORMAL,이상 없음(정상)
DOG,10,9.1,39.7,121,34,False,False,False,True,True,DECREASED,NORMAL,LOW,3,0.71,CAUTION,"미열, 소화기 이상(구토 및 설사)"
DOG,6,3.0,40.2,131,55,True,False,False,True,False,NORMAL,DECREASED,LOW,1,1.0,DANGER,"고열, 호흡 급증"
DOG,1,2.8,38.7,163,23,False,False,False,False,False,DECREASED,DECREASED,HIGH,2,0.35,WATCH,"빈맥, 식욕 감소"
CAT,3,4.8,38.9,150,41,True,True,False,False,False,INCREASED,DECREASED,LOW,3,0.57,CAUTION,"호흡 급증, 피부 징후"
DOG,12,11.1,38.3,95,21,False,False,False,False,False,NORMAL,NORMAL,HIGH,0,0.0,NORMAL,이상 없음(정상)
DOG,12,7.6,38.9,122,42,False,False,False,False,False,NORMAL,NORMAL,NORMAL,0,0.32,WATCH,호흡 급증
CAT,4,2.6,39.0,104,33,False,False,True,False,False,NORMAL,NORMAL,NORMAL,0,0.1,NORMAL,이상 없음(정상)
CAT,6,3.6,37.7,116,15,False,False,False,False,False,NORMAL,INCREASED,NORMAL,0,0.11,NORMAL,이상 없음(정상)
DOG,10,24.3,39.6,136,31,False,True,False,False,False,NORMAL,DECREASED,NORMAL,0,0.34,WATCH,"미열, 피부 징후"
CAT,4,7.1,39.1,171,24,False,False,False,True,False,DECREASED,NORMAL,NORMAL,1,0.54,CAUTION,"빈맥, 구토"
CAT,14,4.2,38.3,91,30,False,False,False,False,False,NORMAL,NORMAL,NORMAL,0,0.05,NORMAL,이상 없음(정상)
CAT,11,4.8,39.0,177,24,False,False,False,False,True,NONE,NORMAL,LOW,6,0.69,CAUTION,"빈맥, 설사"
CAT,10,2.8,38.8,158,16,False,False,False,False,False,NORMAL,NORMAL,NORMAL,0,0.01,NORMAL,이상 없음(정상)
DOG,5,19.0,39.5,214,34,False,True,False,True,True,DECREASED,NORMAL,LOW,2,0.99,DANGER,"미열, 빈맥"
DOG,11,6.4,39.0,103,45,False,True,False,False,False,DECREASED,DECREASED,LOW,0,0.62,CAUTION,"호흡 급증, 피부 징후"
DOG,7,3.4,38.3,78,21,False,False,True,False,False,NORMAL,INCREASED,LOW,6,0.26,NORMAL,이상 없음(정상)
CAT,5,2.6,39.3,139,21,False,False,False,False,False,NORMAL,INCREASED,LOW,7,0.31,WATCH,"미열, 활동량 저하"
CAT,12,4.1,38.3,113,27,False,False,False,True,False,NORMAL,NORMAL,NORMAL,3,0.14,NORMAL,이상 없음(정상)
DOG,13,26.1,38.8,178,22,False,False,False,True,False,NORMAL,NORMAL,NORMAL,0,0.45,WATCH,"빈맥, 구토"
DOG,12,21.5,38.9,200,35,False,False,False,False,True,NONE,NORMAL,LOW,1,0.64,CAUTION,"빈맥, 설사"
CAT,13,4.4,38.7,115,46,True,False,False,False,False,DECREASED,NORMAL,NORMAL,5,0.48,WATCH,"호흡 급증, 피부 징후"
CAT,4,7.6,40.6,167,36,True,True,False,True,True,NONE,INCREASED,LOW,2,1.0,DANGER,"고열, 빈맥"
CAT,11,3.9,39.8,165,42,False,False,False,False,True,NONE,DECREASED,LOW,0,1.0,DANGER,"미열, 빈맥"
CAT,15,3.7,39.2,58,25,True,False,False,False,False,NORMAL,NORMAL,NORMAL,3,0.14,NORMAL,이상 없음(정상)
CAT,7,2.6,37.8,97,25,False,False,False,False,False,NORMAL,NORMAL,HIGH,2,0.0,NORMAL,이상 없음(정상)
DOG,2,11.8,38.2,103,29,False,False,False,False,False,NORMAL,DECREASED,NORMAL,0,0.0,NORMAL,이상 없음(정상)
DOG,13,13.0,39.7,197,53,True,True,True,True,True,DECREASED,DECREASED,NORMAL,3,1.0,DANGER,"미열, 빈맥"
DOG,13,16.5,37.6,76,18,True,False,False,False,False,NORMAL,NORMAL,NORMAL,1,0.06,NORMAL,이상 없음(정상)
DOG,8,26.7,39.9,180,42,True,False,False,False,False,NORMAL,DECREASED,LOW,2,0.7,CAUTION,"미열, 빈맥"
DOG,3,21.1,37.2,86,10,False,False,False,False,False,NORMAL,NORMAL,HIGH,7,0.0,NORMAL,이상 없음(정상)
DOG,11,2.9,37.4,123,20,False,False,False,False,True,NORMAL,NORMAL,NORMAL,6,0.14,NORMAL,이상 없음(정상)
CAT,15,2.5,39.2,179,58,True,True,False,True,False,NORMAL,NORMAL,NORMAL,3,0.73,CAUTION,"빈맥, 호흡 급증"
DOG,13,14.2,37.5,134,14,False,False,False,False,False,NORMAL,NORMAL,NORMAL,0,0.0,NORMAL,이상 없음(정상)
CAT,3,7.0,40.0,165,61,True,False,True,True,True,NONE,DECREASED,NORMAL,5,1.0,DANGER,"고열, 빈맥"
DOG,9,16.9,38.4,90,24,False,False,False,False,False,NORMAL,INCREASED,NORMAL,0,0.0,NORMAL,이상 없음(정상)
DOG,12,8.9,39.1,79,26,False,False,False,False,False,NORMAL,DECREASED,NORMAL,0,0.0,NORMAL,이상 없음(정상)
DOG,9,28.4,40.0,145,48,False,False,True,False,False,NONE,NORMAL,HIGH,7,1.0,DANGER,"고열, 호흡 급증"
DOG,3,14.3,38.5,120,27,False,True,False,True,True,NORMAL,NORMAL,NORMAL,7,0.45,WATCH,"소화기 이상(구토 및 설사), 피부 징후"
DOG,6,13.6,40.1,130,40,True,True,True,True,False,DECREASED,NORMAL,LOW,7,1.0,DANGER,"고열, 호흡 급증"
CAT,4,2.7,40.8,219,47,False,False,False,False,True,DECREASED,DECREASED,LOW,0,1.0,DANGER,"고열, 빈맥"
CAT,2,4.4,38.7,85,10,False,False,False,False,False,INCREASED,NORMAL,LOW,1,0.13,NORMAL,이상 없음(정상)
DOG,11,25.0,39.8,132,36,True,False,False,True,False,NONE,NORMAL,HIGH,3,0.8,DANGER,"미열, 구토"
CAT,10,5.3,39.6,192,37,False,False,False,False,True,NORMAL,INCREASED,NORMAL,6,0.54,CAUTION,"미열, 빈맥"
CAT,2,3.1,39.1,123,32,True,False,False,True,True,DECREASED,DECREASED,LOW,6,0.64,CAUTION,"소화기 이상(구토 및 설사), 피부 징후"
DOG,8,9.6,38.8,100,31,False,True,False,False,False,NORMAL,NORMAL,NORMAL,0,0.26,NORMAL,이상 없음(정상)
CAT,1,5.6,40.5,193,50,True,True,False,True,False,NONE,DECREASED,LOW,2,1.0,DANGER,"고열, 빈맥"
DOG,6,9.5,38.4,128,31,False,False,False,False,False,DECREASED,NORMAL,NORMAL,6,0.0,NORMAL,이상 없음(정상)
CAT,13,3.1,39.7,147,24,False,False,False,False,False,NORMAL,NORMAL,NORMAL,0,0.18,NORMAL,이상 없음(정상)
CAT,5,6.9,38.2,126,22,False,False,False,False,False,NORMAL,NORMAL,NORMAL,0,0.05,NORMAL,이상 없음(정상)
CAT,10,4.4,40.3,193,46,True,True,False,True,True,DECREASED,NORMAL,LOW,5,1.0,DANGER,"고열, 빈맥"
DOG,3,7.1,38.3,131,21,True,True,False,False,False,NORMAL,NORMAL,HIGH,1,0.18,NORMAL,이상 없음(정상)
DOG,6,25.4,39.0,84,32,False,True,False,False,False,NORMAL,NORMAL,NORMAL,0,0.15,NORMAL,이상 없음(정상)
DOG,4,22.2,38.8,109,23,False,False,False,True,False,NORMAL,NORMAL,LOW,4,0.33,WATCH,"구토, 활동량 저하"
CAT,6,7.3,38.9,130,26,False,True,False,False,False,NORMAL,NORMAL,LOW,0,0.21,NORMAL,이상 없음(정상)
DOG,9,7.2,39.4,190,39,False,False,False,False,True,NORMAL,DECREASED,NORMAL,3,0.5,CAUTION,"미열, 빈맥"
CAT,7,6.2,39.0,74,17,False,False,False,True,False,INCREASED,NORMAL,NORMAL,1,0.1,NORMAL,이상 없음(정상)
DOG,14,11.5,39.6,176,51,True,False,True,False,True,DECREASED,DECREASED,LOW,2,1.0,DANGER,"미열, 빈맥"
DOG,15,5.0,40.7,230,54,True,False,False,True,True,NONE,NORMAL,LOW,5,1.0,DANGER,"고열, 빈맥"
CAT,15,4.2,39.0,140,36,True,True,True,True,False,NORMAL,NORMAL,LOW,2,0.45,WATCH,"구토, 피부 징후"
DOG,5,16.1,37.8,90,10,False,False,False,False,False,NORMAL,INCREASED,NORMAL,0,0.12,NORMAL,이상 없음(정상)
CAT,4,7.7,39.4,81,17,False,False,False,False,False,NORMAL,NORMAL,NORMAL,0,0.24,NORMAL,이상 없음(정상)
DOG,12,13.8,39.6,98,34,False,True,False,True,False,DECREASED,NORMAL,NORMAL,1,0.61,CAUTION,"미열, 구토"
CAT,11,6.6,39.1,95,15,False,False,True,False,False,NONE,NORMAL,HIGH,3,0.46,WATCH,"피부 징후, 식욕 절폐"
DOG,6,22.5,38.8,178,31,True,False,False,False,False,NORMAL,NORMAL,NORMAL,0,0.48,WATCH,"빈맥, 피부 징후"
DOG,6,21.3,38.5,153,49,True,False,False,False,False,DECREASED,DECREASED,NORMAL,4,0.68,CAUTION,"호흡 급증, 피부 징후"
DOG,15,21.2,40.2,196,47,True,True,True,True,True,DECREASED,DECREASED,LOW,7,1.0,DANGER,"고열, 빈맥"
CAT,11,5.1,38.1,123,10,False,False,False,False,False,DECREASED,NORMAL,NORMAL,0,0.12,NORMAL,이상 없음(정상)
CAT,10,5.0,39.9,130,46,True,True,False,True,True,NORMAL,DECREASED,LOW,4,0.96,DANGER,"미열, 호흡 급증"
CAT,3,8.0,39.1,147,48,False,True,False,False,True,DECREASED,DECREASED,NORMAL,0,0.51,CAUTION,"호흡 급증, 설사"
DOG,7,5.2,38.4,116,36,False,False,False,False,True,NORMAL,NORMAL,NORMAL,3,0.12,NORMAL,이상 없음(정상)
CAT,12,4.1,37.6,89,30,False,False,False,True,False,NORMAL,NORMAL,HIGH,4,0.16,NORMAL,이상 없음(정상)
DOG,7,3.9,38.7,114,31,False,True,False,False,False,NORMAL,INCREASED,NORMAL,0,0.14,NORMAL,이상 없음(정상)
DOG,9,8.7,39.8,106,22,True,False,False,False,False,DECREASED,NORMAL,LOW,1,0.56,CAUTION,"미열, 피부 징후"
CAT,14,5.4,40.2,219,59,True,True,False,False,True,DECREASED,NORMAL,NORMAL,3,1.0,DANGER,"고열, 빈맥"
DOG,14,3.9,40.6,173,54,False,True,False,True,True,DECREASED,NORMAL,NORMAL,6,1.0,DANGER,"고열, 빈맥"
CAT,8,3.9,38.4,112,34,False,True,False,False,False,DECREASED,NORMAL,NORMAL,5,0.21,NORMAL,이상 없음(정상)
DOG,9,13.5,39.2,146,40,False,False,False,True,False,DECREASED,DECREASED,LOW,3,0.63,CAUTION,"호흡 급증, 구토"
DOG,4,25.9,38.6,105,16,False,False,False,False,False,NORMAL,NORMAL,LOW,6,0.19,NORMAL,이상 없음(정상)
CAT,3,2.7,39.0,121,14,False,False,False,False,False,NORMAL,NORMAL,NORMAL,0,0.05,NORMAL,이상 없음(정상)
CAT,2,6.9,38.8,135,39,False,True,False,True,False,NONE,DECREASED,LOW,7,0.74,CAUTION,"구토, 피부 징후"
DOG,6,14.5,40.4,192,45,True,False,True,True,True,NONE,DECREASED,LOW,4,1.0,DANGER,"고열, 빈맥"
CAT,8,7.5,39.3,109,18,False,False,False,False,False,NORMAL,NORMAL,NORMAL,0,0.08,NORMAL,이상 없음(정상)
CAT,6,3.3,38.4,80,21,False,False,False,False,False,NORMAL,NORMAL,NORMAL,0,0.0,NORMAL,이상 없음(정상)
DOG,11,4.6,39.3,178,20,False,False,False,False,False,NORMAL,NORMAL,NORMAL,0,0.37,WATCH,"미열, 빈맥"
CAT,8,3.7,40.1,164,40,False,False,True,True,True,DECREASED,DECREASED,LOW,6,1.0,DANGER,"고열, 빈맥"
DOG,5,27.9,38.4,102,19,False,True,False,False,False,NORMAL,NORMAL,NORMAL,0,0.16,NORMAL,이상 없음(정상)
CAT,10,7.1,39.9,140,30,True,False,False,False,True,DECREASED,INCREASED,NORMAL,3,0.56,CAUTION,"미열, 설사"
DOG,5,7.1,38.2,108,13,False,False,False,True,False,NORMAL,NORMAL,LOW,4,0.16,NORMAL,이상 없음(정상)
CAT,13,6.5,39.5,210,45,True,True,False,True,False,DECREASED,NORMAL,LOW,1,1.0,DANGER,"미열, 빈맥"
CAT,14,3.3,38.8,88,35,False,False,False,False,False,NORMAL,NORMAL,LOW,5,0.07,NORMAL,이상 없음(정상)
CAT,2,7.6,40.5,159,57,True,True,False,True,True,DECREASED,INCREASED,LOW,7,1.0,DANGER,"고열, 호흡 급증"
CAT,11,6.4,40.3,166,55,False,True,True,False,True,NONE,DECREASED,LOW,1,1.0,DANGER,"고열, 빈맥"
CAT,7,6.0,39.4,60,25,False,True,False,False,False,DECREASED,NORMAL,NORMAL,5,0.44,WATCH,"미열, 피부 징후"
CAT,4,6.3,40.1,170,50,False,False,False,True,True,NONE,NORMAL,LOW,0,1.0,DANGER,"고열, 빈맥"
CAT,6,5.0,40.1,162,42,True,True,True,True,False,NONE,NORMAL,NORMAL,2,1.0,DANGER,"고열, 빈맥"
DOG,6,10.3,38.0,100,21,False,False,False,False,False,NORMAL,NORMAL,NORMAL,0,0.15,NORMAL,이상 없음(정상)
DOG,13,7.0,38.4,141,29,False,False,False,True,False,INCREASED,NORMAL,LOW,5,0.34,WATCH,"구토, 활동량 저하"
DOG,7,12.7,38.3,107,31,False,True,False,False,False,NORMAL,NORMAL,HIGH,6,0.03,NORMAL,이상 없음(정상)
CAT,9,5.0,40.0,130,34,False,False,False,False,True,NONE,DECREASED,LOW,1,0.82,DANGER,"고열, 설사"
CAT,8,5.9,39.2,109,27,False,False,False,False,False,NORMAL,NORMAL,NORMAL,0,0.0,NORMAL,이상 없음(정상)
DOG,6,21.3,39.4,113,27,False,False,False,False,False,NORMAL,NORMAL,NORMAL,0,0.24,NORMAL,이상 없음(정상)
DOG,1,15.5,39.1,147,34,True,False,False,False,False,DECREASED,NORMAL,LOW,5,0.42,WATCH,"피부 징후, 식욕 감소"
DOG,4,19.0,38.5,110,22,True,False,False,False,False,NORMAL,NORMAL,NORMAL,5,0.18,NORMAL,이상 없음(정상)
CAT,15,3.2,39.0,101,29,False,True,True,True,True,DECREASED,DECREASED,LOW,6,0.64,CAUTION,"소화기 이상(구토 및 설사), 피부 징후"
CAT,12,5.2,38.8,118,21,False,False,True,False,False,NORMAL,NORMAL,HIGH,4,0.1,NORMAL,이상 없음(정상)
CAT,4,6.1,38.6,118,25,False,False,False,False,False,NORMAL,NORMAL,NORMAL,0,0.0,NORMAL,이상 없음(정상)
CAT,14,6.2,39.8,154,22,False,True,False,True,False,NORMAL,DECREASED,LOW,3,0.5,CAUTION,"미열, 구토"
CAT,9,7.0,39.5,136,55,False,True,True,False,True,NONE,DECREASED,LOW,4,1.0,DANGER,"미열, 호흡 급증"
CAT,1,4.9,39.1,92,26,False,False,False,False,False,NORMAL,NORMAL,NORMAL,0,0.01,NORMAL,이상 없음(정상)
CAT,12,3.4,38.5,112,30,True,False,False,False,False,DECREASED,NORMAL,HIGH,0,0.25,NORMAL,이상 없음(정상)
CAT,13,5.3,38.0,89,17,False,False,False,False,False,NORMAL,NORMAL,NORMAL,0,0.03,NORMAL,이상 없음(정상)
DOG,15,23.6,39.9,132,29,False,True,False,True,False,DECREASED,INCREASED,HIGH,6,0.63,CAUTION,"미열, 구토"
DOG,5,20.4,39.1,185,31,True,False,False,True,False,NORMAL,NORMAL,LOW,2,0.51,CAUTION,"빈맥, 구토"
DOG,15,18.3,40.8,160,51,True,False,True,True,False,NONE,DECREASED,LOW,1,1.0,DANGER,"고열, 빈맥"
CAT,6,3.8,39.2,172,45,True,True,False,False,False,NORMAL,NORMAL,LOW,6,0.62,CAUTION,"빈맥, 호흡 급증"
CAT,6,4.7,38.8,150,18,False,False,True,False,False,DECREASED,NORMAL,LOW,4,0.38,WATCH,"피부 징후, 식욕 감소"
CAT,10,3.4,38.8,123,10,False,False,False,False,False,NORMAL,NORMAL,LOW,5,0.07,NORMAL,이상 없음(정상)
DOG,6,29.9,39.2,171,22,True,True,False,True,False,DECREASED,DECREASED,HIGH,5,0.59,CAUTION,"빈맥, 구토"
DOG,11,22.2,39.2,126,33,True,False,False,False,False,NONE,DECREASED,NORMAL,2,0.39,WATCH,"피부 징후, 식욕 절폐"
CAT,5,2.6,38.0,85,21,False,False,False,False,False,NORMAL,NORMAL,NORMAL,0,0.04,NORMAL,이상 없음(정상)
DOG,11,13.1,40.2,172,34,True,True,True,False,True,NONE,NORMAL,LOW,6,1.0,DANGER,"고열, 빈맥"
DOG,10,14.1,37.5,89,27,False,False,False,False,False,NORMAL,NORMAL,NORMAL,0,0.05,NORMAL,이상 없음(정상)
DOG,11,23.3,39.2,95,42,True,False,False,False,False,DECREASED,DECREASED,LOW,0,0.61,CAUTION,"호흡 급증, 피부 징후"
CAT,4,6.6,38.7,116,23,False,False,False,False,False,NORMAL,NORMAL,LOW,3,0.1,NORMAL,이상 없음(정상)
CAT,15,5.1,39.4,133,37,False,True,False,True,False,DECREASED,NORMAL,NORMAL,6,0.55,CAUTION,"미열, 구토"
CAT,7,3.8,38.5,109,28,False,False,False,False,False,NORMAL,NORMAL,NORMAL,0,0.0,NORMAL,이상 없음(정상)
DOG,7,9.4,40.3,132,28,False,False,False,False,False,NONE,NORMAL,NORMAL,4,0.56,CAUTION,"고열, 식욕 절폐"
DOG,6,20.5,38.6,114,25,False,False,False,False,False,NORMAL,INCREASED,LOW,7,0.2,NORMAL,이상 없음(정상)
DOG,12,17.0,39.5,205,72,False,False,False,True,True,NONE,DECREASED,LOW,5,1.0,DANGER,"미열, 빈맥"
DOG,11,27.8,39.4,99,40,False,False,True,False,False,NORMAL,NORMAL,NORMAL,0,0.49,WATCH,"미열, 호흡 급증"
DOG,11,5.4,40.6,179,52,False,True,True,True,True,DECREASED,DECREASED,LOW,2,1.0,DANGER,"고열, 빈맥"
CAT,6,2.2,39.7,110,37,False,True,False,True,False,DECREASED,NORMAL,LOW,7,0.68,CAUTION,"미열, 구토"
DOG,4,5.3,38.1,99,32,False,False,False,False,False,INCREASED,NORMAL,NORMAL,2,0.02,NORMAL,이상 없음(정상)
DOG,3,16.2,40.2,139,41,True,False,False,False,True,NONE,NORMAL,HIGH,7,1.0,DANGER,"고열, 호흡 급증"
CAT,15,4.6,38.4,109,21,False,False,False,False,False,NORMAL,NORMAL,HIGH,6,0.03,NORMAL,이상 없음(정상)
DOG,9,3.6,38.1,91,27,False,False,False,False,False,NORMAL,NORMAL,NORMAL,0,0.0,NORMAL,이상 없음(정상)
DOG,8,26.8,39.9,169,42,True,True,False,True,True,DECREASED,NORMAL,LOW,1,1.0,DANGER,"미열, 빈맥"
CAT,8,6.7,39.0,92,20,False,False,False,False,True,NORMAL,NORMAL,NORMAL,7,0.0,NORMAL,이상 없음(정상)
DOG,5,15.9,38.7,50,28,False,False,True,False,False,NORMAL,NORMAL,NORMAL,0,0.16,NORMAL,이상 없음(정상)
CAT,13,7.7,38.8,112,27,False,False,False,False,False,NORMAL,NORMAL,NORMAL,0,0.02,NORMAL,이상 없음(정상)
DOG,15,27.2,39.6,96,26,False,False,False,False,False,NORMAL,INCREASED,NORMAL,0,0.18,NORMAL,이상 없음(정상)
DOG,6,3.2,38.2,116,28,False,False,False,False,True,NORMAL,NORMAL,NORMAL,1,0.24,NORMAL,이상 없음(정상)
CAT,2,4.5,39.8,131,45,False,False,False,True,True,DECREASED,DECREASED,LOW,3,1.0,DANGER,"미열, 호흡 급증"
CAT,10,2.7,39.6,143,49,False,False,False,False,False,DECREASED,NORMAL,NORMAL,2,0.56,CAUTION,"미열, 호흡 급증"
CAT,6,6.8,37.8,102,23,True,True,False,False,False,NORMAL,NORMAL,NORMAL,7,0.11,NORMAL,이상 없음(정상)
CAT,2,5.2,39.7,173,33,False,False,False,True,False,DECREASED,DECREASED,NORMAL,6,0.71,CAUTION,"미열, 빈맥"
CAT,1,4.9,38.0,120,38,True,False,False,False,False,DECREASED,DECREASED,NORMAL,0,0.32,WATCH,"피부 징후, 식욕 감소"
CAT,4,6.9,38.4,99,10,False,False,False,False,False,NORMAL,NORMAL,NORMAL,0,0.0,NORMAL,이상 없음(정상)
CAT,7,7.1,39.9,130,57,False,True,False,True,True,NONE,NORMAL,LOW,7,1.0,DANGER,"미열, 호흡 급증"
DOG,6,6.7,37.8,117,18,True,False,False,False,False,NORMAL,DECREASED,NORMAL,2,0.15,NORMAL,이상 없음(정상)
CAT,8,7.3,38.6,114,37,False,True,False,False,True,NORMAL,DECREASED,LOW,7,0.35,WATCH,"설사, 피부 징후"
DOG,12,26.4,39.9,179,34,False,True,False,False,False,DECREASED,DECREASED,LOW,1,0.57,CAUTION,"미열, 빈맥"
CAT,4,4.4,39.6,136,33,False,False,False,False,False,DECREASED,NORMAL,LOW,3,0.33,WATCH,"미열, 식욕 감소"
CAT,12,6.2,38.7,78,27,True,False,False,False,True,NORMAL,NORMAL,NORMAL,7,0.3,WATCH,"설사, 피부 징후"
DOG,15,24.6,39.1,153,40,False,True,False,False,False,NORMAL,NORMAL,LOW,7,0.5,CAUTION,"호흡 급증, 피부 징후"
CAT,3,2.3,40.0,167,45,True,True,False,True,False,NONE,DECREASED,LOW,5,1.0,DANGER,"고열, 빈맥"
DOG,10,20.7,38.9,98,11,False,False,False,False,False,NORMAL,NORMAL,NORMAL,0,0.0,NORMAL,이상 없음(정상)
CAT,14,4.8,39.2,127,31,False,True,False,True,False,DECREASED,NORMAL,NORMAL,1,0.41,WATCH,"구토, 피부 징후"
CAT,4,6.0,38.0,111,17,False,False,False,False,False,NORMAL,NORMAL,NORMAL,0,0.0,NORMAL,이상 없음(정상)
CAT,5,7.4,38.6,125,14,False,True,True,False,False,NORMAL,NORMAL,HIGH,6,0.1,NORMAL,이상 없음(정상)
CAT,10,6.0,39.3,120,38,False,True,False,False,True,INCREASED,NORMAL,NORMAL,4,0.55,CAUTION,"미열, 설사"
DOG,9,19.7,41.1,138,49,True,False,False,False,True,NORMAL,DECREASED,NORMAL,1,0.87,DANGER,"고열, 호흡 급증"
DOG,4,23.9,39.3,200,34,True,True,True,False,False,DECREASED,DECREASED,HIGH,0,0.69,CAUTION,"미열, 빈맥"
DOG,10,27.6,40.4,220,63,False,False,False,True,True,DECREASED,DECREASED,LOW,6,1.0,DANGER,"고열, 빈맥"
DOG,14,15.6,39.6,149,32,False,True,False,False,False,NORMAL,NORMAL,LOW,4,0.5,CAUTION,"미열, 피부 징후"
DOG,8,29.3,38.1,114,14,False,False,False,False,False,NORMAL,NORMAL,LOW,3,0.01,NORMAL,이상 없음(정상)
DOG,8,28.0,40.2,182,48,True,True,True,True,True,NONE,INCREASED,LOW,4,1.0,DANGER,"고열, 빈맥"
CAT,6,6.3,40.3,144,43,True,True,False,True,True,NONE,DECREASED,NORMAL,2,1.0,DANGER,"고열, 호흡 급증"
CAT,14,5.2,38.3,102,30,False,False,False,False,False,NORMAL,DECREASED,NORMAL,0,0.0,NORMAL,이상 없음(정상)
CAT,11,5.6,38.4,83,22,False,False,False,False,False,DECREASED,NORMAL,NORMAL,6,0.01,NORMAL,이상 없음(정상)
DOG,2,22.8,38.8,115,24,False,False,False,False,False,INCREASED,NORMAL,LOW,3,0.05,NORMAL,이상 없음(정상)
CAT,15,5.2,38.5,134,27,True,False,False,False,False,NORMAL,NORMAL,HIGH,6,0.08,NORMAL,이상 없음(정상)
CAT,7,3.6,38.9,111,15,False,False,False,False,False,NORMAL,DECREASED,NORMAL,0,0.01,NORMAL,이상 없음(정상)
DOG,7,13.7,39.9,144,33,False,False,False,True,False,NORMAL,NORMAL,LOW,1,0.43,WATCH,"미열, 구토"
DOG,7,15.1,40.3,191,41,False,True,False,False,True,NORMAL,NORMAL,NORMAL,1,1.0,DANGER,"고열, 빈맥"
CAT,15,4.7,38.6,78,10,True,True,False,False,False,DECREASED,NORMAL,NORMAL,3,0.18,NORMAL,이상 없음(정상)
CAT,9,6.5,38.1,107,16,False,False,False,False,False,NORMAL,INCREASED,NORMAL,0,0.0,NORMAL,이상 없음(정상)
DOG,15,15.6,40.0,183,29,True,False,False,False,False,NORMAL,NORMAL,NORMAL,3,0.73,CAUTION,"고열, 빈맥"
CAT,11,2.6,38.3,100,17,False,False,False,False,False,NORMAL,NORMAL,NORMAL,0,0.0,NORMAL,이상 없음(정상)
CAT,13,6.3,39.3,100,35,False,False,False,False,False,NORMAL,NORMAL,LOW,5,0.42,WATCH,"미열, 활동량 저하"
CAT,5,5.2,40.2,142,48,False,False,False,False,False,DECREASED,DECREASED,NORMAL,6,0.74,CAUTION,"고열, 호흡 급증"
CAT,7,5.3,38.7,77,30,True,True,False,False,False,NORMAL,NORMAL,HIGH,1,0.14,NORMAL,이상 없음(정상)
DOG,2,7.2,40.9,148,55,False,True,False,False,True,DECREASED,DECREASED,NORMAL,5,0.99,DANGER,"고열, 호흡 급증"
CAT,12,7.4,38.6,117,36,False,True,False,False,False,DECREASED,DECREASED,NORMAL,3,0.36,WATCH,"피부 징후, 식욕 감소"
CAT,8,4.0,39.2,137,40,True,True,False,False,False,DECREASED,DECREASED,LOW,2,0.7,CAUTION,"호흡 급증, 피부 징후"
DOG,15,13.2,39.3,122,32,True,True,False,False,False,DECREASED,DECREASED,LOW,3,0.51,CAUTION,"미열, 피부 징후"
DOG,11,4.3,40.0,151,48,True,False,False,False,False,NONE,NORMAL,LOW,1,1.0,DANGER,"고열, 호흡 급증"
CAT,15,5.9,39.5,147,35,False,True,True,False,False,INCREASED,NORMAL,NORMAL,6,0.39,WATCH,"미열, 피부 징후"
DOG,7,23.9,39.8,167,36,False,False,False,False,True,DECREASED,NORMAL,NORMAL,3,0.55,CAUTION,"미열, 빈맥"
CAT,14,5.9,40.3,186,46,True,True,False,True,True,NORMAL,NORMAL,LOW,4,1.0,DANGER,"고열, 빈맥"
DOG,3,7.2,39.4,152,34,False,False,False,False,True,DECREASED,NORMAL,LOW,3,0.5,CAUTION,"미열, 설사"
CAT,15,4.8,39.0,139,31,False,False,False,True,False,NORMAL,NORMAL,NORMAL,7,0.36,WATCH,구토
CAT,2,2.7,39.0,145,26,False,False,False,False,False,NORMAL,NORMAL,NORMAL,0,0.03,NORMAL,이상 없음(정상)
CAT,14,3.7,39.1,147,32,False,True,False,False,True,NONE,NORMAL,LOW,7,0.63,CAUTION,"설사, 피부 징후"
DOG,5,19.5,40.4,185,34,False,False,False,True,False,NONE,NORMAL,LOW,6,1.0,DANGER,"고열, 빈맥"
DOG,9,8.7,40.6,202,71,True,False,False,True,False,NONE,DECREASED,LOW,0,1.0,DANGER,"고열, 빈맥"
DOG,2,17.9,40.9,175,46,False,False,True,False,True,DECREASED,INCREASED,LOW,5,1.0,DANGER,"고열, 빈맥"
CAT,8,7.9,39.7,168,54,False,False,False,False,True,NONE,DECREASED,LOW,4,1.0,DANGER,"미열, 빈맥"
DOG,6,13.8,38.1,84,15,False,True,False,False,False,NORMAL,NORMAL,NORMAL,0,0.13,NORMAL,이상 없음(정상)
DOG,9,21.9,39.2,100,28,False,False,False,False,False,NORMAL,NORMAL,LOW,6,0.0,NORMAL,이상 없음(정상)
DOG,9,27.7,38.6,114,41,False,False,False,False,True,DECREASED,DECREASED,NORMAL,1,0.49,WATCH,"호흡 급증, 설사"
DOG,11,15.6,39.7,102,31,True,True,False,False,True,DECREASED,DECREASED,LOW,7,0.64,CAUTION,"미열, 설사"
CAT,8,2.2,39.6,162,36,False,False,False,True,False,NORMAL,DECREASED,NORMAL,0,0.54,CAUTION,"미열, 빈맥"
CAT,12,4.1,38.7,200,39,True,True,False,True,False,NORMAL,NORMAL,LOW,0,0.55,CAUTION,"빈맥, 구토"
DOG,10,10.2,40.5,144,26,True,False,False,False,False,DECREASED,NORMAL,LOW,4,0.69,CAUTION,"고열, 피부 징후"
CAT,14,7.6,39.5,212,59,True,True,False,True,False,NONE,DECREASED,NORMAL,1,1.0,DANGER,"미열, 빈맥"
CAT,9,2.3,39.2,192,31,True,False,False,False,False,NONE,NORMAL,NORMAL,0,0.57,CAUTION,"빈맥, 피부 징후"
CAT,11,4.3,39.3,139,29,False,False,False,True,False,DECREASED,DECREASED,LOW,6,0.61,CAUTION,"미열, 구토"
DOG,15,28.8,37.7,114,23,False,True,False,False,False,NORMAL,NORMAL,NORMAL,0,0.12,NORMAL,이상 없음(정상)
CAT,2,7.2,39.1,184,44,False,False,False,False,False,DECREASED,NORMAL,LOW,2,0.67,CAUTION,"빈맥, 호흡 급증"
DOG,9,25.4,38.3,95,11,False,False,False,True,False,NORMAL,NORMAL,NORMAL,1,0.17,NORMAL,이상 없음(정상)
DOG,12,12.1,38.9,109,36,True,False,False,True,False,NORMAL,NORMAL,LOW,5,0.47,WATCH,"구토, 피부 징후"
DOG,8,12.8,40.7,165,44,False,True,False,True,True,DECREASED,DECREASED,LOW,3,1.0,DANGER,"고열, 빈맥"
CAT,7,7.4,39.6,153,37,True,False,False,False,False,DECREASED,NORMAL,LOW,6,0.57,CAUTION,"미열, 피부 징후"
CAT,6,6.5,38.1,96,22,False,False,False,False,False,NORMAL,NORMAL,NORMAL,0,0.0,NORMAL,이상 없음(정상)
DOG,4,21.6,37.3,121,32,False,False,False,False,False,NORMAL,NORMAL,LOW,4,0.16,NORMAL,이상 없음(정상)
CAT,15,7.4,39.2,172,32,False,False,False,False,False,NORMAL,NORMAL,LOW,2,0.32,WATCH,"빈맥, 활동량 저하"
DOG,5,9.3,39.3,82,21,False,False,False,False,False,NORMAL,DECREASED,LOW,1,0.18,NORMAL,이상 없음(정상)
DOG,2,10.8,40.3,169,58,True,True,True,True,True,NONE,DECREASED,LOW,0,1.0,DANGER,"고열, 빈맥"
DOG,2,17.9,37.8,130,31,False,False,False,False,False,NORMAL,NORMAL,NORMAL,0,0.0,NORMAL,이상 없음(정상)
CAT,4,6.5,39.0,147,25,False,False,False,False,False,NORMAL,INCREASED,NORMAL,0,0.0,NORMAL,이상 없음(정상)
CAT,15,4.0,40.6,181,45,False,False,True,True,True,NONE,NORMAL,LOW,6,1.0,DANGER,"고열, 빈맥"
CAT,15,6.7,39.2,89,26,False,False,False,False,False,DECREASED,INCREASED,NORMAL,6,0.13,NORMAL,이상 없음(정상)
CAT,5,7.3,39.5,104,28,False,False,True,False,False,DECREASED,NORMAL,NORMAL,5,0.45,WATCH,"미열, 피부 징후"
DOG,13,12.2,38.6,164,30,False,False,False,True,False,DECREASED,NORMAL,HIGH,5,0.44,WATCH,"빈맥, 구토"
CAT,4,7.2,39.4,113,41,False,True,False,False,False,NORMAL,NORMAL,NORMAL,0,0.58,CAUTION,"미열, 호흡 급증"
CAT,7,4.6,38.1,95,29,False,False,False,False,True,NORMAL,NORMAL,HIGH,3,0.06,NORMAL,이상 없음(정상)
DOG,14,26.8,41.3,178,58,True,False,True,False,True,NORMAL,DECREASED,LOW,4,1.0,DANGER,"고열, 빈맥"
DOG,8,16.7,39.5,133,37,False,True,False,True,False,DECREASED,DECREASED,LOW,1,0.56,CAUTION,"미열, 구토"
CAT,7,6.4,39.6,204,46,True,True,True,True,True,NONE,NORMAL,HIGH,7,1.0,DANGER,"미열, 빈맥"
DOG,10,10.4,40.3,152,51,False,True,True,True,True,DECREASED,DECREASED,LOW,4,1.0,DANGER,"고열, 호흡 급증"
CAT,8,7.6,40.0,157,56,False,True,False,True,True,DECREASED,DECREASED,LOW,3,1.0,DANGER,"고열, 호흡 급증"
DOG,11,25.5,38.5,90,39,False,False,False,False,False,DECREASED,NORMAL,NORMAL,7,0.15,NORMAL,이상 없음(정상)
CAT,14,7.8,38.6,102,18,False,False,False,False,False,NORMAL,NORMAL,LOW,5,0.04,NORMAL,이상 없음(정상)
DOG,6,21.4,40.3,138,47,False,False,False,False,False,DECREASED,DECREASED,LOW,3,0.73,CAUTION,"고열, 호흡 급증"
DOG,12,8.3,38.0,93,34,False,False,False,True,False,NORMAL,NORMAL,NORMAL,7,0.19,NORMAL,이상 없음(정상)
CAT,9,4.8,38.7,147,42,False,False,False,True,False,NORMAL,NORMAL,NORMAL,6,0.56,CAUTION,"호흡 급증, 구토"
CAT,5,6.3,40.0,127,31,True,False,False,False,False,DECREASED,DECREASED,LOW,0,0.6,CAUTION,"고열, 피부 징후"
DOG,9,8.3,38.5,178,12,False,False,False,False,True,DECREASED,DECREASED,LOW,1,0.49,WATCH,"빈맥, 설사"
CAT,6,3.6,39.1,103,46,False,False,False,False,False,NORMAL,NORMAL,NORMAL,0,0.37,WATCH,호흡 급증
CAT,7,2.6,40.4,119,36,False,False,False,False,True,DECREASED,NORMAL,LOW,7,0.71,CAUTION,"고열, 설사"
CAT,4,7.1,38.3,67,26,False,False,False,False,False,DECREASED,NORMAL,NORMAL,0,0.16,NORMAL,이상 없음(정상)
CAT,8,5.2,38.7,157,30,False,True,False,False,False,NONE,DECREASED,LOW,0,0.58,CAUTION,"피부 징후, 식욕 절폐"
CAT,2,4.0,39.3,124,54,False,False,True,False,True,NORMAL,DECREASED,LOW,0,0.7,CAUTION,"미열, 호흡 급증"
CAT,2,5.0,40.4,178,44,True,False,False,False,True,NONE,DECREASED,LOW,7,1.0,DANGER,"고열, 빈맥"
DOG,1,25.5,40.1,202,53,False,False,True,True,False,NONE,DECREASED,LOW,2,1.0,DANGER,"고열, 빈맥"
DOG,9,16.9,39.4,169,29,False,False,False,False,True,NORMAL,NORMAL,LOW,5,0.59,CAUTION,"미열, 빈맥"
CAT,10,5.4,38.7,146,30,False,False,True,False,False,NORMAL,NORMAL,LOW,4,0.35,WATCH,"피부 징후, 활동량 저하"
CAT,12,2.4,40.4,155,64,True,True,True,False,False,DECREASED,DECREASED,LOW,2,0.93,DANGER,"고열, 호흡 급증"
DOG,8,13.4,40.3,171,39,True,True,False,False,False,DECREASED,DECREASED,NORMAL,5,0.78,DANGER,"고열, 빈맥"
DOG,10,5.7,38.5,89,35,False,False,False,False,False,NONE,DECREASED,LOW,4,0.44,WATCH,"식욕 절폐, 활동량 저하"
DOG,9,20.0,37.7,105,15,False,False,False,False,False,NORMAL,NORMAL,NORMAL,0,0.07,NORMAL,이상 없음(정상)
CAT,13,4.2,39.2,140,30,True,False,False,False,True,NORMAL,NORMAL,LOW,6,0.42,WATCH,"설사, 피부 징후"
DOG,8,15.9,39.8,173,55,True,True,False,False,False,DECREASED,DECREASED,HIGH,2,0.98,DANGER,"미열, 빈맥"
CAT,2,4.5,39.6,107,31,False,False,False,True,False,NORMAL,NORMAL,LOW,4,0.46,WATCH,"미열, 구토"
DOG,6,19.3,39.0,122,19,False,False,False,True,False,INCREASED,NORMAL,HIGH,5,0.14,NORMAL,이상 없음(정상)
DOG,7,20.9,39.6,123,30,True,False,True,True,False,NORMAL,DECREASED,LOW,6,0.67,CAUTION,"미열, 구토"
DOG,3,17.2,39.8,130,72,False,False,True,True,True,INCREASED,DECREASED,LOW,4,0.99,DANGER,"미열, 호흡 급증"
DOG,13,10.8,37.9,131,20,False,False,False,False,False,NORMAL,DECREASED,NORMAL,0,0.02,NORMAL,이상 없음(정상)
DOG,5,22.7,39.5,180,52,False,False,False,True,True,DECREASED,NORMAL,LOW,2,1.0,DANGER,"미열, 빈맥"
CAT,13,6.9,40.0,152,45,True,False,False,True,True,NORMAL,DECREASED,LOW,4,1.0,DANGER,"고열, 호흡 급증"
DOG,13,3.1,39.2,111,28,False,False,False,False,False,NORMAL,NORMAL,NORMAL,0,0.12,NORMAL,이상 없음(정상)
DOG,4,23.0,38.9,103,23,False,False,False,False,False,NORMAL,NORMAL,HIGH,7,0.0,NORMAL,이상 없음(정상)
DOG,9,29.1,39.4,155,36,False,False,True,False,True,DECREASED,NORMAL,LOW,1,0.68,CAUTION,"미열, 설사"
DOG,13,12.8,38.3,102,32,False,False,False,False,False,NORMAL,NORMAL,NORMAL,0,0.01,NORMAL,이상 없음(정상)
CAT,2,5.5,39.8,185,38,True,False,False,False,False,NORMAL,NORMAL,LOW,7,0.54,CAUTION,"미열, 빈맥"
DOG,12,11.1,37.8,134,25,False,False,False,False,False,NORMAL,DECREASED,HIGH,6,0.09,NORMAL,이상 없음(정상)
CAT,8,7.4,39.8,184,23,False,True,False,False,False,DECREASED,DECREASED,NORMAL,0,0.6,CAUTION,"미열, 빈맥"
CAT,2,6.1,39.8,184,37,False,False,False,True,False,DECREASED,DECREASED,LOW,0,0.69,CAUTION,"미열, 빈맥"
CAT,7,7.3,40.1,130,50,True,False,False,True,True,NONE,DECREASED,LOW,5,1.0,DANGER,"고열, 호흡 급증"
CAT,5,6.1,39.4,200,38,False,False,False,False,True,NORMAL,NORMAL,NORMAL,1,0.6,CAUTION,"미열, 빈맥"
DOG,12,29.9,38.3,87,31,False,False,False,False,False,INCREASED,NORMAL,HIGH,0,0.0,NORMAL,이상 없음(정상)
CAT,4,6.1,39.9,181,46,False,False,False,True,True,NONE,DECREASED,NORMAL,5,1.0,DANGER,"미열, 빈맥"
CAT,10,2.9,40.2,176,42,True,False,True,False,True,DECREASED,NORMAL,LOW,3,1.0,DANGER,"고열, 빈맥"
DOG,12,2.8,40.4,157,47,True,False,False,True,True,DECREASED,DECREASED,LOW,0,1.0,DANGER,"고열, 호흡 급증"
CAT,9,3.0,38.5,165,45,False,False,False,False,True,DECREASED,DECREASED,NORMAL,7,0.73,CAUTION,"빈맥, 호흡 급증"
CAT,14,7.1,40.6,149,66,False,False,False,True,True,DECREASED,DECREASED,LOW,7,1.0,DANGER,"고열, 호흡 급증"
CAT,6,3.9,39.7,137,32,False,False,True,False,False,INCREASED,NORMAL,NORMAL,6,0.3,WATCH,"미열, 피부 징후"
CAT,2,3.4,40.6,156,57,False,False,False,False,False,NONE,DECREASED,LOW,5,1.0,DANGER,"고열, 호흡 급증"
CAT,5,5.5,39.0,160,36,False,False,False,True,False,NORMAL,INCREASED,NORMAL,4,0.39,WATCH,"빈맥, 구토"
CAT,11,5.5,38.7,129,27,False,False,False,False,False,NORMAL,NORMAL,NORMAL,0,0.11,NORMAL,이상 없음(정상)
CAT,2,4.7,39.3,158,34,False,False,False,True,False,DECREASED,NORMAL,LOW,4,0.7,CAUTION,"미열, 구토"
CAT,1,7.4,38.6,104,19,False,False,False,False,False,NORMAL,NORMAL,NORMAL,0,0.0,NORMAL,이상 없음(정상)
DOG,10,28.0,37.8,87,33,False,False,False,True,False,NORMAL,NORMAL,NORMAL,5,0.18,NORMAL,이상 없음(정상)
CAT,13,2.2,39.6,152,36,False,False,False,False,True,NORMAL,NORMAL,LOW,2,0.56,CAUTION,"미열, 설사"
DOG,2,29.0,39.7,118,39,False,False,False,False,True,DECREASED,NORMAL,LOW,2,0.56,CAUTION,"미열, 설사"
DOG,12,3.8,38.2,94,18,False,False,False,False,False,NORMAL,NORMAL,LOW,2,0.2,NORMAL,이상 없음(정상)
CAT,10,6.8,38.6,192,26,True,False,False,True,True,INCREASED,DECREASED,NORMAL,6,0.68,CAUTION,"빈맥, 소화기 이상(구토 및 설사)"
CAT,12,2.4,38.7,58,42,False,False,False,False,False,NORMAL,NORMAL,NORMAL,0,0.22,NORMAL,이상 없음(정상)
CAT,4,5.1,39.9,177,26,False,False,False,False,True,DECREASED,NORMAL,LOW,6,0.68,CAUTION,"미열, 빈맥"
CAT,9,3.5,40.0,151,34,False,False,True,True,True,NONE,NORMAL,HIGH,1,1.0,DANGER,"고열, 소화기 이상(구토 및 설사)"
CAT,4,7.4,39.1,168,38,False,False,True,False,True,DECREASED,DECREASED,HIGH,3,0.58,CAUTION,"빈맥, 설사"
DOG,14,5.9,38.5,122,19,True,False,False,False,False,NORMAL,NORMAL,NORMAL,7,0.09,NORMAL,이상 없음(정상)
CAT,11,5.8,39.5,160,29,False,False,False,False,True,DECREASED,NORMAL,LOW,5,0.56,CAUTION,"미열, 빈맥"
DOG,9,21.4,38.6,104,41,False,False,False,False,False,NORMAL,NORMAL,HIGH,2,0.26,NORMAL,이상 없음(정상)
CAT,11,6.3,39.7,90,37,False,False,False,True,False,DECREASED,DECREASED,LOW,5,0.58,CAUTION,"미열, 구토"
CAT,4,5.8,39.7,130,26,True,True,False,False,True,DECREASED,DECREASED,NORMAL,6,0.5,CAUTION,"미열, 설사"
CAT,1,7.8,38.3,137,18,False,False,False,False,False,NORMAL,NORMAL,NORMAL,0,0.03,NORMAL,이상 없음(정상)
DOG,7,25.6,40.2,201,64,False,True,True,True,False,NONE,DECREASED,LOW,3,1.0,DANGER,"고열, 빈맥"
DOG,8,3.8,39.2,139,39,False,False,True,True,True,DECREASED,DECREASED,NORMAL,1,0.51,CAUTION,"소화기 이상(구토 및 설사), 피부 징후"
CAT,9,6.6,40.8,130,57,False,True,True,True,False,DECREASED,DECREASED,LOW,0,1.0,DANGER,"고열, 호흡 급증"
DOG,5,18.9,38.9,97,24,True,False,False,False,False,NORMAL,INCREASED,NORMAL,6,0.1,NORMAL,이상 없음(정상)
CAT,3,6.8,40.7,222,36,False,True,False,True,True,NONE,DECREASED,LOW,5,1.0,DANGER,"고열, 빈맥"
DOG,5,13.4,38.8,93,19,False,False,False,False,False,NORMAL,NORMAL,NORMAL,0,0.0,NORMAL,이상 없음(정상)
DOG,14,19.2,40.5,144,60,False,False,False,True,True,NONE,DECREASED,LOW,0,1.0,DANGER,"고열, 호흡 급증"
CAT,15,6.3,39.5,153,37,True,False,False,False,False,DECREASED,INCREASED,NORMAL,2,0.35,WATCH,"미열, 피부 징후"
CAT,13,4.1,39.8,145,52,True,True,False,True,True,NONE,DECREASED,LOW,3,1.0,DANGER,"미열, 호흡 급증"
CAT,8,7.9,39.8,136,38,False,False,False,True,False,DECREASED,NORMAL,LOW,0,0.66,CAUTION,"미열, 구토"
CAT,2,4.6,41.2,179,51,True,True,True,True,True,DECREASED,NORMAL,LOW,5,1.0,DANGER,"고열, 빈맥"
CAT,12,7.5,38.9,109,39,False,False,False,False,False,DECREASED,INCREASED,NORMAL,6,0.04,NORMAL,이상 없음(정상)
DOG,11,25.6,38.1,102,16,False,False,False,True,False,NORMAL,NORMAL,NORMAL,5,0.12,NORMAL,이상 없음(정상)
CAT,6,6.3,39.0,139,31,False,False,False,False,True,DECREASED,INCREASED,LOW,5,0.38,WATCH,"설사, 식욕 감소"
CAT,2,2.2,38.1,85,29,False,False,False,False,False,NORMAL,NORMAL,NORMAL,0,0.04,NORMAL,이상 없음(정상)
DOG,4,16.5,37.7,123,24,False,False,True,False,False,NORMAL,NORMAL,HIGH,1,0.14,NORMAL,이상 없음(정상)
CAT,7,4.7,40.3,179,72,True,False,False,False,True,DECREASED,DECREASED,NORMAL,0,1.0,DANGER,"고열, 빈맥"
DOG,13,20.7,39.0,142,26,True,False,True,True,False,NONE,NORMAL,LOW,1,0.69,CAUTION,"구토, 피부 징후"
DOG,2,9.9,38.4,127,24,False,False,False,True,False,NORMAL,NORMAL,NORMAL,2,0.11,NORMAL,이상 없음(정상)
DOG,6,12.7,39.8,154,34,True,False,True,True,False,DECREASED,NORMAL,LOW,4,0.74,CAUTION,"미열, 구토"
DOG,10,21.6,37.9,142,33,False,False,False,False,False,NORMAL,INCREASED,NORMAL,0,0.07,NORMAL,이상 없음(정상)
DOG,13,8.4,38.9,152,50,False,True,False,False,True,DECREASED,NORMAL,NORMAL,2,0.66,CAUTION,"호흡 급증, 설사"
DOG,15,4.9,40.9,130,46,True,False,True,True,False,NONE,DECREASED,LOW,7,1.0,DANGER,"고열, 호흡 급증"
DOG,13,4.7,38.7,132,25,False,False,False,False,True,NORMAL,INCREASED,NORMAL,0,0.08,NORMAL,이상 없음(정상)
CAT,14,7.7,39.9,130,42,False,True,False,True,True,DECREASED,DECREASED,LOW,1,1.0,DANGER,"미열, 호흡 급증"
CAT,12,6.1,38.3,110,28,False,False,False,False,False,NORMAL,NORMAL,HIGH,2,0.02,NORMAL,이상 없음(정상)
DOG,2,12.6,38.5,84,24,False,True,False,False,False,NORMAL,INCREASED,NORMAL,0,0.03,NORMAL,이상 없음(정상)
DOG,8,26.7,38.6,118,21,False,False,False,True,False,NORMAL,INCREASED,NORMAL,6,0.28,NORMAL,이상 없음(정상)
DOG,11,6.0,40.1,185,41,False,True,False,True,False,DECREASED,DECREASED,LOW,3,1.0,DANGER,"고열, 빈맥"
CAT,3,2.0,38.1,118,32,False,False,False,True,False,NORMAL,NORMAL,NORMAL,6,0.26,NORMAL,이상 없음(정상)
CAT,5,2.5,38.5,108,28,True,False,False,False,False,NORMAL,NORMAL,LOW,3,0.28,NORMAL,이상 없음(정상)
DOG,1,3.2,38.9,120,28,True,True,False,False,False,INCREASED,NORMAL,LOW,1,0.34,WATCH,"피부 징후, 활동량 저하"
CAT,4,3.5,40.7,214,59,True,True,False,False,True,NONE,DECREASED,NORMAL,6,1.0,DANGER,"고열, 빈맥"
DOG,9,25.1,39.2,133,36,True,True,False,False,True,DECREASED,NORMAL,LOW,7,0.55,CAUTION,"설사, 피부 징후"
CAT,4,2.9,38.8,101,30,False,False,False,False,False,NORMAL,NORMAL,NORMAL,0,0.04,NORMAL,이상 없음(정상)
DOG,12,29.1,38.0,140,32,False,True,True,False,False,INCREASED,NORMAL,NORMAL,6,0.26,NORMAL,이상 없음(정상)
DOG,5,13.9,38.7,117,23,False,False,False,False,False,NORMAL,INCREASED,HIGH,2,0.0,NORMAL,이상 없음(정상)
DOG,1,5.9,39.4,117,33,False,True,False,False,False,NORMAL,DECREASED,NORMAL,0,0.42,WATCH,"미열, 피부 징후"
DOG,10,24.3,39.9,157,29,False,False,False,False,True,DECREASED,DECREASED,NORMAL,0,0.44,WATCH,"미열, 설사"
DOG,15,25.1,39.1,107,15,False,False,False,False,False,NORMAL,NORMAL,NORMAL,0,0.0,NORMAL,이상 없음(정상)
DOG,4,5.3,40.1,213,47,False,True,True,True,True,NORMAL,DECREASED,LOW,1,1.0,DANGER,"고열, 빈맥"
DOG,7,4.8,38.6,119,30,False,True,False,False,False,NORMAL,NORMAL,NORMAL,0,0.11,NORMAL,이상 없음(정상)
DOG,10,28.0,39.5,143,55,False,True,False,True,False,DECREASED,NORMAL,NORMAL,6,0.91,DANGER,"미열, 호흡 급증"
CAT,8,4.4,38.2,62,22,True,True,False,False,False,NORMAL,NORMAL,NORMAL,7,0.04,NORMAL,이상 없음(정상)
DOG,4,12.7,39.7,123,32,False,False,False,False,False,NORMAL,INCREASED,HIGH,1,0.16,NORMAL,이상 없음(정상)
DOG,3,26.3,39.1,199,43,True,False,False,False,True,DECREASED,DECREASED,NORMAL,4,0.69,CAUTION,"빈맥, 호흡 급증"
CAT,4,8.0,39.8,230,53,True,True,True,True,True,DECREASED,DECREASED,NORMAL,1,1.0,DANGER,"미열, 빈맥"
CAT,9,5.5,40.4,139,40,True,True,False,True,True,NONE,DECREASED,LOW,0,1.0,DANGER,"고열, 호흡 급증"
DOG,14,22.1,39.2,62,24,False,True,False,False,False,DECREASED,NORMAL,NORMAL,5,0.27,NORMAL,이상 없음(정상)
CAT,15,2.8,39.0,161,18,True,False,True,False,False,DECREASED,NORMAL,NORMAL,0,0.44,WATCH,"빈맥, 피부 징후"
CAT,3,3.5,37.7,97,25,False,False,False,False,False,NORMAL,NORMAL,HIGH,4,0.0,NORMAL,이상 없음(정상)
DOG,1,8.2,38.9,135,40,False,False,False,False,False,INCREASED,NORMAL,NORMAL,1,0.34,WATCH,호흡 급증
CAT,5,4.5,40.1,230,54,False,True,False,True,True,NONE,DECREASED,NORMAL,5,1.0,DANGER,"고열, 빈맥"
DOG,14,4.7,38.5,161,28,True,True,False,False,False,NORMAL,NORMAL,LOW,3,0.44,WATCH,"빈맥, 피부 징후"
DOG,9,9.7,40.1,151,69,True,False,False,False,False,NONE,NORMAL,LOW,5,1.0,DANGER,"고열, 호흡 급증"
CAT,5,3.4,38.9,80,18,False,True,False,False,False,NORMAL,NORMAL,HIGH,3,0.16,NORMAL,이상 없음(정상)
DOG,6,14.4,38.1,94,13,True,False,False,False,False,INCREASED,NORMAL,HIGH,7,0.08,NORMAL,이상 없음(정상)
CAT,6,3.1,39.2,102,29,False,False,False,False,False,NONE,NORMAL,LOW,4,0.36,WATCH,"식욕 절폐, 활동량 저하"
CAT,11,6.1,40.7,167,34,False,True,False,True,True,DECREASED,NORMAL,LOW,1,1.0,DANGER,"고열, 빈맥"
DOG,9,25.6,39.3,108,18,False,False,False,True,False,NORMAL,NORMAL,NORMAL,4,0.47,WATCH,"미열, 구토"
CAT,6,5.4,38.6,104,17,False,False,False,False,False,NORMAL,INCREASED,NORMAL,0,0.03,NORMAL,이상 없음(정상)
DOG,5,5.3,39.9,138,12,False,False,False,False,False,DECREASED,NORMAL,HIGH,6,0.37,WATCH,"미열, 식욕 감소"
DOG,6,17.5,39.6,120,37,True,False,False,False,False,NORMAL,DECREASED,NORMAL,0,0.44,WATCH,"미열, 피부 징후"
DOG,8,24.1,38.5,145,19,False,False,False,True,False,NORMAL,NORMAL,NORMAL,3,0.14,NORMAL,이상 없음(정상)
CAT,2,2.4,39.5,143,31,True,False,False,True,False,DECREASED,DECREASED,NORMAL,2,0.68,CAUTION,"미열, 구토"
CAT,1,6.9,40.2,154,46,False,True,False,True,True,DECREASED,DECREASED,LOW,1,1.0,DANGER,"고열, 호흡 급증"
DOG,15,28.9,41.3,153,44,True,False,False,True,True,NONE,NORMAL,LOW,1,1.0,DANGER,"고열, 호흡 급증"
CAT,10,6.7,39.1,105,23,False,False,False,False,False,NORMAL,DECREASED,NORMAL,0,0.06,NORMAL,이상 없음(정상)
DOG,15,17.2,37.9,147,19,False,False,False,False,False,NORMAL,NORMAL,NORMAL,0,0.0,NORMAL,이상 없음(정상)
DOG,3,5.4,40.2,147,33,False,False,False,False,True,NORMAL,DECREASED,LOW,7,0.66,CAUTION,"고열, 설사"
CAT,3,3.2,39.0,113,21,False,False,False,False,False,NORMAL,NORMAL,NORMAL,0,0.0,NORMAL,이상 없음(정상)
CAT,4,7.2,40.0,144,55,False,True,False,False,True,NORMAL,DECREASED,LOW,4,1.0,DANGER,"고열, 호흡 급증"
CAT,7,3.2,39.1,110,20,True,True,False,False,False,NORMAL,INCREASED,NORMAL,6,0.03,NORMAL,이상 없음(정상)
CAT,12,4.4,38.9,106,31,False,False,False,False,False,NORMAL,NORMAL,HIGH,7,0.02,NORMAL,이상 없음(정상)
DOG,4,26.8,40.5,151,45,False,False,False,False,True,NONE,DECREASED,LOW,4,1.0,DANGER,"고열, 호흡 급증"
CAT,7,6.4,38.3,142,27,False,False,False,False,False,NORMAL,INCREASED,NORMAL,0,0.14,NORMAL,이상 없음(정상)
DOG,12,28.5,38.0,159,44,False,False,False,False,False,NORMAL,DECREASED,LOW,7,0.37,WATCH,"호흡 급증, 활동량 저하"
DOG,14,20.0,39.7,89,18,False,False,False,True,False,NORMAL,NORMAL,NORMAL,3,0.43,WATCH,"미열, 구토"
DOG,11,4.4,38.2,113,19,False,True,False,True,False,DECREASED,NORMAL,NORMAL,5,0.48,WATCH,"구토, 피부 징후"
CAT,15,5.3,38.1,94,26,False,False,False,False,False,NORMAL,NORMAL,NORMAL,0,0.03,NORMAL,이상 없음(정상)
CAT,5,3.9,37.9,89,21,False,False,False,False,False,INCREASED,NORMAL,LOW,6,0.11,NORMAL,이상 없음(정상)
CAT,13,4.6,39.2,102,10,False,False,False,True,False,NORMAL,NORMAL,NORMAL,5,0.15,NORMAL,이상 없음(정상)
DOG,11,24.1,39.8,124,42,False,False,False,False,True,NORMAL,DECREASED,LOW,6,0.73,CAUTION,"미열, 호흡 급증"
DOG,14,23.4,40.5,158,59,False,True,False,False,True,DECREASED,DECREASED,LOW,1,1.0,DANGER,"고열, 호흡 급증"
CAT,13,6.9,39.4,149,22,True,True,False,False,False,DECREASED,DECREASED,LOW,4,0.61,CAUTION,"미열, 피부 징후"
DOG,12,27.6,40.1,195,55,False,False,False,True,True,NONE,DECREASED,LOW,4,1.0,DANGER,"고열, 빈맥"
DOG,7,25.5,40.7,139,58,True,True,True,False,False,NONE,DECREASED,LOW,6,1.0,DANGER,"고열, 호흡 급증"
CAT,15,4.6,40.9,218,34,True,False,False,False,True,NONE,DECREASED,LOW,1,1.0,DANGER,"고열, 빈맥"
DOG,2,23.1,39.3,129,12,False,False,False,False,False,NORMAL,NORMAL,LOW,4,0.44,WATCH,"미열, 활동량 저하"
DOG,9,21.0,39.6,125,37,True,True,False,True,False,DECREASED,DECREASED,NORMAL,3,0.72,CAUTION,"미열, 구토"
DOG,6,19.8,39.0,116,56,True,False,False,True,False,DECREASED,NORMAL,LOW,4,0.72,CAUTION,"호흡 급증, 구토"
CAT,14,6.8,38.9,169,55,False,True,False,False,False,NORMAL,DECREASED,LOW,7,0.73,CAUTION,"빈맥, 호흡 급증"
CAT,13,4.7,39.8,116,25,False,True,False,True,True,DECREASED,NORMAL,LOW,0,0.73,CAUTION,"미열, 소화기 이상(구토 및 설사)"
DOG,3,22.2,38.8,138,46,False,False,False,False,False,DECREASED,NORMAL,NORMAL,0,0.3,WATCH,"호흡 급증, 식욕 감소"
CAT,2,6.2,39.0,95,25,True,False,False,True,False,DECREASED,NORMAL,LOW,2,0.6,CAUTION,"구토, 피부 징후"
CAT,15,5.5,39.7,145,33,True,True,False,True,False,NORMAL,DECREASED,NORMAL,0,0.54,CAUTION,"미열, 구토"
CAT,3,4.9,38.5,86,17,False,True,False,False,False,DECREASED,NORMAL,NORMAL,3,0.29,NORMAL,이상 없음(정상)
CAT,2,2.5,38.2,136,28,False,False,False,False,False,NORMAL,NORMAL,NORMAL,0,0.03,NORMAL,이상 없음(정상)
CAT,5,7.3,38.0,122,15,False,False,True,False,False,NORMAL,NORMAL,NORMAL,0,0.17,NORMAL,이상 없음(정상)
DOG,4,18.1,39.0,176,33,False,True,False,True,False,DECREASED,DECREASED,HIGH,7,0.65,CAUTION,"빈맥, 구토"
CAT,10,6.5,38.6,76,16,False,False,False,False,False,NORMAL,NORMAL,NORMAL,0,0.08,NORMAL,이상 없음(정상)
DOG,14,15.7,39.7,139,48,True,False,True,True,True,NONE,INCREASED,LOW,6,1.0,DANGER,"미열, 호흡 급증"
CAT,11,6.7,39.1,140,29,False,False,False,False,True,NORMAL,NORMAL,NORMAL,6,0.15,NORMAL,이상 없음(정상)
CAT,5,2.8,38.3,92,30,False,True,False,False,False,NORMAL,INCREASED,LOW,5,0.34,WATCH,"피부 징후, 활동량 저하"
CAT,1,5.7,40.1,207,38,False,False,False,True,True,DECREASED,DECREASED,NORMAL,0,1.0,DANGER,"고열, 빈맥"
DOG,12,27.7,38.9,130,25,False,False,True,False,True,NORMAL,NORMAL,NORMAL,3,0.32,WATCH,"설사, 피부 징후"
DOG,7,9.3,39.6,145,29,False,True,False,False,False,NORMAL,NORMAL,NORMAL,0,0.37,WATCH,"미열, 피부 징후"
DOG,11,26.4,39.9,148,58,False,True,False,True,True,NONE,NORMAL,LOW,5,1.0,DANGER,"미열, 호흡 급증"
DOG,7,12.5,39.6,130,51,False,False,False,False,False,NORMAL,DECREASED,LOW,4,0.55,CAUTION,"미열, 호흡 급증"
DOG,10,11.4,38.1,178,35,False,False,False,False,True,NORMAL,NORMAL,LOW,5,0.38,WATCH,"빈맥, 설사"
CAT,6,4.8,39.1,56,21,True,False,False,False,False,DECREASED,NORMAL,NORMAL,2,0.22,NORMAL,이상 없음(정상)
CAT,3,7.4,40.1,152,67,True,False,True,True,True,NONE,NORMAL,LOW,6,1.0,DANGER,"고열, 호흡 급증"
CAT,7,3.1,39.2,140,37,False,True,False,True,False,NONE,NORMAL,LOW,7,0.7,CAUTION,"구토, 피부 징후"
CAT,13,2.0,38.5,134,38,True,False,False,False,False,NONE,DECREASED,LOW,6,0.42,WATCH,"피부 징후, 식욕 절폐"
CAT,9,5.6,38.0,112,20,False,False,False,False,False,NORMAL,NORMAL,NORMAL,0,0.0,NORMAL,이상 없음(정상)
DOG,9,9.9,40.6,130,52,False,True,False,True,True,NONE,NORMAL,LOW,1,1.0,DANGER,"고열, 호흡 급증"
CAT,1,4.9,39.6,157,35,False,True,False,True,False,DECREASED,DECREASED,NORMAL,4,0.67,CAUTION,"미열, 구토"
DOG,10,14.4,39.5,151,57,False,True,True,True,True,DECREASED,DECREASED,LOW,7,1.0,DANGER,"미열, 호흡 급증"
DOG,15,10.6,39.7,124,22,False,True,True,True,False,DECREASED,NORMAL,NORMAL,0,0.54,CAUTION,"미열, 구토"
DOG,2,17.7,38.7,91,17,False,True,False,False,True,DECREASED,NORMAL,NORMAL,0,0.49,WATCH,"설사, 피부 징후"
CAT,13,2.3,38.3,75,12,False,False,False,False,False,INCREASED,NORMAL,LOW,1,0.17,NORMAL,이상 없음(정상)
DOG,11,26.0,40.7,190,42,True,True,True,True,True,DECREASED,DECREASED,LOW,2,1.0,DANGER,"고열, 빈맥"
CAT,7,4.0,41.0,205,36,True,False,False,True,False,DECREASED,NORMAL,LOW,3,1.0,DANGER,"고열, 빈맥"
CAT,11,4.3,38.4,107,27,True,True,False,False,False,DECREASED,DECREASED,NORMAL,4,0.33,WATCH,"피부 징후, 식욕 감소"
DOG,8,9.2,38.6,121,26,True,False,False,True,False,DECREASED,NORMAL,NORMAL,5,0.44,WATCH,"구토, 피부 징후"
DOG,4,23.1,40.0,136,34,False,False,False,True,False,DECREASED,DECREASED,NORMAL,2,0.62,CAUTION,"고열, 구토"
DOG,12,24.8,39.1,131,35,False,False,False,True,False,DECREASED,INCREASED,NORMAL,0,0.36,WATCH,"구토, 식욕 감소"
CAT,7,5.1,38.9,114,46,False,False,False,False,False,DECREASED,NORMAL,LOW,5,0.34,WATCH,"호흡 급증, 식욕 감소"
CAT,6,3.2,39.6,200,42,False,False,False,False,False,NORMAL,NORMAL,LOW,2,0.58,CAUTION,"미열, 빈맥"
CAT,4,6.8,37.7,93,16,False,False,False,False,False,NORMAL,NORMAL,LOW,3,0.15,NORMAL,이상 없음(정상)
DOG,5,5.8,39.5,126,38,False,False,True,True,True,NORMAL,NORMAL,LOW,3,0.74,CAUTION,"미열, 소화기 이상(구토 및 설사)"
DOG,13,15.6,38.2,177,25,True,False,False,False,False,NORMAL,NORMAL,NORMAL,2,0.4,WATCH,"빈맥, 피부 징후"
CAT,2,5.6,38.7,131,35,True,False,True,False,False,DECREASED,NORMAL,LOW,2,0.36,WATCH,"피부 징후, 식욕 감소"
DOG,6,15.2,39.4,137,27,True,True,False,True,False,DECREASED,NORMAL,NORMAL,3,0.6,CAUTION,"미열, 구토"
DOG,8,13.8,37.2,90,31,True,False,False,False,False,NORMAL,NORMAL,LOW,4,0.26,NORMAL,이상 없음(정상)
CAT,8,5.5,38.5,109,21,False,False,False,True,False,DECREASED,NORMAL,HIGH,1,0.17,NORMAL,이상 없음(정상)
CAT,11,7.0,39.6,134,33,False,False,False,True,True,DECREASED,NORMAL,NORMAL,0,0.66,CAUTION,"미열, 소화기 이상(구토 및 설사)"
DOG,11,26.5,38.5,141,47,False,False,False,False,True,DECREASED,NORMAL,LOW,6,0.52,CAUTION,"호흡 급증, 설사"
CAT,3,5.0,40.4,203,59,True,False,True,False,True,DECREASED,NORMAL,HIGH,2,1.0,DANGER,"고열, 빈맥"
DOG,9,20.4,37.9,125,23,False,False,False,True,False,DECREASED,NORMAL,NORMAL,3,0.27,NORMAL,이상 없음(정상)
CAT,3,2.4,38.6,104,32,True,False,False,False,False,NORMAL,NORMAL,NORMAL,2,0.22,NORMAL,이상 없음(정상)
DOG,12,27.1,39.6,134,22,True,False,False,True,False,NORMAL,NORMAL,LOW,1,0.73,CAUTION,"미열, 구토"
CAT,11,6.6,39.5,154,46,True,True,False,False,False,DECREASED,INCREASED,NORMAL,7,0.63,CAUTION,"미열, 호흡 급증"
DOG,3,22.9,39.0,150,36,False,False,False,True,False,DECREASED,NORMAL,NORMAL,6,0.41,WATCH,"구토, 식욕 감소"
DOG,15,9.0,40.4,168,58,False,True,False,True,True,NONE,DECREASED,LOW,2,1.0,DANGER,"고열, 빈맥"
CAT,10,5.6,38.9,174,21,True,False,False,False,False,DECREASED,NORMAL,LOW,7,0.46,WATCH,"빈맥, 피부 징후"
DOG,9,8.5,39.8,127,37,False,False,False,True,False,DECREASED,DECREASED,LOW,6,0.55,CAUTION,"미열, 구토"
DOG,11,4.0,38.4,71,24,False,False,False,False,False,NORMAL,INCREASED,NORMAL,0,0.0,NORMAL,이상 없음(정상)
DOG,2,11.5,38.2,114,29,False,False,False,False,False,NORMAL,NORMAL,NORMAL,0,0.06,NORMAL,이상 없음(정상)
CAT,12,3.1,39.3,106,31,False,True,False,True,False,DECREASED,DECREASED,NORMAL,2,0.65,CAUTION,"미열, 구토"
DOG,4,25.9,39.6,139,18,False,True,False,False,False,NORMAL,DECREASED,NORMAL,0,0.34,WATCH,"미열, 피부 징후"
CAT,7,5.2,38.4,64,28,True,False,False,True,False,NORMAL,NORMAL,NORMAL,1,0.35,WATCH,"구토, 피부 징후"
CAT,4,7.0,39.0,89,18,False,False,True,True,False,NORMAL,NORMAL,NORMAL,5,0.41,WATCH,"구토, 피부 징후"
CAT,10,7.0,40.5,146,54,True,True,False,True,True,NONE,NORMAL,NORMAL,2,1.0,DANGER,"고열, 호흡 급증"
CAT,1,7.8,39.4,90,31,True,True,False,False,False,DECREASED,DECREASED,LOW,1,0.58,CAUTION,"미열, 피부 징후"
CAT,3,2.1,39.7,130,41,False,True,False,True,True,NONE,DECREASED,LOW,2,1.0,DANGER,"미열, 호흡 급증"
DOG,1,14.1,40.4,157,36,False,True,False,True,False,NONE,INCREASED,LOW,0,1.0,DANGER,"고열, 구토"
DOG,12,9.0,39.1,188,25,True,True,False,False,True,DECREASED,DECREASED,NORMAL,0,0.54,CAUTION,"빈맥, 설사"
CAT,7,2.7,37.9,89,37,False,False,False,False,False,NORMAL,NORMAL,NORMAL,0,0.02,NORMAL,이상 없음(정상)
CAT,13,7.2,37.9,71,25,False,False,False,False,False,NORMAL,NORMAL,NORMAL,0,0.0,NORMAL,이상 없음(정상)
DOG,15,12.1,38.8,130,28,False,True,False,True,False,DECREASED,NORMAL,HIGH,6,0.34,WATCH,"구토, 피부 징후"
DOG,7,3.9,39.0,139,31,True,False,False,True,True,NORMAL,INCREASED,NORMAL,1,0.47,WATCH,"소화기 이상(구토 및 설사), 피부 징후"
DOG,1,6.9,38.1,93,20,False,False,False,False,False,NORMAL,NORMAL,HIGH,5,0.04,NORMAL,이상 없음(정상)
CAT,4,5.1,38.4,89,18,False,False,True,False,False,INCREASED,DECREASED,NORMAL,7,0.24,NORMAL,이상 없음(정상)
CAT,14,5.4,39.8,192,38,False,False,False,False,False,DECREASED,NORMAL,LOW,4,0.63,CAUTION,"미열, 빈맥"
DOG,9,22.1,38.7,116,16,False,False,False,True,True,NORMAL,NORMAL,NORMAL,2,0.28,NORMAL,이상 없음(정상)
DOG,1,13.5,38.1,74,33,False,False,False,False,False,NORMAL,NORMAL,LOW,6,0.18,NORMAL,이상 없음(정상)
CAT,13,2.3,40.1,198,40,False,False,False,True,False,NONE,NORMAL,LOW,4,1.0,DANGER,"고열, 빈맥"
CAT,3,8.0,37.7,127,11,False,False,False,True,False,NORMAL,NORMAL,LOW,7,0.27,NORMAL,이상 없음(정상)
CAT,3,5.3,38.7,78,11,False,True,False,False,False,NORMAL,NORMAL,NORMAL,0,0.08,NORMAL,이상 없음(정상)
DOG,14,26.1,38.7,129,23,False,False,False,False,False,NORMAL,NORMAL,NORMAL,0,0.02,NORMAL,이상 없음(정상)
DOG,1,15.9,39.7,128,22,False,False,False,True,False,NORMAL,DECREASED,NORMAL,6,0.47,WATCH,"미열, 구토"
DOG,3,27.9,40.7,130,43,True,False,False,True,True,NONE,NORMAL,LOW,7,1.0,DANGER,"고열, 호흡 급증"
DOG,2,5.1,40.7,154,48,True,False,False,True,False,NORMAL,DECREASED,LOW,2,1.0,DANGER,"고열, 호흡 급증"
CAT,15,5.4,39.2,125,34,False,True,True,True,True,DECREASED,DECREASED,LOW,1,0.59,CAUTION,"소화기 이상(구토 및 설사), 피부 징후"
CAT,1,2.9,40.3,140,35,True,True,False,False,False,NONE,DECREASED,NORMAL,1,0.64,CAUTION,"고열, 피부 징후"
DOG,13,4.8,38.8,120,23,False,False,False,False,False,NORMAL,NORMAL,NORMAL,0,0.0,NORMAL,이상 없음(정상)
DOG,1,29.0,37.1,105,20,False,False,False,False,False,NORMAL,NORMAL,NORMAL,0,0.0,NORMAL,이상 없음(정상)
CAT,6,2.2,38.7,84,14,False,False,False,False,False,NORMAL,INCREASED,NORMAL,0,0.0,NORMAL,이상 없음(정상)
DOG,4,5.0,39.5,129,33,False,True,False,False,True,DECREASED,DECREASED,LOW,4,0.74,CAUTION,"미열, 설사"
CAT,12,2.8,37.6,148,23,False,False,False,False,False,NORMAL,NORMAL,NORMAL,0,0.01,NORMAL,이상 없음(정상)
CAT,8,2.9,37.9,99,24,False,False,False,False,False,DECREASED,NORMAL,NORMAL,1,0.1,NORMAL,이상 없음(정상)
CAT,3,3.6,40.4,153,49,True,True,False,True,True,NONE,NORMAL,LOW,4,1.0,DANGER,"고열, 호흡 급증"
CAT,14,7.3,39.7,169,34,True,True,False,True,True,NONE,DECREASED,LOW,4,1.0,DANGER,"미열, 빈맥"
CAT,5,3.2,41.0,154,49,False,False,False,False,True,NONE,NORMAL,LOW,6,1.0,DANGER,"고열, 호흡 급증"
DOG,3,17.5,40.3,142,56,True,True,True,True,False,NONE,NORMAL,LOW,1,1.0,DANGER,"고열, 호흡 급증"
CAT,13,3.4,38.8,131,11,False,False,False,False,False,DECREASED,NORMAL,HIGH,2,0.19,NORMAL,이상 없음(정상)
CAT,14,5.2,38.9,91,21,False,False,False,False,False,NORMAL,NORMAL,NORMAL,0,0.06,NORMAL,이상 없음(정상)
CAT,11,7.0,39.8,153,36,False,False,False,True,False,NORMAL,DECREASED,NORMAL,4,0.51,CAUTION,"미열, 구토"
CAT,3,6.1,38.9,153,30,False,False,True,True,False,NORMAL,DECREASED,NORMAL,2,0.32,WATCH,"구토, 피부 징후"
DOG,8,28.5,39.2,200,33,False,True,False,False,False,NONE,NORMAL,NORMAL,7,0.62,CAUTION,"빈맥, 피부 징후"
CAT,9,4.6,39.4,116,24,False,False,False,False,False,DECREASED,NORMAL,NORMAL,6,0.26,NORMAL,이상 없음(정상)
DOG,9,15.4,38.2,133,34,False,True,False,False,True,NORMAL,NORMAL,LOW,5,0.37,WATCH,"설사, 피부 징후"
DOG,10,26.0,38.9,64,23,False,False,False,False,False,NORMAL,DECREASED,NORMAL,0,0.0,NORMAL,이상 없음(정상)
DOG,7,14.1,39.6,141,41,False,False,False,False,False,DECREASED,NORMAL,LOW,0,0.6,CAUTION,"미열, 호흡 급증"
DOG,2,3.6,38.7,87,21,False,False,False,False,False,NORMAL,NORMAL,NORMAL,0,0.03,NORMAL,이상 없음(정상)
DOG,11,17.5,38.1,109,29,False,False,False,False,False,NORMAL,NORMAL,NORMAL,0,0.0,NORMAL,이상 없음(정상)
DOG,15,15.5,41.0,153,34,False,True,True,True,True,NONE,DECREASED,NORMAL,5,1.0,DANGER,"고열, 소화기 이상(구토 및 설사)"
CAT,6,7.3,40.0,163,37,True,True,False,False,True,NONE,NORMAL,LOW,7,1.0,DANGER,"고열, 빈맥"
CAT,12,3.6,40.2,127,39,False,False,False,True,True,DECREASED,DECREASED,NORMAL,0,0.71,CAUTION,"고열, 소화기 이상(구토 및 설사)"
CAT,5,5.9,39.0,127,24,False,False,False,True,True,NORMAL,NORMAL,HIGH,3,0.3,WATCH,소화기 이상(구토 및 설사)
CAT,3,5.4,38.9,108,26,False,False,False,False,False,NORMAL,NORMAL,LOW,0,0.11,NORMAL,이상 없음(정상)
CAT,8,8.0,38.7,131,58,True,False,True,True,False,NORMAL,DECREASED,LOW,0,0.68,CAUTION,"호흡 급증, 구토"
DOG,11,27.6,39.5,102,25,True,False,False,True,False,DECREASED,DECREASED,NORMAL,4,0.61,CAUTION,"미열, 구토"
CAT,13,7.8,38.5,112,24,False,False,False,False,False,NORMAL,NORMAL,LOW,6,0.07,NORMAL,이상 없음(정상)
DOG,11,8.4,40.0,198,50,False,False,False,True,True,NONE,DECREASED,LOW,2,1.0,DANGER,"고열, 빈맥"
DOG,3,29.7,39.9,177,30,False,False,False,False,True,DECREASED,NORMAL,LOW,7,0.7,CAUTION,"미열, 빈맥"
DOG,13,26.3,39.2,125,45,False,True,False,False,False,DECREASED,NORMAL,HIGH,1,0.35,WATCH,"호흡 급증, 피부 징후"
DOG,10,20.7,39.3,139,35,True,False,False,False,True,NORMAL,NORMAL,LOW,0,0.55,CAUTION,"미열, 설사"
CAT,11,4.1,40.0,177,52,True,False,True,True,True,NONE,DECREASED,NORMAL,2,1.0,DANGER,"고열, 빈맥"
CAT,5,5.2,39.9,159,41,True,False,True,True,False,DECREASED,INCREASED,LOW,7,0.98,DANGER,"미열, 호흡 급증"
DOG,3,13.6,39.3,143,29,False,False,False,True,False,NONE,NORMAL,NORMAL,0,0.65,CAUTION,"미열, 구토"
DOG,10,20.8,38.3,106,32,True,False,False,False,False,INCREASED,NORMAL,NORMAL,4,0.17,NORMAL,이상 없음(정상)
CAT,8,4.9,38.9,101,26,False,False,False,False,False,DECREASED,NORMAL,NORMAL,2,0.09,NORMAL,이상 없음(정상)
CAT,3,3.8,40.0,164,56,False,True,True,True,True,NONE,DECREASED,LOW,7,1.0,DANGER,"고열, 빈맥"
DOG,13,28.0,37.8,143,18,False,False,False,False,False,NORMAL,NORMAL,NORMAL,0,0.0,NORMAL,이상 없음(정상)
DOG,4,11.0,38.5,112,28,False,False,False,False,True,INCREASED,DECREASED,NORMAL,0,0.07,NORMAL,이상 없음(정상)
DOG,10,22.7,39.5,192,37,False,True,True,False,True,DECREASED,DECREASED,LOW,0,0.98,DANGER,"미열, 빈맥"
CAT,7,5.0,38.5,122,41,False,True,True,False,False,NORMAL,NORMAL,LOW,6,0.47,WATCH,"호흡 급증, 피부 징후"
DOG,12,3.8,41.0,156,34,False,True,False,True,True,DECREASED,NORMAL,LOW,1,1.0,DANGER,"고열, 소화기 이상(구토 및 설사)"
DOG,8,23.3,39.4,83,13,False,False,False,False,False,NORMAL,NORMAL,NORMAL,0,0.14,NORMAL,이상 없음(정상)
CAT,3,7.9,38.0,106,35,False,False,False,True,True,NORMAL,DECREASED,HIGH,2,0.35,WATCH,소화기 이상(구토 및 설사)
CAT,3,6.0,38.4,82,20,True,False,False,False,False,INCREASED,NORMAL,NORMAL,7,0.05,NORMAL,이상 없음(정상)
CAT,14,2.4,39.9,96,51,False,False,True,False,False,DECREASED,NORMAL,LOW,1,0.73,CAUTION,"미열, 호흡 급증"
CAT,11,7.2,39.7,116,32,False,False,False,False,False,DECREASED,NORMAL,HIGH,6,0.34,WATCH,"미열, 식욕 감소"
DOG,13,18.8,39.6,180,37,False,False,False,False,False,NORMAL,DECREASED,LOW,0,0.5,CAUTION,"미열, 빈맥"
CAT,3,5.9,40.0,75,31,False,False,False,False,False,NORMAL,NORMAL,NORMAL,0,0.34,WATCH,고열
DOG,14,15.7,39.5,113,22,False,False,False,False,False,NORMAL,DECREASED,NORMAL,0,0.28,NORMAL,이상 없음(정상)
DOG,1,11.3,39.6,119,44,False,False,False,True,False,NORMAL,DECREASED,NORMAL,6,0.57,CAUTION,"미열, 호흡 급증"
DOG,10,5.5,38.2,68,27,False,False,False,False,False,NORMAL,NORMAL,LOW,1,0.17,NORMAL,이상 없음(정상)
DOG,6,8.3,38.4,123,18,False,False,False,False,False,INCREASED,NORMAL,NORMAL,3,0.0,NORMAL,이상 없음(정상)
CAT,11,4.7,40.2,162,54,False,False,True,True,True,NORMAL,DECREASED,LOW,0,1.0,DANGER,"고열, 빈맥"
CAT,5,5.1,39.5,146,25,False,False,True,False,False,NORMAL,NORMAL,LOW,7,0.41,WATCH,"미열, 피부 징후"
DOG,7,8.7,39.5,134,32,True,False,False,False,False,NORMAL,INCREASED,NORMAL,6,0.33,WATCH,"미열, 피부 징후"
CAT,2,3.8,38.7,100,20,False,False,False,False,False,NORMAL,NORMAL,NORMAL,0,0.0,NORMAL,이상 없음(정상)
CAT,13,4.7,38.1,126,32,False,False,False,False,False,INCREASED,NORMAL,NORMAL,6,0.08,NORMAL,이상 없음(정상)
DOG,13,24.6,38.9,137,13,False,True,True,False,True,DECREASED,NORMAL,NORMAL,0,0.32,WATCH,"설사, 피부 징후"
DOG,6,29.3,38.3,96,20,False,False,True,False,False,NORMAL,NORMAL,LOW,5,0.24,NORMAL,이상 없음(정상)
CAT,13,4.4,39.6,175,16,False,False,False,False,False,NORMAL,INCREASED,NORMAL,0,0.32,WATCH,"미열, 빈맥"
DOG,4,21.5,39.5,103,33,False,False,False,True,False,NORMAL,NORMAL,HIGH,3,0.33,WATCH,"미열, 구토"
DOG,15,11.1,39.5,177,50,True,True,True,False,True,DECREASED,INCREASED,LOW,2,1.0,DANGER,"미열, 빈맥"
DOG,5,19.0,40.4,161,47,True,True,False,True,True,DECREASED,DECREASED,LOW,1,1.0,DANGER,"고열, 빈맥"
DOG,9,5.7,39.7,171,45,True,True,True,True,True,NONE,NORMAL,LOW,6,1.0,DANGER,"미열, 빈맥"
DOG,10,18.2,38.9,113,34,False,False,True,False,False,DECREASED,INCREASED,NORMAL,4,0.39,WATCH,"피부 징후, 식욕 감소"
DOG,9,9.4,39.1,139,58,False,False,False,True,False,DECREASED,DECREASED,NORMAL,5,0.62,CAUTION,"호흡 급증, 구토"
CAT,1,6.7,40.3,144,44,True,False,False,True,True,NONE,DECREASED,LOW,7,1.0,DANGER,"고열, 호흡 급증"
DOG,9,21.0,39.9,147,34,True,True,False,True,False,NONE,DECREASED,LOW,5,0.86,DANGER,"미열, 구토"
CAT,3,5.5,39.0,156,23,False,False,False,False,False,NORMAL,NORMAL,NORMAL,0,0.04,NORMAL,이상 없음(정상)
DOG,15,9.3,38.5,88,17,False,False,False,True,False,NORMAL,NORMAL,NORMAL,5,0.26,NORMAL,이상 없음(정상)
CAT,13,4.6,39.4,122,34,False,True,False,True,False,DECREASED,DECREASED,NORMAL,3,0.6,CAUTION,"미열, 구토"
CAT,3,3.2,37.6,121,30,False,True,False,False,False,NORMAL,NORMAL,NORMAL,0,0.25,NORMAL,이상 없음(정상)
DOG,11,26.5,39.4,150,30,True,False,False,False,True,DECREASED,NORMAL,LOW,0,0.67,CAUTION,"미열, 설사"
DOG,5,24.9,41.0,180,48,False,True,False,True,True,NONE,NORMAL,LOW,2,1.0,DANGER,"고열, 빈맥"
CAT,1,2.1,39.8,172,54,False,False,False,False,False,NORMAL,DECREASED,NORMAL,0,0.69,CAUTION,"미열, 빈맥"
DOG,3,28.0,40.2,179,34,False,False,True,True,True,DECREASED,DECREASED,LOW,0,1.0,DANGER,"고열, 빈맥"
CAT,1,6.7,37.9,89,31,False,False,False,False,False,DECREASED,NORMAL,NORMAL,5,0.07,NORMAL,이상 없음(정상)
DOG,9,10.2,38.5,147,30,False,True,False,True,True,NORMAL,NORMAL,NORMAL,2,0.31,WATCH,"소화기 이상(구토 및 설사), 피부 징후"
DOG,10,20.3,38.7,122,15,False,False,False,False,False,NORMAL,DECREASED,LOW,1,0.15,NORMAL,이상 없음(정상)
CAT,10,6.1,38.8,133,13,False,True,False,False,False,NORMAL,NORMAL,NORMAL,0,0.11,NORMAL,이상 없음(정상)
DOG,13,12.5,39.2,161,36,False,False,True,False,True,DECREASED,DECREASED,LOW,4,0.64,CAUTION,"빈맥, 설사"
DOG,5,3.8,40.1,197,58,True,True,False,True,True,NONE,DECREASED,LOW,4,1.0,DANGER,"고열, 빈맥"
DOG,2,3.1,40.2,150,31,False,False,False,False,True,NORMAL,NORMAL,LOW,0,0.61,CAUTION,"고열, 설사"
CAT,14,2.3,38.8,125,23,False,False,False,False,False,NORMAL,NORMAL,NORMAL,0,0.02,NORMAL,이상 없음(정상)
CAT,6,5.4,40.9,168,44,True,True,True,True,True,DECREASED,DECREASED,LOW,5,1.0,DANGER,"고열, 빈맥"
CAT,8,5.3,37.9,141,22,False,False,False,False,False,NORMAL,NORMAL,NORMAL,0,0.07,NORMAL,이상 없음(정상)
CAT,9,3.8,38.1,151,24,False,True,False,False,False,NORMAL,INCREASED,NORMAL,0,0.04,NORMAL,이상 없음(정상)
CAT,2,2.9,38.8,91,11,False,False,False,False,False,NORMAL,NORMAL,NORMAL,0,0.0,NORMAL,이상 없음(정상)
DOG,11,8.0,40.0,169,55,False,True,False,True,False,DECREASED,INCREASED,NORMAL,3,1.0,DANGER,"고열, 빈맥"
DOG,7,29.6,39.1,102,38,False,True,True,False,True,NONE,DECREASED,LOW,7,0.53,CAUTION,"설사, 피부 징후"
DOG,15,19.4,38.0,95,21,False,False,False,False,False,NORMAL,NORMAL,NORMAL,0,0.0,NORMAL,이상 없음(정상)
DOG,5,11.4,38.9,135,15,False,False,False,False,False,NORMAL,NORMAL,NORMAL,0,0.04,NORMAL,이상 없음(정상)
CAT,9,4.3,39.6,197,55,True,False,False,True,False,NONE,DECREASED,LOW,0,1.0,DANGER,"미열, 빈맥"
CAT,8,5.7,39.8,131,31,True,True,False,False,False,DECREASED,DECREASED,LOW,6,0.58,CAUTION,"미열, 피부 징후"
CAT,6,7.6,38.5,103,28,False,True,False,False,False,INCREASED,NORMAL,NORMAL,0,0.1,NORMAL,이상 없음(정상)
DOG,4,9.9,39.3,77,27,False,False,False,False,False,DECREASED,NORMAL,NORMAL,6,0.37,WATCH,"미열, 식욕 감소"
CAT,12,4.8,38.9,123,12,False,True,False,True,False,NORMAL,NORMAL,LOW,1,0.45,WATCH,"구토, 피부 징후"
DOG,15,3.0,39.8,161,57,True,True,False,True,True,DECREASED,DECREASED,LOW,2,1.0,DANGER,"미열, 빈맥"
CAT,9,6.2,37.9,110,24,False,True,False,False,False,INCREASED,NORMAL,NORMAL,0,0.05,NORMAL,이상 없음(정상)
CAT,12,4.6,39.9,106,32,False,False,False,False,True,DECREASED,NORMAL,LOW,4,0.54,CAUTION,"미열, 설사"
DOG,11,2.5,39.8,115,30,True,True,False,False,True,DECREASED,DECREASED,LOW,1,0.67,CAUTION,"미열, 설사"
CAT,6,5.8,38.5,168,14,False,False,False,False,True,INCREASED,DECREASED,NORMAL,3,0.3,WATCH,"빈맥, 설사"
DOG,9,24.5,39.7,155,62,True,False,False,True,False,NONE,INCREASED,LOW,7,1.0,DANGER,"미열, 호흡 급증"
DOG,13,8.9,37.8,110,29,False,False,False,False,False,NORMAL,NORMAL,NORMAL,0,0.0,NORMAL,이상 없음(정상)
DOG,13,21.1,38.9,108,37,False,False,False,False,True,NORMAL,DECREASED,LOW,6,0.34,WATCH,"설사, 활동량 저하"
CAT,14,7.0,40.1,137,26,False,False,False,False,False,DECREASED,NORMAL,NORMAL,2,0.47,WATCH,"고열, 식욕 감소"
DOG,2,7.9,38.1,124,26,False,True,False,False,False,DECREASED,NORMAL,NORMAL,7,0.11,NORMAL,이상 없음(정상)
CAT,10,3.1,39.6,188,61,True,True,True,True,True,DECREASED,NORMAL,LOW,6,1.0,DANGER,"미열, 빈맥"
DOG,7,6.4,38.7,114,10,False,False,False,False,False,NORMAL,INCREASED,LOW,1,0.1,NORMAL,이상 없음(정상)
CAT,8,5.5,39.9,152,34,False,False,False,False,True,NORMAL,NORMAL,NORMAL,5,0.43,WATCH,"미열, 설사"
DOG,2,25.3,40.5,185,48,False,False,False,True,False,DECREASED,DECREASED,LOW,2,1.0,DANGER,"고열, 빈맥"
CAT,15,3.1,38.3,153,32,False,True,False,False,True,NORMAL,NORMAL,LOW,6,0.47,WATCH,"설사, 피부 징후"
CAT,4,7.3,38.8,108,18,False,False,False,False,False,NORMAL,NORMAL,LOW,2,0.15,NORMAL,이상 없음(정상)
DOG,4,2.8,40.7,223,58,False,False,False,True,False,NONE,NORMAL,LOW,3,1.0,DANGER,"고열, 빈맥"
CAT,1,5.6,40.2,184,55,False,True,False,True,False,DECREASED,DECREASED,LOW,0,1.0,DANGER,"고열, 빈맥"
DOG,12,29.7,39.2,86,19,False,True,False,False,False,DECREASED,NORMAL,NORMAL,5,0.21,NORMAL,이상 없음(정상)
CAT,10,4.5,38.9,137,43,False,False,True,False,False,NORMAL,NORMAL,HIGH,2,0.42,WATCH,"호흡 급증, 피부 징후"
CAT,3,6.8,38.1,139,27,False,False,False,False,False,NORMAL,NORMAL,NORMAL,0,0.0,NORMAL,이상 없음(정상)
DOG,1,7.6,40.5,121,38,False,False,False,True,False,DECREASED,NORMAL,LOW,5,0.74,CAUTION,"고열, 구토"
DOG,12,5.1,38.8,63,29,False,False,True,False,False,NORMAL,NORMAL,NORMAL,0,0.23,NORMAL,이상 없음(정상)
DOG,2,17.4,39.0,145,39,False,False,True,False,True,NORMAL,DECREASED,LOW,6,0.51,CAUTION,"설사, 피부 징후"
CAT,10,3.1,38.1,103,10,False,False,False,False,False,INCREASED,NORMAL,NORMAL,4,0.04,NORMAL,이상 없음(정상)
CAT,2,3.6,39.2,119,30,False,True,False,False,True,NORMAL,INCREASED,LOW,6,0.44,WATCH,"설사, 피부 징후"
DOG,8,4.1,37.8,88,19,False,False,False,False,False,NORMAL,DECREASED,NORMAL,0,0.0,NORMAL,이상 없음(정상)
CAT,2,7.3,40.4,172,60,True,True,False,True,False,NONE,DECREASED,LOW,0,1.0,DANGER,"고열, 빈맥"
DOG,7,22.3,39.0,136,30,False,False,False,False,False,NORMAL,NORMAL,NORMAL,0,0.0,NORMAL,이상 없음(정상)
DOG,2,24.0,39.2,147,50,False,True,False,False,False,DECREASED,NORMAL,LOW,7,0.6,CAUTION,"호흡 급증, 피부 징후"
DOG,5,25.7,39.3,187,22,False,False,False,False,False,DECREASED,DECREASED,LOW,0,0.71,CAUTION,"미열, 빈맥"
DOG,9,10.5,39.6,122,40,True,True,False,False,False,DECREASED,DECREASED,NORMAL,7,0.68,CAUTION,"미열, 호흡 급증"
CAT,13,2.5,37.9,96,10,False,False,False,False,False,NORMAL,NORMAL,HIGH,2,0.05,NORMAL,이상 없음(정상)
DOG,7,23.2,40.4,177,54,True,False,True,False,True,NONE,DECREASED,LOW,7,1.0,DANGER,"고열, 빈맥"
DOG,15,22.5,38.7,157,31,False,False,False,False,False,NORMAL,NORMAL,NORMAL,0,0.1,NORMAL,이상 없음(정상)
CAT,7,6.3,38.6,141,46,False,False,False,False,False,DECREASED,DECREASED,LOW,6,0.42,WATCH,"호흡 급증, 식욕 감소"
DOG,5,10.5,39.1,132,30,True,False,False,False,True,NONE,INCREASED,LOW,0,0.61,CAUTION,"설사, 피부 징후"
CAT,11,3.9,39.8,142,33,True,False,True,False,True,NORMAL,NORMAL,LOW,6,0.54,CAUTION,"미열, 설사"
DOG,1,6.3,38.7,97,21,False,False,False,False,False,NORMAL,INCREASED,NORMAL,0,0.04,NORMAL,이상 없음(정상)
DOG,10,14.2,39.7,145,38,True,True,False,True,False,DECREASED,NORMAL,HIGH,2,0.66,CAUTION,"미열, 구토"
DOG,10,12.4,40.5,168,51,False,False,False,False,True,NONE,DECREASED,LOW,7,1.0,DANGER,"고열, 빈맥"
CAT,9,4.6,39.3,121,20,False,False,False,False,False,NORMAL,NORMAL,NORMAL,0,0.18,NORMAL,이상 없음(정상)
DOG,3,4.5,38.7,129,27,True,False,True,False,True,NORMAL,NORMAL,LOW,1,0.36,WATCH,"설사, 피부 징후"
DOG,15,5.7,38.4,90,12,False,False,False,False,False,NORMAL,NORMAL,HIGH,6,0.08,NORMAL,이상 없음(정상)
CAT,11,7.7,37.5,81,23,False,False,False,False,False,INCREASED,DECREASED,NORMAL,2,0.04,NORMAL,이상 없음(정상)
DOG,11,16.1,38.2,98,16,False,False,False,False,False,NORMAL,INCREASED,NORMAL,0,0.0,NORMAL,이상 없음(정상)
DOG,13,12.9,39.6,146,49,True,True,False,False,False,DECREASED,NORMAL,NORMAL,1,0.61,CAUTION,"미열, 호흡 급증"
CAT,13,2.1,39.5,119,32,False,False,False,False,False,DECREASED,INCREASED,NORMAL,5,0.31,WATCH,"미열, 식욕 감소"
CAT,9,6.3,40.6,141,52,False,True,False,True,False,NONE,DECREASED,LOW,0,1.0,DANGER,"고열, 호흡 급증"
DOG,11,10.6,40.1,143,49,True,False,False,True,False,NORMAL,NORMAL,LOW,5,1.0,DANGER,"고열, 호흡 급증"
DOG,9,12.0,38.7,116,30,False,False,False,True,True,NORMAL,NORMAL,NORMAL,0,0.39,WATCH,소화기 이상(구토 및 설사)
DOG,2,27.9,39.9,191,51,False,True,True,False,True,NONE,DECREASED,LOW,2,1.0,DANGER,"미열, 빈맥"
CAT,14,2.0,38.3,178,15,False,False,False,False,False,NORMAL,DECREASED,LOW,4,0.44,WATCH,"빈맥, 활동량 저하"
CAT,8,7.8,38.6,146,18,True,False,False,True,True,NORMAL,NORMAL,NORMAL,0,0.36,WATCH,"소화기 이상(구토 및 설사), 피부 징후"
DOG,10,11.0,38.2,105,28,False,False,False,True,False,INCREASED,NORMAL,NORMAL,7,0.15,NORMAL,이상 없음(정상)
CAT,1,4.5,39.5,132,37,True,True,False,True,True,DECREASED,NORMAL,NORMAL,6,0.73,CAUTION,"미열, 소화기 이상(구토 및 설사)"
CAT,2,6.6,39.1,100,29,False,False,False,False,False,INCREASED,DECREASED,NORMAL,0,0.08,NORMAL,이상 없음(정상)
DOG,9,25.4,39.3,162,23,True,False,False,False,False,DECREASED,DECREASED,LOW,2,0.71,CAUTION,"미열, 빈맥"
DOG,10,15.2,37.9,109,11,True,False,False,False,False,DECREASED,NORMAL,NORMAL,6,0.22,NORMAL,이상 없음(정상)
DOG,4,11.3,40.2,153,32,False,False,True,False,False,NORMAL,NORMAL,LOW,0,0.7,CAUTION,"고열, 피부 징후"
DOG,11,23.7,39.1,147,27,False,True,False,False,True,DECREASED,NORMAL,NORMAL,1,0.3,WATCH,"설사, 피부 징후"
CAT,12,3.7,39.8,179,42,True,True,False,True,False,DECREASED,DECREASED,LOW,3,1.0,DANGER,"미열, 빈맥"
CAT,11,2.8,40.4,184,62,False,False,True,True,True,NONE,DECREASED,NORMAL,6,1.0,DANGER,"고열, 빈맥"
DOG,13,10.5,38.2,71,24,False,False,False,False,False,NORMAL,DECREASED,NORMAL,0,0.08,NORMAL,이상 없음(정상)
CAT,6,2.2,39.1,136,44,False,True,False,False,True,DECREASED,DECREASED,NORMAL,1,0.68,CAUTION,"호흡 급증, 설사"
DOG,2,17.3,40.0,116,37,True,False,False,False,False,DECREASED,DECREASED,NORMAL,2,0.66,CAUTION,"고열, 피부 징후"
CAT,9,2.5,39.7,94,56,True,True,False,False,False,DECREASED,DECREASED,NORMAL,5,0.7,CAUTION,"미열, 호흡 급증"
CAT,15,6.1,38.9,132,30,False,False,False,True,False,DECREASED,NORMAL,LOW,7,0.44,WATCH,"구토, 식욕 감소"
CAT,11,5.1,38.9,101,20,True,False,False,False,False,NORMAL,NORMAL,NORMAL,2,0.11,NORMAL,이상 없음(정상)
DOG,11,8.8,38.3,137,22,False,False,False,False,False,NONE,NORMAL,NORMAL,4,0.1,NORMAL,이상 없음(정상)
CAT,10,3.4,40.9,184,62,False,True,False,False,False,NONE,NORMAL,LOW,2,1.0,DANGER,"고열, 빈맥"
CAT,6,2.1,39.5,147,30,True,False,True,False,True,DECREASED,NORMAL,LOW,4,0.62,CAUTION,"미열, 설사"
DOG,9,14.1,39.1,90,18,False,False,False,True,False,NORMAL,NORMAL,LOW,5,0.4,WATCH,"구토, 활동량 저하"
DOG,1,12.3,39.6,180,59,True,True,False,True,False,NONE,DECREASED,LOW,3,1.0,DANGER,"미열, 빈맥"
CAT,1,2.6,39.0,89,10,False,True,False,False,False,NORMAL,NORMAL,HIGH,3,0.13,NORMAL,이상 없음(정상)
CAT,2,3.4,41.1,175,70,False,True,True,True,True,INCREASED,DECREASED,LOW,2,1.0,DANGER,"고열, 빈맥"
CAT,1,5.0,39.4,119,14,False,False,False,False,True,DECREASED,NORMAL,NORMAL,4,0.39,WATCH,"미열, 설사"
CAT,4,2.4,38.7,76,11,False,False,False,False,False,NORMAL,NORMAL,NORMAL,0,0.12,NORMAL,이상 없음(정상)
DOG,15,15.6,39.5,192,43,True,True,False,False,True,NONE,DECREASED,LOW,2,1.0,DANGER,"미열, 빈맥"
CAT,2,3.7,38.2,127,30,False,False,False,False,False,NORMAL,NORMAL,NORMAL,0,0.0,NORMAL,이상 없음(정상)
CAT,10,6.5,39.4,196,32,False,False,True,False,True,DECREASED,NORMAL,LOW,5,0.68,CAUTION,"미열, 빈맥"
DOG,4,19.3,38.6,112,24,False,False,False,True,False,NORMAL,NORMAL,NORMAL,3,0.06,NORMAL,이상 없음(정상)
DOG,12,29.5,39.5,93,34,False,False,False,False,True,DECREASED,DECREASED,NORMAL,4,0.52,CAUTION,"미열, 설사"
CAT,2,3.1,38.1,107,20,False,False,False,False,False,INCREASED,NORMAL,NORMAL,7,0.0,NORMAL,이상 없음(정상)
CAT,14,5.2,39.2,111,33,True,False,False,False,True,DECREASED,DECREASED,LOW,0,0.57,CAUTION,"설사, 피부 징후"
DOG,7,26.5,39.2,80,38,False,False,False,False,False,NORMAL,NORMAL,NORMAL,0,0.0,NORMAL,이상 없음(정상)
DOG,7,8.1,39.8,134,21,False,False,False,True,False,DECREASED,NORMAL,NORMAL,6,0.38,WATCH,"미열, 구토"
DOG,1,12.9,39.7,203,34,True,True,False,True,True,NONE,NORMAL,LOW,4,1.0,DANGER,"미열, 빈맥"
CAT,3,5.4,38.3,143,36,False,False,False,False,True,NORMAL,NORMAL,LOW,7,0.33,WATCH,"설사, 활동량 저하"
DOG,4,4.6,39.0,127,18,False,False,False,True,True,DECREASED,DECREASED,NORMAL,4,0.41,WATCH,"소화기 이상(구토 및 설사), 식욕 감소"
DOG,9,23.8,39.5,148,26,True,True,False,False,False,NONE,NORMAL,HIGH,5,0.65,CAUTION,"미열, 피부 징후"
DOG,5,14.6,39.0,68,19,True,False,False,False,False,DECREASED,NORMAL,NORMAL,7,0.18,NORMAL,이상 없음(정상)
DOG,3,15.6,38.7,82,24,True,False,False,False,True,NORMAL,DECREASED,NORMAL,1,0.37,WATCH,"설사, 피부 징후"
CAT,1,5.9,41.0,189,43,True,False,True,True,True,NONE,DECREASED,HIGH,2,1.0,DANGER,"고열, 빈맥"
CAT,5,7.2,39.9,149,27,True,False,False,True,False,DECREASED,DECREASED,LOW,7,0.55,CAUTION,"미열, 구토"
CAT,4,2.5,39.6,139,46,False,False,True,False,True,NORMAL,NORMAL,LOW,4,0.74,CAUTION,"미열, 호흡 급증"
DOG,2,28.5,41.4,198,41,True,False,False,True,True,NONE,DECREASED,LOW,7,1.0,DANGER,"고열, 빈맥"
DOG,8,21.2,40.2,181,52,True,False,False,True,True,DECREASED,NORMAL,LOW,2,1.0,DANGER,"고열, 빈맥"
DOG,4,15.4,40.7,176,58,True,False,True,True,True,DECREASED,INCREASED,LOW,3,1.0,DANGER,"고열, 빈맥"
DOG,2,28.0,37.9,76,13,False,False,False,False,False,INCREASED,NORMAL,NORMAL,2,0.06,NORMAL,이상 없음(정상)
CAT,4,5.1,38.7,109,17,False,False,False,False,False,NORMAL,NORMAL,NORMAL,0,0.06,NORMAL,이상 없음(정상)
CAT,12,3.5,38.7,100,16,False,False,False,False,False,DECREASED,NORMAL,HIGH,7,0.19,NORMAL,이상 없음(정상)
CAT,10,7.0,38.4,121,22,False,False,False,False,False,NORMAL,DECREASED,NORMAL,0,0.02,NORMAL,이상 없음(정상)
CAT,2,2.7,39.0,144,30,False,True,False,True,False,INCREASED,INCREASED,LOW,7,0.39,WATCH,"구토, 피부 징후"
DOG,10,13.3,38.8,138,32,False,False,True,False,False,NORMAL,INCREASED,NORMAL,0,0.23,NORMAL,이상 없음(정상)
DOG,12,18.6,38.5,89,11,False,False,False,False,False,NORMAL,NORMAL,HIGH,6,0.0,NORMAL,이상 없음(정상)
DOG,13,18.5,38.8,126,36,False,False,False,False,False,NORMAL,NORMAL,NORMAL,0,0.04,NORMAL,이상 없음(정상)
DOG,3,16.1,39.1,156,24,True,False,False,False,False,DECREASED,NORMAL,NORMAL,4,0.31,WATCH,"피부 징후, 식욕 감소"
DOG,8,9.6,39.4,107,30,True,True,False,False,False,DECREASED,NORMAL,HIGH,2,0.42,WATCH,"미열, 피부 징후"
DOG,3,18.6,39.0,95,23,False,False,True,False,False,NORMAL,NORMAL,NORMAL,0,0.09,NORMAL,이상 없음(정상)
CAT,5,5.6,38.1,125,34,False,False,False,False,False,NORMAL,NORMAL,LOW,5,0.18,NORMAL,이상 없음(정상)
CAT,5,3.6,39.1,75,26,False,False,False,False,False,NORMAL,NORMAL,LOW,0,0.03,NORMAL,이상 없음(정상)
DOG,5,8.3,38.3,136,26,False,False,False,False,False,NORMAL,DECREASED,HIGH,7,0.02,NORMAL,이상 없음(정상)
CAT,10,2.4,39.4,134,46,False,False,False,False,False,DECREASED,NORMAL,NORMAL,1,0.48,WATCH,"미열, 호흡 급증"
DOG,2,20.9,40.2,169,37,False,False,False,True,True,DECREASED,DECREASED,LOW,3,1.0,DANGER,"고열, 빈맥"
CAT,10,3.6,40.2,168,44,True,True,True,True,False,NONE,DECREASED,LOW,5,1.0,DANGER,"고열, 빈맥"
DOG,8,11.9,39.3,155,30,False,False,True,True,False,NORMAL,NORMAL,HIGH,3,0.67,CAUTION,"미열, 구토"
CAT,10,5.2,38.5,99,24,False,False,False,False,False,NORMAL,NORMAL,LOW,5,0.06,NORMAL,이상 없음(정상)
CAT,6,8.0,38.3,89,26,False,False,False,False,False,NORMAL,NORMAL,NORMAL,0,0.0,NORMAL,이상 없음(정상)
DOG,1,3.6,38.9,109,15,False,False,False,False,True,NORMAL,NORMAL,NORMAL,6,0.17,NORMAL,이상 없음(정상)
DOG,4,10.2,39.7,143,46,True,False,False,False,False,DECREASED,NORMAL,LOW,4,0.62,CAUTION,"미열, 호흡 급증"
DOG,4,20.8,40.3,164,41,False,False,True,True,True,NONE,DECREASED,LOW,7,1.0,DANGER,"고열, 빈맥"
CAT,11,4.0,40.5,193,53,False,False,True,True,True,DECREASED,DECREASED,LOW,1,1.0,DANGER,"고열, 빈맥"
CAT,9,4.2,40.1,134,64,False,False,False,True,True,DECREASED,DECREASED,LOW,2,1.0,DANGER,"고열, 호흡 급증"
CAT,3,5.3,38.7,145,26,False,False,False,False,False,NORMAL,DECREASED,NORMAL,0,0.11,NORMAL,이상 없음(정상)
DOG,10,23.8,38.8,119,21,False,True,False,False,True,NORMAL,NORMAL,NORMAL,4,0.4,WATCH,"설사, 피부 징후"
CAT,3,3.4,38.9,168,21,True,False,True,False,False,DECREASED,NORMAL,NORMAL,5,0.49,WATCH,"빈맥, 피부 징후"
CAT,14,5.1,39.8,133,43,False,False,False,False,False,DECREASED,INCREASED,LOW,3,0.61,CAUTION,"미열, 호흡 급증"
DOG,1,8.2,39.2,145,15,False,False,False,False,False,INCREASED,NORMAL,NORMAL,6,0.0,NORMAL,이상 없음(정상)
CAT,15,7.0,40.1,158,34,False,False,False,False,False,DECREASED,NORMAL,NORMAL,7,0.35,WATCH,"고열, 식욕 감소"
DOG,6,4.8,39.7,107,45,False,False,False,False,False,DECREASED,NORMAL,LOW,2,0.65,CAUTION,"미열, 호흡 급증"
CAT,12,3.9,38.8,130,18,False,False,False,False,False,INCREASED,INCREASED,NORMAL,7,0.0,NORMAL,이상 없음(정상)
CAT,7,6.0,39.2,142,35,False,True,False,True,False,DECREASED,DECREASED,LOW,7,0.53,CAUTION,"구토, 피부 징후"
DOG,14,14.7,39.2,106,25,False,False,False,True,False,NORMAL,NORMAL,LOW,0,0.29,NORMAL,이상 없음(정상)
CAT,2,7.2,38.4,152,29,False,False,False,True,False,NORMAL,NORMAL,LOW,1,0.32,WATCH,"구토, 활동량 저하"
CAT,1,2.4,39.9,197,34,False,False,False,True,True,NONE,DECREASED,LOW,1,1.0,DANGER,"미열, 빈맥"
CAT,7,3.5,38.8,120,44,False,True,False,False,True,NORMAL,DECREASED,HIGH,6,0.47,WATCH,"호흡 급증, 설사"
DOG,3,10.4,38.5,75,16,False,False,False,False,False,NORMAL,INCREASED,NORMAL,0,0.0,NORMAL,이상 없음(정상)
CAT,8,3.5,39.1,78,27,False,False,False,False,False,NORMAL,NORMAL,HIGH,4,0.0,NORMAL,이상 없음(정상)
DOG,9,9.7,39.7,103,17,False,False,False,False,False,NORMAL,NORMAL,NORMAL,0,0.09,NORMAL,이상 없음(정상)
DOG,6,25.0,39.9,155,37,True,False,False,False,False,NONE,NORMAL,NORMAL,6,0.58,CAUTION,"미열, 피부 징후"
DOG,2,10.6,39.9,173,61,True,True,True,True,True,DECREASED,DECREASED,LOW,0,1.0,DANGER,"미열, 빈맥"
DOG,5,3.9,40.5,140,35,True,True,False,True,False,DECREASED,DECREASED,LOW,1,0.81,DANGER,"고열, 구토"
DOG,13,27.5,38.9,88,20,True,False,False,False,False,NORMAL,DECREASED,NORMAL,6,0.23,NORMAL,이상 없음(정상)
CAT,7,5.3,40.5,145,58,True,False,False,False,True,DECREASED,DECREASED,LOW,3,1.0,DANGER,"고열, 호흡 급증"
DOG,1,12.7,39.0,101,36,False,False,False,True,False,NORMAL,DECREASED,NORMAL,4,0.07,NORMAL,이상 없음(정상)
CAT,1,6.0,38.9,66,33,False,False,False,False,False,DECREASED,DECREASED,NORMAL,6,0.25,NORMAL,이상 없음(정상)
CAT,11,6.4,39.0,149,18,False,False,False,True,False,DECREASED,NORMAL,HIGH,1,0.38,WATCH,"구토, 식욕 감소"
CAT,4,5.2,40.0,213,41,False,False,False,True,True,NONE,NORMAL,LOW,3,1.0,DANGER,"고열, 빈맥"
DOG,10,22.5,39.2,142,31,False,False,False,True,True,NORMAL,NORMAL,HIGH,2,0.44,WATCH,소화기 이상(구토 및 설사)
CAT,4,7.8,40.6,152,34,False,False,False,True,True,DECREASED,NORMAL,LOW,3,1.0,DANGER,"고열, 소화기 이상(구토 및 설사)"
CAT,7,7.7,40.7,167,43,True,True,False,True,True,NORMAL,NORMAL,LOW,4,1.0,DANGER,"고열, 빈맥"
CAT,3,5.9,39.2,117,30,False,False,False,False,False,NORMAL,NORMAL,NORMAL,0,0.08,NORMAL,이상 없음(정상)
DOG,13,26.9,40.2,146,35,False,False,False,False,False,DECREASED,DECREASED,LOW,5,0.57,CAUTION,"고열, 식욕 감소"
DOG,10,22.3,38.2,96,35,False,False,False,False,True,NORMAL,NORMAL,NORMAL,7,0.02,NORMAL,이상 없음(정상)
DOG,12,4.1,38.6,117,21,False,False,False,False,False,NORMAL,NORMAL,NORMAL,0,0.06,NORMAL,이상 없음(정상)
CAT,9,3.6,40.9,139,46,False,True,True,True,True,NONE,INCREASED,LOW,7,1.0,DANGER,"고열, 호흡 급증"
CAT,7,6.7,39.0,105,21,False,False,False,True,False,NORMAL,DECREASED,NORMAL,4,0.11,NORMAL,이상 없음(정상)
DOG,5,15.7,38.4,116,21,False,True,False,False,False,INCREASED,NORMAL,LOW,7,0.25,NORMAL,이상 없음(정상)
DOG,1,10.3,40.9,147,70,False,True,False,True,False,NONE,DECREASED,LOW,4,1.0,DANGER,"고열, 호흡 급증"
DOG,10,4.7,38.7,83,20,False,False,False,False,False,NORMAL,DECREASED,NORMAL,0,0.04,NORMAL,이상 없음(정상)
DOG,2,6.2,39.2,123,41,False,False,False,True,True,DECREASED,INCREASED,LOW,7,0.73,CAUTION,"호흡 급증, 소화기 이상(구토 및 설사)"
DOG,5,19.2,37.8,117,15,False,True,False,False,False,NORMAL,NORMAL,NORMAL,0,0.21,NORMAL,이상 없음(정상)
DOG,3,20.1,39.3,111,21,False,False,False,False,False,NORMAL,NORMAL,NORMAL,0,0.18,NORMAL,이상 없음(정상)
CAT,9,7.5,39.4,108,48,False,False,False,True,False,DECREASED,NORMAL,LOW,4,0.68,CAUTION,"미열, 호흡 급증"
DOG,4,6.6,38.2,96,26,False,False,False,False,False,NORMAL,NORMAL,HIGH,1,0.05,NORMAL,이상 없음(정상)
CAT,4,2.6,38.8,131,21,False,True,False,True,False,NORMAL,DECREASED,HIGH,1,0.35,WATCH,"구토, 피부 징후"
CAT,6,3.6,39.6,110,29,False,False,False,False,False,DECREASED,NORMAL,HIGH,5,0.43,WATCH,"미열, 식욕 감소"
CAT,14,6.5,39.0,123,24,False,False,False,False,False,NORMAL,NORMAL,NORMAL,0,0.0,NORMAL,이상 없음(정상)
DOG,2,12.2,40.4,181,69,False,True,False,True,True,DECREASED,DECREASED,HIGH,2,1.0,DANGER,"고열, 빈맥"
DOG,13,8.4,39.2,144,22,False,False,True,True,True,DECREASED,NORMAL,LOW,0,0.71,CAUTION,"소화기 이상(구토 및 설사), 피부 징후"
CAT,11,6.4,39.9,139,37,True,True,False,False,True,DECREASED,DECREASED,LOW,0,0.68,CAUTION,"미열, 설사"
DOG,2,4.4,39.2,139,37,False,False,True,True,False,DECREASED,DECREASED,LOW,3,0.52,CAUTION,"구토, 피부 징후"
DOG,14,20.5,39.5,206,65,True,False,False,True,True,NORMAL,DECREASED,LOW,7,1.0,DANGER,"미열, 빈맥"
DOG,9,28.6,39.5,123,37,True,True,True,True,True,NORMAL,NORMAL,NORMAL,5,0.71,CAUTION,"미열, 소화기 이상(구토 및 설사)"
DOG,5,6.5,39.9,166,55,True,True,False,True,True,NONE,DECREASED,LOW,4,1.0,DANGER,"미열, 빈맥"
CAT,2,2.4,38.7,79,27,False,False,False,True,False,NORMAL,INCREASED,NORMAL,3,0.25,NORMAL,이상 없음(정상)
DOG,13,13.7,38.7,143,50,False,False,False,False,False,DECREASED,DECREASED,LOW,6,0.65,CAUTION,"호흡 급증, 식욕 감소"
DOG,11,8.8,39.3,141,24,True,False,False,False,True,NORMAL,DECREASED,NORMAL,4,0.39,WATCH,"미열, 설사"
CAT,3,2.5,38.7,108,27,False,False,False,False,False,INCREASED,NORMAL,LOW,3,0.2,NORMAL,이상 없음(정상)
DOG,5,10.0,39.4,136,21,False,False,False,True,False,DECREASED,NORMAL,NORMAL,3,0.44,WATCH,"미열, 구토"
DOG,4,28.8,38.7,165,17,False,False,False,False,False,DECREASED,INCREASED,NORMAL,7,0.34,WATCH,"빈맥, 식욕 감소"
CAT,8,6.1,39.8,151,31,True,True,False,True,False,NORMAL,NORMAL,NORMAL,6,0.65,CAUTION,"미열, 구토"
DOG,6,28.0,40.3,153,41,True,True,True,True,True,DECREASED,INCREASED,LOW,3,1.0,DANGER,"고열, 호흡 급증"
CAT,5,5.6,38.3,68,23,False,False,False,False,False,NORMAL,DECREASED,NORMAL,0,0.06,NORMAL,이상 없음(정상)
CAT,12,5.7,38.1,73,17,False,False,False,False,True,NORMAL,NORMAL,HIGH,0,0.08,NORMAL,이상 없음(정상)
CAT,6,6.9,38.9,123,31,True,False,False,True,False,DECREASED,DECREASED,LOW,0,0.45,WATCH,"구토, 피부 징후"
CAT,11,4.8,38.6,76,34,False,False,False,False,False,NORMAL,NORMAL,NORMAL,0,0.1,NORMAL,이상 없음(정상)
CAT,6,5.8,38.9,128,38,False,False,False,False,False,NORMAL,NORMAL,NORMAL,0,0.13,NORMAL,이상 없음(정상)
DOG,8,2.9,40.7,134,44,True,True,False,True,False,DECREASED,DECREASED,LOW,4,1.0,DANGER,"고열, 호흡 급증"
CAT,4,5.8,38.2,130,37,False,True,False,False,True,NORMAL,INCREASED,LOW,4,0.35,WATCH,"설사, 피부 징후"
CAT,11,2.6,40.1,137,34,False,True,True,True,True,DECREASED,DECREASED,LOW,7,1.0,DANGER,"고열, 소화기 이상(구토 및 설사)"
DOG,4,6.8,39.2,106,23,True,False,False,False,False,DECREASED,NORMAL,NORMAL,1,0.3,WATCH,"피부 징후, 식욕 감소"
DOG,13,25.8,38.7,103,31,False,False,False,False,False,NORMAL,NORMAL,NORMAL,0,0.02,NORMAL,이상 없음(정상)
DOG,9,11.4,39.8,210,50,True,False,True,True,False,NONE,DECREASED,LOW,3,1.0,DANGER,"미열, 빈맥"
DOG,8,20.6,39.5,96,21,False,False,False,False,False,NORMAL,NORMAL,LOW,4,0.46,WATCH,"미열, 활동량 저하"
DOG,7,21.8,39.1,74,26,False,False,True,False,False,NORMAL,NORMAL,NORMAL,0,0.1,NORMAL,이상 없음(정상)
DOG,1,17.0,38.4,118,23,True,False,False,False,False,NORMAL,INCREASED,NORMAL,3,0.22,NORMAL,이상 없음(정상)
DOG,15,11.5,38.8,88,18,False,False,False,False,False,NORMAL,NORMAL,NORMAL,0,0.01,NORMAL,이상 없음(정상)
CAT,11,2.8,38.8,144,36,False,False,False,True,False,DECREASED,NORMAL,NORMAL,3,0.32,WATCH,"구토, 식욕 감소"
DOG,11,22.5,39.0,124,27,False,False,False,False,False,NORMAL,NORMAL,NORMAL,0,0.0,NORMAL,이상 없음(정상)
DOG,12,3.5,38.7,61,21,False,False,True,False,False,NORMAL,NORMAL,HIGH,2,0.16,NORMAL,이상 없음(정상)
DOG,12,15.9,39.6,126,34,True,False,False,False,False,DECREASED,NORMAL,NORMAL,0,0.56,CAUTION,"미열, 피부 징후"
DOG,4,18.4,38.2,65,16,False,False,False,False,False,NORMAL,NORMAL,NORMAL,0,0.0,NORMAL,이상 없음(정상)
DOG,5,8.1,39.5,116,41,True,True,False,False,False,NORMAL,DECREASED,LOW,0,0.7,CAUTION,"미열, 호흡 급증"
CAT,15,5.6,39.7,191,67,False,False,False,True,False,DECREASED,DECREASED,LOW,4,1.0,DANGER,"미열, 빈맥"
DOG,12,4.4,38.8,159,30,False,False,False,False,True,DECREASED,NORMAL,LOW,0,0.35,WATCH,"설사, 식욕 감소"
DOG,1,20.5,38.3,84,24,True,False,False,False,False,INCREASED,DECREASED,NORMAL,2,0.28,NORMAL,이상 없음(정상)
DOG,6,17.9,39.0,132,35,False,False,False,True,True,NORMAL,NORMAL,NORMAL,3,0.35,WATCH,소화기 이상(구토 및 설사)
CAT,12,4.5,39.1,92,27,False,False,False,True,True,NORMAL,INCREASED,NORMAL,7,0.39,WATCH,소화기 이상(구토 및 설사)
CAT,10,7.3,39.0,103,41,True,True,False,False,True,DECREASED,DECREASED,LOW,7,0.66,CAUTION,"호흡 급증, 설사"
DOG,11,27.0,40.6,130,40,True,False,True,True,True,NONE,NORMAL,LOW,0,1.0,DANGER,"고열, 호흡 급증"
DOG,15,28.4,39.2,129,31,False,False,True,True,False,NORMAL,DECREASED,NORMAL,7,0.35,WATCH,"구토, 피부 징후"
DOG,6,22.1,37.6,70,23,False,False,False,False,False,NORMAL,NORMAL,LOW,2,0.14,NORMAL,이상 없음(정상)
CAT,15,5.1,38.7,147,49,True,True,False,False,False,NONE,NORMAL,LOW,3,0.71,CAUTION,"호흡 급증, 피부 징후"
DOG,13,7.8,38.6,88,29,False,False,False,False,False,NORMAL,NORMAL,HIGH,6,0.0,NORMAL,이상 없음(정상)
CAT,2,3.8,38.7,128,35,False,False,False,False,True,NONE,NORMAL,LOW,6,0.56,CAUTION,"설사, 식욕 절폐"
DOG,13,22.1,39.7,125,37,False,False,True,False,True,NORMAL,DECREASED,LOW,3,0.59,CAUTION,"미열, 설사"
DOG,7,12.0,40.1,183,58,True,False,False,False,False,DECREASED,INCREASED,LOW,3,1.0,DANGER,"고열, 빈맥"
CAT,14,7.9,38.7,123,24,False,False,False,False,False,DECREASED,NORMAL,NORMAL,4,0.06,NORMAL,이상 없음(정상)
CAT,9,5.3,38.8,94,39,False,False,False,False,False,NORMAL,NORMAL,NORMAL,0,0.0,NORMAL,이상 없음(정상)
DOG,11,23.2,39.2,131,24,False,False,False,True,False,NORMAL,NORMAL,LOW,1,0.36,WATCH,"구토, 활동량 저하"
CAT,6,5.1,38.3,124,22,False,False,False,False,False,NORMAL,NORMAL,NORMAL,0,0.09,NORMAL,이상 없음(정상)
CAT,13,6.6,39.5,148,29,False,False,False,True,True,NORMAL,DECREASED,LOW,1,0.6,CAUTION,"미열, 소화기 이상(구토 및 설사)"
CAT,3,3.7,40.3,200,43,True,False,False,True,True,DECREASED,NORMAL,NORMAL,1,1.0,DANGER,"고열, 빈맥"
DOG,11,14.0,38.4,103,35,False,False,False,False,False,NORMAL,NORMAL,NORMAL,0,0.0,NORMAL,이상 없음(정상)
CAT,1,3.3,38.8,121,29,False,False,False,False,False,INCREASED,NORMAL,NORMAL,1,0.0,NORMAL,이상 없음(정상)
CAT,6,4.5,40.5,200,39,False,True,False,True,True,NONE,DECREASED,LOW,1,1.0,DANGER,"고열, 빈맥"
DOG,4,8.3,40.0,197,41,False,False,False,True,True,NORMAL,NORMAL,LOW,0,1.0,DANGER,"고열, 빈맥"
DOG,1,24.4,38.6,115,12,True,True,False,True,False,DECREASED,DECREASED,LOW,7,0.39,WATCH,"구토, 피부 징후"
DOG,3,16.4,40.9,131,49,True,True,True,True,True,DECREASED,NORMAL,NORMAL,7,1.0,DANGER,"고열, 호흡 급증"
DOG,11,11.1,39.1,164,36,True,True,False,False,True,INCREASED,INCREASED,LOW,7,0.56,CAUTION,"빈맥, 설사"
DOG,11,8.8,38.1,108,22,False,False,False,True,False,NORMAL,DECREASED,NORMAL,5,0.18,NORMAL,이상 없음(정상)
CAT,10,7.2,39.5,157,39,False,False,False,False,True,DECREASED,NORMAL,NORMAL,1,0.51,CAUTION,"미열, 설사"
DOG,9,27.6,40.3,130,35,False,True,False,True,True,DECREASED,DECREASED,LOW,0,1.0,DANGER,"고열, 소화기 이상(구토 및 설사)"
DOG,6,22.8,39.2,166,33,True,False,True,False,False,NONE,NORMAL,LOW,7,0.59,CAUTION,"빈맥, 피부 징후"
DOG,9,11.0,39.3,142,34,True,False,True,False,False,DECREASED,INCREASED,LOW,6,0.5,CAUTION,"미열, 피부 징후"
CAT,4,3.3,38.8,109,20,True,False,False,False,False,NORMAL,NORMAL,HIGH,7,0.08,NORMAL,이상 없음(정상)
CAT,1,2.8,39.4,144,47,False,True,False,False,False,DECREASED,DECREASED,LOW,6,0.74,CAUTION,"미열, 호흡 급증"
DOG,11,18.4,38.5,98,25,False,False,False,True,False,NORMAL,NORMAL,NORMAL,0,0.28,NORMAL,이상 없음(정상)
DOG,8,24.0,39.1,150,46,False,False,False,True,False,NONE,NORMAL,LOW,5,0.71,CAUTION,"호흡 급증, 구토"
CAT,6,6.7,39.3,173,28,False,False,False,False,True,DECREASED,DECREASED,LOW,1,0.74,CAUTION,"미열, 빈맥"
CAT,10,2.3,40.5,130,44,False,True,False,True,True,NONE,NORMAL,LOW,7,1.0,DANGER,"고열, 호흡 급증"
CAT,8,4.1,38.5,139,38,False,False,False,False,True,NONE,NORMAL,LOW,7,0.43,WATCH,"설사, 식욕 절폐"
CAT,4,6.5,39.8,158,27,True,True,True,True,False,DECREASED,NORMAL,NORMAL,3,0.66,CAUTION,"미열, 구토"
CAT,10,5.8,39.9,156,34,False,True,False,True,False,NONE,DECREASED,LOW,1,0.91,DANGER,"미열, 구토"
CAT,14,7.6,38.7,103,19,False,False,False,True,True,DECREASED,NORMAL,NORMAL,6,0.34,WATCH,"소화기 이상(구토 및 설사), 식욕 감소"
DOG,1,15.3,39.0,149,41,False,False,False,False,False,DECREASED,NORMAL,NORMAL,2,0.3,WATCH,"호흡 급증, 식욕 감소"
CAT,5,6.0,39.8,139,39,False,True,True,False,True,DECREASED,DECREASED,LOW,5,0.85,DANGER,"미열, 설사"
CAT,12,4.3,39.6,135,24,True,False,False,True,False,DECREASED,INCREASED,NORMAL,7,0.56,CAUTION,"미열, 구토"
CAT,12,3.3,39.6,104,47,False,False,False,False,True,NORMAL,NORMAL,LOW,1,0.7,CAUTION,"미열, 호흡 급증"
CAT,13,2.4,39.1,99,32,False,False,False,False,False,NORMAL,NORMAL,LOW,2,0.09,NORMAL,이상 없음(정상)
DOG,15,23.0,39.5,108,31,False,False,False,True,False,NORMAL,NORMAL,HIGH,4,0.49,WATCH,"미열, 구토"
CAT,14,2.2,39.1,91,28,True,True,False,False,False,NORMAL,NORMAL,NORMAL,2,0.09,NORMAL,이상 없음(정상)
DOG,4,20.2,37.9,113,18,False,False,False,False,False,NORMAL,NORMAL,HIGH,6,0.0,NORMAL,이상 없음(정상)
DOG,1,2.6,40.6,155,35,True,True,False,True,True,DECREASED,DECREASED,LOW,4,1.0,DANGER,"고열, 소화기 이상(구토 및 설사)"
DOG,2,18.1,40.4,133,61,True,False,False,True,True,DECREASED,DECREASED,LOW,0,1.0,DANGER,"고열, 호흡 급증"
CAT,7,6.0,40.6,225,44,True,True,False,True,True,NORMAL,NORMAL,LOW,6,1.0,DANGER,"고열, 빈맥"
DOG,10,8.9,38.8,150,41,True,False,True,False,False,NONE,NORMAL,LOW,6,0.63,CAUTION,"호흡 급증, 피부 징후"
DOG,1,26.1,38.4,96,29,False,False,False,False,False,NONE,NORMAL,HIGH,1,0.07,NORMAL,이상 없음(정상)
CAT,12,6.7,40.1,160,52,True,False,False,True,False,NONE,DECREASED,LOW,4,1.0,DANGER,"고열, 빈맥"
DOG,14,23.8,38.9,82,28,False,True,False,True,False,DECREASED,NORMAL,NORMAL,3,0.35,WATCH,"구토, 피부 징후"
DOG,9,18.5,39.7,60,44,False,False,False,False,False,NORMAL,NORMAL,NORMAL,0,0.37,WATCH,"미열, 호흡 급증"
CAT,14,5.3,37.8,104,20,True,False,False,False,False,NORMAL,NORMAL,NORMAL,2,0.1,NORMAL,이상 없음(정상)
DOG,9,13.9,39.8,153,49,False,True,True,False,False,DECREASED,NORMAL,HIGH,5,0.64,CAUTION,"미열, 호흡 급증"
CAT,5,2.8,39.6,151,46,True,False,False,False,False,DECREASED,DECREASED,NORMAL,7,0.64,CAUTION,"미열, 호흡 급증"
CAT,2,2.7,37.9,118,21,False,False,False,False,False,NORMAL,NORMAL,NORMAL,0,0.0,NORMAL,이상 없음(정상)
DOG,11,20.8,38.0,128,17,False,False,False,False,False,INCREASED,NORMAL,NORMAL,1,0.21,NORMAL,이상 없음(정상)
DOG,7,10.9,40.5,174,34,False,True,True,False,True,DECREASED,DECREASED,LOW,6,1.0,DANGER,"고열, 빈맥"
CAT,13,3.9,39.2,89,26,False,False,True,False,False,DECREASED,NORMAL,NORMAL,4,0.35,WATCH,"피부 징후, 식욕 감소"
DOG,15,24.7,38.2,142,22,False,False,False,False,True,NORMAL,NORMAL,NORMAL,1,0.14,NORMAL,이상 없음(정상)
CAT,14,5.9,39.4,148,30,False,False,False,True,True,NORMAL,NORMAL,LOW,1,0.62,CAUTION,"미열, 소화기 이상(구토 및 설사)"
DOG,15,13.6,39.0,123,18,False,False,False,False,False,NONE,NORMAL,NORMAL,1,0.31,WATCH,식욕 절폐
CAT,14,4.6,38.9,114,26,True,False,False,False,False,DECREASED,INCREASED,LOW,7,0.41,WATCH,"피부 징후, 식욕 감소"
DOG,13,22.9,40.2,157,56,False,True,False,False,True,NONE,DECREASED,LOW,0,1.0,DANGER,"고열, 호흡 급증"
CAT,1,7.1,39.2,152,58,False,False,False,True,True,NONE,NORMAL,NORMAL,2,0.74,CAUTION,"호흡 급증, 소화기 이상(구토 및 설사)"
CAT,5,3.3,38.1,125,19,False,False,False,False,False,INCREASED,NORMAL,NORMAL,3,0.0,NORMAL,이상 없음(정상)
DOG,3,18.3,39.9,112,31,False,True,False,False,True,DECREASED,NORMAL,HIGH,2,0.66,CAUTION,"미열, 설사"
DOG,14,17.0,39.5,140,30,False,True,False,False,False,NORMAL,NORMAL,NORMAL,0,0.31,WATCH,"미열, 피부 징후"
DOG,13,20.6,39.4,125,58,False,False,False,False,False,NORMAL,NORMAL,LOW,1,0.54,CAUTION,"미열, 호흡 급증"
DOG,5,26.4,39.4,123,27,False,False,False,False,False,DECREASED,NORMAL,NORMAL,7,0.35,WATCH,"미열, 식욕 감소"
CAT,13,6.6,37.7,89,19,False,False,False,False,False,DECREASED,INCREASED,NORMAL,3,0.03,NORMAL,이상 없음(정상)
DOG,12,22.5,39.2,134,47,True,True,False,False,False,DECREASED,DECREASED,NORMAL,2,0.66,CAUTION,"호흡 급증, 피부 징후"
CAT,13,2.3,39.8,132,37,True,False,False,True,False,DECREASED,NORMAL,LOW,0,0.62,CAUTION,"미열, 구토"
DOG,15,22.5,40.1,144,45,False,False,False,False,False,DECREASED,NORMAL,LOW,5,0.74,CAUTION,"고열, 호흡 급증"
CAT,4,6.6,37.8,91,24,False,False,False,False,False,NORMAL,NORMAL,NORMAL,0,0.07,NORMAL,이상 없음(정상)
CAT,7,2.7,39.0,122,29,False,False,True,False,False,NORMAL,NORMAL,NORMAL,0,0.2,NORMAL,이상 없음(정상)
CAT,2,4.8,39.1,163,25,True,True,False,False,True,NORMAL,NORMAL,NORMAL,0,0.49,WATCH,"빈맥, 설사"
CAT,13,7.6,38.3,108,10,False,False,False,False,False,NORMAL,NORMAL,NORMAL,0,0.0,NORMAL,이상 없음(정상)
CAT,9,6.4,40.0,137,39,True,True,False,False,False,DECREASED,NORMAL,LOW,3,0.73,CAUTION,"고열, 피부 징후"
DOG,6,10.0,39.0,92,29,False,False,False,True,False,NONE,NORMAL,NORMAL,7,0.47,WATCH,"구토, 식욕 절폐"
CAT,3,6.6,40.2,218,72,False,True,False,True,False,DECREASED,INCREASED,LOW,7,1.0,DANGER,"고열, 빈맥"
CAT,6,6.8,39.0,104,29,False,False,False,False,False,NORMAL,NORMAL,NORMAL,0,0.0,NORMAL,이상 없음(정상)
CAT,1,4.9,39.2,163,52,False,False,False,False,False,DECREASED,NORMAL,LOW,6,0.68,CAUTION,"빈맥, 호흡 급증"
DOG,1,6.7,40.8,154,49,False,True,True,True,True,DECREASED,DECREASED,LOW,1,1.0,DANGER,"고열, 호흡 급증"
DOG,13,26.2,39.0,140,16,False,False,False,False,True,NORMAL,INCREASED,LOW,3,0.36,WATCH,"설사, 활동량 저하"
DOG,9,10.2,39.9,90,33,True,True,False,True,False,NORMAL,NORMAL,LOW,6,0.51,CAUTION,"미열, 구토"
CAT,13,3.0,40.2,149,58,False,True,True,False,True,NONE,DECREASED,LOW,6,1.0,DANGER,"고열, 호흡 급증"
CAT,15,3.7,40.8,213,72,True,True,False,False,True,DECREASED,INCREASED,NORMAL,7,1.0,DANGER,"고열, 빈맥"
DOG,2,24.4,39.0,111,19,False,False,False,False,False,DECREASED,NORMAL,NORMAL,6,0.13,NORMAL,이상 없음(정상)
CAT,8,2.8,40.0,175,50,False,False,False,True,True,NONE,NORMAL,LOW,2,1.0,DANGER,"고열, 빈맥"
DOG,4,17.7,38.4,111,22,False,False,False,False,False,NORMAL,NORMAL,NORMAL,0,0.05,NORMAL,이상 없음(정상)
DOG,11,23.1,40.3,133,50,True,True,False,False,False,NONE,DECREASED,LOW,2,1.0,DANGER,"고열, 호흡 급증"
CAT,11,4.7,40.0,191,63,True,True,False,True,True,DECREASED,DECREASED,LOW,0,1.0,DANGER,"고열, 빈맥"
DOG,14,4.8,40.5,144,45,False,False,True,True,True,NONE,DECREASED,LOW,2,1.0,DANGER,"고열, 호흡 급증"
DOG,4,4.7,39.6,126,22,False,False,True,False,True,NORMAL,DECREASED,LOW,7,0.49,WATCH,"미열, 설사"
CAT,2,5.3,39.2,102,14,False,False,False,False,False,NORMAL,NORMAL,HIGH,4,0.0,NORMAL,이상 없음(정상)
DOG,7,22.0,40.1,176,56,False,True,False,True,True,NONE,DECREASED,NORMAL,7,1.0,DANGER,"고열, 빈맥"
DOG,3,11.2,39.7,183,39,False,False,False,False,True,DECREASED,INCREASED,NORMAL,5,0.69,CAUTION,"미열, 빈맥"
CAT,11,4.2,39.9,92,24,False,True,False,False,False,DECREASED,NORMAL,NORMAL,4,0.36,WATCH,"미열, 피부 징후"
DOG,2,10.4,38.7,174,31,True,False,True,False,False,DECREASED,DECREASED,HIGH,0,0.3,WATCH,"빈맥, 피부 징후"
DOG,1,16.0,38.8,104,21,False,False,False,False,False,NORMAL,NORMAL,NORMAL,0,0.0,NORMAL,이상 없음(정상)
CAT,7,4.6,38.9,90,15,False,False,False,True,False,NORMAL,NORMAL,HIGH,6,0.32,WATCH,구토
CAT,15,2.3,38.1,89,32,False,False,False,False,False,NORMAL,NORMAL,HIGH,0,0.11,NORMAL,이상 없음(정상)
DOG,4,25.9,40.5,173,45,True,False,True,True,False,NONE,DECREASED,LOW,3,1.0,DANGER,"고열, 빈맥"
DOG,13,7.2,39.2,105,35,False,False,True,False,False,DECREASED,INCREASED,LOW,4,0.49,WATCH,"피부 징후, 식욕 감소"
DOG,2,27.4,38.1,116,38,False,True,True,True,False,DECREASED,NORMAL,NORMAL,3,0.36,WATCH,"구토, 피부 징후"
DOG,14,22.1,39.7,179,39,False,True,False,True,True,NORMAL,DECREASED,NORMAL,3,0.82,DANGER,"미열, 빈맥"
DOG,3,21.4,39.2,190,37,True,False,False,False,True,DECREASED,NORMAL,NORMAL,1,0.62,CAUTION,"빈맥, 설사"
CAT,14,5.5,39.1,162,48,True,False,False,False,False,DECREASED,DECREASED,NORMAL,0,0.69,CAUTION,"빈맥, 호흡 급증"
DOG,15,24.2,39.3,157,46,False,False,False,False,True,DECREASED,DECREASED,NORMAL,0,0.73,CAUTION,"미열, 호흡 급증"
CAT,9,4.1,39.1,110,25,False,False,False,False,True,DECREASED,NORMAL,NORMAL,0,0.37,WATCH,"설사, 식욕 감소"
DOG,9,24.2,39.1,122,46,True,False,False,False,False,NORMAL,NORMAL,NORMAL,2,0.35,WATCH,"호흡 급증, 피부 징후"
CAT,11,3.0,38.6,176,38,True,True,False,False,False,NONE,NORMAL,LOW,2,0.69,CAUTION,"빈맥, 피부 징후"
DOG,11,20.2,39.1,51,10,False,False,False,False,False,NORMAL,NORMAL,NORMAL,0,0.0,NORMAL,이상 없음(정상)
DOG,7,28.1,38.2,110,18,False,False,False,True,False,NONE,NORMAL,HIGH,0,0.49,WATCH,"구토, 식욕 절폐"
CAT,8,2.1,40.0,190,46,True,True,False,False,True,NONE,DECREASED,LOW,5,1.0,DANGER,"고열, 빈맥"
DOG,1,19.4,38.2,89,26,False,False,False,False,False,INCREASED,NORMAL,HIGH,5,0.0,NORMAL,이상 없음(정상)
CAT,3,3.3,40.6,181,37,True,True,False,True,True,DECREASED,DECREASED,NORMAL,0,1.0,DANGER,"고열, 빈맥"
CAT,13,4.9,39.9,198,45,False,False,False,True,True,NONE,DECREASED,LOW,6,1.0,DANGER,"미열, 빈맥"
CAT,6,4.4,39.7,156,29,True,False,True,True,False,NORMAL,DECREASED,LOW,5,0.6,CAUTION,"미열, 구토"
DOG,12,25.2,38.7,98,19,False,True,False,True,False,NORMAL,DECREASED,NORMAL,2,0.49,WATCH,"구토, 피부 징후"
DOG,9,2.7,39.5,145,44,False,True,True,False,False,NORMAL,NORMAL,NORMAL,0,0.58,CAUTION,"미열, 호흡 급증"
DOG,6,10.8,40.2,181,41,False,False,True,False,True,NONE,NORMAL,NORMAL,4,1.0,DANGER,"고열, 빈맥"
CAT,15,3.3,40.2,172,45,True,True,False,True,True,DECREASED,DECREASED,LOW,2,1.0,DANGER,"고열, 빈맥"
CAT,3,3.5,40.4,165,34,True,True,False,True,True,DECREASED,DECREASED,LOW,1,1.0,DANGER,"고열, 빈맥"
CAT,11,6.3,40.2,146,40,False,False,False,False,False,DECREASED,NORMAL,NORMAL,7,0.64,CAUTION,"고열, 호흡 급증"
CAT,13,7.8,40.4,166,35,False,True,False,False,False,DECREASED,DECREASED,LOW,2,0.89,DANGER,"고열, 빈맥"
DOG,14,7.5,39.2,123,47,False,False,True,True,False,NORMAL,INCREASED,LOW,2,0.61,CAUTION,"호흡 급증, 구토"
CAT,8,5.6,40.7,153,68,True,True,False,True,True,NONE,DECREASED,LOW,1,1.0,DANGER,"고열, 호흡 급증"
CAT,5,3.2,39.9,213,57,False,False,False,False,True,DECREASED,NORMAL,LOW,2,0.97,DANGER,"미열, 빈맥"
CAT,9,7.1,39.3,137,39,False,False,False,True,False,DECREASED,DECREASED,NORMAL,0,0.54,CAUTION,"미열, 구토"
CAT,4,6.2,38.5,92,16,False,False,False,False,False,NORMAL,NORMAL,LOW,2,0.06,NORMAL,이상 없음(정상)
DOG,8,21.1,38.9,160,22,False,False,False,False,False,NORMAL,NORMAL,NORMAL,0,0.14,NORMAL,이상 없음(정상)
CAT,14,4.9,38.7,120,10,False,False,False,True,False,NORMAL,NORMAL,HIGH,1,0.06,NORMAL,이상 없음(정상)
CAT,13,6.0,38.6,74,35,True,False,False,False,False,DECREASED,NORMAL,LOW,1,0.19,NORMAL,이상 없음(정상)
DOG,7,27.5,39.5,139,50,True,False,False,True,False,NONE,NORMAL,LOW,7,1.0,DANGER,"미열, 호흡 급증"
DOG,4,14.6,40.4,130,55,True,False,False,True,True,NONE,NORMAL,LOW,3,1.0,DANGER,"고열, 호흡 급증"
DOG,7,21.6,38.6,91,25,False,False,False,True,False,NORMAL,NORMAL,HIGH,4,0.22,NORMAL,이상 없음(정상)
CAT,9,5.0,39.1,179,46,False,True,False,False,True,NORMAL,NORMAL,NORMAL,1,0.68,CAUTION,"빈맥, 호흡 급증"
DOG,7,16.8,38.6,54,29,False,False,False,False,False,NORMAL,DECREASED,NORMAL,0,0.02,NORMAL,이상 없음(정상)
DOG,4,27.1,39.0,119,34,True,True,False,False,False,NORMAL,NORMAL,LOW,5,0.32,WATCH,"피부 징후, 활동량 저하"
DOG,11,24.1,38.3,136,35,False,False,False,False,True,INCREASED,NORMAL,NORMAL,2,0.11,NORMAL,이상 없음(정상)
DOG,10,9.1,39.9,143,51,True,True,False,True,False,DECREASED,DECREASED,LOW,3,0.91,DANGER,"미열, 호흡 급증"
DOG,1,18.8,38.8,82,42,True,False,False,False,False,DECREASED,INCREASED,HIGH,3,0.45,WATCH,"호흡 급증, 피부 징후"
DOG,13,18.5,38.6,87,16,False,False,False,True,False,DECREASED,NORMAL,LOW,4,0.31,WATCH,"구토, 식욕 감소"
DOG,7,20.9,38.9,145,35,False,False,False,False,True,NORMAL,DECREASED,LOW,2,0.35,WATCH,"설사, 활동량 저하"
DOG,7,28.3,38.7,116,30,True,False,False,False,False,DECREASED,DECREASED,NORMAL,2,0.31,WATCH,"피부 징후, 식욕 감소"
DOG,9,2.9,39.4,97,46,False,True,False,False,False,DECREASED,DECREASED,HIGH,0,0.73,CAUTION,"미열, 호흡 급증"
CAT,12,4.9,38.7,157,24,True,False,True,True,True,NORMAL,DECREASED,NORMAL,2,0.42,WATCH,"소화기 이상(구토 및 설사), 피부 징후"
CAT,1,7.2,39.2,144,29,True,False,True,False,False,DECREASED,NORMAL,NORMAL,3,0.33,WATCH,"피부 징후, 식욕 감소"
DOG,7,7.9,39.5,224,49,True,True,False,True,True,NONE,DECREASED,LOW,2,1.0,DANGER,"미열, 빈맥"
CAT,7,4.6,38.1,126,21,False,False,False,False,False,NORMAL,NORMAL,NORMAL,0,0.0,NORMAL,이상 없음(정상)
CAT,3,5.1,38.8,124,45,False,True,False,False,False,DECREASED,INCREASED,NORMAL,3,0.39,WATCH,"호흡 급증, 피부 징후"
CAT,12,7.3,38.4,112,27,False,False,False,False,False,NORMAL,NORMAL,NORMAL,0,0.0,NORMAL,이상 없음(정상)
CAT,6,2.8,38.5,122,30,False,False,False,True,False,DECREASED,NORMAL,HIGH,2,0.33,WATCH,"구토, 식욕 감소"
CAT,9,4.4,39.4,168,33,False,False,False,True,False,NONE,DECREASED,HIGH,3,0.7,CAUTION,"미열, 빈맥"
CAT,12,2.5,40.4,174,65,True,True,False,False,True,DECREASED,NORMAL,LOW,7,1.0,DANGER,"고열, 빈맥"
DOG,11,29.5,38.2,90,25,False,False,False,True,True,DECREASED,INCREASED,LOW,1,0.42,WATCH,"소화기 이상(구토 및 설사), 식욕 감소"
DOG,3,26.8,39.1,136,21,False,False,False,False,True,NORMAL,NORMAL,LOW,0,0.32,WATCH,"설사, 활동량 저하"
CAT,14,5.8,38.7,57,28,True,False,False,False,False,NORMAL,NORMAL,NORMAL,0,0.06,NORMAL,이상 없음(정상)
CAT,4,2.3,37.6,133,18,False,False,False,False,False,INCREASED,NORMAL,NORMAL,1,0.01,NORMAL,이상 없음(정상)
DOG,11,27.9,37.9,129,29,False,False,False,False,True,NORMAL,NORMAL,LOW,0,0.23,NORMAL,이상 없음(정상)
DOG,10,12.3,38.7,84,31,False,False,False,False,False,NORMAL,NORMAL,NORMAL,0,0.06,NORMAL,이상 없음(정상)
DOG,2,29.6,40.3,130,34,True,True,False,False,True,DECREASED,NORMAL,LOW,0,0.91,DANGER,"고열, 설사"
DOG,7,15.5,40.6,180,34,False,True,False,True,True,NONE,DECREASED,LOW,7,1.0,DANGER,"고열, 빈맥"
CAT,8,4.9,39.6,124,46,False,False,False,False,False,DECREASED,NORMAL,LOW,3,0.69,CAUTION,"미열, 호흡 급증"
CAT,2,3.9,38.9,124,34,False,False,False,True,False,DECREASED,DECREASED,NORMAL,2,0.3,WATCH,"구토, 식욕 감소"
DOG,2,2.7,38.6,99,33,False,False,False,False,False,NORMAL,DECREASED,NORMAL,0,0.0,NORMAL,이상 없음(정상)
DOG,1,25.3,38.9,92,45,False,False,False,False,False,NONE,NORMAL,NORMAL,2,0.47,WATCH,"호흡 급증, 식욕 절폐"
DOG,2,22.7,39.6,188,60,False,True,True,True,False,NONE,NORMAL,LOW,6,1.0,DANGER,"미열, 빈맥"
DOG,10,23.0,39.1,154,50,False,True,True,False,False,DECREASED,NORMAL,LOW,2,0.67,CAUTION,"호흡 급증, 피부 징후"
DOG,12,22.8,38.4,128,31,True,False,False,True,False,DECREASED,NORMAL,NORMAL,1,0.36,WATCH,"구토, 피부 징후"
CAT,4,5.3,38.8,149,15,False,False,False,False,True,INCREASED,DECREASED,NORMAL,3,0.22,NORMAL,이상 없음(정상)
DOG,11,27.2,39.7,135,58,False,False,False,False,False,NORMAL,NORMAL,LOW,2,0.66,CAUTION,"미열, 호흡 급증"
CAT,11,2.1,38.6,71,20,False,False,False,False,False,INCREASED,NORMAL,NORMAL,1,0.0,NORMAL,이상 없음(정상)
CAT,8,6.5,38.5,137,16,False,True,False,False,False,NORMAL,NORMAL,NORMAL,0,0.13,NORMAL,이상 없음(정상)
DOG,10,7.6,38.4,90,18,False,False,False,True,False,DECREASED,NORMAL,NORMAL,5,0.27,NORMAL,이상 없음(정상)
CAT,7,2.3,38.3,85,30,False,False,False,True,False,NORMAL,NORMAL,NORMAL,6,0.24,NORMAL,이상 없음(정상)
DOG,1,6.4,37.3,115,24,False,False,False,False,False,NORMAL,NORMAL,LOW,4,0.0,NORMAL,이상 없음(정상)
CAT,2,2.7,39.9,152,57,True,False,True,True,False,NONE,DECREASED,LOW,0,1.0,DANGER,"미열, 호흡 급증"
DOG,12,8.2,39.1,85,17,False,False,False,False,False,DECREASED,NORMAL,NORMAL,6,0.0,NORMAL,이상 없음(정상)
CAT,14,6.0,39.3,178,35,False,False,False,False,False,DECREASED,NORMAL,NORMAL,5,0.47,WATCH,"미열, 빈맥"
CAT,10,6.4,40.6,168,52,True,True,False,True,True,NORMAL,NORMAL,LOW,5,1.0,DANGER,"고열, 빈맥"
DOG,3,4.0,39.1,166,39,True,True,False,False,False,DECREASED,INCREASED,LOW,6,0.51,CAUTION,"빈맥, 피부 징후"
DOG,7,20.4,39.7,120,30,False,True,False,False,False,DECREASED,DECREASED,LOW,6,0.55,CAUTION,"미열, 피부 징후"
DOG,2,5.5,39.9,153,33,True,False,True,False,False,NORMAL,INCREASED,LOW,2,0.42,WATCH,"미열, 피부 징후"
CAT,2,7.6,39.0,165,36,False,True,True,True,False,NORMAL,NORMAL,LOW,0,0.67,CAUTION,"빈맥, 구토"
DOG,6,7.3,39.3,128,42,False,False,False,True,False,DECREASED,DECREASED,NORMAL,7,0.69,CAUTION,"미열, 호흡 급증"
CAT,11,5.0,38.9,109,43,False,False,False,True,False,NORMAL,DECREASED,NORMAL,5,0.43,WATCH,"호흡 급증, 구토"
CAT,15,2.1,39.2,156,42,False,True,True,False,False,DECREASED,DECREASED,LOW,1,0.56,CAUTION,"호흡 급증, 피부 징후"
CAT,3,7.1,39.6,141,40,False,True,False,False,False,DECREASED,NORMAL,NORMAL,3,0.68,CAUTION,"미열, 호흡 급증"
DOG,8,24.1,40.1,152,62,True,False,False,False,True,NONE,DECREASED,LOW,4,1.0,DANGER,"고열, 호흡 급증"
DOG,9,8.9,39.5,152,28,True,False,False,False,False,NORMAL,NORMAL,NORMAL,7,0.37,WATCH,"미열, 피부 징후"
DOG,9,22.0,38.9,124,29,True,False,False,True,False,NORMAL,DECREASED,NORMAL,6,0.41,WATCH,"구토, 피부 징후"
CAT,5,5.9,40.2,169,66,True,True,False,False,True,NONE,DECREASED,LOW,5,1.0,DANGER,"고열, 빈맥"
DOG,1,4.0,40.1,206,53,True,True,True,True,True,DECREASED,NORMAL,NORMAL,2,1.0,DANGER,"고열, 빈맥"
CAT,4,5.5,38.4,106,32,False,True,False,False,True,DECREASED,NORMAL,LOW,5,0.38,WATCH,"설사, 피부 징후"
CAT,3,3.3,37.8,75,27,True,False,False,False,False,NORMAL,NORMAL,NORMAL,1,0.19,NORMAL,이상 없음(정상)
CAT,7,7.1,39.9,210,43,True,True,False,True,True,NONE,NORMAL,LOW,6,1.0,DANGER,"미열, 빈맥"
CAT,12,5.9,39.0,191,28,False,False,False,False,True,NONE,DECREASED,LOW,4,0.68,CAUTION,"빈맥, 설사"
DOG,13,19.9,37.9,110,27,False,False,False,True,False,NORMAL,DECREASED,NORMAL,4,0.31,WATCH,구토
CAT,10,5.6,40.1,114,35,False,False,True,False,False,DECREASED,NORMAL,NORMAL,4,0.73,CAUTION,"고열, 피부 징후"
CAT,10,7.7,39.7,145,22,False,False,True,True,False,DECREASED,DECREASED,NORMAL,6,0.61,CAUTION,"미열, 구토"
DOG,15,27.8,40.9,167,41,True,True,True,False,True,DECREASED,NORMAL,NORMAL,4,1.0,DANGER,"고열, 빈맥"
DOG,2,15.7,39.2,181,39,False,False,True,False,False,DECREASED,DECREASED,LOW,5,0.64,CAUTION,"빈맥, 피부 징후"
CAT,3,6.4,39.7,157,33,True,True,False,False,True,DECREASED,NORMAL,LOW,3,0.67,CAUTION,"미열, 설사"
DOG,3,16.5,39.9,214,36,True,True,False,True,True,NORMAL,DECREASED,LOW,1,1.0,DANGER,"미열, 빈맥"
DOG,7,27.4,39.0,83,26,False,True,False,False,False,NORMAL,NORMAL,NORMAL,0,0.13,NORMAL,이상 없음(정상)
CAT,3,3.2,39.2,68,16,False,True,False,False,False,NORMAL,NORMAL,NORMAL,0,0.19,NORMAL,이상 없음(정상)
DOG,6,26.2,38.5,125,23,False,False,False,False,False,NORMAL,NORMAL,HIGH,0,0.04,NORMAL,이상 없음(정상)
CAT,1,6.1,39.8,142,47,True,False,False,True,False,NONE,DECREASED,LOW,2,1.0,DANGER,"미열, 호흡 급증"
CAT,4,3.9,40.8,154,42,True,True,True,True,False,NORMAL,DECREASED,LOW,2,0.89,DANGER,"고열, 호흡 급증"
CAT,11,4.2,38.6,134,26,False,False,False,False,True,NORMAL,DECREASED,NORMAL,1,0.31,WATCH,설사
DOG,8,18.4,39.3,118,22,False,False,False,False,True,DECREASED,NORMAL,LOW,7,0.67,CAUTION,"미열, 설사"
DOG,11,28.7,40.8,141,42,True,False,False,False,True,NONE,INCREASED,NORMAL,4,1.0,DANGER,"고열, 호흡 급증"
CAT,2,7.8,39.7,155,47,False,False,False,False,True,DECREASED,DECREASED,LOW,6,0.72,CAUTION,"미열, 호흡 급증"
CAT,2,4.6,38.8,119,19,False,False,False,False,False,NORMAL,INCREASED,NORMAL,0,0.0,NORMAL,이상 없음(정상)
CAT,4,2.6,38.6,116,30,False,False,False,False,True,NORMAL,NORMAL,LOW,5,0.33,WATCH,"설사, 활동량 저하"
CAT,3,7.3,39.2,89,27,False,False,False,False,False,NORMAL,NORMAL,NORMAL,0,0.11,NORMAL,이상 없음(정상)
DOG,12,11.2,40.2,195,72,True,True,False,True,True,NONE,NORMAL,LOW,4,1.0,DANGER,"고열, 빈맥"
CAT,13,7.8,37.7,93,29,False,False,False,False,False,NORMAL,NORMAL,HIGH,7,0.0,NORMAL,이상 없음(정상)
CAT,13,5.3,39.2,131,42,False,False,False,True,False,DECREASED,DECREASED,LOW,0,0.72,CAUTION,"호흡 급증, 구토"
DOG,10,29.6,39.5,141,25,False,False,False,True,False,NORMAL,NORMAL,LOW,7,0.53,CAUTION,"미열, 구토"
DOG,4,11.5,39.1,119,12,False,False,True,False,True,DECREASED,NORMAL,NORMAL,5,0.32,WATCH,"설사, 피부 징후"
CAT,7,4.3,38.1,103,45,False,False,False,True,False,NORMAL,DECREASED,HIGH,6,0.38,WATCH,"호흡 급증, 구토"
DOG,3,15.0,40.3,199,37,True,True,False,True,False,DECREASED,NORMAL,LOW,7,1.0,DANGER,"고열, 빈맥"
DOG,9,26.5,39.6,159,24,False,False,False,True,False,NORMAL,DECREASED,LOW,0,0.36,WATCH,"미열, 구토"
DOG,4,19.0,39.7,92,30,True,False,False,False,False,DECREASED,INCREASED,NORMAL,7,0.42,WATCH,"미열, 피부 징후"
CAT,5,3.0,39.4,155,51,False,False,True,False,False,DECREASED,INCREASED,LOW,6,0.73,CAUTION,"미열, 호흡 급증"
DOG,5,8.6,38.5,121,40,False,False,False,False,True,DECREASED,NORMAL,NORMAL,1,0.51,CAUTION,"호흡 급증, 설사"
CAT,3,2.1,40.2,162,52,False,False,True,False,True,NONE,DECREASED,LOW,4,1.0,DANGER,"고열, 빈맥"
DOG,8,8.7,40.7,130,43,True,True,True,True,False,DECREASED,NORMAL,LOW,5,1.0,DANGER,"고열, 호흡 급증"
DOG,6,7.4,39.7,151,35,True,True,True,False,False,NORMAL,NORMAL,LOW,7,0.53,CAUTION,"미열, 피부 징후"
DOG,13,23.9,39.2,90,39,False,True,False,False,True,DECREASED,NORMAL,LOW,4,0.61,CAUTION,"설사, 피부 징후"
DOG,12,24.5,39.1,126,36,False,False,False,False,True,DECREASED,NORMAL,NORMAL,2,0.34,WATCH,"설사, 식욕 감소"
DOG,1,9.5,38.9,69,12,False,False,False,False,False,NORMAL,INCREASED,NORMAL,0,0.05,NORMAL,이상 없음(정상)
DOG,1,23.4,39.8,174,71,False,False,True,True,True,NONE,NORMAL,LOW,2,1.0,DANGER,"미열, 빈맥"
CAT,8,7.5,38.8,101,20,False,False,False,False,False,NORMAL,NORMAL,NORMAL,0,0.0,NORMAL,이상 없음(정상)
DOG,2,29.4,38.1,117,18,False,False,True,False,False,NORMAL,NORMAL,NORMAL,0,0.12,NORMAL,이상 없음(정상)
DOG,1,5.6,38.5,170,20,False,False,False,False,True,NONE,NORMAL,NORMAL,1,0.45,WATCH,"빈맥, 설사"
DOG,1,5.0,40.3,180,44,True,True,True,True,True,NONE,DECREASED,LOW,0,1.0,DANGER,"고열, 빈맥"
DOG,5,14.0,38.5,74,27,False,False,False,False,True,NORMAL,NORMAL,NORMAL,6,0.09,NORMAL,이상 없음(정상)
CAT,1,8.0,39.4,109,34,False,False,False,False,False,NORMAL,NORMAL,LOW,3,0.32,WATCH,"미열, 활동량 저하"
CAT,13,7.5,40.4,135,49,False,True,False,True,True,NORMAL,DECREASED,LOW,1,1.0,DANGER,"고열, 호흡 급증"
DOG,6,18.0,40.6,148,34,True,True,False,True,False,DECREASED,NORMAL,NORMAL,7,0.84,DANGER,"고열, 구토"
CAT,5,4.3,38.6,178,46,False,False,False,False,False,DECREASED,DECREASED,NORMAL,5,0.44,WATCH,"빈맥, 호흡 급증"
CAT,7,3.9,37.9,84,11,False,False,False,False,False,NORMAL,NORMAL,NORMAL,0,0.01,NORMAL,이상 없음(정상)
DOG,2,6.1,39.7,118,12,True,True,False,False,False,DECREASED,NORMAL,NORMAL,1,0.47,WATCH,"미열, 피부 징후"
DOG,7,11.0,39.1,80,27,False,False,False,False,True,NORMAL,NORMAL,NORMAL,7,0.1,NORMAL,이상 없음(정상)
DOG,5,7.3,39.8,109,26,True,True,True,False,False,DECREASED,NORMAL,LOW,7,0.59,CAUTION,"미열, 피부 징후"
DOG,1,14.2,39.8,128,44,True,False,False,False,False,NORMAL,DECREASED,HIGH,5,0.63,CAUTION,"미열, 호흡 급증"
DOG,1,22.0,39.5,116,33,False,False,False,True,False,DECREASED,NORMAL,NORMAL,4,0.38,WATCH,"미열, 구토"
CAT,1,3.1,39.3,159,24,True,False,False,False,True,NORMAL,DECREASED,NORMAL,7,0.49,WATCH,"미열, 설사"
DOG,7,9.0,38.3,105,25,False,False,False,False,False,INCREASED,NORMAL,HIGH,3,0.03,NORMAL,이상 없음(정상)
CAT,11,7.4,38.9,164,36,False,False,False,False,False,NORMAL,NORMAL,LOW,3,0.31,WATCH,"빈맥, 활동량 저하"
DOG,11,29.2,39.9,165,41,True,False,False,False,False,DECREASED,INCREASED,LOW,2,1.0,DANGER,"미열, 빈맥"
CAT,12,3.1,38.5,110,19,False,False,False,False,True,DECREASED,NORMAL,LOW,7,0.31,WATCH,"설사, 식욕 감소"
CAT,14,4.2,39.2,179,50,True,False,False,False,True,NORMAL,NORMAL,LOW,6,0.72,CAUTION,"빈맥, 호흡 급증"
CAT,11,2.4,39.0,140,29,False,False,False,False,True,NONE,NORMAL,LOW,5,0.65,CAUTION,"설사, 식욕 절폐"
DOG,12,25.9,38.0,120,24,False,False,False,False,False,NORMAL,DECREASED,NORMAL,0,0.0,NORMAL,이상 없음(정상)
CAT,2,7.6,37.9,99,27,False,False,False,True,False,NORMAL,NORMAL,NORMAL,5,0.08,NORMAL,이상 없음(정상)
CAT,14,6.3,38.2,135,33,False,True,False,False,False,NORMAL,INCREASED,NORMAL,0,0.18,NORMAL,이상 없음(정상)
CAT,4,3.8,39.5,109,27,False,False,False,True,False,DECREASED,NORMAL,NORMAL,6,0.37,WATCH,"미열, 구토"
CAT,12,2.0,39.6,156,45,True,True,False,True,True,NONE,DECREASED,LOW,3,1.0,DANGER,"미열, 호흡 급증"
CAT,11,7.6,38.2,73,29,False,False,False,False,False,NORMAL,NORMAL,NORMAL,0,0.1,NORMAL,이상 없음(정상)
CAT,2,3.2,39.7,157,26,False,True,False,False,True,DECREASED,DECREASED,NORMAL,5,0.64,CAUTION,"미열, 설사"
DOG,12,23.6,39.6,189,34,True,False,False,False,True,NORMAL,DECREASED,LOW,1,0.67,CAUTION,"미열, 빈맥"
DOG,9,2.8,40.5,205,57,True,False,True,True,True,NONE,DECREASED,LOW,6,1.0,DANGER,"고열, 빈맥"
CAT,9,3.7,40.0,159,51,True,True,False,True,True,DECREASED,INCREASED,LOW,1,1.0,DANGER,"고열, 호흡 급증"
CAT,3,5.7,39.4,118,25,False,False,False,False,False,NORMAL,NORMAL,NORMAL,0,0.18,NORMAL,이상 없음(정상)
DOG,15,7.9,39.5,214,41,False,False,False,True,True,NONE,NORMAL,LOW,4,1.0,DANGER,"미열, 빈맥"
CAT,10,5.4,39.0,97,18,False,False,False,True,False,NORMAL,NORMAL,NORMAL,2,0.27,NORMAL,이상 없음(정상)
DOG,7,6.2,40.6,142,46,True,False,False,False,True,NONE,NORMAL,LOW,1,1.0,DANGER,"고열, 호흡 급증"
DOG,2,8.7,38.1,120,19,False,False,False,False,False,NORMAL,INCREASED,NORMAL,0,0.0,NORMAL,이상 없음(정상)
CAT,6,4.9,38.4,112,33,False,False,False,False,False,NORMAL,NORMAL,NORMAL,0,0.05,NORMAL,이상 없음(정상)
CAT,13,7.2,38.9,99,35,False,False,False,True,True,INCREASED,DECREASED,NORMAL,1,0.32,WATCH,소화기 이상(구토 및 설사)
DOG,14,17.6,38.6,102,36,True,True,False,True,False,DECREASED,NORMAL,NORMAL,0,0.34,WATCH,"구토, 피부 징후"
CAT,12,2.3,41.0,158,46,True,True,False,True,False,NONE,DECREASED,LOW,6,1.0,DANGER,"고열, 호흡 급증"
CAT,13,6.0,39.8,104,40,False,False,False,False,False,INCREASED,DECREASED,NORMAL,6,0.38,WATCH,"미열, 호흡 급증"
DOG,12,3.7,40.0,130,38,True,False,False,False,False,DECREASED,DECREASED,LOW,4,0.74,CAUTION,"고열, 피부 징후"
DOG,6,26.9,38.1,151,24,False,True,False,False,False,DECREASED,NORMAL,LOW,7,0.31,WATCH,"피부 징후, 식욕 감소"
CAT,10,7.8,39.8,115,27,False,False,True,False,False,NORMAL,NORMAL,HIGH,2,0.36,WATCH,"미열, 피부 징후"
DOG,3,16.1,39.3,110,14,False,False,True,False,False,NORMAL,NORMAL,NORMAL,0,0.36,WATCH,"미열, 피부 징후"
DOG,12,20.9,39.4,142,29,False,True,False,False,True,NORMAL,INCREASED,HIGH,0,0.51,CAUTION,"미열, 설사"
CAT,2,3.1,38.8,104,24,False,False,False,True,False,NORMAL,NORMAL,HIGH,1,0.2,NORMAL,이상 없음(정상)
DOG,7,15.6,38.8,97,31,False,False,False,False,False,NORMAL,INCREASED,NORMAL,0,0.0,NORMAL,이상 없음(정상)
DOG,14,3.7,39.0,106,24,True,False,False,False,True,DECREASED,DECREASED,NORMAL,7,0.36,WATCH,"설사, 피부 징후"
CAT,8,2.5,38.9,78,22,True,False,False,False,False,NORMAL,NORMAL,HIGH,0,0.06,NORMAL,이상 없음(정상)
CAT,4,2.6,39.4,132,32,False,False,False,False,True,DECREASED,DECREASED,LOW,3,0.55,CAUTION,"미열, 설사"
DOG,10,17.3,39.4,78,25,False,False,True,False,False,DECREASED,NORMAL,NORMAL,1,0.41,WATCH,"미열, 피부 징후"
CAT,12,3.6,40.2,144,39,False,False,False,False,False,NONE,DECREASED,LOW,1,0.73,CAUTION,"고열, 식욕 절폐"
CAT,4,7.5,39.8,140,24,True,False,False,False,True,DECREASED,NORMAL,LOW,5,0.74,CAUTION,"미열, 설사"
CAT,3,6.4,39.1,129,27,False,False,False,False,False,NORMAL,NORMAL,NORMAL,0,0.04,NORMAL,이상 없음(정상)
DOG,12,20.3,38.2,105,30,False,False,False,False,False,INCREASED,NORMAL,NORMAL,7,0.0,NORMAL,이상 없음(정상)
CAT,4,4.6,40.0,130,38,True,False,False,True,True,DECREASED,DECREASED,LOW,6,1.0,DANGER,"고열, 소화기 이상(구토 및 설사)"
DOG,13,10.7,39.1,97,40,False,False,False,True,False,DECREASED,NORMAL,LOW,3,0.65,CAUTION,"호흡 급증, 구토"
CAT,12,7.9,39.0,90,58,False,False,False,False,True,NONE,NORMAL,NORMAL,6,0.67,CAUTION,"호흡 급증, 설사"
CAT,15,7.6,38.1,91,16,False,False,False,False,False,NORMAL,NORMAL,NORMAL,0,0.06,NORMAL,이상 없음(정상)
DOG,13,16.6,38.8,127,37,False,False,False,True,True,NORMAL,DECREASED,LOW,0,0.45,WATCH,"소화기 이상(구토 및 설사), 활동량 저하"
DOG,11,12.7,40.7,159,61,True,True,True,False,False,DECREASED,DECREASED,LOW,1,1.0,DANGER,"고열, 호흡 급증"
DOG,9,9.7,39.9,121,39,True,True,False,False,True,NORMAL,DECREASED,LOW,7,0.6,CAUTION,"미열, 설사"
DOG,4,8.3,38.9,113,31,False,False,False,False,True,NORMAL,DECREASED,LOW,4,0.31,WATCH,"설사, 활동량 저하"
CAT,13,4.0,39.5,137,34,True,False,False,False,True,DECREASED,NORMAL,NORMAL,1,0.7,CAUTION,"미열, 설사"
CAT,4,2.3,38.2,115,35,False,False,True,False,False,NORMAL,NORMAL,NORMAL,0,0.21,NORMAL,이상 없음(정상)
DOG,15,7.8,39.4,143,26,False,False,False,False,False,DECREASED,DECREASED,NORMAL,2,0.32,WATCH,"미열, 식욕 감소"
DOG,5,26.0,40.3,136,61,False,False,False,False,True,NONE,DECREASED,LOW,2,1.0,DANGER,"고열, 호흡 급증"
CAT,13,6.0,39.4,155,12,False,True,True,False,False,NORMAL,DECREASED,NORMAL,0,0.43,WATCH,"미열, 피부 징후"
DOG,8,17.1,39.5,139,46,True,False,True,True,False,NORMAL,DECREASED,LOW,5,0.78,DANGER,"미열, 호흡 급증"
CAT,4,4.2,38.6,132,16,True,False,False,True,False,NORMAL,NORMAL,LOW,2,0.43,WATCH,"구토, 피부 징후"
CAT,1,6.4,38.8,110,21,False,False,False,False,True,DECREASED,NORMAL,LOW,2,0.34,WATCH,"설사, 식욕 감소"
DOG,1,10.3,38.7,67,21,False,True,False,False,False,NORMAL,NORMAL,NORMAL,0,0.05,NORMAL,이상 없음(정상)
DOG,4,24.6,38.7,115,32,False,True,False,False,False,NONE,DECREASED,NORMAL,3,0.47,WATCH,"피부 징후, 식욕 절폐"
CAT,5,5.3,40.0,160,65,False,False,False,True,True,NONE,NORMAL,LOW,6,1.0,DANGER,"고열, 빈맥"
CAT,1,2.3,38.8,163,43,False,False,False,False,False,DECREASED,DECREASED,LOW,2,0.69,CAUTION,"빈맥, 호흡 급증"
DOG,2,28.9,40.9,168,53,False,True,False,True,True,DECREASED,DECREASED,LOW,7,1.0,DANGER,"고열, 빈맥"
DOG,9,12.1,38.6,129,27,False,False,False,False,False,INCREASED,DECREASED,NORMAL,5,0.0,NORMAL,이상 없음(정상)
DOG,9,5.5,40.3,159,51,False,False,True,True,False,DECREASED,NORMAL,LOW,3,1.0,DANGER,"고열, 호흡 급증"
DOG,9,29.0,39.6,112,55,True,False,False,False,False,DECREASED,DECREASED,NORMAL,2,0.71,CAUTION,"미열, 호흡 급증"
DOG,3,22.5,38.9,147,52,True,False,False,False,True,NORMAL,DECREASED,LOW,1,0.63,CAUTION,"호흡 급증, 설사"
CAT,4,4.7,40.5,149,65,True,True,False,True,True,NORMAL,DECREASED,NORMAL,2,1.0,DANGER,"고열, 호흡 급증"
DOG,8,25.0,40.3,143,39,False,False,False,False,True,DECREASED,DECREASED,NORMAL,5,0.56,CAUTION,"고열, 설사"
CAT,8,3.9,39.2,181,41,False,False,False,True,False,DECREASED,DECREASED,HIGH,5,0.66,CAUTION,"빈맥, 호흡 급증"
CAT,5,7.5,39.6,125,22,False,True,False,False,True,DECREASED,DECREASED,NORMAL,6,0.62,CAUTION,"미열, 설사"
DOG,11,10.2,40.1,150,35,False,False,False,True,False,DECREASED,NORMAL,LOW,3,0.69,CAUTION,"고열, 구토"
DOG,10,20.4,40.3,217,54,False,False,True,True,False,NONE,DECREASED,LOW,1,1.0,DANGER,"고열, 빈맥"
CAT,1,6.5,39.1,90,52,False,False,False,False,False,NONE,DECREASED,LOW,5,0.52,CAUTION,"호흡 급증, 식욕 절폐"
DOG,15,9.7,40.1,193,46,True,False,True,True,False,DECREASED,DECREASED,LOW,2,1.0,DANGER,"고열, 빈맥"
CAT,11,4.0,37.9,116,21,False,True,False,False,False,NORMAL,DECREASED,NORMAL,0,0.16,NORMAL,이상 없음(정상)
DOG,6,2.7,38.6,131,37,True,False,False,False,False,NONE,NORMAL,NORMAL,6,0.41,WATCH,"피부 징후, 식욕 절폐"
DOG,6,17.2,38.9,145,41,True,False,False,False,True,DECREASED,NORMAL,HIGH,0,0.65,CAUTION,"호흡 급증, 설사"
CAT,4,2.6,39.3,115,12,False,False,False,False,False,NORMAL,DECREASED,NORMAL,0,0.36,WATCH,미열
CAT,9,3.0,41.0,157,48,True,False,False,True,True,NONE,DECREASED,LOW,4,1.0,DANGER,"고열, 호흡 급증"
DOG,4,15.1,39.7,142,39,True,True,False,True,True,DECREASED,NORMAL,LOW,6,0.94,DANGER,"미열, 소화기 이상(구토 및 설사)"
DOG,13,20.2,39.6,158,49,False,False,True,False,True,DECREASED,NORMAL,LOW,7,0.8,DANGER,"미열, 호흡 급증"
DOG,8,7.7,38.3,114,22,False,False,False,False,False,NORMAL,NORMAL,NORMAL,0,0.03,NORMAL,이상 없음(정상)
CAT,3,3.9,38.9,123,16,False,False,False,False,True,NORMAL,NORMAL,NORMAL,2,0.1,NORMAL,이상 없음(정상)
CAT,13,6.1,40.4,170,53,True,False,False,True,True,NONE,DECREASED,HIGH,4,1.0,DANGER,"고열, 빈맥"
CAT,9,5.7,38.2,118,28,False,False,False,False,False,NORMAL,NORMAL,NORMAL,0,0.0,NORMAL,이상 없음(정상)
CAT,11,5.6,39.7,101,20,False,False,False,False,False,INCREASED,NORMAL,NORMAL,0,0.27,NORMAL,이상 없음(정상)
CAT,14,6.0,38.6,137,19,False,True,False,False,False,NORMAL,DECREASED,HIGH,7,0.35,WATCH,피부 징후
CAT,5,8.0,38.3,74,22,False,False,False,False,False,NORMAL,NORMAL,NORMAL,0,0.0,NORMAL,이상 없음(정상)
DOG,3,21.4,39.3,132,25,False,False,False,True,False,NORMAL,DECREASED,HIGH,1,0.35,WATCH,"미열, 구토"
DOG,2,4.5,39.2,119,45,False,False,True,False,True,DECREASED,DECREASED,LOW,1,0.72,CAUTION,"호흡 급증, 설사"
DOG,10,24.9,39.1,127,24,False,False,False,True,True,NORMAL,INCREASED,LOW,2,0.47,WATCH,"소화기 이상(구토 및 설사), 활동량 저하"
CAT,11,3.7,40.4,140,36,True,False,False,True,True,DECREASED,DECREASED,LOW,6,1.0,DANGER,"고열, 소화기 이상(구토 및 설사)"
DOG,7,15.5,40.1,178,55,True,False,True,True,False,NONE,INCREASED,LOW,6,1.0,DANGER,"고열, 빈맥"
CAT,9,2.3,39.0,78,28,False,True,False,False,False,NORMAL,INCREASED,NORMAL,0,0.06,NORMAL,이상 없음(정상)
DOG,2,7.7,38.5,118,11,False,False,False,False,False,NORMAL,INCREASED,NORMAL,0,0.0,NORMAL,이상 없음(정상)
DOG,7,28.7,39.9,156,35,True,True,True,False,False,NONE,NORMAL,NORMAL,7,0.63,CAUTION,"미열, 피부 징후"
CAT,8,4.0,38.6,105,27,False,False,False,False,False,NORMAL,NORMAL,NORMAL,0,0.0,NORMAL,이상 없음(정상)
CAT,10,4.8,39.5,158,23,True,True,False,True,False,NORMAL,NORMAL,NORMAL,5,0.65,CAUTION,"미열, 구토"
DOG,8,20.5,40.2,147,55,False,False,False,True,False,NONE,DECREASED,LOW,7,1.0,DANGER,"고열, 호흡 급증"
CAT,9,2.5,40.2,169,38,True,False,False,True,True,NORMAL,NORMAL,NORMAL,4,0.97,DANGER,"고열, 빈맥"
CAT,2,3.4,39.6,136,36,False,True,False,True,True,DECREASED,NORMAL,NORMAL,0,0.66,CAUTION,"미열, 소화기 이상(구토 및 설사)"
CAT,14,2.3,40.1,168,39,False,False,False,True,True,DECREASED,NORMAL,LOW,6,1.0,DANGER,"고열, 빈맥"
DOG,14,5.3,40.0,176,50,False,False,True,True,False,NORMAL,NORMAL,LOW,4,1.0,DANGER,"고열, 빈맥"
CAT,12,5.8,39.0,161,32,False,False,True,False,True,INCREASED,DECREASED,NORMAL,5,0.68,CAUTION,"빈맥, 설사"
DOG,13,5.2,38.4,123,30,False,True,False,False,False,DECREASED,NORMAL,LOW,5,0.41,WATCH,"피부 징후, 식욕 감소"
CAT,10,4.0,38.8,91,32,False,False,False,False,False,NORMAL,NORMAL,NORMAL,0,0.0,NORMAL,이상 없음(정상)
CAT,9,6.9,39.1,151,27,True,False,False,False,True,DECREASED,NORMAL,NORMAL,5,0.48,WATCH,"설사, 피부 징후"
CAT,10,6.9,37.8,118,14,False,False,False,False,False,INCREASED,NORMAL,NORMAL,2,0.0,NORMAL,이상 없음(정상)
DOG,3,4.2,37.9,107,27,False,False,False,False,False,DECREASED,NORMAL,LOW,6,0.2,NORMAL,이상 없음(정상)
DOG,12,29.2,39.0,94,32,False,False,False,False,False,NORMAL,NORMAL,NORMAL,0,0.0,NORMAL,이상 없음(정상)
CAT,14,6.1,40.5,157,35,False,True,False,False,False,DECREASED,NORMAL,LOW,4,0.73,CAUTION,"고열, 피부 징후"
DOG,6,19.1,38.8,76,35,False,False,False,False,False,NORMAL,NORMAL,HIGH,3,0.0,NORMAL,이상 없음(정상)
CAT,7,7.3,38.7,118,21,False,False,False,False,False,NORMAL,INCREASED,NORMAL,0,0.0,NORMAL,이상 없음(정상)
DOG,15,7.1,41.1,177,45,False,True,False,False,True,NONE,DECREASED,LOW,0,1.0,DANGER,"고열, 빈맥"
DOG,14,11.9,39.4,118,34,False,True,True,True,False,NORMAL,INCREASED,NORMAL,6,0.56,CAUTION,"미열, 구토"
CAT,15,3.7,38.8,118,21,False,False,False,True,False,DECREASED,INCREASED,LOW,0,0.4,WATCH,"구토, 식욕 감소"
CAT,8,5.9,40.3,158,44,True,False,True,True,False,NONE,DECREASED,LOW,5,1.0,DANGER,"고열, 호흡 급증"
CAT,3,4.6,39.6,91,21,False,False,False,False,False,DECREASED,DECREASED,LOW,6,0.49,WATCH,"미열, 식욕 감소"
DOG,9,23.6,40.5,157,34,False,True,False,True,True,DECREASED,NORMAL,LOW,1,1.0,DANGER,"고열, 소화기 이상(구토 및 설사)"
CAT,4,2.2,38.7,130,36,True,False,False,False,True,DECREASED,DECREASED,NORMAL,2,0.48,WATCH,"설사, 피부 징후"
CAT,6,6.6,40.0,179,39,True,False,False,True,True,NONE,DECREASED,NORMAL,5,1.0,DANGER,"고열, 빈맥"
CAT,11,7.8,39.2,99,36,False,False,False,False,False,NORMAL,NORMAL,NORMAL,0,0.11,NORMAL,이상 없음(정상)
CAT,8,2.9,38.3,75,17,False,False,False,False,True,INCREASED,NORMAL,NORMAL,5,0.18,NORMAL,이상 없음(정상)
DOG,15,29.8,40.3,155,57,False,False,True,False,True,DECREASED,NORMAL,LOW,1,1.0,DANGER,"고열, 호흡 급증"
DOG,1,18.6,39.6,105,26,True,True,False,False,True,DECREASED,NORMAL,LOW,4,0.61,CAUTION,"미열, 설사"
CAT,7,3.6,39.7,216,40,True,True,False,True,True,NONE,INCREASED,LOW,4,1.0,DANGER,"미열, 빈맥"
DOG,8,12.9,39.5,153,30,False,False,False,True,False,NONE,NORMAL,HIGH,4,0.55,CAUTION,"미열, 구토"
CAT,10,2.8,39.8,122,25,False,False,False,False,False,DECREASED,NORMAL,NORMAL,5,0.33,WATCH,"미열, 식욕 감소"
CAT,7,4.3,37.2,105,26,False,False,False,False,False,INCREASED,NORMAL,NORMAL,6,0.07,NORMAL,이상 없음(정상)
CAT,4,3.7,39.4,108,44,False,False,True,False,False,DECREASED,DECREASED,NORMAL,7,0.67,CAUTION,"미열, 호흡 급증"
CAT,14,7.3,39.2,90,40,True,False,False,False,True,DECREASED,DECREASED,LOW,6,0.68,CAUTION,"호흡 급증, 설사"
DOG,12,25.5,39.7,169,50,True,False,True,True,True,DECREASED,DECREASED,LOW,6,1.0,DANGER,"미열, 빈맥"
CAT,8,7.2,38.7,112,21,True,False,False,False,True,INCREASED,INCREASED,NORMAL,0,0.32,WATCH,"설사, 피부 징후"
DOG,6,18.0,38.8,122,37,True,False,False,False,False,DECREASED,DECREASED,NORMAL,6,0.32,WATCH,"피부 징후, 식욕 감소"
DOG,6,12.6,39.5,126,37,False,True,True,False,False,DECREASED,DECREASED,LOW,2,0.61,CAUTION,"미열, 피부 징후"
CAT,4,4.4,40.4,164,57,True,True,False,True,True,DECREASED,DECREASED,LOW,6,1.0,DANGER,"고열, 빈맥"
DOG,13,21.6,38.1,103,32,False,False,False,False,False,NORMAL,NORMAL,NORMAL,0,0.0,NORMAL,이상 없음(정상)
CAT,9,4.6,38.7,135,46,False,False,False,False,False,DECREASED,NORMAL,LOW,2,0.55,CAUTION,"호흡 급증, 식욕 감소"
CAT,1,7.8,38.1,95,23,False,False,False,False,False,INCREASED,INCREASED,NORMAL,7,0.0,NORMAL,이상 없음(정상)
DOG,4,18.7,38.6,112,23,False,False,False,False,False,NORMAL,NORMAL,NORMAL,0,0.0,NORMAL,이상 없음(정상)
CAT,7,6.4,39.7,123,36,True,False,False,False,False,DECREASED,DECREASED,LOW,6,0.68,CAUTION,"미열, 피부 징후"
DOG,8,27.7,40.4,134,40,False,True,False,False,True,DECREASED,DECREASED,LOW,0,1.0,DANGER,"고열, 호흡 급증"
DOG,1,4.7,39.0,85,31,False,False,False,True,True,NORMAL,NORMAL,NORMAL,1,0.27,NORMAL,이상 없음(정상)
CAT,2,4.0,38.4,150,21,False,True,True,False,False,INCREASED,NORMAL,NORMAL,6,0.0,NORMAL,이상 없음(정상)
CAT,4,4.8,38.7,93,10,False,False,False,False,False,NORMAL,NORMAL,HIGH,0,0.0,NORMAL,이상 없음(정상)
DOG,2,21.2,39.8,145,42,False,False,False,False,False,DECREASED,NORMAL,LOW,4,0.67,CAUTION,"미열, 호흡 급증"
DOG,7,13.6,38.9,100,26,False,False,False,False,False,NORMAL,NORMAL,NORMAL,0,0.13,NORMAL,이상 없음(정상)
CAT,10,5.6,39.0,115,27,True,False,False,False,False,NONE,INCREASED,LOW,5,0.65,CAUTION,"피부 징후, 식욕 절폐"
CAT,8,7.4,39.2,99,24,True,True,False,False,False,NORMAL,DECREASED,NORMAL,7,0.21,NORMAL,이상 없음(정상)
DOG,14,8.8,39.1,140,41,False,False,False,False,False,DECREASED,NORMAL,LOW,5,0.33,WATCH,"호흡 급증, 식욕 감소"
CAT,6,3.1,39.1,73,42,False,False,False,False,True,NORMAL,NORMAL,LOW,4,0.47,WATCH,"호흡 급증, 설사"
DOG,8,23.5,40.6,159,47,False,True,False,True,True,NONE,DECREASED,LOW,6,1.0,DANGER,"고열, 호흡 급증"
CAT,1,6.9,39.2,140,43,False,False,False,True,False,NORMAL,NORMAL,NORMAL,1,0.4,WATCH,"호흡 급증, 구토"
CAT,5,6.3,38.0,144,22,False,False,False,False,False,NORMAL,NORMAL,NORMAL,0,0.02,NORMAL,이상 없음(정상)
DOG,10,22.5,39.3,102,16,False,True,False,False,False,DECREASED,INCREASED,NORMAL,4,0.34,WATCH,"미열, 피부 징후"
CAT,9,6.6,39.9,204,50,False,True,False,True,True,NONE,NORMAL,LOW,2,1.0,DANGER,"미열, 빈맥"
CAT,2,5.2,38.9,88,27,False,False,False,False,False,NORMAL,DECREASED,NORMAL,0,0.0,NORMAL,이상 없음(정상)
CAT,3,4.6,39.4,137,25,False,False,False,False,True,NORMAL,NORMAL,NORMAL,0,0.48,WATCH,"미열, 설사"
DOG,11,28.4,40.6,168,62,False,False,False,True,False,DECREASED,DECREASED,LOW,5,1.0,DANGER,"고열, 빈맥"
CAT,8,2.4,40.3,146,50,True,False,True,True,True,NORMAL,DECREASED,LOW,6,1.0,DANGER,"고열, 호흡 급증"
DOG,7,5.5,39.1,139,37,False,False,False,False,False,DECREASED,DECREASED,LOW,7,0.32,WATCH,"식욕 감소, 활동량 저하"
CAT,5,6.1,39.0,164,26,False,False,False,False,False,NORMAL,INCREASED,LOW,3,0.32,WATCH,"빈맥, 활동량 저하"
DOG,1,10.7,39.1,103,12,False,True,False,False,True,NORMAL,NORMAL,LOW,7,0.42,WATCH,"설사, 피부 징후"
DOG,11,8.1,38.3,76,16,False,True,False,True,False,DECREASED,DECREASED,NORMAL,6,0.45,WATCH,"구토, 피부 징후"
DOG,10,26.2,38.7,140,40,False,True,False,False,False,DECREASED,DECREASED,NORMAL,3,0.45,WATCH,"호흡 급증, 피부 징후"
CAT,11,3.9,39.5,132,28,False,False,False,False,True,NORMAL,NORMAL,NORMAL,6,0.32,WATCH,"미열, 설사"
CAT,2,5.0,38.5,97,21,False,False,False,True,False,DECREASED,NORMAL,NORMAL,2,0.34,WATCH,"구토, 식욕 감소"
CAT,10,7.8,39.8,140,52,True,True,True,False,True,DECREASED,DECREASED,LOW,0,0.91,DANGER,"미열, 호흡 급증"
CAT,12,7.8,38.5,78,16,True,False,False,False,True,NORMAL,DECREASED,LOW,6,0.36,WATCH,"설사, 피부 징후"
CAT,13,3.2,38.6,101,16,False,False,False,False,False,NORMAL,NORMAL,NORMAL,0,0.1,NORMAL,이상 없음(정상)
DOG,11,5.0,40.9,160,49,True,True,False,False,True,NONE,NORMAL,LOW,2,1.0,DANGER,"고열, 빈맥"
DOG,6,7.9,39.0,175,28,False,False,False,True,True,NORMAL,INCREASED,NORMAL,7,0.47,WATCH,"빈맥, 소화기 이상(구토 및 설사)"
DOG,12,7.1,40.1,172,49,True,True,True,True,True,NONE,DECREASED,LOW,6,1.0,DANGER,"고열, 빈맥"
DOG,7,5.9,38.9,151,34,False,True,False,True,True,NORMAL,DECREASED,NORMAL,0,0.46,WATCH,"소화기 이상(구토 및 설사), 피부 징후"
CAT,15,2.7,39.5,192,22,True,True,False,False,True,NORMAL,NORMAL,NORMAL,1,0.67,CAUTION,"미열, 빈맥"
DOG,6,17.4,39.1,142,46,False,False,False,False,True,DECREASED,NORMAL,LOW,2,0.62,CAUTION,"호흡 급증, 설사"
CAT,1,3.0,40.3,230,49,False,False,False,True,True,NONE,DECREASED,LOW,5,1.0,DANGER,"고열, 빈맥"
CAT,11,2.7,39.4,124,39,False,True,False,True,False,DECREASED,DECREASED,LOW,3,0.66,CAUTION,"미열, 구토"
DOG,11,7.8,38.3,106,23,False,False,False,False,False,NORMAL,DECREASED,NORMAL,0,0.0,NORMAL,이상 없음(정상)
CAT,1,6.0,38.7,145,23,False,False,False,False,False,NORMAL,NORMAL,NORMAL,0,0.0,NORMAL,이상 없음(정상)
DOG,6,15.0,39.4,178,26,False,False,False,False,False,NORMAL,NORMAL,HIGH,2,0.48,WATCH,"미열, 빈맥"
CAT,2,3.3,39.6,120,27,True,False,False,False,False,NORMAL,INCREASED,NORMAL,4,0.4,WATCH,"미열, 피부 징후"
CAT,9,5.7,39.8,192,31,False,True,True,False,False,NORMAL,NORMAL,LOW,6,0.68,CAUTION,"미열, 빈맥"
DOG,8,8.5,39.2,127,37,False,False,False,False,True,DECREASED,INCREASED,NORMAL,1,0.35,WATCH,"설사, 식욕 감소"
CAT,3,4.9,38.2,118,21,False,False,False,False,False,NORMAL,NORMAL,NORMAL,0,0.1,NORMAL,이상 없음(정상)
DOG,8,7.1,38.6,134,31,False,False,False,False,False,INCREASED,NORMAL,NORMAL,5,0.0,NORMAL,이상 없음(정상)
CAT,14,3.5,38.8,101,32,False,False,False,False,False,NORMAL,NORMAL,HIGH,7,0.0,NORMAL,이상 없음(정상)
DOG,14,20.2,39.0,180,26,False,False,False,True,True,NORMAL,DECREASED,LOW,3,0.63,CAUTION,"빈맥, 소화기 이상(구토 및 설사)"
DOG,13,3.1,38.4,112,30,True,False,False,False,True,NORMAL,NORMAL,NORMAL,0,0.23,NORMAL,이상 없음(정상)
CAT,1,3.1,37.8,95,24,False,False,False,True,False,INCREASED,NORMAL,NORMAL,4,0.21,NORMAL,이상 없음(정상)
DOG,14,4.1,38.6,156,34,False,True,False,False,False,DECREASED,NORMAL,LOW,2,0.41,WATCH,"피부 징후, 식욕 감소"
CAT,9,5.8,39.1,141,32,False,False,False,True,False,DECREASED,INCREASED,LOW,2,0.4,WATCH,"구토, 식욕 감소"
DOG,2,25.6,40.4,216,43,False,False,True,False,True,DECREASED,DECREASED,LOW,7,1.0,DANGER,"고열, 빈맥"
DOG,7,12.5,38.6,86,26,False,False,False,False,False,NORMAL,NORMAL,NORMAL,0,0.1,NORMAL,이상 없음(정상)
CAT,7,2.1,38.4,92,10,False,False,False,False,False,NORMAL,NORMAL,NORMAL,0,0.16,NORMAL,이상 없음(정상)
DOG,8,17.6,39.0,125,29,False,False,False,True,True,NORMAL,NORMAL,NORMAL,0,0.36,WATCH,소화기 이상(구토 및 설사)
CAT,7,7.6,38.4,124,36,True,False,False,True,False,NORMAL,INCREASED,NORMAL,6,0.32,WATCH,"구토, 피부 징후"
DOG,1,10.3,41.2,150,34,True,True,False,True,True,DECREASED,DECREASED,NORMAL,5,0.85,DANGER,"고열, 소화기 이상(구토 및 설사)"
CAT,1,5.6,39.1,116,22,True,False,True,False,True,NORMAL,NORMAL,NORMAL,4,0.37,WATCH,"설사, 피부 징후"
CAT,9,4.0,40.8,148,50,False,False,False,True,False,NONE,DECREASED,NORMAL,0,1.0,DANGER,"고열, 호흡 급증"
CAT,13,3.2,38.9,98,41,True,False,True,False,False,NORMAL,DECREASED,NORMAL,4,0.37,WATCH,"호흡 급증, 피부 징후"
DOG,3,8.8,40.0,158,41,True,True,False,True,False,DECREASED,NORMAL,LOW,4,1.0,DANGER,"고열, 호흡 급증"
CAT,7,3.1,39.5,125,30,False,False,False,True,False,DECREASED,NORMAL,NORMAL,3,0.54,CAUTION,"미열, 구토"
CAT,7,6.7,39.9,140,50,False,True,False,True,True,NONE,DECREASED,LOW,2,1.0,DANGER,"미열, 호흡 급증"
CAT,3,2.7,38.9,116,19,False,False,False,True,False,NORMAL,NORMAL,HIGH,5,0.27,NORMAL,이상 없음(정상)
CAT,2,4.5,38.9,124,37,True,True,False,True,False,NORMAL,NORMAL,NORMAL,4,0.48,WATCH,"구토, 피부 징후"
CAT,9,5.4,38.6,173,33,False,True,False,False,False,INCREASED,DECREASED,LOW,7,0.42,WATCH,"빈맥, 피부 징후"
DOG,5,16.8,38.9,136,52,True,False,False,False,True,DECREASED,DECREASED,LOW,1,0.74,CAUTION,"호흡 급증, 설사"
CAT,9,7.3,39.8,114,35,True,True,True,True,True,DECREASED,DECREASED,NORMAL,7,0.69,CAUTION,"미열, 소화기 이상(구토 및 설사)"
CAT,13,4.8,39.0,91,12,True,True,True,False,True,DECREASED,DECREASED,NORMAL,1,0.4,WATCH,"설사, 피부 징후"
DOG,5,17.2,39.0,104,19,False,False,False,False,False,NORMAL,NORMAL,HIGH,7,0.0,NORMAL,이상 없음(정상)
CAT,14,5.6,39.4,166,23,False,True,False,True,False,NORMAL,NORMAL,NORMAL,6,0.7,CAUTION,"미열, 빈맥"
CAT,8,7.4,39.4,123,29,False,True,False,False,False,DECREASED,DECREASED,LOW,3,0.58,CAUTION,"미열, 피부 징후"
DOG,3,21.8,39.0,130,29,False,True,False,False,True,NORMAL,NORMAL,NORMAL,1,0.3,WATCH,"설사, 피부 징후"
DOG,11,28.0,39.9,220,49,False,True,True,True,False,DECREASED,NORMAL,LOW,7,1.0,DANGER,"미열, 빈맥"
DOG,1,12.5,40.4,130,40,False,True,True,True,True,NONE,DECREASED,LOW,7,1.0,DANGER,"고열, 호흡 급증"
CAT,4,8.0,39.5,195,46,True,True,False,True,True,DECREASED,DECREASED,LOW,1,1.0,DANGER,"미열, 빈맥"
CAT,2,5.2,37.9,102,26,False,False,False,False,False,DECREASED,NORMAL,HIGH,4,0.04,NORMAL,이상 없음(정상)
CAT,13,2.0,39.2,128,35,True,False,False,True,False,NORMAL,INCREASED,NORMAL,0,0.31,WATCH,"구토, 피부 징후"
DOG,12,15.4,39.1,118,28,False,False,False,False,False,NORMAL,NORMAL,LOW,4,0.09,NORMAL,이상 없음(정상)
DOG,12,8.7,38.5,103,30,False,False,False,False,False,NORMAL,NORMAL,NORMAL,0,0.04,NORMAL,이상 없음(정상)
DOG,9,13.3,39.1,157,29,False,False,True,True,True,DECREASED,DECREASED,NORMAL,3,0.65,CAUTION,"소화기 이상(구토 및 설사), 피부 징후"
CAT,5,4.5,39.3,115,35,False,False,False,False,True,DECREASED,DECREASED,NORMAL,7,0.53,CAUTION,"미열, 설사"
DOG,11,27.1,38.0,97,15,False,False,False,True,False,NORMAL,INCREASED,NORMAL,3,0.28,NORMAL,이상 없음(정상)
DOG,3,4.5,39.7,111,24,False,True,False,False,False,NORMAL,NORMAL,NORMAL,0,0.37,WATCH,"미열, 피부 징후"
CAT,8,7.2,40.3,195,67,True,True,False,False,True,NONE,DECREASED,NORMAL,4,1.0,DANGER,"고열, 빈맥"
CAT,6,3.3,40.6,156,46,False,True,False,False,False,DECREASED,DECREASED,LOW,7,1.0,DANGER,"고열, 호흡 급증"
DOG,9,16.1,38.7,116,22,False,False,False,True,False,NORMAL,NORMAL,NORMAL,7,0.35,WATCH,구토
DOG,7,24.0,39.4,115,30,False,False,True,False,True,NORMAL,NORMAL,HIGH,6,0.43,WATCH,"미열, 설사"
DOG,15,21.3,39.2,83,18,False,True,False,False,False,NORMAL,NORMAL,NORMAL,0,0.07,NORMAL,이상 없음(정상)
DOG,10,10.0,40.7,225,50,False,True,True,False,True,NONE,DECREASED,LOW,0,1.0,DANGER,"고열, 빈맥"
CAT,14,2.7,39.9,203,43,False,False,True,True,True,NONE,INCREASED,LOW,7,1.0,DANGER,"미열, 빈맥"
DOG,13,17.5,38.9,77,16,False,False,False,False,False,NORMAL,NORMAL,NORMAL,0,0.0,NORMAL,이상 없음(정상)
DOG,10,29.2,39.7,207,43,False,False,False,True,False,DECREASED,DECREASED,LOW,3,1.0,DANGER,"미열, 빈맥"
DOG,8,11.6,38.5,163,17,True,False,True,False,False,DECREASED,DECREASED,HIGH,5,0.36,WATCH,"빈맥, 피부 징후"
CAT,3,6.3,40.4,156,43,False,True,False,False,True,DECREASED,NORMAL,LOW,3,1.0,DANGER,"고열, 호흡 급증"
CAT,1,2.6,39.8,157,53,True,True,True,True,True,NONE,DECREASED,LOW,5,1.0,DANGER,"미열, 호흡 급증"
DOG,12,15.2,40.8,138,59,True,True,False,True,True,NONE,DECREASED,LOW,0,1.0,DANGER,"고열, 호흡 급증"
DOG,7,5.0,38.6,88,10,False,False,False,False,False,NORMAL,NORMAL,NORMAL,0,0.1,NORMAL,이상 없음(정상)
CAT,5,2.2,39.6,138,16,False,False,True,False,True,NORMAL,NORMAL,NORMAL,1,0.36,WATCH,"미열, 설사"
DOG,7,21.2,40.2,209,34,True,True,True,True,True,NONE,DECREASED,NORMAL,7,1.0,DANGER,"고열, 빈맥"
CAT,8,7.0,40.2,172,34,True,False,True,True,False,NONE,DECREASED,LOW,6,1.0,DANGER,"고열, 빈맥"
DOG,4,5.4,39.8,144,40,False,False,True,False,False,NORMAL,NORMAL,LOW,7,0.64,CAUTION,"미열, 호흡 급증"
CAT,9,5.7,38.5,158,53,False,True,False,True,False,NORMAL,DECREASED,LOW,1,0.63,CAUTION,"호흡 급증, 구토"
CAT,5,3.8,38.9,121,33,False,False,False,True,False,DECREASED,NORMAL,LOW,5,0.53,CAUTION,"구토, 식욕 감소"
CAT,2,2.2,39.2,83,29,False,False,False,True,True,NORMAL,NORMAL,LOW,0,0.48,WATCH,"소화기 이상(구토 및 설사), 활동량 저하"
CAT,2,4.9,39.5,151,22,False,False,False,True,False,NONE,NORMAL,LOW,6,0.67,CAUTION,"미열, 구토"
DOG,10,6.1,38.8,90,36,False,False,True,True,True,DECREASED,NORMAL,NORMAL,6,0.56,CAUTION,"소화기 이상(구토 및 설사), 피부 징후"
DOG,11,18.0,37.7,128,26,False,False,False,False,False,NORMAL,NORMAL,NORMAL,0,0.0,NORMAL,이상 없음(정상)
CAT,3,7.5,38.0,157,19,False,True,False,False,False,NORMAL,NORMAL,NORMAL,0,0.18,NORMAL,이상 없음(정상)
DOG,15,29.5,40.0,165,49,True,False,False,False,True,INCREASED,DECREASED,LOW,5,1.0,DANGER,"고열, 빈맥"
DOG,11,15.6,39.2,108,12,True,True,False,False,True,NORMAL,NORMAL,LOW,0,0.49,WATCH,"설사, 피부 징후"
DOG,13,22.0,39.6,120,26,False,True,False,False,False,NORMAL,NORMAL,NORMAL,0,0.32,WATCH,"미열, 피부 징후"
CAT,12,5.2,40.5,156,36,True,True,False,True,True,NONE,DECREASED,LOW,4,1.0,DANGER,"고열, 소화기 이상(구토 및 설사)"
CAT,15,4.3,38.7,91,30,False,False,False,False,False,NORMAL,NORMAL,NORMAL,0,0.0,NORMAL,이상 없음(정상)
CAT,11,4.4,39.0,118,34,True,False,False,False,False,NONE,DECREASED,NORMAL,7,0.44,WATCH,"피부 징후, 식욕 절폐"
CAT,1,5.6,38.7,133,13,False,False,False,False,False,NORMAL,NORMAL,NORMAL,0,0.12,NORMAL,이상 없음(정상)
CAT,6,4.3,38.5,102,23,False,False,False,False,False,NORMAL,NORMAL,NORMAL,0,0.0,NORMAL,이상 없음(정상)
CAT,6,6.5,39.6,134,46,True,False,True,False,False,DECREASED,DECREASED,LOW,2,0.72,CAUTION,"미열, 호흡 급증"
CAT,6,3.9,39.0,145,43,True,False,False,False,False,NORMAL,NORMAL,NORMAL,0,0.54,CAUTION,"호흡 급증, 피부 징후"
DOG,8,16.5,40.6,203,41,False,True,False,True,True,DECREASED,INCREASED,LOW,2,1.0,DANGER,"고열, 빈맥"
DOG,11,15.3,38.6,93,24,False,False,False,False,False,NORMAL,NORMAL,NORMAL,0,0.08,NORMAL,이상 없음(정상)
CAT,10,5.3,39.1,119,25,False,False,True,True,False,NORMAL,NORMAL,NORMAL,2,0.45,WATCH,"구토, 피부 징후"
CAT,15,7.7,39.0,138,24,False,False,False,True,False,NORMAL,DECREASED,NORMAL,5,0.34,WATCH,구토
CAT,14,6.1,39.2,134,31,False,True,False,True,False,DECREASED,DECREASED,LOW,6,0.67,CAUTION,"구토, 피부 징후"
CAT,15,3.1,39.1,117,39,True,False,False,False,True,NORMAL,NORMAL,LOW,6,0.42,WATCH,"설사, 피부 징후"
DOG,6,9.0,38.8,109,23,False,False,True,True,False,NORMAL,NORMAL,LOW,7,0.37,WATCH,"구토, 피부 징후"
CAT,9,7.8,40.1,197,48,False,True,False,False,True,DECREASED,DECREASED,LOW,5,1.0,DANGER,"고열, 빈맥"
DOG,5,21.2,39.8,139,30,True,True,True,False,True,DECREASED,NORMAL,HIGH,2,0.65,CAUTION,"미열, 설사"
DOG,10,19.5,40.9,166,43,True,True,False,True,True,NONE,DECREASED,LOW,3,1.0,DANGER,"고열, 빈맥"
CAT,4,6.9,39.7,184,59,True,True,False,False,True,DECREASED,DECREASED,NORMAL,1,0.85,DANGER,"미열, 빈맥"
CAT,11,5.9,37.9,95,30,False,False,True,False,False,NORMAL,NORMAL,NORMAL,0,0.23,NORMAL,이상 없음(정상)
CAT,12,7.3,39.5,136,43,True,False,True,True,False,NONE,NORMAL,NORMAL,1,1.0,DANGER,"미열, 호흡 급증"
CAT,6,3.9,40.7,130,39,True,False,False,True,True,DECREASED,NORMAL,LOW,1,1.0,DANGER,"고열, 소화기 이상(구토 및 설사)"
DOG,15,6.2,39.5,93,31,False,False,True,False,False,NORMAL,NORMAL,NORMAL,0,0.4,WATCH,"미열, 피부 징후"
DOG,5,18.0,39.9,152,23,False,False,True,False,False,INCREASED,INCREASED,LOW,6,0.45,WATCH,"미열, 피부 징후"
CAT,9,4.0,38.6,102,25,False,False,True,False,False,NORMAL,NORMAL,LOW,1,0.26,NORMAL,이상 없음(정상)
DOG,8,13.6,39.2,166,34,False,False,False,True,False,NORMAL,NORMAL,NORMAL,4,0.46,WATCH,"빈맥, 구토"
DOG,15,17.0,38.6,104,32,False,False,False,True,False,NORMAL,NORMAL,LOW,4,0.42,WATCH,"구토, 활동량 저하"
CAT,5,2.6,37.6,81,34,False,False,False,False,False,NORMAL,NORMAL,HIGH,6,0.15,NORMAL,이상 없음(정상)
DOG,1,21.7,37.2,127,25,False,False,False,False,False,NORMAL,NORMAL,NORMAL,0,0.0,NORMAL,이상 없음(정상)
CAT,6,7.0,38.9,134,46,True,True,False,False,True,NORMAL,INCREASED,NORMAL,5,0.38,WATCH,"호흡 급증, 설사"
CAT,2,6.3,38.3,83,27,False,False,False,False,False,NORMAL,DECREASED,NORMAL,0,0.0,NORMAL,이상 없음(정상)
DOG,3,4.2,40.2,69,18,False,False,False,False,False,NORMAL,NORMAL,LOW,5,0.43,WATCH,"고열, 활동량 저하"
CAT,6,5.2,40.6,131,55,True,False,False,False,False,DECREASED,DECREASED,HIGH,3,0.85,DANGER,"고열, 호흡 급증"
DOG,6,29.3,39.0,107,32,True,False,False,True,False,NORMAL,NORMAL,NORMAL,0,0.33,WATCH,"구토, 피부 징후"
CAT,8,3.1,38.4,143,20,False,True,True,False,True,NORMAL,NORMAL,NORMAL,4,0.31,WATCH,"설사, 피부 징후"
CAT,2,3.6,39.5,156,22,True,False,False,False,True,NORMAL,DECREASED,LOW,5,0.74,CAUTION,"미열, 설사"
DOG,4,7.7,38.5,119,25,False,True,True,True,False,NORMAL,NORMAL,NORMAL,7,0.3,WATCH,"구토, 피부 징후"
CAT,5,6.7,39.0,160,37,False,False,True,False,False,DECREASED,DECREASED,LOW,5,0.46,WATCH,"빈맥, 피부 징후"
DOG,8,6.4,38.2,75,35,False,False,False,False,False,INCREASED,NORMAL,NORMAL,3,0.08,NORMAL,이상 없음(정상)
DOG,3,29.3,39.2,128,38,False,True,False,True,True,DECREASED,NORMAL,LOW,7,0.68,CAUTION,"소화기 이상(구토 및 설사), 피부 징후"
CAT,7,3.3,39.1,123,32,False,True,False,True,False,NORMAL,INCREASED,NORMAL,5,0.48,WATCH,"구토, 피부 징후"
CAT,9,5.4,39.9,156,42,True,True,False,False,True,NONE,DECREASED,LOW,2,0.99,DANGER,"미열, 호흡 급증"
CAT,1,3.9,38.3,136,16,False,False,False,False,False,NORMAL,NORMAL,NORMAL,0,0.17,NORMAL,이상 없음(정상)
DOG,7,3.9,38.6,99,24,False,False,False,False,False,INCREASED,NORMAL,NORMAL,1,0.0,NORMAL,이상 없음(정상)
DOG,4,5.7,38.5,105,28,False,True,False,False,False,NORMAL,NORMAL,NORMAL,0,0.17,NORMAL,이상 없음(정상)
DOG,6,24.3,37.9,89,21,False,False,False,False,False,NORMAL,NORMAL,LOW,2,0.09,NORMAL,이상 없음(정상)
DOG,6,29.9,39.6,131,36,False,False,False,False,True,NORMAL,INCREASED,NORMAL,3,0.44,WATCH,"미열, 설사"
DOG,13,15.5,40.3,148,55,True,True,True,True,True,DECREASED,DECREASED,LOW,2,1.0,DANGER,"고열, 호흡 급증"
CAT,14,5.9,39.1,120,17,True,False,False,False,False,NORMAL,NORMAL,NORMAL,2,0.2,NORMAL,이상 없음(정상)
DOG,13,10.9,40.5,156,58,False,True,True,True,False,NONE,DECREASED,LOW,7,1.0,DANGER,"고열, 호흡 급증"
DOG,10,4.1,39.1,94,28,False,False,False,False,False,NORMAL,NORMAL,NORMAL,0,0.0,NORMAL,이상 없음(정상)
DOG,1,12.3,38.9,172,33,False,False,False,True,False,DECREASED,NORMAL,LOW,6,0.67,CAUTION,"빈맥, 구토"
DOG,10,12.5,38.8,115,32,False,False,False,False,False,NORMAL,NORMAL,NORMAL,0,0.0,NORMAL,이상 없음(정상)
DOG,10,22.0,38.7,121,27,False,False,False,True,False,DECREASED,NORMAL,LOW,4,0.47,WATCH,"구토, 식욕 감소"
DOG,5,21.1,40.3,166,53,True,True,False,True,True,DECREASED,NORMAL,NORMAL,0,1.0,DANGER,"고열, 빈맥"
DOG,3,10.3,39.5,145,64,False,False,False,False,True,NONE,DECREASED,NORMAL,7,0.75,DANGER,"미열, 호흡 급증"
CAT,5,5.0,38.9,112,45,False,False,False,False,True,NONE,NORMAL,NORMAL,6,0.43,WATCH,"호흡 급증, 설사"
CAT,7,2.3,38.6,98,42,False,False,False,False,False,NORMAL,NORMAL,NORMAL,0,0.28,NORMAL,이상 없음(정상)
CAT,9,7.6,38.5,154,29,False,True,False,True,False,NORMAL,INCREASED,LOW,5,0.43,WATCH,"구토, 피부 징후"
CAT,11,4.7,38.8,134,24,False,False,False,False,False,NORMAL,NORMAL,NORMAL,0,0.0,NORMAL,이상 없음(정상)
DOG,14,26.0,39.7,124,21,False,False,False,False,False,NORMAL,INCREASED,NORMAL,0,0.3,WATCH,미열
DOG,4,15.9,38.2,147,24,False,False,False,False,False,NORMAL,NORMAL,HIGH,7,0.04,NORMAL,이상 없음(정상)
DOG,11,17.3,39.2,161,46,False,False,False,False,False,DECREASED,NORMAL,NORMAL,3,0.55,CAUTION,"빈맥, 호흡 급증"
CAT,9,2.3,37.8,83,32,False,False,False,False,False,DECREASED,INCREASED,NORMAL,3,0.05,NORMAL,이상 없음(정상)
CAT,4,7.8,38.8,123,25,False,False,False,False,False,NORMAL,NORMAL,NORMAL,0,0.0,NORMAL,이상 없음(정상)
CAT,6,6.6,40.8,197,41,True,True,True,True,False,DECREASED,NORMAL,LOW,6,1.0,DANGER,"고열, 빈맥"
DOG,5,16.9,39.9,111,44,False,False,False,False,True,NORMAL,NORMAL,LOW,2,0.58,CAUTION,"미열, 호흡 급증"
DOG,1,3.4,38.7,103,36,False,False,True,False,False,INCREASED,NORMAL,NORMAL,2,0.16,NORMAL,이상 없음(정상)
DOG,14,6.9,38.0,103,12,False,False,False,True,False,NORMAL,INCREASED,NORMAL,0,0.23,NORMAL,이상 없음(정상)
CAT,3,3.2,39.2,88,25,False,False,False,False,False,INCREASED,NORMAL,NORMAL,0,0.04,NORMAL,이상 없음(정상)
CAT,10,3.5,38.7,76,21,False,False,False,False,False,NORMAL,NORMAL,NORMAL,0,0.0,NORMAL,이상 없음(정상)
CAT,4,3.2,38.6,128,28,False,False,False,False,False,DECREASED,NORMAL,NORMAL,7,0.15,NORMAL,이상 없음(정상)
DOG,2,12.1,39.8,118,31,False,True,False,True,False,DECREASED,NORMAL,NORMAL,4,0.42,WATCH,"미열, 구토"
CAT,15,6.7,38.9,146,39,False,False,False,True,True,INCREASED,NORMAL,NORMAL,5,0.36,WATCH,소화기 이상(구토 및 설사)
DOG,14,25.9,38.4,117,46,False,False,False,False,False,NORMAL,NORMAL,LOW,6,0.33,WATCH,"호흡 급증, 활동량 저하"
CAT,6,6.0,39.5,152,42,True,True,False,True,True,NONE,NORMAL,LOW,3,1.0,DANGER,"미열, 호흡 급증"
DOG,9,8.2,40.6,137,44,True,False,False,True,False,DECREASED,DECREASED,LOW,2,1.0,DANGER,"고열, 호흡 급증"
CAT,3,8.0,38.7,108,34,False,False,False,False,False,NORMAL,NORMAL,HIGH,0,0.02,NORMAL,이상 없음(정상)
DOG,2,25.4,39.2,116,35,False,True,True,True,True,NORMAL,NORMAL,NORMAL,5,0.48,WATCH,"소화기 이상(구토 및 설사), 피부 징후"
DOG,14,4.6,39.9,139,32,True,True,True,True,False,DECREASED,DECREASED,LOW,4,0.63,CAUTION,"미열, 구토"
CAT,11,5.1,40.1,160,51,False,True,False,False,False,DECREASED,DECREASED,LOW,5,1.0,DANGER,"고열, 빈맥"
CAT,11,6.6,40.2,133,55,False,False,False,False,True,NONE,DECREASED,LOW,4,1.0,DANGER,"고열, 호흡 급증"
CAT,10,3.9,39.7,169,39,False,True,False,False,False,INCREASED,DECREASED,LOW,6,0.67,CAUTION,"미열, 빈맥"
CAT,11,3.7,39.5,130,41,False,False,True,True,False,DECREASED,NORMAL,LOW,4,1.0,DANGER,"미열, 호흡 급증"
CAT,3,3.7,37.7,87,31,False,False,False,False,False,DECREASED,NORMAL,NORMAL,4,0.14,NORMAL,이상 없음(정상)
CAT,1,6.7,39.0,134,37,False,False,False,False,True,DECREASED,NORMAL,NORMAL,1,0.37,WATCH,"설사, 식욕 감소"
CAT,15,2.6,39.5,121,39,True,True,False,False,False,NORMAL,DECREASED,LOW,7,0.51,CAUTION,"미열, 피부 징후"
CAT,7,5.4,38.1,108,13,False,False,False,False,True,DECREASED,NORMAL,LOW,5,0.32,WATCH,"설사, 식욕 감소"
CAT,13,4.8,39.2,157,46,False,True,True,False,True,DECREASED,DECREASED,HIGH,2,0.64,CAUTION,"호흡 급증, 설사"
CAT,3,3.8,39.5,105,46,False,False,True,False,False,DECREASED,DECREASED,NORMAL,7,0.73,CAUTION,"미열, 호흡 급증"
CAT,11,4.7,38.1,170,19,False,False,False,False,False,NONE,NORMAL,NORMAL,0,0.48,WATCH,"빈맥, 식욕 절폐"
CAT,5,5.5,39.0,117,24,False,False,False,True,False,NORMAL,INCREASED,NORMAL,5,0.22,NORMAL,이상 없음(정상)
DOG,11,12.4,40.7,130,41,False,False,True,False,True,NONE,DECREASED,LOW,2,1.0,DANGER,"고열, 호흡 급증"
CAT,5,4.7,40.1,140,44,False,True,False,True,True,NONE,NORMAL,LOW,7,1.0,DANGER,"고열, 호흡 급증"
DOG,1,17.2,39.5,160,37,True,False,True,False,False,NORMAL,INCREASED,NORMAL,6,0.64,CAUTION,"미열, 빈맥"
DOG,5,19.3,39.6,152,39,False,False,False,True,True,NORMAL,INCREASED,NORMAL,4,0.6,CAUTION,"미열, 소화기 이상(구토 및 설사)"
CAT,15,4.2,39.6,90,22,False,True,False,True,False,DECREASED,DECREASED,LOW,6,0.69,CAUTION,"미열, 구토"
CAT,11,2.5,38.5,50,28,False,False,False,False,False,NORMAL,NORMAL,NORMAL,0,0.1,NORMAL,이상 없음(정상)
DOG,7,5.7,39.2,147,29,False,False,True,False,False,DECREASED,NORMAL,HIGH,1,0.34,WATCH,"피부 징후, 식욕 감소"
DOG,15,27.2,38.3,82,20,False,False,False,True,False,NORMAL,NORMAL,NORMAL,1,0.15,NORMAL,이상 없음(정상)
CAT,6,3.3,40.7,168,64,False,False,True,False,True,NONE,DECREASED,LOW,1,1.0,DANGER,"고열, 빈맥"
CAT,3,4.6,38.1,130,16,True,False,False,False,False,NONE,NORMAL,LOW,4,0.42,WATCH,"피부 징후, 식욕 절폐"
CAT,1,6.5,39.9,181,40,True,False,True,False,True,DECREASED,NORMAL,LOW,1,1.0,DANGER,"미열, 빈맥"
DOG,4,25.8,40.1,159,46,False,True,False,True,False,DECREASED,NORMAL,LOW,5,1.0,DANGER,"고열, 호흡 급증"
DOG,13,3.2,39.9,146,34,False,False,False,False,True,DECREASED,NORMAL,LOW,6,0.57,CAUTION,"미열, 설사"
CAT,11,2.4,39.0,94,33,False,False,False,False,False,DECREASED,NORMAL,NORMAL,4,0.18,NORMAL,이상 없음(정상)
DOG,6,26.0,37.7,114,23,True,False,True,False,False,NORMAL,NORMAL,HIGH,6,0.25,NORMAL,이상 없음(정상)
DOG,15,16.9,38.3,56,24,False,False,False,False,False,DECREASED,INCREASED,NORMAL,4,0.04,NORMAL,이상 없음(정상)
DOG,3,29.4,38.1,119,19,False,False,False,False,False,NORMAL,NORMAL,HIGH,4,0.17,NORMAL,이상 없음(정상)
CAT,15,5.9,38.4,63,36,False,False,False,False,False,NORMAL,NORMAL,NORMAL,0,0.0,NORMAL,이상 없음(정상)
DOG,5,25.2,37.5,117,30,True,True,False,False,False,DECREASED,NORMAL,NORMAL,3,0.36,WATCH,"피부 징후, 식욕 감소"
DOG,6,27.1,40.5,200,45,True,False,False,True,False,DECREASED,DECREASED,LOW,4,1.0,DANGER,"고열, 빈맥"
DOG,3,8.4,39.8,90,48,True,False,False,False,False,DECREASED,INCREASED,NORMAL,6,0.66,CAUTION,"미열, 호흡 급증"
CAT,13,3.8,39.4,138,21,False,False,True,False,False,NORMAL,NORMAL,NORMAL,0,0.31,WATCH,"미열, 피부 징후"
CAT,15,5.9,39.9,182,33,False,False,True,False,True,DECREASED,NORMAL,NORMAL,1,0.68,CAUTION,"미열, 빈맥"
CAT,8,7.9,40.2,120,37,True,False,False,True,False,NORMAL,NORMAL,LOW,0,0.72,CAUTION,"고열, 구토"
CAT,14,2.4,38.9,103,22,False,False,False,False,False,NORMAL,NORMAL,NORMAL,0,0.26,NORMAL,이상 없음(정상)
CAT,8,3.9,40.6,201,47,True,True,True,False,True,NONE,NORMAL,LOW,4,1.0,DANGER,"고열, 빈맥"
CAT,15,4.4,39.6,130,34,True,False,False,True,False,NONE,NORMAL,LOW,0,0.83,DANGER,"미열, 구토"
CAT,12,3.0,39.7,150,38,True,True,True,True,True,NONE,NORMAL,LOW,1,1.0,DANGER,"미열, 소화기 이상(구토 및 설사)"
DOG,4,9.9,38.5,94,22,True,False,False,False,True,NORMAL,NORMAL,NORMAL,0,0.41,WATCH,"설사, 피부 징후"
CAT,13,2.8,39.8,120,43,False,True,True,False,False,NORMAL,DECREASED,LOW,0,0.7,CAUTION,"미열, 호흡 급증"
CAT,14,2.9,39.6,154,37,False,False,False,False,True,NORMAL,INCREASED,HIGH,3,0.36,WATCH,"미열, 설사"
DOG,5,18.7,38.5,107,25,False,False,False,False,False,INCREASED,NORMAL,NORMAL,6,0.03,NORMAL,이상 없음(정상)
CAT,7,5.7,37.7,113,21,False,False,False,False,False,NORMAL,NORMAL,NORMAL,0,0.0,NORMAL,이상 없음(정상)
DOG,6,17.5,39.8,110,20,False,False,False,False,False,DECREASED,DECREASED,LOW,5,0.39,WATCH,"미열, 식욕 감소"
CAT,11,7.6,38.6,98,24,False,False,False,False,True,NORMAL,INCREASED,NORMAL,3,0.17,NORMAL,이상 없음(정상)
CAT,7,6.1,39.9,159,28,False,True,True,False,True,NONE,NORMAL,NORMAL,5,0.69,CAUTION,"미열, 설사"
CAT,8,6.0,38.2,131,21,False,False,False,False,False,INCREASED,NORMAL,NORMAL,3,0.0,NORMAL,이상 없음(정상)
CAT,5,3.3,39.2,159,36,True,False,False,False,True,INCREASED,DECREASED,NORMAL,3,0.33,WATCH,"설사, 피부 징후"
CAT,4,6.7,38.5,143,26,False,False,False,False,False,NORMAL,DECREASED,NORMAL,0,0.02,NORMAL,이상 없음(정상)
DOG,1,11.8,40.1,228,63,True,False,True,True,True,NONE,NORMAL,LOW,4,1.0,DANGER,"고열, 빈맥"
CAT,7,4.2,38.8,121,41,True,False,False,False,False,NORMAL,INCREASED,HIGH,6,0.42,WATCH,"호흡 급증, 피부 징후"
CAT,3,4.1,39.3,117,15,False,False,False,False,False,NORMAL,DECREASED,NORMAL,0,0.15,NORMAL,이상 없음(정상)
CAT,14,6.9,38.8,126,29,False,False,False,False,True,NORMAL,NORMAL,NORMAL,3,0.13,NORMAL,이상 없음(정상)
CAT,8,5.6,38.9,139,27,False,False,False,True,False,NORMAL,NORMAL,LOW,0,0.41,WATCH,"구토, 활동량 저하"
DOG,9,7.7,39.0,88,10,False,False,False,False,False,NORMAL,DECREASED,LOW,2,0.17,NORMAL,이상 없음(정상)
CAT,11,2.5,39.2,92,30,False,False,False,False,False,NORMAL,NORMAL,NORMAL,0,0.06,NORMAL,이상 없음(정상)
CAT,2,5.2,40.6,161,42,False,False,False,False,True,DECREASED,DECREASED,LOW,7,1.0,DANGER,"고열, 빈맥"
DOG,3,18.5,39.9,164,58,False,False,False,True,True,DECREASED,DECREASED,LOW,1,1.0,DANGER,"미열, 빈맥"
DOG,8,27.7,38.2,87,27,False,False,False,False,False,NORMAL,NORMAL,NORMAL,0,0.0,NORMAL,이상 없음(정상)
CAT,15,3.4,40.4,170,34,True,True,False,True,True,DECREASED,NORMAL,LOW,7,1.0,DANGER,"고열, 빈맥"
DOG,10,18.3,39.3,159,45,False,True,False,False,False,DECREASED,DECREASED,NORMAL,6,0.58,CAUTION,"미열, 호흡 급증"
CAT,13,5.2,38.9,96,22,False,False,False,True,True,NORMAL,INCREASED,NORMAL,6,0.31,WATCH,소화기 이상(구토 및 설사)
DOG,14,7.2,38.7,104,32,False,False,False,False,False,NORMAL,NORMAL,NORMAL,0,0.01,NORMAL,이상 없음(정상)
DOG,3,26.4,40.1,184,53,True,False,False,False,False,DECREASED,NORMAL,LOW,2,1.0,DANGER,"고열, 빈맥"
DOG,11,6.6,39.7,160,38,False,True,False,False,False,DECREASED,DECREASED,HIGH,0,0.7,CAUTION,"미열, 빈맥"
CAT,5,5.3,38.7,133,13,True,False,False,False,False,DECREASED,DECREASED,LOW,0,0.39,WATCH,"피부 징후, 식욕 감소"
DOG,8,25.9,37.9,67,25,False,False,False,False,False,INCREASED,NORMAL,NORMAL,4,0.08,NORMAL,이상 없음(정상)
DOG,2,11.4,40.1,130,45,False,False,True,False,True,DECREASED,NORMAL,LOW,2,1.0,DANGER,"고열, 호흡 급증"
CAT,1,3.8,39.7,60,33,False,True,False,False,False,DECREASED,NORMAL,NORMAL,6,0.47,WATCH,"미열, 피부 징후"
CAT,15,6.6,39.1,98,31,True,False,False,False,False,NORMAL,NORMAL,NORMAL,0,0.12,NORMAL,이상 없음(정상)
CAT,1,3.8,39.3,200,28,False,True,False,False,False,DECREASED,NORMAL,LOW,1,0.72,CAUTION,"미열, 빈맥"
DOG,6,22.1,39.5,131,58,False,True,False,False,True,NORMAL,DECREASED,NORMAL,4,0.68,CAUTION,"미열, 호흡 급증"
DOG,5,24.6,38.4,78,39,True,False,False,False,True,NORMAL,NORMAL,NORMAL,1,0.22,NORMAL,이상 없음(정상)
DOG,2,3.6,40.2,230,40,False,True,False,True,True,DECREASED,NORMAL,LOW,2,1.0,DANGER,"고열, 빈맥"
DOG,15,15.7,39.6,123,14,False,False,False,False,False,NORMAL,NORMAL,NORMAL,0,0.22,NORMAL,이상 없음(정상)
CAT,12,7.4,39.4,134,31,False,False,False,False,False,DECREASED,NORMAL,LOW,6,0.35,WATCH,"미열, 식욕 감소"
CAT,8,3.6,38.0,130,25,True,False,True,False,True,DECREASED,NORMAL,NORMAL,6,0.34,WATCH,"설사, 피부 징후"
DOG,1,23.1,38.4,85,27,False,False,False,False,False,NORMAL,DECREASED,NORMAL,0,0.03,NORMAL,이상 없음(정상)
DOG,7,26.4,38.5,116,21,False,False,False,False,False,NORMAL,INCREASED,HIGH,2,0.02,NORMAL,이상 없음(정상)
DOG,9,21.0,38.8,118,41,False,False,False,False,False,NORMAL,NORMAL,LOW,6,0.3,WATCH,"호흡 급증, 활동량 저하"
DOG,4,17.2,39.1,144,32,False,False,False,True,False,NORMAL,NORMAL,NORMAL,5,0.25,NORMAL,이상 없음(정상)
CAT,7,5.8,39.2,148,38,True,False,True,True,False,DECREASED,NORMAL,NORMAL,4,0.55,CAUTION,"구토, 피부 징후"
DOG,15,21.8,39.0,148,46,False,False,False,False,False,INCREASED,NORMAL,NORMAL,1,0.37,WATCH,호흡 급증
DOG,3,7.2,38.4,161,14,True,False,True,False,False,NORMAL,NORMAL,NORMAL,6,0.35,WATCH,"빈맥, 피부 징후"
CAT,13,2.3,37.8,106,29,False,False,False,True,False,NORMAL,NORMAL,LOW,4,0.26,NORMAL,이상 없음(정상)
CAT,14,2.5,40.3,188,34,True,False,False,True,True,DECREASED,DECREASED,LOW,4,1.0,DANGER,"고열, 빈맥"
CAT,11,3.6,38.9,178,29,False,False,False,False,False,DECREASED,INCREASED,NORMAL,4,0.33,WATCH,"빈맥, 식욕 감소"
DOG,13,23.7,38.0,107,30,False,False,False,False,False,NORMAL,NORMAL,NORMAL,0,0.05,NORMAL,이상 없음(정상)
CAT,3,4.1,40.3,143,58,True,False,False,True,True,NORMAL,NORMAL,LOW,3,1.0,DANGER,"고열, 호흡 급증"
DOG,10,15.1,38.8,118,32,False,True,False,False,True,DECREASED,NORMAL,LOW,6,0.44,WATCH,"설사, 피부 징후"
CAT,14,7.2,39.1,117,42,False,False,False,True,False,DECREASED,DECREASED,LOW,0,0.66,CAUTION,"호흡 급증, 구토"
CAT,5,5.5,38.6,132,30,False,False,False,True,False,NONE,NORMAL,NORMAL,7,0.41,WATCH,"구토, 식욕 절폐"
DOG,8,2.5,38.8,134,27,False,False,False,False,False,NORMAL,NORMAL,NORMAL,0,0.0,NORMAL,이상 없음(정상)
DOG,13,18.4,39.5,195,54,True,True,True,True,False,NONE,INCREASED,LOW,5,1.0,DANGER,"미열, 빈맥"
DOG,5,7.2,40.5,202,45,False,False,True,False,False,NORMAL,DECREASED,LOW,7,1.0,DANGER,"고열, 빈맥"
CAT,7,4.1,39.7,191,65,False,False,False,True,True,INCREASED,DECREASED,LOW,7,1.0,DANGER,"미열, 빈맥"
DOG,15,26.9,39.4,131,18,False,False,False,False,True,NORMAL,INCREASED,LOW,5,0.37,WATCH,"미열, 설사"
DOG,6,5.5,38.7,82,18,False,False,False,False,False,DECREASED,NORMAL,HIGH,1,0.14,NORMAL,이상 없음(정상)
CAT,13,4.8,39.0,128,26,False,False,False,False,False,INCREASED,NORMAL,NORMAL,7,0.0,NORMAL,이상 없음(정상)
DOG,9,14.9,38.1,149,38,True,False,False,False,False,NORMAL,NORMAL,HIGH,0,0.14,NORMAL,이상 없음(정상)
CAT,10,4.0,38.6,116,31,False,False,False,True,True,DECREASED,NORMAL,NORMAL,0,0.46,WATCH,"소화기 이상(구토 및 설사), 식욕 감소"
CAT,11,7.3,38.5,117,16,False,False,False,False,False,INCREASED,DECREASED,NORMAL,5,0.1,NORMAL,이상 없음(정상)
CAT,7,7.9,40.2,147,58,False,True,True,False,True,NONE,DECREASED,LOW,1,1.0,DANGER,"고열, 호흡 급증"
CAT,15,2.9,38.7,96,34,False,False,False,False,False,INCREASED,NORMAL,NORMAL,2,0.05,NORMAL,이상 없음(정상)
CAT,9,3.0,38.6,97,18,True,False,False,False,False,INCREASED,NORMAL,NORMAL,7,0.24,NORMAL,이상 없음(정상)
DOG,8,25.9,38.7,111,21,False,False,False,False,False,INCREASED,NORMAL,NORMAL,0,0.07,NORMAL,이상 없음(정상)
DOG,3,8.2,38.1,101,30,False,False,False,False,False,NORMAL,NORMAL,NORMAL,0,0.13,NORMAL,이상 없음(정상)
DOG,5,11.0,39.5,129,30,False,False,False,True,False,INCREASED,NORMAL,NORMAL,3,0.38,WATCH,"미열, 구토"
CAT,15,3.7,39.6,134,40,False,True,False,False,False,NORMAL,DECREASED,LOW,1,0.73,CAUTION,"미열, 호흡 급증"
DOG,12,19.7,39.3,119,27,True,True,False,False,True,DECREASED,NORMAL,LOW,6,0.66,CAUTION,"미열, 설사"
DOG,2,8.4,38.6,152,11,False,True,False,False,False,NORMAL,NORMAL,NORMAL,0,0.07,NORMAL,이상 없음(정상)
DOG,7,23.8,39.1,102,44,False,False,True,False,False,NORMAL,DECREASED,NORMAL,0,0.39,WATCH,"호흡 급증, 피부 징후"
DOG,6,9.9,38.5,141,22,False,False,False,False,False,NORMAL,NORMAL,NORMAL,0,0.0,NORMAL,이상 없음(정상)
CAT,2,6.0,39.5,123,37,False,False,False,False,True,NORMAL,INCREASED,NORMAL,7,0.37,WATCH,"미열, 설사"
CAT,5,5.1,38.9,158,23,False,False,False,False,False,DECREASED,NORMAL,LOW,2,0.33,WATCH,"식욕 감소, 활동량 저하"
CAT,11,3.0,38.6,102,28,True,True,False,True,True,DECREASED,NORMAL,HIGH,7,0.44,WATCH,"소화기 이상(구토 및 설사), 피부 징후"
CAT,1,4.9,39.1,90,22,False,False,False,False,False,INCREASED,NORMAL,HIGH,4,0.09,NORMAL,이상 없음(정상)
CAT,9,6.2,39.7,139,41,True,False,False,False,True,NONE,DECREASED,LOW,1,1.0,DANGER,"미열, 호흡 급증"
CAT,12,7.4,39.5,109,38,False,True,False,False,True,NORMAL,DECREASED,LOW,4,0.7,CAUTION,"미열, 설사"
CAT,8,4.8,41.0,147,47,True,False,False,True,True,DECREASED,DECREASED,LOW,1,1.0,DANGER,"고열, 호흡 급증"
CAT,12,4.6,39.4,113,24,False,False,False,False,False,DECREASED,DECREASED,LOW,5,0.46,WATCH,"미열, 식욕 감소"
DOG,4,20.2,39.8,152,33,False,True,False,False,True,DECREASED,NORMAL,NORMAL,1,0.6,CAUTION,"미열, 설사"
DOG,12,14.5,38.7,145,20,False,False,False,False,False,NORMAL,DECREASED,NORMAL,0,0.01,NORMAL,이상 없음(정상)
DOG,8,24.9,39.8,154,42,False,False,False,False,False,NONE,DECREASED,NORMAL,7,0.73,CAUTION,"미열, 호흡 급증"
CAT,6,2.3,39.9,157,31,True,False,False,False,False,DECREASED,DECREASED,LOW,1,0.55,CAUTION,"미열, 피부 징후"
DOG,11,20.3,39.7,217,65,False,True,False,True,False,DECREASED,NORMAL,NORMAL,6,1.0,DANGER,"미열, 빈맥"
DOG,13,16.9,38.9,87,26,False,False,False,False,False,NORMAL,NORMAL,NORMAL,0,0.06,NORMAL,이상 없음(정상)
DOG,6,15.1,39.3,103,27,False,False,False,True,False,DECREASED,NORMAL,NORMAL,1,0.41,WATCH,"미열, 구토"
CAT,12,4.9,40.8,228,54,True,True,True,False,False,NONE,DECREASED,LOW,7,1.0,DANGER,"고열, 빈맥"
DOG,1,27.3,39.6,152,22,True,True,False,False,False,DECREASED,NORMAL,NORMAL,7,0.52,CAUTION,"미열, 피부 징후"
CAT,11,8.0,39.0,182,50,False,False,False,True,False,NORMAL,NORMAL,LOW,0,0.73,CAUTION,"빈맥, 호흡 급증"
CAT,1,2.3,38.9,98,41,True,False,False,False,False,NORMAL,NORMAL,LOW,6,0.38,WATCH,"호흡 급증, 피부 징후"
CAT,8,6.1,40.5,184,54,True,False,False,False,True,DECREASED,DECREASED,LOW,5,1.0,DANGER,"고열, 빈맥"
DOG,6,15.8,40.5,160,34,True,True,True,True,False,NONE,NORMAL,LOW,7,1.0,DANGER,"고열, 빈맥"
DOG,6,14.3,38.8,101,31,False,False,False,False,False,INCREASED,NORMAL,NORMAL,6,0.03,NORMAL,이상 없음(정상)
DOG,5,3.1,39.7,131,50,False,False,True,False,False,DECREASED,DECREASED,LOW,6,0.71,CAUTION,"미열, 호흡 급증"
CAT,15,4.4,39.8,200,48,True,True,False,False,False,NORMAL,DECREASED,NORMAL,3,0.68,CAUTION,"미열, 빈맥"
DOG,7,18.3,40.3,135,37,True,False,False,False,False,DECREASED,NORMAL,LOW,4,0.72,CAUTION,"고열, 피부 징후"
DOG,14,20.6,40.3,130,44,True,True,False,True,True,NORMAL,NORMAL,LOW,2,1.0,DANGER,"고열, 호흡 급증"
DOG,4,9.6,39.4,96,25,True,False,False,False,False,NORMAL,NORMAL,NORMAL,6,0.43,WATCH,"미열, 피부 징후"
DOG,3,11.8,38.6,153,16,False,True,False,True,False,NORMAL,NORMAL,NORMAL,0,0.33,WATCH,"구토, 피부 징후"
DOG,6,17.6,38.8,108,30,False,False,False,True,True,NORMAL,DECREASED,LOW,2,0.44,WATCH,"소화기 이상(구토 및 설사), 활동량 저하"
CAT,5,7.6,39.4,137,35,True,True,False,False,True,NORMAL,DECREASED,LOW,2,0.53,CAUTION,"미열, 설사"
CAT,4,3.2,39.2,136,23,False,False,False,False,False,DECREASED,NORMAL,LOW,0,0.14,NORMAL,이상 없음(정상)
DOG,10,17.3,38.7,113,22,False,False,False,False,False,NORMAL,NORMAL,NORMAL,0,0.0,NORMAL,이상 없음(정상)
DOG,7,12.5,38.8,106,27,True,False,False,False,False,NORMAL,NORMAL,NORMAL,2,0.08,NORMAL,이상 없음(정상)
CAT,3,6.1,38.6,109,35,False,False,False,False,False,NORMAL,DECREASED,NORMAL,0,0.0,NORMAL,이상 없음(정상)
CAT,13,3.0,38.7,94,29,False,False,False,False,False,NORMAL,NORMAL,NORMAL,0,0.0,NORMAL,이상 없음(정상)
DOG,10,25.8,38.9,120,41,False,False,False,False,False,NORMAL,DECREASED,LOW,0,0.32,WATCH,"호흡 급증, 활동량 저하"
DOG,15,6.7,40.6,130,55,True,False,False,False,True,NORMAL,NORMAL,NORMAL,7,0.93,DANGER,"고열, 호흡 급증"
CAT,5,2.7,40.6,130,48,True,False,True,False,True,NONE,DECREASED,LOW,7,1.0,DANGER,"고열, 호흡 급증"
DOG,3,2.9,38.6,96,39,True,False,False,False,True,DECREASED,NORMAL,HIGH,5,0.45,WATCH,"설사, 피부 징후"
DOG,12,13.4,39.5,117,39,False,False,False,False,False,NORMAL,NORMAL,LOW,3,0.34,WATCH,"미열, 활동량 저하"
DOG,1,19.7,40.0,165,35,True,True,False,True,True,DECREASED,DECREASED,LOW,7,1.0,DANGER,"고열, 빈맥"
CAT,5,2.5,39.6,149,37,False,True,False,False,False,NONE,DECREASED,LOW,1,0.64,CAUTION,"미열, 피부 징후"
DOG,1,6.3,38.8,87,25,False,False,False,False,True,DECREASED,NORMAL,LOW,2,0.34,WATCH,"설사, 식욕 감소"
CAT,8,3.1,38.5,149,35,True,False,False,True,False,NONE,NORMAL,HIGH,1,0.58,CAUTION,"구토, 피부 징후"
DOG,11,24.0,39.8,158,25,False,True,False,False,False,NONE,DECREASED,LOW,3,0.71,CAUTION,"미열, 피부 징후"
DOG,11,20.4,39.9,126,37,True,False,True,False,False,DECREASED,DECREASED,LOW,2,0.57,CAUTION,"미열, 피부 징후"
CAT,2,5.2,39.8,135,26,False,True,False,True,False,DECREASED,NORMAL,NORMAL,0,0.73,CAUTION,"미열, 구토"
CAT,6,4.4,39.1,178,30,True,True,False,False,False,DECREASED,DECREASED,LOW,3,0.5,CAUTION,"빈맥, 피부 징후"
DOG,1,7.0,39.1,102,17,True,True,False,False,False,NONE,DECREASED,NORMAL,1,0.42,WATCH,"피부 징후, 식욕 절폐"
DOG,13,16.6,38.5,106,25,False,False,False,False,False,NORMAL,NORMAL,NORMAL,0,0.14,NORMAL,이상 없음(정상)
CAT,5,6.5,38.7,92,24,False,False,False,False,True,NORMAL,NORMAL,NORMAL,6,0.06,NORMAL,이상 없음(정상)
CAT,5,6.8,38.2,123,15,False,False,False,False,False,NORMAL,NORMAL,NORMAL,0,0.0,NORMAL,이상 없음(정상)
DOG,1,5.2,40.3,161,34,True,True,False,False,False,DECREASED,NORMAL,LOW,7,0.9,DANGER,"고열, 빈맥"
DOG,12,24.4,39.5,91,52,False,False,False,False,False,DECREASED,NORMAL,LOW,2,0.57,CAUTION,"미열, 호흡 급증"
CAT,12,4.9,39.2,158,23,True,False,True,False,False,NONE,NORMAL,LOW,5,0.56,CAUTION,"피부 징후, 식욕 절폐"
DOG,14,29.2,37.8,170,28,True,False,False,False,False,NORMAL,NORMAL,LOW,0,0.46,WATCH,"빈맥, 피부 징후"
DOG,1,25.4,40.4,177,52,True,False,False,True,True,NONE,DECREASED,LOW,2,1.0,DANGER,"고열, 빈맥"
CAT,9,7.0,39.4,120,27,True,False,False,True,False,NORMAL,NORMAL,NORMAL,5,0.44,WATCH,"미열, 구토"
DOG,15,8.0,40.2,144,51,False,True,False,False,True,NONE,DECREASED,NORMAL,1,1.0,DANGER,"고열, 호흡 급증"
CAT,15,3.0,38.3,123,18,True,False,True,False,True,NONE,NORMAL,NORMAL,5,0.41,WATCH,"설사, 피부 징후"
DOG,5,26.2,39.4,153,36,True,True,False,False,False,DECREASED,NORMAL,LOW,4,0.51,CAUTION,"미열, 피부 징후"
DOG,5,19.2,38.6,123,10,False,False,False,True,False,NORMAL,NORMAL,HIGH,7,0.23,NORMAL,이상 없음(정상)
DOG,7,19.1,38.8,137,25,True,False,False,False,True,DECREASED,NORMAL,NORMAL,7,0.35,WATCH,"설사, 피부 징후"
CAT,7,6.8,39.3,120,24,False,False,False,False,True,DECREASED,NORMAL,NORMAL,5,0.43,WATCH,"미열, 설사"
DOG,1,26.8,39.2,91,13,False,False,False,False,False,INCREASED,NORMAL,NORMAL,5,0.02,NORMAL,이상 없음(정상)
CAT,5,8.0,39.6,130,31,False,True,False,False,True,NORMAL,NORMAL,LOW,0,0.54,CAUTION,"미열, 설사"
DOG,7,18.7,40.6,151,40,True,True,True,True,True,NONE,DECREASED,LOW,3,1.0,DANGER,"고열, 호흡 급증"
CAT,6,4.5,40.3,203,58,False,False,False,False,True,NORMAL,DECREASED,NORMAL,4,1.0,DANGER,"고열, 빈맥"
CAT,11,3.0,39.1,142,34,False,True,False,True,False,NORMAL,NORMAL,NORMAL,0,0.44,WATCH,"구토, 피부 징후"
DOG,4,17.6,40.1,145,22,True,False,False,True,False,DECREASED,DECREASED,NORMAL,4,0.73,CAUTION,"고열, 구토"
CAT,5,4.3,39.4,120,20,False,False,False,True,False,DECREASED,NORMAL,NORMAL,6,0.44,WATCH,"미열, 구토"
CAT,9,4.9,39.2,148,42,False,False,False,True,False,NORMAL,INCREASED,NORMAL,6,0.37,WATCH,"호흡 급증, 구토"
DOG,9,29.7,38.9,110,13,False,False,False,False,False,NORMAL,NORMAL,NORMAL,0,0.16,NORMAL,이상 없음(정상)
DOG,10,27.7,38.4,102,20,False,False,False,False,False,NORMAL,NORMAL,NORMAL,0,0.0,NORMAL,이상 없음(정상)
DOG,13,20.1,39.7,143,41,False,False,False,False,True,DECREASED,DECREASED,NORMAL,4,0.62,CAUTION,"미열, 호흡 급증"
DOG,7,15.3,39.6,80,35,False,False,True,False,False,NORMAL,NORMAL,NORMAL,0,0.32,WATCH,"미열, 피부 징후"
CAT,6,7.8,40.3,140,48,True,True,True,True,True,DECREASED,DECREASED,LOW,3,1.0,DANGER,"고열, 호흡 급증"
CAT,13,2.6,39.1,153,38,True,False,False,False,False,NONE,DECREASED,NORMAL,7,0.38,WATCH,"피부 징후, 식욕 절폐"
CAT,4,7.2,39.4,102,14,False,False,False,False,False,DECREASED,NORMAL,LOW,2,0.45,WATCH,"미열, 식욕 감소"
DOG,14,11.5,39.5,173,30,True,True,False,False,False,DECREASED,DECREASED,NORMAL,1,0.74,CAUTION,"미열, 빈맥"
CAT,13,2.3,39.1,68,27,True,False,False,False,True,NORMAL,NORMAL,HIGH,4,0.43,WATCH,"설사, 피부 징후"
DOG,12,5.9,38.7,176,29,False,False,False,False,True,NORMAL,NORMAL,HIGH,4,0.34,WATCH,"빈맥, 설사"
CAT,7,7.8,39.2,97,19,True,False,False,False,True,NORMAL,NORMAL,LOW,3,0.41,WATCH,"설사, 피부 징후"
CAT,14,7.8,38.3,87,29,False,True,False,False,False,DECREASED,NORMAL,LOW,7,0.32,WATCH,"피부 징후, 식욕 감소"
DOG,5,13.9,39.6,126,36,True,True,False,False,False,DECREASED,NORMAL,LOW,1,0.56,CAUTION,"미열, 피부 징후"
CAT,10,7.8,38.4,154,22,False,True,False,False,False,DECREASED,DECREASED,NORMAL,4,0.33,WATCH,"피부 징후, 식욕 감소"
DOG,12,16.4,40.1,130,58,False,False,False,True,False,NORMAL,DECREASED,NORMAL,2,0.94,DANGER,"고열, 호흡 급증"
DOG,2,17.0,38.2,123,27,False,False,False,False,True,NORMAL,INCREASED,NORMAL,3,0.1,NORMAL,이상 없음(정상)
CAT,15,6.9,38.5,136,19,False,False,False,False,False,DECREASED,NORMAL,NORMAL,1,0.24,NORMAL,이상 없음(정상)
DOG,7,4.3,38.8,116,19,False,False,False,True,False,NORMAL,NORMAL,NORMAL,7,0.21,NORMAL,이상 없음(정상)
DOG,14,17.7,39.8,171,34,False,True,True,True,False,DECREASED,DECREASED,LOW,6,0.92,DANGER,"미열, 빈맥"
CAT,2,7.8,39.2,200,33,True,False,False,False,True,DECREASED,DECREASED,LOW,0,0.65,CAUTION,"빈맥, 설사"
CAT,9,3.9,39.2,172,47,False,False,False,False,False,DECREASED,DECREASED,NORMAL,6,0.52,CAUTION,"빈맥, 호흡 급증"
DOG,13,23.1,38.0,107,33,True,False,False,False,False,INCREASED,INCREASED,NORMAL,5,0.13,NORMAL,이상 없음(정상)
DOG,11,16.9,38.8,90,24,False,False,False,False,False,INCREASED,NORMAL,HIGH,6,0.0,NORMAL,이상 없음(정상)
DOG,13,17.5,38.7,110,15,False,False,False,False,True,NORMAL,NORMAL,NORMAL,5,0.18,NORMAL,이상 없음(정상)
DOG,12,13.0,40.0,209,59,True,True,False,True,True,NONE,DECREASED,LOW,6,1.0,DANGER,"고열, 빈맥"
CAT,13,7.5,38.2,81,24,False,False,False,False,False,NORMAL,NORMAL,NORMAL,0,0.0,NORMAL,이상 없음(정상)
CAT,4,4.7,39.9,159,33,False,False,True,False,True,NORMAL,DECREASED,LOW,2,0.58,CAUTION,"미열, 설사"
DOG,8,15.9,39.5,103,46,True,False,True,False,False,DECREASED,NORMAL,NORMAL,7,0.68,CAUTION,"미열, 호흡 급증"
DOG,15,4.6,38.5,50,24,False,False,False,False,False,INCREASED,NORMAL,NORMAL,4,0.0,NORMAL,이상 없음(정상)
CAT,4,5.8,37.7,80,28,False,False,False,False,False,DECREASED,INCREASED,HIGH,6,0.15,NORMAL,이상 없음(정상)
DOG,2,12.0,40.3,117,33,False,True,False,False,False,DECREASED,NORMAL,LOW,7,0.74,CAUTION,"고열, 피부 징후"
DOG,13,5.0,39.9,159,30,False,False,True,True,False,DECREASED,NORMAL,LOW,1,0.7,CAUTION,"미열, 구토"
CAT,11,3.3,38.6,127,16,False,False,False,False,False,DECREASED,NORMAL,LOW,6,0.16,NORMAL,이상 없음(정상)
DOG,11,10.0,40.3,151,66,True,False,False,True,False,DECREASED,NORMAL,NORMAL,0,1.0,DANGER,"고열, 호흡 급증"
DOG,7,23.3,39.7,132,39,False,False,False,True,True,DECREASED,DECREASED,LOW,7,0.74,CAUTION,"미열, 소화기 이상(구토 및 설사)"
CAT,4,7.2,38.5,90,19,False,False,False,True,False,NORMAL,DECREASED,NORMAL,4,0.24,NORMAL,이상 없음(정상)
DOG,12,19.0,40.8,170,69,True,False,True,True,True,DECREASED,DECREASED,LOW,6,1.0,DANGER,"고열, 빈맥"
DOG,7,29.0,39.2,100,21,False,False,False,False,False,NORMAL,NORMAL,HIGH,6,0.02,NORMAL,이상 없음(정상)
CAT,13,6.8,38.6,63,22,False,False,False,False,False,NORMAL,NORMAL,NORMAL,0,0.03,NORMAL,이상 없음(정상)
DOG,7,15.2,38.5,102,28,False,False,False,False,False,NORMAL,DECREASED,LOW,3,0.0,NORMAL,이상 없음(정상)
CAT,10,4.5,39.9,146,56,False,True,False,True,False,DECREASED,DECREASED,LOW,3,1.0,DANGER,"미열, 호흡 급증"
CAT,4,7.2,39.0,147,29,False,True,False,True,True,NORMAL,DECREASED,LOW,3,0.65,CAUTION,"소화기 이상(구토 및 설사), 피부 징후"
DOG,6,13.7,38.9,107,26,False,False,False,False,False,NORMAL,NORMAL,NORMAL,0,0.03,NORMAL,이상 없음(정상)
DOG,14,25.4,40.6,151,47,True,True,True,False,True,NONE,INCREASED,LOW,4,1.0,DANGER,"고열, 호흡 급증"
DOG,13,26.0,40.7,200,39,True,False,True,True,True,NONE,DECREASED,LOW,5,1.0,DANGER,"고열, 빈맥"
DOG,13,19.3,39.2,152,49,True,False,False,False,True,NORMAL,NORMAL,LOW,5,0.72,CAUTION,"호흡 급증, 설사"
DOG,10,24.2,39.7,150,34,False,False,False,True,True,NORMAL,DECREASED,LOW,3,0.62,CAUTION,"미열, 소화기 이상(구토 및 설사)"
CAT,1,6.2,40.2,159,55,True,False,True,True,False,DECREASED,DECREASED,LOW,1,1.0,DANGER,"고열, 호흡 급증"
DOG,8,23.8,38.8,125,25,False,False,True,False,False,NORMAL,NORMAL,NORMAL,0,0.19,NORMAL,이상 없음(정상)
DOG,2,15.1,39.5,179,47,True,False,True,True,True,INCREASED,DECREASED,NORMAL,0,1.0,DANGER,"미열, 빈맥"
DOG,11,23.1,40.8,130,64,True,False,True,True,True,NONE,DECREASED,NORMAL,2,1.0,DANGER,"고열, 호흡 급증"
CAT,12,4.7,40.3,126,30,True,False,True,True,False,NORMAL,NORMAL,LOW,1,0.68,CAUTION,"고열, 구토"
DOG,14,17.5,39.6,146,26,False,False,False,False,True,DECREASED,NORMAL,NORMAL,5,0.41,WATCH,"미열, 설사"
CAT,2,6.8,40.3,204,52,False,True,False,False,True,NONE,DECREASED,LOW,7,1.0,DANGER,"고열, 빈맥"
CAT,13,6.6,40.4,130,34,True,True,True,True,False,NONE,DECREASED,LOW,3,1.0,DANGER,"고열, 구토"
CAT,5,6.8,38.3,146,37,False,False,True,False,False,NORMAL,INCREASED,LOW,4,0.3,WATCH,"피부 징후, 활동량 저하"
DOG,11,21.6,38.4,117,22,False,False,False,False,False,NORMAL,NORMAL,NORMAL,0,0.15,NORMAL,이상 없음(정상)
CAT,11,7.3,38.1,91,33,True,False,True,False,False,NONE,NORMAL,LOW,2,0.49,WATCH,"피부 징후, 식욕 절폐"
CAT,6,5.7,38.2,158,33,False,True,False,True,False,NORMAL,NORMAL,NORMAL,4,0.44,WATCH,"구토, 피부 징후"
CAT,14,6.5,38.9,141,38,False,False,False,True,True,DECREASED,DECREASED,LOW,1,0.62,CAUTION,"소화기 이상(구토 및 설사), 식욕 감소"
DOG,14,25.8,40.0,186,65,True,True,True,True,True,NONE,DECREASED,LOW,5,1.0,DANGER,"고열, 빈맥"
CAT,6,4.1,39.3,153,37,False,False,False,False,True,NONE,DECREASED,NORMAL,5,0.62,CAUTION,"미열, 설사"
DOG,4,6.4,40.0,227,34,True,False,False,False,True,NONE,INCREASED,LOW,4,1.0,DANGER,"고열, 빈맥"
CAT,2,4.7,38.7,136,23,True,False,False,False,True,NORMAL,NORMAL,NORMAL,6,0.3,WATCH,"설사, 피부 징후"
DOG,9,9.4,38.6,93,22,False,False,False,True,False,NORMAL,NORMAL,LOW,2,0.21,NORMAL,이상 없음(정상)
CAT,9,6.4,40.6,183,40,True,False,False,True,False,DECREASED,INCREASED,LOW,7,1.0,DANGER,"고열, 빈맥"
CAT,10,4.2,38.5,148,39,True,False,False,True,False,DECREASED,DECREASED,LOW,7,0.61,CAUTION,"구토, 피부 징후"
DOG,13,22.5,40.2,138,35,False,False,False,True,False,DECREASED,DECREASED,LOW,4,0.68,CAUTION,"고열, 구토"
DOG,11,14.7,40.2,130,50,False,True,False,False,True,NONE,NORMAL,LOW,5,1.0,DANGER,"고열, 호흡 급증"
CAT,12,7.6,38.7,145,41,False,True,False,False,False,DECREASED,NORMAL,NORMAL,3,0.59,CAUTION,"호흡 급증, 피부 징후"
CAT,5,7.7,39.0,135,30,False,True,False,False,False,DECREASED,INCREASED,LOW,4,0.63,CAUTION,"피부 징후, 식욕 감소"
DOG,1,5.1,39.9,143,34,False,False,False,True,True,DECREASED,INCREASED,LOW,2,0.65,CAUTION,"미열, 소화기 이상(구토 및 설사)"
DOG,1,8.9,39.0,140,22,False,False,False,False,False,NORMAL,NORMAL,NORMAL,0,0.09,NORMAL,이상 없음(정상)
DOG,15,8.4,39.9,188,47,False,True,False,False,True,INCREASED,DECREASED,LOW,5,1.0,DANGER,"미열, 빈맥"
CAT,14,5.6,38.5,144,25,True,False,False,False,False,INCREASED,DECREASED,NORMAL,2,0.24,NORMAL,이상 없음(정상)
CAT,14,5.6,38.9,150,46,False,False,True,False,False,DECREASED,NORMAL,LOW,3,0.71,CAUTION,"호흡 급증, 피부 징후"
DOG,10,29.8,38.6,164,23,False,False,False,False,False,DECREASED,NORMAL,LOW,2,0.44,WATCH,"빈맥, 식욕 감소"
CAT,13,2.7,39.5,144,56,True,False,True,True,True,DECREASED,DECREASED,LOW,2,1.0,DANGER,"미열, 호흡 급증"
DOG,3,25.7,40.2,158,55,True,False,False,True,False,NONE,DECREASED,NORMAL,5,1.0,DANGER,"고열, 호흡 급증"
CAT,4,5.6,39.6,137,34,True,True,False,False,False,NONE,NORMAL,LOW,6,0.71,CAUTION,"미열, 피부 징후"
